gutenberg_id,pd_status,author_died
14,unknown,
17,unknown,
21,ok,1900
22,ok,1869
24,ok,1947
25,unknown,
26,ok,1674
27,ok,1928
29,unknown,
31,ok,1919
32,ok,1935
34,recent,
36,ok,1946
37,unknown,
38,unknown,
39,unknown,
40,unknown,
41,ok,1859
42,ok,1894
43,ok,1894
44,ok,1947
48,unknown,
49,unknown,
53,unknown,
56,unknown,
60,ok,1947
62,ok,1950
63,unknown,
64,ok,1950
66,unknown,
67,unknown,
68,ok,1950
69,unknown,
72,ok,1950
73,ok,1900
75,unknown,
77,ok,1864
78,ok,1950
79,unknown,
80,unknown,
81,ok,1950
82,ok,1832
83,ok,1905
84,ok,1851
85,ok,1950
86,ok,1910
87,unknown,
88,recent,
89,unknown,
90,ok,1950
91,ok,1910
92,ok,1950
93,ok,1910
94,ok,1947
95,ok,1933
96,ok,1950
97,ok,1926
99,ok,1895
101,unknown,
102,ok,1910
104,ok,1945
106,ok,1950
107,ok,1928
108,ok,1930
109,ok,1950
110,ok,1928
111,ok,1924
112,unknown,
115,unknown,
117,ok,1827
118,unknown,
119,ok,1910
121,ok,1817
122,ok,1928
123,ok,1950
124,unknown,
125,ok,1924
126,ok,1930
131,ok,1688
133,ok,1898
134,ok,1797
137,ok,1924
138,unknown,
139,ok,1930
140,recent,
141,ok,1817
142,ok,1910
143,ok,1928
144,ok,1941
147,ok,1809
148,ok,1926
149,ok,1950
152,unknown,
153,ok,1928
154,ok,1920
155,ok,1889
156,ok,1827
157,ok,1916
159,ok,1946
162,unknown,
163,ok,1888
165,ok,1902
166,ok,1937
167,ok,1883
168,ok,1897
169,ok,1896
170,ok,1889
171,ok,1824
172,recent,
173,recent,
175,ok,1927
176,ok,1916
177,ok,1916
178,ok,1916
179,ok,1916
180,unknown,
181,unknown,
200,unknown,
201,ok,1926
202,ok,1895
204,ok,1936
206,unknown,
207,recent,
208,ok,1916
209,ok,1916
210,ok,1916
211,ok,1916
212,unknown,
213,ok,1941
214,ok,1922
215,ok,1916
217,ok,1930
220,ok,1924
221,ok,1930
222,recent,
223,ok,1936
224,ok,1928
230,ok,-20
232,ok,1923
233,ok,1945
234,ok,1896
235,unknown,
238,ok,1916
240,unknown,
241,ok,1884
242,ok,1947
243,ok,1940
245,ok,1910
247,ok,1843
248,ok,1843
249,unknown,
250,recent,
251,unknown,
252,unknown,
253,unknown,
254,unknown,
255,unknown,
257,ok,1400
258,ok,1881
259,recent,
260,ok,1911
261,ok,1925
262,unknown,
263,ok,1918
264,ok,1918
265,unknown,
266,ok,1915
267,ok,1937
268,ok,1902
269,ok,1916
270,ok,1932
272,unknown,
273,ok,1944
274,ok,1546
275,ok,1560
276,ok,1809
277,unknown,
278,unknown,
279,unknown,
280,ok,1894
281,ok,1894
282,ok,1891
283,ok,1937
284,ok,1937
285,ok,1944
286,ok,1924
287,ok,1919
288,recent,
290,ok,1930
291,ok,1932
292,ok,1878
293,ok,1899
294,ok,1930
295,ok,1937
296,ok,1899
297,ok,1946
298,ok,1898
299,ok,1895
300,ok,1826
302,unknown,
303,unknown,
304,ok,1941
305,ok,1873
306,ok,1937
307,ok,1941
308,ok,1927
309,recent,
310,ok,1916
311,ok,1937
312,ok,1943
313,ok,1935
352,recent,
314,recent,
315,recent,
316,ok,1942
317,ok,1820
318,ok,1916
319,ok,1915
321,ok,1902
322,ok,1894
323,ok,1936
324,ok,1919
325,ok,1905
326,ok,1936
327,ok,1916
328,recent,
329,ok,1894
330,recent,
331,ok,1950
332,ok,1922
333,ok,1922
334,ok,1916
335,ok,1910
336,ok,1939
337,ok,1939
338,ok,1938
339,ok,1939
340,ok,1939
341,ok,1947
342,ok,1937
343,ok,1894
344,ok,1894
346,ok,1947
347,unknown,
348,unknown,
349,ok,1924
350,recent,
351,recent,
353,ok,1938
354,ok,1947
355,ok,1930
356,ok,1930
357,ok,1896
358,ok,1916
359,recent,
360,ok,1865
361,ok,1920
362,ok,1920
363,ok,1950
364,ok,1950
365,ok,1934
366,recent,
367,ok,1909
368,ok,1925
369,ok,1950
370,ok,1731
371,ok,1917
372,ok,1894
373,ok,1914
374,ok,1914
375,ok,1914
376,ok,1731
377,ok,1953
378,unknown,
379,ok,1915
380,ok,1894
381,ok,1894
382,ok,1894
383,ok,1774
385,ok,1939
386,ok,1894
387,ok,1894
388,ok,1947
389,ok,1947
390,ok,1945
391,ok,1930
392,ok,1635
393,ok,1951
394,ok,1865
395,ok,1688
396,ok,1902
397,ok,1674
398,recent,
399,ok,1899
400,ok,1933
401,ok,1902
402,ok,1946
403,ok,1916
404,ok,1904
405,ok,1926
406,unknown,
407,ok,1916
409,ok,1784
410,ok,1919
411,ok,1916
412,ok,1915
413,ok,1894
414,ok,1887
415,ok,1881
416,ok,1941
449,recent,
417,ok,1925
418,ok,1943
419,ok,1919
420,ok,1919
421,ok,1894
422,ok,1881
423,ok,1930
424,ok,1931
425,ok,1894
426,ok,1894
427,ok,1902
428,ok,1933
429,ok,1902
430,ok,1911
431,ok,1911
432,ok,1916
433,ok,1911
434,recent,
435,ok,1926
436,ok,1919
437,unknown,
438,ok,1894
439,ok,1930
440,ok,1920
441,ok,1947
442,ok,1933
443,ok,1895
444,ok,1865
446,ok,1919
447,ok,1900
450,ok,1911
451,ok,1924
452,ok,1933
453,recent,
454,ok,1903
455,ok,1930
456,ok,1946
457,ok,1911
458,ok,1937
459,ok,1924
460,ok,1924
461,ok,1947
462,ok,1899
463,ok,1900
464,ok,1894
465,ok,1946
466,ok,1877
467,ok,1693
468,ok,1763
469,ok,1946
470,ok,1936
471,ok,1832
472,ok,1932
473,recent,
474,recent,
475,ok,1912
476,ok,1904
477,ok,1929
478,ok,1911
479,ok,1924
480,unknown,
481,ok,1942
482,ok,1928
483,ok,1946
484,ok,1897
485,ok,1919
486,ok,1919
487,ok,1927
488,recent,
489,recent,
490,ok,1903
491,ok,1948
492,ok,1894
493,ok,1924
494,ok,1924
495,ok,1924
496,ok,1887
497,ok,1916
498,ok,1923
499,unknown,
500,recent,
501,ok,1947
502,ok,1939
503,ok,1912
504,ok,1932
505,ok,1918
506,ok,1924
507,ok,1880
508,ok,1864
509,ok,1873
510,ok,1873
511,ok,1873
512,ok,1864
513,ok,1864
515,ok,1910
516,ok,1894
517,ok,1919
518,ok,1919
519,ok,1919
520,ok,1919
521,ok,1731
522,ok,1942
523,ok,1942
524,ok,1946
525,ok,1924
526,ok,1924
527,ok,1924
528,ok,1899
529,unknown,
530,ok,1899
531,ok,1877
532,ok,1924
533,ok,1924
534,ok,1894
535,ok,1894
536,ok,1894
537,ok,1930
538,ok,1940
539,ok,1919
540,ok,1912
541,ok,1937
542,recent,
543,ok,1951
544,ok,1942
545,ok,1950
546,recent,
547,ok,1873
548,unknown,
549,unknown,
550,ok,1880
551,ok,1950
552,ok,1950
553,ok,1950
554,ok,1899
555,ok,1916
556,ok,1936
557,ok,1936
558,ok,1940
559,ok,1940
560,ok,1940
561,ok,1731
562,unknown,
563,unknown,
564,ok,1870
565,ok,1881
566,ok,1865
567,ok,1898
568,ok,1898
569,ok,1898
570,ok,1949
571,unknown,
572,ok,1943
573,ok,1847
574,ok,1827
575,ok,1626
577,ok,1784
578,unknown,
579,ok,1881
580,ok,1870
581,ok,1910
582,ok,1943
583,ok,1889
584,ok,1900
585,ok,1900
586,ok,1682
587,ok,1937
588,ok,1870
589,ok,1894
590,ok,1905
591,ok,1933
592,ok,1931
593,unknown,
594,recent,
595,ok,1907
596,ok,1933
597,ok,1896
598,ok,1241
599,ok,1863
600,ok,1946
601,ok,1818
602,ok,65
603,ok,1927
604,ok,1935
605,ok,1950
606,ok,1938
608,ok,1674
609,ok,1922
610,ok,1892
611,ok,1940
612,unknown,
613,unknown,
614,ok,1894
615,ok,1843
616,ok,1914
617,ok,1916
618,unknown,
619,ok,1882
620,ok,1898
621,ok,1910
622,ok,1894
623,ok,1894
624,ok,1898
625,ok,1907
626,ok,1892
627,ok,1894
633,unknown,
634,unknown,
637,ok,1894
638,ok,1924
639,ok,1920
640,ok,1912
641,ok,1912
642,ok,1916
643,ok,1916
644,ok,1870
645,ok,1916
646,ok,1894
647,ok,1914
648,ok,1881
649,ok,1876
650,ok,1870
651,ok,1898
652,ok,1784
653,ok,1870
654,ok,1688
655,ok,1903
656,ok,1905
657,ok,1884
658,ok,1930
659,ok,1899
660,unknown,
661,unknown,
662,unknown,
663,unknown,
664,unknown,
665,unknown,
666,unknown,
667,unknown,
668,unknown,
669,unknown,
670,unknown,
671,ok,1899
672,unknown,
673,unknown,
674,ok,1861
675,ok,1870
676,ok,1870
677,ok,1875
678,ok,1870
679,ok,1911
680,ok,1949
681,ok,1936
682,unknown,
683,ok,1683
684,unknown,
685,unknown,
686,unknown,
687,ok,1924
688,ok,1935
689,ok,1939
690,recent,
691,ok,1916
692,ok,1916
693,ok,1914
694,unknown,
695,ok,1875
696,ok,1894
697,ok,1905
698,ok,1894
699,ok,1870
700,ok,1870
701,ok,1900
702,unknown,
703,ok,1658
704,ok,1933
705,ok,1901
706,ok,1921
707,ok,1921
708,ok,1905
709,ok,1905
710,ok,1916
711,ok,1925
712,ok,1916
713,ok,1889
714,unknown,
715,ok,1940
716,ok,1937
717,ok,1904
718,ok,1946
719,ok,1903
720,ok,1924
721,ok,1923
722,ok,1949
723,ok,1920
724,ok,1920
725,ok,1904
726,ok,1920
727,unknown,
728,ok,1920
729,unknown,
731,ok,1868
732,ok,1868
733,ok,1868
734,ok,1868
735,ok,1868
736,ok,1868
737,unknown,
738,ok,1912
739,ok,1852
740,ok,1850
741,ok,1858
742,ok,1936
743,ok,1836
744,unknown,
746,ok,1916
747,ok,1922
748,recent,
749,recent,
750,ok,1909
751,ok,1894
752,recent,
753,ok,1946
754,ok,1944
755,ok,1904
756,ok,1927
757,ok,1911
759,recent,
760,recent,
761,recent,
762,unknown,
763,unknown,
764,ok,1905
765,ok,1943
767,ok,1849
769,ok,1913
770,ok,1924
771,ok,1855
772,ok,1894
773,ok,1900
774,ok,1900
775,ok,1946
776,ok,1937
777,unknown,
778,ok,1924
779,ok,1869
780,ok,1946
781,ok,1937
782,unknown,
783,ok,1909
784,ok,1895
785,ok,1944
786,ok,1870
787,ok,1919
788,ok,1916
789,ok,1901
790,ok,1900
791,ok,1892
792,ok,1810
793,ok,1924
794,ok,1924
795,ok,1912
796,ok,1842
797,ok,1842
798,ok,1842
799,ok,1905
801,ok,1842
802,ok,1842
803,ok,1842
804,ok,1768
805,ok,1940
806,unknown,
807,ok,1870
808,ok,1911
809,ok,1870
810,ok,1870
811,ok,1869
812,unknown,
813,ok,1933
814,ok,1882
815,ok,1895
816,ok,1895
817,unknown,
818,recent,
819,ok,1951
820,ok,1941
821,ok,1870
822,unknown,
823,ok,1951
824,ok,1870
830,unknown,
831,ok,1955
832,recent,
834,ok,1930
835,ok,1901
836,ok,1924
837,ok,1924
838,ok,1904
839,ok,1894
840,ok,1900
841,ok,1925
842,ok,1810
843,ok,1870
845,ok,1867
846,ok,1825
847,ok,1859
848,ok,1894
849,ok,1927
850,ok,1915
851,ok,1711
852,ok,1952
853,ok,1943
854,ok,1900
855,ok,1927
856,ok,1927
857,ok,1927
858,ok,1927
859,ok,1951
860,ok,1951
861,ok,1904
862,ok,1938
863,recent,
864,ok,1894
865,ok,1927
866,ok,1927
867,ok,1927
868,ok,1927
869,ok,1927
870,ok,1927
871,ok,1926
872,ok,1870
873,ok,1900
874,recent,
875,ok,1900
876,ok,1910
877,ok,1859
878,ok,1892
879,ok,1892
880,ok,1891
881,ok,1902
882,ok,1870
883,ok,1870
884,ok,1889
885,ok,1900
886,ok,1869
887,ok,1900
888,ok,1889
889,ok,1944
890,ok,1868
891,ok,1868
892,ok,1868
893,ok,1868
894,ok,1868
895,ok,1868
896,ok,1848
897,ok,1863
898,ok,1916
899,unknown,
900,ok,1794
901,ok,1593
902,ok,1900
903,ok,1930
904,ok,1924
905,ok,1943
906,ok,1891
907,unknown,
908,ok,1950
909,ok,1788
911,ok,1916
912,ok,1870
913,unknown,
914,ok,1870
915,recent,
916,ok,1870
917,ok,1870
918,ok,1870
919,ok,1892
920,ok,1892
921,ok,1900
922,ok,1870
923,ok,1830
924,ok,1870
925,unknown,
926,ok,1929
927,ok,1870
928,ok,1898
929,unknown,
930,unknown,
931,ok,1911
932,ok,1849
933,ok,1911
934,ok,1911
935,ok,1904
1187,ok,1916
936,ok,1923
937,ok,1886
938,ok,1940
939,ok,1904
940,ok,1851
941,recent,
942,ok,1922
943,ok,1950
944,ok,1882
945,ok,1951
946,ok,1817
947,ok,1843
948,ok,1892
949,unknown,
950,unknown,
951,unknown,
952,unknown,
953,unknown,
954,unknown,
955,ok,1919
956,ok,1919
957,ok,1919
958,ok,1919
959,ok,1919
960,ok,1919
961,ok,1919
962,ok,1922
963,ok,1870
964,ok,1911
1222,ok,1944
965,ok,1888
966,ok,1866
967,ok,1870
968,ok,1870
969,ok,1920
970,ok,1919
971,ok,1892
972,ok,1914
973,ok,1911
974,ok,1924
975,ok,1892
976,ok,1864
977,ok,1936
978,ok,1930
979,ok,1930
980,ok,1946
982,ok,1888
983,ok,1731
984,ok,1954
985,ok,1939
986,ok,1939
987,unknown,
988,ok,1926
989,ok,1892
990,ok,1892
991,ok,1892
992,ok,1892
993,ok,1911
994,ok,1909
995,recent,
1001,ok,1882
1002,ok,1882
1003,ok,1882
1004,ok,1882
1005,ok,1844
1006,ok,1844
1007,ok,1844
1008,ok,1844
1013,ok,1946
1014,ok,1940
1015,ok,1893
1016,ok,1892
1017,ok,1900
1018,ok,1875
1019,ok,1855
1020,ok,1925
1021,ok,1936
1022,ok,1862
1023,ok,1870
1024,ok,1947
1025,ok,1814
1026,ok,1919
1027,ok,1939
1028,ok,1855
1029,ok,1916
1030,ok,1889
1031,ok,1900
1032,ok,1916
1033,ok,1923
1034,recent,
1035,ok,1935
1036,ok,1922
1037,ok,1895
1038,ok,1922
1039,ok,1873
1040,ok,1935
1041,ok,1616
1042,ok,1909
1043,ok,1955
1044,ok,1910
1045,ok,1616
1046,ok,1946
1047,ok,1946
1048,ok,1933
1049,ok,1926
1050,ok,1950
1051,ok,1881
1052,unknown,
1053,ok,1924
1054,ok,1912
1055,ok,1924
1056,ok,1916
1057,ok,1900
1058,ok,1924
1059,ok,1946
1060,ok,1912
1061,ok,1901
1062,ok,1849
1063,ok,1849
1064,ok,1849
1065,ok,1849
1066,ok,1892
1067,ok,1885
1068,ok,1885
1069,ok,1902
1073,unknown,
1074,ok,1916
1075,ok,1916
1076,ok,1942
1077,ok,1942
1078,ok,1919
1079,ok,1768
1080,ok,1745
1081,unknown,
1082,ok,1902
1083,ok,1924
1084,unknown,
1085,ok,1881
1086,ok,1910
1087,unknown,
1088,ok,1946
1089,ok,1916
1090,ok,1745
1091,ok,1881
1092,ok,1223
1093,ok,1916
1094,ok,1869
1095,ok,1939
1096,ok,1916
1097,ok,1950
1098,ok,1946
1099,ok,1946
1100,ok,1616
1101,ok,1616
1102,ok,1616
1103,ok,1616
1104,ok,1616
1105,ok,1616
1106,ok,1616
1107,ok,1616
1108,ok,1616
1109,ok,1616
1110,ok,1616
1111,ok,1616
1113,ok,1616
1114,ok,1616
1115,ok,1616
1116,ok,1616
1117,ok,1616
1118,ok,1616
1119,ok,1616
1120,ok,1616
1121,ok,1616
1122,ok,1616
1123,ok,1616
1124,ok,1616
1125,ok,1616
1126,ok,1616
1127,ok,1616
1128,ok,1616
1129,ok,1616
1130,ok,1616
1131,ok,1616
1132,ok,1616
1133,ok,1616
1134,ok,1616
1135,ok,1616
1136,ok,1616
1137,ok,1616
1138,ok,1946
1139,ok,1933
1140,ok,1881
1141,ok,1900
1142,ok,1924
1143,ok,1924
1144,ok,1916
1145,ok,1933
1146,ok,1754
1147,ok,1754
1148,ok,1223
1149,ok,1894
1150,ok,1945
1151,unknown,
1152,ok,1913
1153,ok,1950
1154,ok,1947
1155,recent,
1156,ok,1951
1157,recent,
1158,ok,1946
1159,recent,
1160,ok,1916
1161,ok,1916
1162,ok,1916
1163,ok,1916
1164,ok,1916
1165,ok,1948
1166,ok,1948
1167,ok,1935
1168,ok,1922
1169,ok,1911
1170,ok,1911
1171,ok,1911
1172,ok,1911
1173,ok,1911
1174,ok,1911
1175,ok,1911
1176,ok,1911
1177,ok,1911
1178,ok,1911
1179,ok,1911
1180,ok,1911
1181,ok,1911
1182,recent,
1183,recent,
1185,ok,1882
1186,ok,1922
1188,ok,1912
1189,ok,1946
1190,ok,1916
1191,ok,1936
1192,ok,1936
1193,ok,1916
1194,ok,1921
1195,ok,1916
1196,ok,1927
1197,ok,1852
1198,ok,1915
1199,ok,1922
1200,ok,1718
1201,ok,1887
1202,ok,1924
1203,ok,1933
1204,ok,1940
1205,ok,1922
1206,ok,1940
1207,ok,1925
1208,ok,1916
1209,ok,1859
1210,ok,1904
1211,ok,1897
1212,ok,1817
1213,ok,1910
1214,recent,
1215,unknown,
1216,ok,1871
1217,ok,1923
1218,ok,1942
1219,ok,1909
1220,ok,1927
1221,ok,1928
1223,ok,1908
1224,recent,
1225,ok,1893
1226,unknown,
1227,ok,1882
1228,ok,1882
1229,ok,1936
1230,ok,1908
1231,ok,1922
1233,ok,1943
1234,recent,
1235,ok,1872
1236,ok,1903
1237,ok,1946
1238,ok,1882
1239,ok,1939
1240,ok,1909
1241,ok,1909
1242,ok,1908
1243,ok,1922
1244,ok,1729
1245,ok,1941
1246,recent,
1247,ok,1950
1248,unknown,
1249,recent,
1250,recent,
1251,ok,1471
1252,ok,1471
1253,ok,1880
1254,unknown,
1255,unknown,
1256,ok,1918
1257,ok,1888
1258,ok,1870
1259,ok,1888
1261,ok,1939
1262,ok,1939
1263,ok,1937
1264,ok,1946
1265,ok,1932
1266,ok,1911
1267,ok,1953
1268,ok,1913
1269,ok,1946
1270,recent,
1271,ok,1943
1272,unknown,
1273,ok,1903
1274,recent,
1275,ok,1875
1276,ok,1922
1277,ok,1946
1278,ok,1923
1279,ok,1796
1280,ok,1950
1281,unknown,
1282,unknown,
1283,unknown,
1284,unknown,
1285,ok,1937
1286,ok,1847
1287,ok,1911
1288,ok,1932
1289,ok,1870
1290,ok,1880
1291,ok,1880
1292,ok,1729
1293,ok,1900
1294,unknown,
1295,ok,1922
1296,ok,1839
1297,ok,1947
1298,ok,1938
1299,ok,1940
1300,ok,1939
1301,ok,1881
1302,ok,1890
1303,ok,1931
1304,ok,1944
1305,ok,1927
1306,recent,
1307,ok,1946
1308,ok,1918
1309,ok,1922
1310,ok,1839
1311,recent,
1312,ok,1902
1313,ok,1922
1314,ok,1946
1315,ok,1895
1316,ok,1924
1317,ok,1941
1318,unknown,
1319,ok,1955
1320,recent,
1321,recent,
1322,ok,1892
1323,ok,1859
1324,recent,
1325,ok,1935
1326,recent,
1327,ok,1941
1328,ok,1909
1329,ok,1945
1330,ok,1946
1331,ok,1932
1332,ok,1937
1333,ok,1912
1334,ok,1927
1335,ok,1875
1336,ok,1907
1337,ok,1944
1338,ok,1918
1339,ok,1900
1340,ok,1918
1341,ok,1938
1343,ok,1908
1344,ok,1908
1345,ok,1908
1346,ok,1914
1347,unknown,
1348,ok,1938
1349,ok,1919
1350,ok,1946
1351,ok,1908
1352,ok,1908
1353,ok,1905
1354,ok,1942
1355,ok,1905
1356,ok,1915
1357,ok,1908
1358,ok,1892
1359,unknown,
1360,ok,1875
1361,unknown,
1362,unknown,
1363,unknown,
1364,unknown,
1365,ok,1882
1366,ok,1884
1367,ok,1908
1368,ok,1925
1369,ok,1908
1370,ok,1918
1371,ok,1859
1372,ok,1878
1373,ok,1908
1374,ok,1908
1375,ok,1923
1376,ok,1937
1377,ok,1832
1378,ok,1946
1379,ok,1938
1380,ok,1908
1381,ok,1909
1382,ok,1909
1383,ok,1909
1384,ok,1839
1385,ok,1938
1386,ok,1938
1387,ok,1938
1388,ok,1938
1389,ok,1946
1390,ok,1938
1391,ok,1923
1392,ok,1870
1393,ok,1861
1394,ok,1870
1395,ok,1912
1396,ok,1873
1397,ok,1820
1398,ok,1916
1401,ok,1950
1402,recent,
1403,ok,1908
1404,ok,1836
1405,ok,1946
1406,ok,1870
1407,ok,1870
1408,ok,1793
1409,ok,1916
1410,ok,1927
1411,ok,1946
1412,ok,1848
1413,ok,1870
1414,ok,1870
1415,ok,1870
1416,ok,1870
1417,ok,1908
1418,recent,
1419,ok,1870
1420,ok,1918
1421,ok,1870
1422,ok,1870
1423,ok,1889
1424,ok,1919
1425,ok,1908
1426,ok,1908
1427,ok,1908
1428,ok,1946
1429,ok,1923
1430,ok,1924
1431,ok,1920
1432,ok,1908
1433,ok,1908
1434,ok,1922
1435,ok,1870
1436,ok,1894
1437,ok,1908
1438,ok,1889
1439,ok,1920
1440,ok,1920
1441,ok,1920
1442,ok,1946
1443,ok,1946
1444,ok,1910
1445,ok,1921
1446,recent,
1447,ok,1946
1448,unknown,
1449,ok,1916
1450,ok,1920
1451,ok,1953
1452,ok,1932
1453,ok,1908
1454,ok,1908
1455,ok,1908
1456,ok,1927
1457,ok,1950
1458,ok,1920
1459,recent,
1460,ok,1832
1461,ok,1832
1462,ok,1863
1463,ok,1903
1464,ok,1870
1465,ok,1870
1466,unknown,
1467,ok,1870
1468,ok,1859
1469,ok,1907
1470,ok,1915
1471,ok,1907
1472,ok,1923
1473,ok,1849
1474,ok,1908
1475,ok,1927
1476,ok,1924
1477,ok,1916
1478,recent,
1479,ok,1936
1480,ok,1896
1481,ok,1908
1482,ok,1908
1483,ok,1925
1484,unknown,
1485,ok,1911
1486,ok,1901
1487,ok,1950
1488,ok,1902
1489,ok,1873
1490,ok,1873
1491,ok,1912
1492,ok,1909
1493,ok,1953
1494,ok,1953
1495,unknown,
1496,ok,1593
1497,ok,1893
1498,ok,1894
1499,ok,1894
1500,ok,1616
1501,ok,1616
1502,ok,1616
1503,ok,1616
1504,ok,1616
1505,ok,1616
1506,ok,1616
1507,ok,1616
1508,ok,1616
1509,ok,1616
1510,ok,1616
1511,ok,1616
1512,ok,1616
1513,ok,1616
1514,ok,1616
1515,ok,1616
1516,ok,1616
1517,ok,1616
1518,ok,1616
1519,ok,1616
1520,ok,1616
1521,ok,1616
1522,ok,1616
1523,ok,1616
1524,ok,1616
1525,ok,1616
1526,ok,1616
1527,ok,1616
1528,ok,1616
1529,ok,1616
1530,ok,1616
1531,ok,1616
1532,ok,1616
1534,ok,1616
1535,ok,1616
1536,ok,1616
1537,ok,1616
1538,ok,1616
1539,ok,1616
1540,ok,1616
1541,ok,1616
1542,ok,1625
1543,ok,1616
1544,ok,1616
1545,unknown,
1546,ok,1616
1547,unknown,
1548,unknown,
1549,ok,1950
1550,ok,1924
1551,ok,1923
1552,unknown,
1553,ok,1908
1554,ok,1908
1555,ok,1900
1556,ok,1908
1557,ok,1911
1558,recent,
1559,ok,1946
1560,ok,1922
1561,ok,1929
1562,ok,1933
1563,ok,1941
1564,recent,
1565,ok,1873
1566,ok,1919
1567,recent,
1568,ok,1903
1569,ok,1908
1570,ok,1932
1571,ok,1893
1572,ok,1893
1573,ok,1899
1574,ok,1902
1575,ok,1948
1576,ok,1911
1577,recent,
1578,ok,1912
1579,ok,1893
1580,ok,1893
1581,ok,
1582,ok,
1583,ok,1910
1584,ok,1893
1585,ok,1947
1586,ok,1889
1587,ok,1889
1588,ok,1889
1589,ok,1869
1590,recent,
1591,ok,1893
1592,ok,1944
1628,ok,1889
1593,ok,1955
1594,ok,1912
1595,ok,1910
1596,ok,1916
1597,ok,1875
1598,ok,1893
1599,unknown,
1600,ok,1893
1601,recent,
1602,recent,
1603,ok,1933
1604,ok,1947
1605,ok,1950
1606,ok,1832
1607,ok,1912
1608,ok,1895
1609,ok,
1610,ok,
1611,ok,1946
1612,recent,
1613,ok,1944
1614,ok,1934
1615,recent,
1616,ok,1893
1617,ok,1930
1618,ok,1909
1620,ok,1916
1621,ok,1889
1622,ok,1889
1623,ok,1889
1624,ok,1889
1625,ok,1889
1626,ok,1889
1627,ok,1889
2185,ok,1902
1629,ok,1889
1630,ok,1889
1631,ok,1912
1632,ok,1930
1633,ok,1909
1634,ok,1946
1635,ok,1893
1636,ok,1893
1637,ok,1875
1638,ok,1930
1639,ok,1946
1640,ok,1905
1641,ok,1908
1642,ok,1893
1643,ok,1893
1644,ok,1930
1645,ok,1912
1646,ok,1910
1647,unknown,
1649,ok,1908
1650,unknown,
1651,ok,1873
1652,ok,1905
1653,ok,1910
1654,ok,1950
1655,ok,1916
1656,ok,1893
1657,ok,1893
1658,ok,1893
1659,ok,1946
1660,unknown,
1662,unknown,
1663,ok,1935
1664,recent,
1665,ok,1903
1666,unknown,
1667,ok,1832
1668,ok,1832
1669,ok,1916
1670,unknown,
1671,recent,
1672,ok,1893
1673,ok,1893
1674,unknown,
1675,recent,
1676,unknown,
1677,unknown,
1678,ok,1908
1679,unknown,
1680,ok,1927
1681,ok,1893
1682,ok,1893
1683,ok,1927
1684,ok,1909
1685,ok,1927
1686,ok,1927
1687,ok,1893
1688,ok,1916
1689,recent,
1690,ok,1925
1692,ok,1936
1693,recent,
1694,unknown,
1695,ok,1936
1696,ok,1936
1697,ok,1875
1698,ok,1905
1699,ok,1946
1700,ok,1865
1701,ok,1923
1702,ok,1942
1703,ok,1921
1704,ok,1908
1705,ok,1944
1706,ok,1944
1707,ok,1944
1708,ok,1944
1709,ok,1903
1710,ok,1946
1711,ok,1925
1712,ok,1924
1713,ok,1935
1714,ok,1946
1715,ok,1908
1716,ok,1930
1717,ok,1936
1718,ok,1936
1719,ok,1936
1720,ok,1936
1721,ok,1936
1722,ok,1944
1723,ok,1940
1724,ok,1925
1725,ok,1910
1726,ok,1893
1727,ok,1902
1728,ok,1912
1729,ok,1946
1730,ok,1916
1731,ok,1907
1732,ok,1946
1733,ok,1953
1734,ok,1946
1735,ok,1893
1736,unknown,
1737,ok,1927
1738,ok,1893
1739,ok,1894
1740,ok,1940
1741,ok,1942
1742,ok,1916
1743,ok,1946
1744,ok,1893
1745,ok,1919
1746,ok,1912
1747,ok,1935
1748,ok,1873
1749,unknown,
1750,ok,1893
1751,ok,1911
1752,ok,1947
1753,ok,1935
1754,ok,1904
1755,ok,1904
1756,ok,1904
1757,ok,1907
1758,ok,1907
1759,recent,
1760,ok,1916
1761,ok,1916
1762,ok,1916
1763,ok,1916
1764,ok,1916
1765,ok,1616
1768,ok,1616
1769,ok,1616
1770,unknown,
1771,ok,1616
1772,ok,1616
1773,ok,1616
1774,ok,1616
1775,ok,1616
1776,ok,1616
1777,ok,1616
1778,ok,1616
1779,ok,1616
1780,ok,1616
1781,ok,1616
1782,ok,1616
1783,ok,1616
1784,ok,1616
1785,ok,1616
1786,ok,1616
1787,ok,1616
1788,unknown,
1790,ok,1616
1791,ok,1616
1792,ok,1616
1793,ok,1616
1794,ok,1616
1795,ok,1616
1796,ok,1616
1797,ok,1616
1798,ok,1616
1799,ok,1616
1800,ok,1616
1801,ok,1616
1802,ok,1616
1803,ok,1954
1804,ok,1946
1805,ok,1910
1806,ok,1916
1807,ok,1916
1808,ok,1916
1809,ok,1954
1810,ok,1927
1811,unknown,
1812,ok,1927
1813,ok,1927
1814,ok,1933
1815,ok,1954
1816,ok,1927
1817,ok,1916
1818,ok,1916
1819,ok,1916
1820,ok,1916
1821,ok,1916
1822,ok,1916
1823,ok,1916
1824,ok,1916
1825,recent,
1826,ok,1927
1827,ok,1865
1828,ok,1832
1829,unknown,
1830,ok,1907
1831,ok,1934
1832,ok,1943
1833,ok,1943
1834,ok,1943
1835,ok,1943
1836,ok,1943
1837,ok,1910
1838,ok,1711
1839,ok,1932
1840,ok,1945
1841,ok,1927
1842,ok,1905
1843,ok,1916
1844,ok,1568
1845,recent,
1846,ok,1954
1847,ok,1907
1848,ok,1925
1849,ok,1946
1850,ok,1859
1851,ok,1935
1852,ok,1891
1853,ok,1931
1854,ok,1908
1855,ok,1912
1856,ok,1946
1857,ok,1935
1858,ok,1936
1859,recent,
1860,ok,1875
1861,ok,1907
1862,ok,1897
1863,ok,1863
1864,ok,1924
1865,ok,1882
1866,ok,1882
1867,ok,1923
1868,ok,1923
1869,recent,
1870,ok,1916
1871,ok,1908
1872,recent,
1873,ok,1850
1874,ok,1924
1875,ok,1935
1876,ok,1935
1877,ok,1935
1878,ok,1946
1879,ok,1908
1880,ok,1851
1881,ok,1939
1882,ok,1939
1883,ok,1946
1884,unknown,
1885,ok,1921
1886,ok,1921
1887,ok,1921
1888,recent,
1889,ok,1921
1890,ok,1944
1891,ok,1944
1892,ok,1910
1893,ok,1939
1894,ok,1887
1895,ok,1889
1896,ok,1928
1897,ok,1944
1898,ok,1946
1899,ok,1908
1900,ok,1908
1901,ok,1952
1902,ok,1923
1903,unknown,
1904,ok,1836
1905,ok,1768
1906,ok,1902
1907,ok,1940
1908,ok,1940
1909,ok,1941
1910,ok,1888
1911,ok,1546
1912,unknown,
1913,ok,1932
1915,ok,1927
1916,ok,1864
1917,ok,1889
1918,ok,1925
1919,ok,1899
1920,ok,1899
1921,ok,1908
1922,ok,1909
1923,ok,1936
1924,ok,1924
1925,ok,1850
1926,ok,1864
1927,ok,1894
1928,ok,1894
1929,ok,1816
1930,ok,1924
1931,ok,1946
1932,ok,1881
1933,ok,1863
1934,ok,1827
1935,ok,1863
1936,ok,1886
1937,ok,1936
1938,ok,1939
1939,ok,1928
1940,ok,1946
1941,unknown,
1942,ok,1908
1943,unknown,
2716,ok,1916
1944,ok,1904
1945,ok,1899
1946,unknown,
1947,ok,1950
1948,ok,1907
1949,ok,1884
1950,ok,1946
1951,ok,1873
1953,ok,1905
1954,ok,1946
1955,unknown,
1956,recent,
1957,ok,1908
1958,ok,1902
1959,ok,1880
1960,recent,
1961,ok,1912
1962,ok,1586
1963,recent,
1965,ok,1950
1966,ok,1940
1967,ok,1908
1968,ok,1933
1969,ok,1863
1970,recent,
1971,ok,1902
1972,ok,1884
1973,ok,1912
1974,ok,1910
1975,ok,1889
1976,ok,1946
1977,ok,1933
1978,recent,
1979,unknown,
1980,unknown,
1981,unknown,
1983,ok,1946
1985,ok,1863
1986,ok,1688
1987,ok,1935
1988,unknown,
1989,unknown,
1990,ok,1863
1991,ok,1912
1992,ok,1635
1993,ok,1927
1994,ok,1912
1996,ok,1908
1997,ok,1908
1999,recent,
2002,ok,1861
2003,recent,
2004,ok,1937
2005,recent,
2006,ok,1889
2007,ok,1903
2008,ok,1874
2010,ok,1925
2011,ok,1902
2012,ok,1922
2013,recent,
2014,ok,1947
2015,ok,1936
2016,unknown,
2017,ok,1900
2018,ok,1912
2019,recent,
2020,ok,1950
2021,ok,1924
2022,ok,1912
2023,ok,1927
2024,ok,1927
2025,ok,1952
2026,ok,1930
2027,ok,1946
2028,recent,
2029,recent,
2030,ok,1919
2031,recent,
2032,recent,
2033,ok,1949
2034,ok,1832
2035,ok,1943
2036,ok,1893
2037,ok,1927
2038,ok,1936
2039,ok,1882
2040,ok,1859
2041,ok,1928
2042,recent,
2043,ok,1934
2044,ok,1924
2045,ok,1928
2046,ok,1884
2047,ok,1935
2048,ok,1859
2049,ok,1830
2050,ok,1914
2051,ok,1731
2052,ok,1731
2053,ok,1876
2055,ok,1938
2056,ok,1919
2057,ok,1939
2058,ok,1928
2059,ok,1919
2060,ok,1894
2061,ok,1900
2062,ok,1700
2063,ok,1940
2064,ok,1784
2065,recent,
2066,ok,1939
2067,recent,
2068,ok,1944
2069,ok,1934
2070,ok,1939
2071,ok,1936
2072,ok,1940
2073,ok,1912
2074,unknown,
2075,ok,1866
2076,ok,1935
2077,unknown,
2078,ok,1927
2079,ok,1928
2080,ok,1922
2081,ok,1864
2082,ok,1864
2083,ok,1905
2084,ok,1902
2085,ok,1911
2086,ok,1938
2087,ok,1925
2088,ok,1925
2089,ok,1895
2090,ok,427
2092,ok,1955
2093,ok,1955
2094,ok,1955
2095,ok,1884
2096,ok,1893
2097,ok,1930
2098,ok,1921
2099,unknown,
2101,ok,1881
2102,ok,1881
2103,ok,1881
2104,ok,1881
2105,ok,1881
2106,ok,1881
2107,ok,1881
2108,ok,1881
2109,ok,1881
2110,ok,1881
2111,ok,1881
2112,ok,1881
2113,ok,1881
2114,ok,1881
2115,ok,1881
2116,ok,1881
2117,ok,1881
2118,ok,1881
2119,ok,1881
2120,ok,1881
2121,ok,1881
2122,ok,1881
2123,ok,1924
2124,ok,1897
2125,ok,1893
2126,recent,
2127,ok,1814
2128,ok,1937
2129,ok,1894
2131,ok,1915
2132,ok,1877
2133,ok,1935
2134,ok,1936
2135,ok,1945
2136,ok,1909
2137,ok,1909
2138,ok,1936
2139,unknown,
2140,ok,1832
2141,ok,1910
2142,ok,1942
2147,ok,1891
2148,ok,1849
2255,ok,1616
2149,ok,1849
2150,ok,1849
2151,ok,1849
2152,ok,1916
2153,ok,1865
2154,ok,1905
2155,ok,1931
2156,ok,1935
2157,ok,1894
2158,ok,1882
2159,ok,1916
2160,ok,1771
2161,ok,1945
2162,ok,1950
2163,ok,1936
2164,ok,1894
2165,ok,1880
2166,ok,1925
2167,ok,1859
2168,ok,1859
2169,ok,1859
2170,ok,1859
2171,ok,1880
2172,ok,1941
2173,ok,1894
2175,ok,1950
2176,ok,1894
2177,ok,1902
2178,ok,1902
2179,ok,1902
2180,ok,1902
2181,ok,1864
2182,ok,1864
2183,ok,1927
2184,ok,1904
2186,ok,1936
2191,ok,1940
2192,ok,1933
2193,ok,1902
2194,unknown,
2195,ok,1927
2196,ok,1935
2197,ok,1942
2198,ok,1632
2225,ok,1936
2226,ok,1936
2227,ok,1936
2231,ok,1927
2232,ok,1625
2233,recent,
2234,ok,1927
2235,ok,1616
2236,ok,1616
2237,ok,1616
2238,ok,1616
2239,ok,1616
2240,ok,1616
2241,ok,1616
2242,ok,1616
2243,ok,1616
2244,ok,1616
2245,ok,1616
2246,ok,1616
2247,ok,1616
2248,ok,1616
2249,ok,1616
2250,ok,1616
2251,ok,1616
2252,ok,1616
2253,ok,1616
2254,ok,1616
2256,ok,1616
2257,ok,1616
2258,ok,1616
2259,ok,1616
2260,ok,1616
2261,ok,1616
2262,ok,1616
2263,ok,1616
2264,ok,1616
2265,ok,1616
2266,ok,1616
2267,ok,1616
2268,ok,1616
2269,ok,1616
2270,ok,1616
2271,ok,1888
2272,ok,1618
2273,unknown,
2274,ok,1931
2275,ok,1851
2276,ok,1835
2277,ok,1902
2278,ok,1902
2279,ok,1902
2280,ok,1902
2281,ok,1902
2282,ok,1851
2283,ok,1916
2284,ok,1946
2285,ok,1954
2286,ok,1902
2287,ok,1946
2288,ok,1942
2289,ok,1945
2290,ok,1938
2291,ok,1905
2292,recent,
2717,ok,1916
2293,ok,1893
2294,recent,
2295,ok,1910
2296,ok,1945
2297,ok,1902
2298,ok,1913
2299,ok,1916
2300,ok,1882
2301,ok,1884
2302,ok,1942
2303,ok,1870
2304,ok,1864
2305,ok,1924
2306,ok,1908
2307,ok,1944
2308,ok,1921
2309,ok,1933
2310,ok,1902
2311,ok,1923
2315,ok,1923
2316,ok,1925
2317,ok,1887
2318,ok,1850
2323,ok,1914
2324,ok,1889
2325,recent,
2326,ok,1946
2327,ok,1916
2328,ok,1851
2329,ok,1851
2330,ok,1935
2331,ok,1902
2332,ok,1859
2333,ok,1859
2334,ok,1936
2343,ok,1930
2344,ok,1930
2345,ok,1930
2346,ok,1930
2347,ok,1930
2348,ok,1930
2349,ok,1930
2350,ok,1930
2351,ok,1887
2352,ok,1917
2353,ok,1927
2354,ok,1895
2355,ok,1882
2356,ok,1927
2357,recent,
2358,recent,
2359,ok,1928
2360,ok,1922
2361,ok,1902
2362,recent,
2363,ok,1729
2364,ok,1900
2365,ok,1693
2366,ok,1916
2368,ok,1927
2369,ok,1947
2370,ok,1905
2371,ok,1935
2372,ok,1944
2373,ok,1935
2374,ok,1884
2375,unknown,
2376,ok,1915
2377,ok,1916
2378,ok,1945
2379,ok,1909
2381,ok,1936
2382,ok,1871
2383,ok,1873
2384,ok,1945
2385,ok,1896
2386,ok,1923
2387,ok,1945
2388,ok,1904
2389,ok,1950
2390,recent,
2391,ok,1942
2392,ok,1942
2393,ok,1942
2394,ok,1923
2395,recent,
2396,ok,1935
2397,recent,
2398,ok,1894
2399,ok,1894
2400,ok,1896
2401,unknown,
2412,recent,
2414,unknown,
2415,ok,1916
2416,ok,1916
2417,ok,1946
2418,ok,1911
2419,ok,1895
2421,ok,1732
2422,ok,1912
2423,ok,1894
2424,ok,1952
2425,ok,1916
2426,ok,1916
2427,ok,1916
2428,ok,1894
2429,ok,1916
2430,ok,1881
2431,ok,1910
2432,ok,1882
2433,ok,1905
2434,ok,1626
2435,ok,1912
2436,ok,1916
2437,ok,1927
2438,ok,1955
2439,ok,1859
2440,ok,1892
2441,recent,
2442,ok,1907
2443,ok,1917
2444,ok,1912
2445,ok,1894
2446,ok,1945
2447,ok,1932
2448,ok,1940
2449,ok,1935
2450,ok,1942
2451,ok,1873
2452,ok,1944
2453,ok,1933
2454,ok,1936
2455,ok,1935
2456,ok,1915
2457,ok,1944
2458,ok,1894
2459,ok,1902
2460,ok,1916
2461,ok,1873
2462,ok,1923
2463,ok,1950
2464,ok,1527
2465,ok,1936
2466,unknown,
2467,ok,1945
2468,recent,
2469,recent,
2470,ok,1899
2471,ok,1902
2472,ok,1884
2473,ok,1944
2474,unknown,
2475,unknown,
2476,unknown,
2477,unknown,
2478,unknown,
2479,ok,1946
2480,ok,1924
2481,unknown,
2482,ok,1851
2483,unknown,
2484,ok,1922
2485,ok,1882
2486,ok,1896
2487,recent,
2488,recent,
2489,ok,1891
2490,ok,1821
2491,ok,1927
2492,ok,1945
2493,recent,
2494,ok,1946
2495,ok,1902
2496,ok,1855
2497,ok,1884
2498,ok,1897
2501,ok,1888
2502,ok,1941
2503,ok,1929
2504,ok,1918
2505,ok,1901
2506,ok,1920
2507,ok,1902
2508,ok,1902
2509,recent,
2510,ok,1935
2511,ok,1863
2512,ok,1916
2513,ok,1902
2514,ok,1924
2515,ok,1878
2516,ok,1832
2517,ok,1909
2718,ok,1916
2518,ok,1941
2519,ok,1873
2520,ok,1912
2521,ok,1865
2522,ok,1865
2523,ok,1885
2524,ok,1865
2525,ok,1927
2526,unknown,
2528,ok,1923
2529,recent,
2530,ok,1913
2531,ok,1865
2532,ok,1865
2533,ok,1865
2534,ok,1916
2535,ok,1902
2536,ok,1922
2537,ok,1894
2538,unknown,
2539,ok,1913
2540,ok,1928
2541,ok,1904
2542,ok,1945
2543,ok,1881
2544,ok,1902
2545,ok,1916
2546,recent,
2547,ok,1865
2548,ok,1865
2549,ok,1865
2550,ok,1902
2551,ok,1850
2552,ok,1944
2553,ok,1897
2555,ok,1902
2556,ok,1902
2557,recent,
2558,ok,1864
2559,ok,1933
2560,ok,1902
2561,ok,1905
2562,unknown,
2563,ok,1864
2564,unknown,
2565,ok,1896
2566,ok,1912
2567,ok,1862
2568,recent,
2569,ok,1936
2570,ok,1902
2571,ok,-386
2572,ok,1910
2573,ok,1901
2574,ok,1902
2575,ok,1894
2576,ok,1902
2577,unknown,
2578,unknown,
2579,unknown,
2580,unknown,
2581,unknown,
2582,unknown,
2583,unknown,
2584,unknown,
2585,unknown,
2586,unknown,
2587,ok,1883
2588,ok,1937
2589,ok,1932
2590,ok,1832
2593,unknown,
2594,ok,1933
2595,ok,1946
2596,ok,1933
2597,ok,1902
2598,ok,1902
2599,ok,1902
2601,ok,1901
2602,ok,1925
2603,unknown,
2604,recent,
2605,ok,1916
2606,ok,1901
2607,recent,
2608,ok,1863
2609,ok,1888
2611,unknown,
2612,ok,1859
2613,ok,1859
2614,ok,1859
2615,ok,1700
2616,ok,1891
2617,ok,1891
2618,ok,1922
2619,recent,
2620,recent,
2621,recent,
2622,recent,
2627,ok,1895
2628,ok,1895
2629,ok,1895
2630,ok,1895
2631,ok,1895
2632,ok,1895
2633,ok,1895
2634,ok,1895
2635,ok,1902
2636,ok,1950
2637,ok,1942
2638,unknown,
2639,ok,1933
2640,ok,1950
2641,recent,
2642,ok,1923
2643,ok,1894
2644,ok,1894
2645,ok,1863
2646,ok,1863
2647,ok,1928
2648,ok,1863
2649,ok,1947
2650,ok,1922
2651,ok,1888
2715,ok,1916
2652,ok,1888
2653,unknown,
2654,unknown,
2655,unknown,
2656,unknown,
2657,unknown,
2658,unknown,
2659,unknown,
2660,ok,1894
2661,ok,1902
2662,ok,1928
2663,ok,1933
2664,ok,1873
2665,ok,1894
2666,ok,1894
2667,ok,1774
2668,ok,1894
2669,ok,1894
2670,ok,1895
2671,ok,1900
2672,ok,1900
2673,ok,1900
2674,ok,1900
2675,ok,1863
2676,ok,1902
2677,recent,
2678,ok,1932
2679,ok,1932
2681,ok,1870
2682,ok,1870
2683,ok,1933
2684,ok,1933
2685,ok,1945
2686,ok,1863
2687,ok,1950
2688,ok,1932
2689,ok,1894
2690,ok,1882
2691,unknown,
2692,ok,1902
2693,ok,1942
2694,ok,1891
2695,ok,1902
2696,ok,1894
2697,ok,1894
2698,ok,1894
2699,ok,1894
2700,ok,1894
2701,ok,1891
2702,ok,1950
2703,ok,1902
2704,ok,1948
2705,ok,1902
2706,ok,1894
2707,ok,1915
2708,ok,1936
2709,ok,1936
2710,ok,1888
2711,ok,1902
2712,ok,1902
2713,ok,1925
2714,recent,
2719,ok,1916
2720,ok,1916
2721,ok,1925
2722,ok,1925
2723,ok,1902
2724,unknown,
2725,recent,
2726,ok,1888
2727,ok,1925
2728,ok,1925
2729,ok,1925
2730,ok,1925
2731,ok,1863
2732,ok,1863
2733,ok,1881
2735,ok,1906
2736,ok,1873
2737,unknown,
2739,ok,1941
2740,ok,1941
2741,ok,1870
2742,ok,1870
2743,ok,1870
2744,ok,1870
2745,ok,1870
2746,ok,1870
2747,ok,1870
2748,ok,1870
2749,ok,1870
2750,ok,1870
2751,ok,1870
2752,ok,1870
2753,ok,1870
2754,ok,1870
2755,ok,1870
2756,ok,1870
2757,ok,1870
2758,ok,1870
2759,ok,1870
2760,ok,1870
2761,ok,1925
2762,ok,1925
2763,ok,1925
2764,ok,1925
2765,ok,1906
2766,ok,1929
2767,ok,1946
2768,ok,1863
2769,ok,1925
2770,ok,1924
2771,ok,1933
2772,ok,1933
2773,ok,1933
2774,ok,1933
2775,ok,1939
2776,ok,1910
2777,ok,1910
2778,ok,1927
2780,unknown,
2781,ok,1936
2782,ok,1909
2783,ok,1950
2784,ok,1902
2785,ok,1947
2786,ok,1888
2787,ok,1888
2788,ok,1888
2789,unknown,
2791,ok,1894
2792,ok,1871
2793,ok,1902
2794,ok,1902
2795,ok,1927
2796,ok,1863
2797,ok,1863
2798,ok,1902
2799,ok,1950
2800,ok,1924
2801,ok,1677
2802,ok,1885
2803,ok,1951
2804,ok,1888
2805,ok,1902
2806,ok,1936
2807,ok,1936
2808,ok,1906
2809,ok,1940
2810,ok,1924
2811,ok,1928
2812,ok,1906
2813,ok,1931
2815,ok,1918
2816,ok,1639
2817,ok,1941
2818,ok,1947
2819,ok,1936
2820,ok,1931
2821,ok,1936
2822,unknown,
2823,ok,1863
2824,ok,1901
2825,ok,1901
2826,ok,1843
2827,ok,1843
2828,ok,1936
2829,ok,1927
2830,ok,1916
2831,ok,1894
2832,ok,1912
2833,ok,1916
2834,ok,1916
2835,ok,1941
2836,ok,1935
2841,ok,1925
2842,ok,1925
2843,ok,1863
2844,ok,1863
2845,ok,1930
2846,ok,1752
2847,ok,1752
2848,ok,1752
2849,ok,1752
2850,ok,1752
2851,ok,1910
2853,ok,1916
2854,ok,1622
2855,ok,1925
2856,ok,1925
2857,ok,1925
2858,ok,1902
2859,ok,1863
2860,ok,1882
2861,ok,1930
2862,ok,1902
2863,ok,1928
2864,ok,1928
2865,ok,1911
2866,ok,1882
2867,ok,1902
2868,ok,1932
2869,ok,1916
2870,ok,1916
2871,ok,1882
2872,ok,1882
2873,ok,1933
2874,ok,1910
2875,ok,1910
2876,ok,1936
2878,ok,1451
2880,ok,1889
2881,recent,
2882,recent,
2883,ok,1942
2884,ok,1921
2885,ok,1896
2886,ok,1902
2888,ok,1919
2891,recent,
2892,ok,1950
2893,ok,1925
2895,ok,1910
2896,recent,
2897,ok,1932
2898,ok,1936
2899,recent,
2900,ok,1940
2901,ok,1933
2902,ok,1933
2903,ok,1933
2904,ok,1933
2905,ok,1933
2906,ok,1933
2907,ok,1933
2908,ok,1933
2909,ok,1933
2910,ok,1933
2911,ok,1933
2912,ok,1933
2913,ok,1933
2914,ok,1933
2915,ok,1933
2916,ok,1933
2917,ok,1933
2918,ok,1933
2919,ok,1933
2920,ok,1933
2921,ok,1895
2922,ok,1895
2923,ok,1895
2924,ok,1895
2925,ok,1895
2926,ok,1895
2927,ok,1895
2928,ok,1895
2929,ok,1895
2930,ok,1895
2931,ok,1895
2932,ok,1895
2933,ok,1895
2934,ok,1895
2935,ok,1895
2936,ok,1895
2937,ok,1895
2938,ok,1895
2939,ok,1895
2940,ok,1895
2941,ok,1897
2942,ok,1901
2943,recent,
2944,ok,1882
2945,ok,1882
2946,recent,
2948,recent,
2949,ok,1934
2950,ok,1880
2951,ok,1947
2952,ok,1947
2953,ok,1947
2954,ok,1947
2955,ok,1947
2956,ok,1947
2957,ok,1947
2958,ok,1947
2959,ok,1947
2960,ok,1947
2961,ok,1947
2962,ok,1947
2963,ok,1947
2964,ok,1947
2965,ok,1947
2966,ok,1947
2967,ok,1947
2968,ok,1947
2969,ok,1947
2970,ok,1947
2971,ok,1947
2972,ok,1947
2973,ok,1947
2974,ok,1947
2975,ok,1947
2976,ok,1947
2977,ok,1947
2978,ok,1947
2979,ok,1947
2980,ok,1947
3185,ok,1910
2981,ok,1947
2982,ok,1937
2983,ok,1937
2984,ok,1937
2985,ok,1937
2986,ok,1937
2987,ok,1937
2988,ok,1937
2989,recent,
2990,ok,1929
2991,unknown,
2992,unknown,
2993,ok,1928
2994,ok,1950
2995,ok,1750
2996,ok,1928
2997,ok,1928
2998,ok,1922
2999,ok,1922
3000,ok,1922
3001,unknown,
3003,ok,1918
3004,ok,1931
3005,unknown,
3006,ok,1936
3007,ok,1918
3008,unknown,
3009,unknown,
3010,unknown,
3011,ok,1832
3012,ok,-386
3013,ok,-386
3014,ok,1951
3015,ok,1935
3016,ok,1935
3017,ok,1935
3019,recent,
3020,ok,1830
3021,recent,
3022,ok,1919
3024,ok,1919
3025,ok,1919
3026,recent,
3027,ok,1912
3028,ok,1900
3029,ok,1916
3030,ok,1950
3031,ok,1946
3032,ok,1945
3033,ok,1923
3034,ok,1919
3035,ok,1935
3036,recent,
3037,ok,1949
3038,ok,1922
3039,ok,1915
3040,ok,1922
3041,ok,1925
3042,ok,1934
3043,ok,1931
3044,ok,1928
3045,ok,1882
3046,ok,1919
3150,ok,1894
3047,ok,1928
3048,ok,1901
3049,ok,1928
3050,ok,1916
3051,ok,1920
3052,ok,120
3053,ok,1896
3054,ok,1882
3055,ok,1896
3056,ok,1928
3057,unknown,
3058,ok,1928
3059,ok,1927
3066,ok,1947
3067,ok,1884
3068,recent,
3069,ok,1930
3070,ok,1930
3071,ok,1935
3072,ok,1929
3073,ok,1939
3074,recent,
3075,recent,
3076,ok,1920
3077,unknown,
3078,unknown,
3079,unknown,
3080,unknown,
3081,unknown,
3082,unknown,
3083,unknown,
3084,unknown,
3085,unknown,
3086,unknown,
3087,unknown,
3088,unknown,
3089,unknown,
3090,unknown,
3091,ok,1905
3092,ok,1948
3093,ok,1945
3094,ok,1925
3095,ok,1912
3096,ok,1925
3097,ok,1925
3098,ok,1933
3099,ok,1925
3100,ok,1897
3101,ok,1900
3102,ok,1900
3103,ok,1900
3104,ok,1900
3105,ok,1900
3106,ok,1900
3107,ok,1900
3108,ok,1900
3109,ok,1900
3110,ok,1900
3111,ok,1900
3112,ok,1900
3113,ok,1900
3114,ok,1900
3115,ok,1900
3116,ok,1900
3117,ok,1900
3118,ok,1900
3119,ok,1900
3120,ok,1900
3121,ok,1900
3122,ok,1900
3123,ok,1900
3124,ok,1900
3125,ok,1900
3126,ok,1900
3127,ok,1900
3128,ok,1900
3129,ok,1900
3130,ok,1900
3131,ok,1900
3132,ok,1900
3133,ok,1900
3134,ok,1900
3135,ok,1900
3136,ok,1900
3137,ok,1944
3138,ok,1912
3139,ok,1901
3140,ok,1927
3141,ok,1885
3142,ok,1875
3143,ok,1875
3144,ok,1875
3145,ok,1916
3146,ok,1928
3147,ok,1923
3148,ok,1923
3149,ok,1923
3151,ok,1942
3152,ok,1946
3153,ok,1925
3154,ok,1794
3155,ok,1925
3156,unknown,
3157,ok,1932
3158,ok,1880
3159,ok,1948
3161,ok,1937
3162,ok,1922
3163,ok,1921
3164,recent,
3165,recent,
3166,ok,1882
3167,ok,1928
3168,ok,1928
3169,ok,1922
3170,ok,1896
3171,ok,1910
3172,ok,1910
3173,ok,1910
3174,ok,1910
3175,ok,1910
3176,ok,1910
3177,ok,1910
3178,ok,1910
3179,ok,1910
3180,ok,1910
3181,ok,1910
3182,ok,1910
3183,ok,1910
3184,ok,1910
3186,ok,1910
3187,ok,1910
3188,ok,1910
3189,ok,1910
3190,ok,1910
3191,ok,1910
3192,ok,1910
3193,ok,1937
3194,ok,1937
3195,ok,1937
3196,ok,1937
3197,ok,1937
3198,ok,1937
3199,ok,1937
3200,ok,1910
3202,unknown,
3203,unknown,
3204,unknown,
3205,unknown,
3206,unknown,
3208,unknown,
3209,unknown,
3210,unknown,
3211,unknown,
3212,unknown,
3213,unknown,
3214,unknown,
3215,unknown,
3216,unknown,
3217,unknown,
3218,unknown,
3283,ok,1940
3219,unknown,
3220,unknown,
3221,unknown,
3222,unknown,
3223,unknown,
3224,unknown,
3225,unknown,
3226,ok,1914
3227,unknown,
3228,ok,1919
3229,ok,1912
3230,ok,1938
3231,ok,1893
3232,ok,1919
3233,ok,1893
3234,ok,1943
3235,ok,1902
3236,ok,1922
3237,ok,1920
3238,ok,1919
3239,ok,1932
3240,ok,1944
3241,ok,1937
3242,ok,1937
3243,ok,1937
3244,ok,1937
3245,ok,1937
3246,unknown,
3247,ok,1937
3248,ok,1937
3249,ok,1937
3250,ok,1910
3251,ok,1910
3252,ok,1894
3253,unknown,
3254,ok,1933
3255,ok,1928
3256,ok,1907
3257,ok,1919
3258,ok,1928
3259,ok,1901
3260,ok,1920
3261,ok,1896
3262,ok,1896
3263,ok,1944
3264,recent,
3265,ok,1944
3266,ok,1920
3267,ok,1947
3268,ok,1823
3269,ok,1913
3270,ok,1688
3271,ok,1867
3272,ok,1867
3273,ok,1867
3274,ok,1867
3275,ok,1867
3276,ok,1867
3277,ok,1867
3278,ok,1902
3279,ok,1902
3280,ok,1944
3281,ok,1944
3282,ok,1912
3284,ok,1864
3285,ok,1851
3286,ok,1797
3287,ok,1937
3288,ok,1937
3289,ok,1930
3290,ok,1859
3291,recent,
3292,ok,1901
3293,ok,1859
3294,ok,1950
3295,ok,1887
3296,ok,1882
3298,unknown,
3299,unknown,
3301,recent,
3302,recent,
3303,recent,
3304,recent,
3305,ok,1937
3306,recent,
3307,ok,1940
3308,ok,1953
3309,ok,1933
3310,ok,1925
3311,recent,
3312,recent,
3313,ok,1909
3314,ok,1948
3315,ok,1934
3316,ok,1950
3317,recent,
3318,ok,1729
3319,ok,1912
3320,ok,1891
3321,ok,1929
3322,ok,1887
3323,ok,1910
3324,ok,1922
3325,ok,1909
3326,ok,1928
3327,ok,1867
3328,ok,1950
3329,ok,1950
3331,ok,1858
3332,ok,1882
3334,ok,1586
3335,ok,1919
3336,ok,1873
3337,ok,1919
3338,ok,1662
3339,ok,1857
3340,ok,1857
3341,ok,1857
3342,ok,1857
3343,ok,1857
3344,ok,1857
3345,ok,1857
3346,ok,1857
3347,ok,1857
3348,ok,1857
3349,ok,1857
3350,ok,1857
3351,ok,1773
3352,ok,1773
3353,ok,1773
3354,ok,1773
3355,ok,1773
3356,ok,1773
3357,ok,1773
3358,ok,1773
3359,ok,1773
3360,ok,1773
3361,ok,1773
3362,ok,1920
3363,ok,1920
3364,ok,1920
3365,ok,1920
3366,ok,1920
3367,ok,1920
3368,ok,1920
3369,ok,1920
3370,ok,1920
3371,ok,1920
3372,ok,1920
3373,ok,1920
3374,ok,1920
3375,ok,1920
3376,ok,1920
3377,ok,1920
3378,ok,1920
3379,ok,1920
3380,ok,1920
3381,ok,1920
3382,ok,1920
3383,ok,1920
3384,ok,1920
3385,ok,1920
3386,ok,1920
3387,ok,1920
3388,ok,1920
3389,ok,1920
3390,ok,1920
3391,ok,1920
3392,ok,1920
3393,ok,1920
3394,ok,1920
3395,ok,1920
3396,ok,1920
3397,ok,1920
3398,ok,1920
3399,ok,1920
3400,ok,1920
3401,ok,1920
3402,ok,1920
3403,ok,1920
3404,ok,1920
3405,ok,1920
3406,ok,1920
3407,ok,1950
3408,ok,1950
3409,ok,1882
3410,ok,1954
3411,ok,1901
3412,ok,1904
3413,ok,1946
3414,ok,1951
3415,ok,1951
3416,ok,1922
3417,ok,1915
3418,ok,1950
3419,ok,1943
3420,ok,1797
3421,ok,1921
3422,ok,1921
3423,ok,1950
3424,ok,1881
3425,ok,1926
3426,ok,1898
3427,ok,1937
3428,ok,1946
3429,ok,1902
3430,ok,1950
3431,recent,
3432,recent,
3434,ok,1900
3435,ok,1890
3436,ok,1890
3467,ok,1950
3437,ok,1890
3438,ok,1890
3439,ok,1890
3440,ok,1890
3441,ok,1890
3442,ok,1890
3443,ok,1890
3444,ok,1890
3445,ok,1890
3446,ok,1890
3447,ok,1890
3448,ok,1890
3449,ok,1890
3450,ok,1890
3451,ok,1873
3452,unknown,
3453,ok,1918
3454,ok,1912
3456,ok,1905
3457,ok,1939
3458,ok,1910
3459,recent,
3460,unknown,
3461,ok,1919
3462,ok,1921
3463,ok,1937
3464,recent,
3465,ok,1908
3466,ok,1937
3468,ok,1896
3469,ok,1928
3470,ok,1912
3471,recent,
3472,ok,1939
3473,ok,1887
3474,ok,1941
3475,ok,1950
3476,ok,1899
3477,recent,
3478,ok,1913
3479,ok,1943
3480,ok,1894
3481,ok,1923
3482,ok,1894
3483,recent,
3484,ok,1950
3485,ok,1950
3486,ok,1950
3487,ok,1950
3488,ok,1950
3489,ok,1953
3490,ok,1937
3491,ok,1940
3492,ok,1923
3493,recent,
3494,ok,1923
3495,recent,
3496,ok,1937
3497,ok,1937
3499,ok,1888
3525,ok,1933
3526,ok,1905
3527,recent,
3528,recent,
3529,ok,1797
3530,ok,1950
3531,recent,
3532,ok,1944
3533,ok,1944
3534,ok,1833
3535,ok,1833
3536,ok,1924
3537,ok,1891
3538,ok,1930
3539,ok,1894
3540,ok,1928
3541,ok,1928
3542,recent,
3543,ok,1950
3544,ok,1950
3545,ok,1774
3546,ok,1875
3547,unknown,
3548,ok,1688
3549,ok,1667
3550,ok,1882
3551,ok,1923
3552,ok,1923
3553,ok,1923
3554,ok,1923
3555,ok,1923
3556,ok,1923
3557,ok,1923
3558,ok,1923
3559,ok,1923
3560,ok,1923
3561,ok,1923
3562,ok,1923
3563,ok,1923
3564,ok,1923
3565,ok,1923
3566,ok,1923
3567,ok,1923
3568,ok,1924
3569,ok,1924
3570,ok,1924
3571,ok,1924
3572,ok,1924
3573,ok,1924
3574,ok,1924
3575,ok,1924
3576,ok,1924
3577,ok,1924
3578,ok,1924
3579,ok,1924
3580,ok,1924
3581,ok,1913
3582,ok,1913
3583,ok,1913
3584,ok,1913
3585,ok,1913
3586,ok,1913
3587,ok,1913
3588,ok,1913
3589,ok,1913
3590,ok,1913
3591,ok,1913
3592,ok,1913
3593,ok,1913
3594,ok,1913
3595,ok,1913
3596,ok,1913
3597,ok,1913
3598,ok,1913
3599,ok,1913
3600,ok,1913
3601,ok,1941
3602,ok,1936
3603,recent,
3604,recent,
3605,unknown,
3606,ok,1889
3607,ok,1893
3608,ok,1911
3609,ok,1952
3610,ok,1901
3611,ok,1908
3612,ok,1950
3613,ok,1688
3614,ok,1688
3615,ok,1882
3616,ok,1882
3617,recent,
3618,ok,1950
3619,ok,1907
3620,ok,1882
3621,ok,1928
3622,ok,1882
3623,ok,1941
3624,ok,1924
3625,ok,1947
3626,recent,
3627,ok,1867
3628,ok,1919
3629,ok,1945
3630,ok,1928
3631,ok,1928
3632,ok,1889
3633,ok,1889
3634,ok,1889
3635,recent,
3636,ok,1943
3637,ok,1950
3638,ok,1950
3639,unknown,
3640,ok,1931
3641,ok,1942
3642,ok,1937
3643,recent,
3644,ok,1778
3645,ok,1673
3646,ok,1947
3647,ok,1947
3648,ok,1947
3649,ok,1947
3650,ok,1953
3652,ok,1898
3653,ok,1919
3654,ok,1912
3655,ok,1849
3656,ok,1893
3657,ok,1893
3658,ok,1937
3659,ok,1921
3660,ok,1946
3661,recent,
3662,ok,1931
3663,ok,1945
3664,ok,1893
3665,ok,1919
3666,ok,1873
3667,ok,1914
3668,ok,1893
3669,ok,1884
3670,ok,1884
3671,ok,1884
3672,unknown,
3673,ok,1954
3674,ok,1902
3676,recent,
3677,ok,1935
3678,ok,1935
3679,ok,1904
3681,ok,1947
3682,ok,1947
3683,ok,1947
3684,ok,1947
3685,ok,1933
3686,ok,1902
3687,ok,1911
3688,recent,
3689,ok,1927
3690,ok,1946
3691,ok,1946
3692,ok,1882
3693,ok,1873
3694,ok,1637
3695,ok,1637
3696,ok,1901
3697,ok,1909
3698,ok,1800
3699,ok,1882
3700,ok,1882
3701,ok,1902
3702,ok,1890
3703,ok,1898
3704,ok,1882
3705,ok,1955
3706,ok,1948
3707,ok,1910
3708,ok,1911
3709,ok,1925
3710,ok,1882
3711,ok,1882
3712,ok,1882
3713,ok,1882
3714,ok,1875
3715,ok,1914
3716,ok,1882
3717,ok,1882
3718,ok,1882
3719,ok,1882
3720,ok,1882
3721,ok,1893
3722,ok,1924
3723,ok,1882
3724,ok,1882
3725,unknown,
3726,ok,1926
3727,ok,1946
3728,ok,1946
3729,unknown,
3730,unknown,
3731,ok,1940
3732,ok,1914
3733,ok,1893
3734,unknown,
3735,ok,1943
3736,ok,1947
3737,ok,1947
3738,ok,1947
3739,ok,1947
3740,unknown,
3741,ok,1907
3742,ok,1907
3743,ok,1907
3744,ok,1901
3745,ok,1924
3746,ok,1932
3748,ok,1905
3749,recent,
3750,ok,1927
3751,ok,1950
3752,ok,1616
3753,recent,
3754,ok,1953
3755,ok,1809
3756,recent,
3757,ok,1933
3758,ok,1945
3759,unknown,
3760,ok,1881
3761,ok,1941
3762,ok,1947
3763,ok,1947
3764,ok,1947
3765,ok,1947
3766,ok,1947
3767,ok,1882
3768,ok,1950
3769,ok,1849
3770,ok,1923
3771,ok,1637
3772,ok,1875
3773,ok,1896
3774,ok,1937
3775,ok,1877
3776,ok,1930
3777,unknown,
3778,ok,1922
3779,ok,1937
3780,ok,1860
3781,ok,1912
3782,ok,1940
3783,ok,1936
3784,unknown,
3785,ok,1902
3786,ok,1876
3787,ok,1894
3788,ok,1914
3789,ok,1950
3790,ok,1950
3791,ok,1925
3792,ok,1899
3793,ok,1898
3794,ok,1918
3795,ok,1888
3796,ok,1942
3797,ok,1946
3798,ok,1865
3799,ok,1882
3800,ok,1892
3801,ok,1873
3802,ok,1873
3803,ok,1873
3804,ok,1927
3805,ok,1903
3806,ok,1888
3807,ok,1882
3808,ok,1905
3809,ok,1905
3810,ok,1947
3811,ok,1919
3812,unknown,
3813,ok,1925
3814,ok,1920
3815,ok,1910
3816,ok,1909
3817,ok,1933
3818,ok,1913
3819,ok,1940
3820,ok,1894
3821,ok,1900
3822,unknown,
3823,ok,1924
3824,ok,1948
3826,ok,1932
3827,ok,1928
3828,ok,1930
3829,recent,
3830,ok,1950
3831,ok,1924
3832,ok,1946
3833,ok,1940
3834,ok,1915
3835,ok,1889
3836,ok,1818
3837,ok,1888
3838,ok,1615
3839,ok,1615
3840,ok,1615
3841,ok,1615
4242,unknown,
3842,ok,1679
3843,ok,1679
3844,ok,1679
3845,ok,1679
3846,ok,1679
3847,ok,1707
3848,ok,1707
3849,ok,1707
3850,ok,1707
3851,ok,1707
3852,ok,1707
3853,ok,1707
3854,ok,1707
3855,ok,1722
3856,ok,1722
3857,ok,1722
3858,ok,1722
3859,ok,1722
3860,ok,1755
3861,ok,1755
3862,ok,1755
3863,ok,1755
3864,ok,1755
3865,ok,1755
3866,ok,1755
3906,ok,1778
3867,ok,1755
3868,ok,1755
3869,ok,1755
3870,ok,1755
3871,ok,1755
3872,ok,1755
3873,ok,1755
3874,ok,1755
3875,ok,1755
3876,ok,1801
3877,ok,1801
3878,ok,1801
3879,ok,1801
3880,ok,1801
3881,ok,1801
3882,ok,1801
3883,ok,1801
3884,ok,1822
3885,ok,1822
3886,ok,1822
3887,ok,1822
3888,ok,1822
3889,ok,1822
3890,ok,1822
3891,ok,1822
3892,ok,1846
3893,ok,1846
3894,ok,1846
3895,ok,1846
3896,ok,1846
3897,ok,1846
3898,ok,1846
3899,ok,1846
3900,unknown,
3901,ok,1778
3902,ok,1778
3903,ok,1778
3904,ok,1778
3905,ok,1778
3907,ok,1778
3908,ok,1778
3909,ok,1778
3910,ok,1778
3911,ok,1778
3912,ok,1778
3913,ok,1778
3914,ok,1918
3915,ok,1918
3916,ok,1918
3917,ok,1918
3918,ok,1918
3919,ok,1924
3920,ok,1924
3921,ok,1924
3922,ok,1924
3923,ok,1895
3924,ok,1895
3925,ok,1895
3926,ok,1895
3927,ok,1913
3928,ok,1913
3929,ok,1913
3930,ok,1913
3931,ok,1916
3932,ok,1916
3933,ok,1916
3934,ok,1916
3935,ok,1907
3936,ok,1907
3937,ok,1907
3938,ok,1907
3939,ok,1857
4082,ok,1949
3940,ok,1857
3941,ok,1857
3942,ok,1857
3943,ok,1890
3944,ok,1890
3945,ok,1890
3946,ok,1890
3947,ok,1863
3948,ok,1863
3949,ok,1863
3950,ok,1863
3951,ok,1863
3952,ok,1863
3953,ok,1863
3954,ok,1908
3955,ok,1908
3956,ok,1908
3957,ok,1908
3958,ok,1908
3959,ok,1908
3960,ok,1908
3961,ok,1908
3962,ok,1908
3963,ok,1935
3964,ok,1935
3965,ok,1935
3966,ok,1935
3967,ok,1935
3968,ok,1907
3969,ok,1907
3970,ok,1907
3971,ok,1907
3972,ok,1932
3973,ok,1932
3974,ok,1932
3975,ok,1932
3976,ok,1897
3977,ok,1897
3978,ok,1897
3979,ok,1897
3980,ok,1897
3981,ok,1850
3982,ok,1850
3983,ok,1850
3984,ok,1850
3985,ok,1850
3986,ok,1907
3987,ok,1907
3988,ok,1907
3989,ok,1907
3990,ok,1907
3991,ok,1923
3992,ok,1923
3993,ok,1923
3994,ok,1923
3995,ok,1923
3996,ok,1854
3997,ok,1854
3998,ok,1854
3999,ok,1854
4000,unknown,
4001,recent,
4002,ok,1873
4003,ok,1950
4004,ok,1950
4005,ok,1909
4006,ok,1919
4007,ok,1864
4008,ok,1864
4009,ok,1896
4010,ok,1894
4011,ok,1637
4012,ok,1937
4014,ok,1941
4015,ok,1953
4016,ok,1873
4017,ok,1941
4018,unknown,
4019,ok,1939
4020,ok,1944
4021,ok,1937
4022,ok,1882
4023,ok,1950
4024,ok,1950
4025,ok,1953
4026,ok,1953
4027,ok,1860
4028,ok,1893
4029,ok,1860
4030,ok,1860
4031,unknown,
4032,ok,1901
4033,ok,1860
4034,ok,1933
4035,ok,1894
4036,ok,1894
4037,ok,1894
4038,ok,1894
4039,ok,1637
4040,ok,1860
4041,ok,1860
4042,recent,
4043,ok,1928
4044,ok,1860
4045,ok,1891
4046,ok,1951
4047,ok,1935
4048,ok,1860
4049,ok,1880
4050,recent,
4051,ok,1935
4052,ok,1827
4053,ok,1901
4054,ok,1901
4055,ok,1909
4056,ok,1860
4057,ok,1894
4058,ok,1894
4059,ok,1894
4060,ok,1894
4061,ok,1878
4062,ok,1894
4063,ok,1845
4064,ok,1944
4065,ok,1909
4066,ok,1862
4067,ok,1873
4068,ok,1889
4069,ok,1953
4070,ok,1928
4071,ok,1873
4072,ok,1909
4073,ok,1902
4074,ok,1925
4075,recent,
4076,ok,1616
4077,ok,1953
4078,ok,1900
4081,ok,1637
4084,ok,1771
4085,ok,1771
4086,ok,1937
4087,ok,1731
4088,ok,1912
4089,ok,1947
4090,ok,1928
4091,ok,1937
4092,ok,1851
4093,ok,1928
4094,ok,1897
4095,ok,1894
4096,ok,1884
4097,ok,1901
4098,ok,1930
4099,ok,1896
4101,ok,1908
4102,ok,1908
4103,ok,1908
4104,ok,1908
4105,ok,1908
4106,ok,1908
4107,ok,1908
4108,ok,1938
4109,ok,1938
4110,ok,1938
4111,ok,1938
4112,ok,1938
4113,ok,1938
4114,ok,1938
4115,ok,1938
4116,ok,1938
4117,ok,1917
4118,ok,1917
4119,ok,1917
4120,ok,1917
4121,ok,1917
4122,ok,1917
4123,ok,1917
4124,ok,1917
4125,ok,1917
4126,ok,1917
4127,ok,1917
4128,ok,1917
4129,ok,1917
4130,ok,1917
4131,ok,1917
4132,ok,1917
4133,ok,1917
4134,ok,1917
4135,ok,1917
4136,ok,1917
4137,ok,1917
4208,ok,1917
4138,ok,1917
4139,ok,1917
4140,ok,1917
4141,ok,1917
4142,ok,1917
4143,ok,1917
4144,ok,1917
4145,ok,1917
4146,ok,1917
4147,ok,1917
4148,ok,1917
4149,ok,1917
4150,ok,1917
4151,ok,1917
4152,ok,1917
4153,ok,1917
4154,ok,1917
4155,ok,1917
4156,ok,1917
4157,ok,1917
4158,ok,1917
4159,ok,1917
4209,ok,1909
4160,ok,1917
4161,ok,1917
4162,ok,1917
4163,ok,1917
4164,ok,1917
4165,ok,1917
4166,ok,1917
4167,ok,1917
4168,ok,1917
4169,ok,1917
4170,ok,1917
4171,ok,1917
4172,ok,1917
4173,ok,1917
4174,ok,1917
4175,ok,1917
4176,ok,1917
4177,ok,1917
4178,ok,1917
4179,ok,1917
4180,ok,1917
4181,ok,1917
4182,ok,1917
4183,ok,1917
4184,ok,1917
4185,ok,1917
4186,ok,1917
4187,ok,1917
4188,ok,1917
4189,ok,1917
4190,ok,1917
4191,ok,1917
4192,ok,1917
4193,ok,1917
4194,ok,1917
4195,ok,1917
4196,ok,1917
4197,ok,1917
4198,ok,1917
4199,ok,1917
4200,ok,1917
4201,ok,1920
4202,recent,
4203,ok,1921
4204,ok,1944
4205,ok,1891
4206,unknown,
4207,ok,1894
4210,ok,1941
4211,recent,
4212,ok,1888
4213,ok,1955
4214,unknown,
4215,ok,1851
4216,ok,1930
4217,ok,1941
4218,ok,1926
4219,ok,1909
4220,ok,1910
4221,ok,1915
4222,ok,1939
4223,ok,1932
4224,ok,1910
4225,ok,1946
4226,ok,1873
4227,unknown,
4228,ok,1894
4229,ok,1951
4230,unknown,
4231,ok,1923
4232,ok,1862
4233,ok,1946
4234,ok,1889
4235,ok,1901
4236,ok,1901
4237,ok,1900
4238,ok,1871
4239,ok,1834
4240,ok,1930
4241,unknown,
4243,ok,1894
4244,ok,1904
4245,ok,1894
4246,ok,1909
4247,ok,1621
4248,ok,1910
4249,recent,
4250,ok,1921
4251,ok,1924
4252,ok,1937
4253,ok,1889
4254,ok,1697
4255,unknown,
4256,recent,
4257,ok,1929
4258,ok,1929
4259,ok,1929
4260,ok,1929
4261,ok,1933
4262,ok,1916
4263,ok,1916
4264,ok,1916
4265,ok,1938
4266,recent,
4267,ok,1901
4268,ok,1865
4269,ok,1933
4270,ok,1920
4271,ok,1901
4272,ok,1894
4273,ok,1924
4274,ok,1865
4275,ok,1865
4276,ok,1865
4277,ok,1882
4278,ok,1933
4279,ok,1921
4280,ok,1902
4281,ok,1921
4282,recent,
4283,ok,1934
4284,ok,1928
4285,ok,1924
4286,ok,1915
4287,ok,1930
4288,recent,
4289,ok,1900
4290,unknown,
4291,unknown,
4292,unknown,
4293,ok,1912
4294,ok,1934
4295,ok,1930
4296,ok,1901
4297,ok,1903
4298,ok,1903
4299,ok,1903
4301,ok,1903
4302,ok,1903
4303,ok,1903
4304,ok,1903
4305,ok,1903
4306,ok,1903
4307,ok,1903
4308,ok,1903
4309,ok,1903
4310,ok,1903
4311,ok,1903
4312,ok,1903
4313,ok,1903
4314,ok,1940
4315,ok,1936
4316,ok,1935
4318,unknown,
4319,unknown,
4320,ok,1776
4321,ok,1945
4322,unknown,
4323,ok,1920
4324,ok,1942
4325,recent,
4326,ok,1941
4327,ok,1937
4328,ok,1869
4329,ok,1869
4330,ok,1869
4331,ok,1941
4332,ok,1941
4333,ok,1908
4334,ok,1834
4335,ok,1834
4336,ok,1834
4337,ok,1940
4338,ok,1940
4339,ok,1940
4340,ok,1899
4341,ok,1921
4342,unknown,
4343,unknown,
4344,unknown,
4345,ok,1949
4346,ok,1882
4347,ok,1901
4348,recent,
4349,ok,1949
4350,ok,1877
4351,ok,1877
4352,ok,1941
4353,ok,1924
4354,ok,1903
4355,ok,1877
4356,ok,1919
4357,ok,1919
4358,ok,1919
4359,ok,1877
4360,ok,1924
4361,ok,1891
4362,ok,1888
4364,ok,1901
4365,unknown,
4366,ok,1914
4367,ok,1885
4368,ok,1940
4369,ok,1914
4370,unknown,
4376,ok,1951
4377,ok,1942
4378,ok,1924
4379,ok,1930
4380,ok,1938
4381,ok,1909
4382,ok,1902
4383,ok,1924
4384,ok,1933
4385,ok,1940
4386,ok,1886
4387,ok,1914
4388,ok,1953
4389,ok,1885
4390,ok,1920
4391,ok,1894
4392,recent,
4393,ok,1930
4394,ok,1924
4395,ok,1909
4396,ok,1899
4397,ok,1933
4398,ok,1915
4399,ok,1950
4400,ok,1940
4401,ok,1909
4402,ok,1909
4403,ok,1909
4404,ok,1909
4405,ok,1909
4406,ok,1909
4407,ok,1909
4408,ok,1909
4409,ok,1909
4410,ok,1909
4411,ok,1909
4412,ok,1909
4413,ok,1909
4414,ok,1909
4415,ok,1909
4416,ok,1909
4417,ok,1909
4418,ok,1909
4419,ok,1909
4420,ok,1909
4421,ok,1909
4422,ok,1909
4423,ok,1909
4424,ok,1909
4425,ok,1909
4426,ok,1909
4427,ok,1909
4428,ok,1909
4429,ok,1909
4430,ok,1909
4431,ok,1909
4432,ok,1909
4433,ok,1909
4434,ok,1909
4435,ok,1909
4436,ok,1909
4437,ok,1909
4438,ok,1909
4439,ok,1909
4440,ok,1909
4441,ok,1909
4442,ok,1909
4443,ok,1909
4444,ok,1909
4445,ok,1909
4446,ok,1909
4447,ok,1909
4448,ok,1909
4449,ok,1909
4450,ok,1909
4451,ok,1909
4452,ok,1909
4453,ok,1909
4454,ok,1909
4455,ok,1909
4456,ok,1909
4457,ok,1909
4458,ok,1909
4459,ok,1909
4460,ok,1909
4461,ok,1909
4462,ok,1909
4463,ok,1909
4464,ok,1909
4465,ok,1909
4466,ok,1909
4467,ok,1909
4468,ok,1909
4469,ok,1909
4470,ok,1909
4471,ok,1909
4472,ok,1909
4473,ok,1909
4474,ok,1909
4475,ok,1909
4476,ok,1909
4477,ok,1909
4478,ok,1909
4479,ok,1909
4480,ok,1909
4481,ok,1909
4482,ok,1909
4483,ok,1909
4484,ok,1909
4485,ok,1909
4486,ok,1909
4487,ok,1909
4488,ok,1909
4489,ok,1909
4490,ok,1909
4491,ok,1909
4492,ok,1909
4493,ok,1909
4494,ok,1909
4495,ok,1909
4496,ok,1909
4497,ok,1909
4498,ok,1909
4499,ok,1909
4500,ok,1909
4506,ok,1880
4507,ok,1912
4508,ok,1952
4509,ok,1938
4510,ok,1925
4511,ok,1949
4512,unknown,
4513,ok,1924
4514,ok,1937
4515,ok,1927
4516,ok,1915
4517,ok,1937
4518,ok,1937
4519,ok,1937
4520,ok,1930
4521,unknown,
4522,ok,1930
4523,ok,1905
4524,ok,1880
4525,ok,1919
4526,ok,1903
4527,ok,1919
4528,ok,1930
4529,ok,1899
4530,recent,
4531,ok,1932
4532,unknown,
4533,ok,1937
4534,ok,1865
4535,ok,1865
4536,ok,1865
4537,ok,1865
4538,ok,1901
4539,ok,1927
4540,ok,1946
4541,ok,1903
4542,unknown,
4543,ok,1753
4544,ok,1935
4545,unknown,
4546,recent,
4547,ok,1922
4548,ok,1905
4549,ok,1937
4550,ok,1937
4551,ok,1944
4552,ok,1939
4553,ok,1909
4554,ok,1821
4555,ok,1893
4556,recent,
4557,ok,1927
4558,ok,1863
4559,ok,1910
4560,ok,1905
4561,unknown,
4562,unknown,
4563,unknown,
4564,unknown,
4565,unknown,
4566,unknown,
4567,unknown,
4568,unknown,
4569,unknown,
4570,unknown,
4571,unknown,
4581,ok,1910
4582,ok,1919
4583,ok,1776
4584,ok,1918
4585,ok,1927
4586,ok,1885
4587,ok,1885
4588,ok,1885
4589,ok,1885
4590,ok,1885
4591,ok,1885
4592,ok,1885
4593,ok,1885
4594,ok,1885
4595,ok,1885
4596,ok,1901
4597,ok,1924
4598,ok,1892
4599,ok,1882
4600,ok,1920
4602,ok,1946
4603,ok,1950
4604,ok,1873
4605,ok,1889
4606,ok,1884
4607,ok,1884
4608,unknown,
4609,ok,1797
4610,ok,1797
4611,ok,1925
4612,ok,1925
4613,ok,1925
4614,ok,1925
4615,ok,1925
4616,ok,1885
4617,ok,1885
4618,ok,1885
4619,ok,1885
4620,ok,1885
4621,ok,1885
4622,ok,1885
4623,ok,1885
4624,ok,1885
4625,ok,1885
4626,ok,1885
4627,ok,1885
4628,ok,1885
4629,ok,1885
4630,ok,1885
4631,ok,1885
4632,ok,1885
4633,ok,1927
5208,ok,1832
4634,ok,1951
4635,unknown,
4636,unknown,
4637,recent,
4638,ok,1930
4639,ok,1930
4640,ok,1909
4641,ok,1920
4642,ok,1903
4643,ok,1924
4644,ok,1889
4645,ok,1920
4646,ok,1920
4647,ok,1778
4648,ok,1778
4649,ok,1778
4651,ok,1778
4652,ok,1925
4653,ok,1924
4654,ok,1822
4655,recent,
4657,ok,1890
4658,ok,1890
4659,ok,1901
4660,ok,1899
4661,unknown,
4662,unknown,
4663,unknown,
4664,ok,1954
4665,unknown,
4666,ok,1918
4667,ok,1918
4668,ok,1891
4669,ok,1893
4670,recent,
4671,ok,1930
4672,recent,
4673,unknown,
4674,ok,1902
4675,ok,1895
4676,ok,1894
4677,ok,1891
4678,ok,1784
4679,ok,1784
4680,ok,1891
4681,ok,1924
4682,ok,1944
4683,unknown,
4684,ok,1939
4685,unknown,
4686,unknown,
4687,recent,
4688,ok,1898
4689,unknown,
4690,unknown,
4691,unknown,
4692,unknown,
4693,unknown,
4694,ok,1927
4695,ok,1851
4696,ok,1822
4697,ok,1822
4698,recent,
4699,recent,
4700,unknown,
4701,ok,1900
4702,ok,1927
4703,ok,1927
4704,ok,1927
4705,ok,1776
4706,recent,
4707,ok,1927
4708,ok,1925
4709,ok,1928
4710,ok,1930
4711,unknown,
4712,ok,1935
4713,ok,1915
4714,ok,1951
4715,ok,1899
4716,ok,1930
4717,ok,1905
4718,ok,1778
4719,ok,1852
4720,ok,1852
4721,ok,1907
4722,ok,1753
4723,ok,1753
4724,ok,1753
4725,ok,1894
4726,ok,1894
4727,ok,1894
4728,ok,1894
4729,ok,1936
4730,ok,1938
4731,recent,
4732,ok,1918
4733,ok,1935
4734,ok,1931
4735,ok,1944
4736,ok,1945
4737,ok,1894
4738,ok,1894
4739,ok,1884
4740,unknown,
4741,unknown,
4742,unknown,
4743,ok,1927
4744,ok,1885
4745,ok,1948
4746,ok,1915
4747,ok,1927
4748,ok,1927
4752,unknown,
4753,unknown,
4754,ok,1931
4755,ok,1931
4756,recent,
4757,unknown,
4758,ok,1928
4759,unknown,
4760,ok,1939
4761,ok,1939
4762,ok,1909
4763,ok,1898
4764,ok,1933
4765,ok,1933
4766,ok,1933
4767,ok,1935
4969,ok,1882
4768,unknown,
4769,ok,1901
4770,ok,1888
4771,ok,1778
4772,ok,1778
4773,ok,1797
4774,unknown,
4775,unknown,
4776,recent,
4777,ok,1893
4779,unknown,
4780,unknown,
4781,ok,1944
4782,ok,1924
4783,ok,1916
4784,recent,
4785,ok,1923
4786,recent,
4787,recent,
4788,ok,1893
4789,ok,1942
4790,ok,1932
4791,ok,1905
4792,ok,1902
4793,ok,1914
4794,unknown,
4795,ok,1895
4796,ok,1851
4797,unknown,
4798,unknown,
4799,unknown,
4800,unknown,
4801,ok,1877
4802,ok,1877
4803,ok,1877
4804,ok,1877
4805,ok,1877
4806,ok,1877
4807,ok,1877
4808,ok,1877
4809,ok,1877
4810,ok,1877
4811,ok,1877
4812,ok,1877
4813,ok,1877
4814,ok,1877
4815,ok,1877
4816,ok,1877
4817,ok,1877
4818,ok,1877
4819,ok,1877
4820,ok,1877
4821,ok,1877
4822,ok,1877
4823,ok,1877
4824,ok,1877
4825,ok,1877
4826,ok,1877
4827,ok,1877
4828,ok,1877
4829,ok,1877
4830,ok,1877
4831,ok,1877
4832,ok,1877
4833,ok,1877
4834,ok,1877
4835,ok,1877
4836,ok,1877
4837,ok,1877
4838,ok,1877
4839,ok,1877
4840,ok,1877
4841,ok,1877
4842,ok,1877
4843,ok,1877
4844,ok,1877
4845,ok,1877
4846,ok,1877
4847,ok,1877
4848,ok,1877
4849,ok,1877
4850,ok,1877
4851,ok,1877
4852,ok,1877
4853,ok,1877
4854,ok,1877
5209,ok,1832
4855,ok,1877
4856,ok,1877
4857,ok,1877
4858,ok,1877
4859,ok,1877
4860,ok,1877
4861,ok,1877
4862,ok,1877
4863,ok,1877
4864,ok,1877
4865,ok,1877
4866,ok,1877
4867,ok,1877
4868,ok,1877
4869,ok,1877
4870,ok,1877
4871,ok,1877
4872,ok,1877
4873,ok,1877
4874,ok,1877
4875,ok,1877
4876,ok,1877
4877,ok,1877
4878,ok,1877
4879,ok,1877
4880,ok,1877
4881,ok,1877
4882,ok,1877
4883,ok,1877
4884,ok,1877
4885,ok,1877
4886,ok,1877
4887,ok,1877
4888,ok,1877
4889,ok,1877
4890,ok,1877
4891,ok,1877
4892,ok,1877
4893,ok,1877
4894,ok,1877
4895,ok,1877
4896,ok,1877
4897,ok,1877
4898,ok,1877
4899,ok,1877
5031,ok,1901
4900,ok,1877
4901,unknown,
4902,ok,1906
4903,ok,1930
4904,recent,
4905,ok,1944
4906,unknown,
4907,ok,1924
4908,ok,1879
4910,recent,
4911,ok,1852
4912,ok,1852
4913,recent,
4914,unknown,
4915,recent,
4916,recent,
4917,ok,1882
4918,ok,1914
4919,ok,1797
4920,ok,1933
4921,unknown,
4922,recent,
4923,recent,
4924,ok,1952
4925,ok,1867
4926,ok,1867
4927,ok,1867
4928,ok,1867
4929,ok,1911
4930,ok,1922
4931,ok,1902
4932,ok,1902
4933,ok,1949
5067,ok,1939
4934,ok,1857
4935,ok,1881
4936,ok,73
4937,unknown,
4938,unknown,
4939,ok,1921
4940,ok,1931
4941,ok,1938
4942,ok,1908
4943,recent,
4944,ok,1901
4945,unknown,
4946,ok,1932
4947,recent,
4948,ok,1947
4952,ok,1901
4953,ok,1916
4954,ok,1922
4955,ok,1893
4956,ok,1895
4957,ok,1895
4958,ok,1891
4959,ok,1891
4960,ok,1888
4961,ok,1951
4962,ok,1917
4963,recent,
4964,ok,1832
4965,ok,1832
4966,ok,1832
4967,ok,1902
4968,ok,1905
4970,ok,1951
4971,ok,1953
4972,ok,1924
4973,ok,1924
4974,ok,1897
4975,ok,1900
4976,ok,1869
4977,unknown,
4978,ok,1932
4979,recent,
4980,recent,
4981,ok,1922
4982,ok,1912
4983,ok,1915
4984,ok,1933
4985,unknown,
4986,unknown,
4987,unknown,
4988,unknown,
4989,ok,1914
4990,unknown,
4991,ok,1925
4992,ok,1907
4993,ok,1954
4994,unknown,
4995,ok,1930
4996,ok,1928
4997,ok,1940
5068,ok,1924
4998,ok,1937
4999,ok,1937
5000,ok,1937
5001,unknown,
5002,ok,1930
5003,ok,1930
5004,unknown,
5005,ok,1848
5006,recent,
5007,ok,1936
5008,ok,1926
5009,recent,
5010,ok,1799
5011,ok,1826
5012,ok,1826
5013,ok,1836
5014,ok,1831
5015,ok,1848
5016,ok,1845
5017,ok,1862
5018,ok,1862
5019,ok,1849
5020,ok,1850
5021,ok,1874
5022,ok,1869
5023,ok,1868
5024,ok,1865
5025,ok,1875
5026,ok,1885
5027,ok,1893
5028,ok,1886
5029,ok,1908
5030,ok,1901
5032,ok,1919
5033,ok,1930
5034,ok,1924
5035,ok,1923
5036,ok,1933
5037,recent,
5038,ok,1945
5039,recent,
5040,recent,
5041,recent,
5042,recent,
5043,recent,
5044,recent,
5045,recent,
5046,recent,
5047,recent,
5048,unknown,
5049,unknown,
5050,unknown,
5051,ok,1930
5052,ok,1910
5053,ok,1951
5054,ok,1936
5055,ok,1933
5056,ok,1933
5057,ok,1933
5058,ok,1933
5059,ok,1933
5060,ok,1933
5061,recent,
5062,ok,1949
5063,recent,
5064,ok,1937
5065,unknown,
5066,recent,
5069,ok,1950
5070,ok,1950
5071,ok,1950
5073,ok,1936
5074,ok,1873
5075,ok,1902
5076,ok,1949
5077,ok,1931
5078,ok,1924
5079,ok,1924
5080,ok,1901
5081,ok,1905
5082,ok,1905
5083,ok,1831
5084,ok,1933
5085,ok,1944
5086,ok,1949
5087,ok,1936
5088,ok,1927
5089,ok,1936
5090,ok,1947
5091,ok,1946
5092,ok,1928
5093,ok,1937
5094,ok,1936
5095,ok,1905
5096,ok,1905
5097,ok,1905
5098,ok,1784
5099,ok,1949
5100,ok,1916
5101,ok,1784
5102,ok,1922
5103,unknown,
5104,ok,1870
5105,ok,1897
5106,ok,1852
5107,ok,1852
5108,ok,1852
5109,ok,1901
5110,recent,
5111,ok,1943
5112,ok,1864
5113,ok,1923
5114,ok,1924
5115,unknown,
5116,ok,1910
5117,ok,1910
5118,ok,1882
5119,ok,1942
5120,ok,1944
5121,ok,1935
5122,ok,1919
5123,ok,1873
5124,ok,1901
5125,ok,1904
5126,ok,1905
5127,ok,1912
5128,ok,1902
5129,ok,1911
5130,ok,1673
5131,ok,1824
5132,ok,1894
5133,recent,
5134,ok,1894
5135,ok,1922
5210,ok,1832
5136,ok,1935
5137,unknown,
5138,ok,1778
5140,ok,1882
5141,ok,1905
5142,ok,1928
5143,ok,1949
5144,ok,1883
5145,ok,1919
5146,ok,1955
5147,ok,1924
5148,ok,1930
5149,ok,1936
5150,ok,1936
5151,ok,1936
5152,ok,1923
5153,ok,1940
5154,ok,1902
5155,ok,1901
5156,ok,1901
5157,ok,1904
5158,ok,1711
5159,ok,1888
5160,ok,1895
5161,ok,1940
5162,ok,1935
5163,ok,1936
5164,ok,1915
5165,ok,1924
5166,ok,1637
5167,ok,1939
5168,ok,1939
5169,ok,1852
5170,ok,1919
5171,ok,1886
5172,ok,1953
5207,ok,1919
5173,unknown,
5174,ok,1925
5175,ok,1925
5176,unknown,
5177,ok,1921
5178,ok,1673
5179,ok,1892
5180,unknown,
5181,ok,1832
5182,ok,1807
5183,ok,1947
5184,ok,1916
5185,ok,1916
5186,ok,1916
5187,ok,1909
5191,ok,1876
5192,ok,1879
5193,unknown,
5194,ok,1940
5195,ok,1944
5196,recent,
5197,ok,1883
5198,ok,1832
5199,ok,1922
5201,unknown,
5202,ok,1882
5203,ok,1832
5204,ok,1925
5205,ok,1889
5206,unknown,
5211,ok,1918
5217,ok,1832
5218,ok,1945
5219,ok,1945
5220,ok,1945
5221,ok,1945
5222,ok,1945
5223,ok,1945
5224,ok,1945
5225,ok,1945
5226,ok,1933
5227,ok,1909
5228,ok,1925
5229,ok,1915
5231,ok,1882
5232,ok,1637
5233,ok,1949
5234,ok,1872
5235,ok,1872
5236,ok,1872
5237,ok,1872
5238,ok,1872
5239,ok,1872
5240,ok,1872
5241,ok,1940
5242,ok,1916
5243,ok,1916
5244,ok,1916
5245,ok,1916
5246,recent,
5247,ok,1931
5248,ok,1898
5249,ok,1793
5250,ok,1902
5251,ok,1901
5252,ok,1882
5253,recent,
5254,unknown,
5255,unknown,
5256,ok,1754
5257,ok,1952
5258,ok,1900
5259,ok,1943
5260,ok,1930
5261,ok,1936
5262,recent,
5263,ok,1954
5264,ok,1942
5265,ok,1936
5266,ok,1806
5267,ok,1945
5268,ok,1945
5269,ok,1888
5270,ok,1936
5271,ok,1942
5272,ok,1913
5273,ok,1888
5274,ok,1901
5275,ok,1695
5276,ok,1695
5277,ok,1695
5278,ok,1695
5279,ok,1695
5280,ok,1695
5281,ok,1695
5282,ok,1695
5283,ok,1695
5284,ok,1695
5285,ok,1695
5286,ok,1695
5287,ok,1695
5288,ok,1695
5289,ok,1695
5290,ok,1695
5291,ok,1695
5292,ok,1695
5293,ok,1695
5294,ok,1695
5295,ok,1695
5296,ok,1695
5297,ok,1695
5298,ok,1695
5299,ok,1695
5300,ok,1695
5301,ok,1922
5302,ok,1924
5303,ok,1924
5304,ok,1924
5305,ok,1806
5306,ok,1922
5307,ok,1885
5308,ok,1935
5309,ok,1888
5310,ok,1943
5311,recent,
5312,ok,1919
5313,ok,1901
5314,ok,1912
5315,ok,1940
5317,ok,1930
5318,ok,1673
5319,ok,1932
5320,ok,1888
5321,recent,
5324,ok,1924
5327,unknown,
5328,unknown,
5329,unknown,
5330,unknown,
5331,unknown,
5332,recent,
5333,ok,1637
5334,ok,1828
5335,ok,1942
5336,ok,1921
5337,ok,1913
5338,ok,1913
5339,ok,1894
5340,ok,1942
5341,ok,1942
5342,ok,1942
5343,ok,1942
5344,ok,1901
5345,ok,1901
5378,ok,1947
5379,ok,1947
5346,ok,1901
5347,recent,
5348,ok,1899
5349,ok,1928
5350,ok,1911
5351,ok,1936
5352,ok,1888
5353,ok,1832
5354,ok,1832
5355,ok,1832
5356,ok,1947
5357,ok,1947
5358,ok,1947
5359,ok,1947
5360,ok,1947
5361,ok,1947
5362,ok,1947
5363,ok,1947
5364,ok,1947
5365,ok,1947
5366,ok,1947
5367,ok,1947
5368,ok,1947
5369,ok,1947
5370,ok,1947
5371,ok,1947
5372,ok,1947
5373,ok,1947
5374,ok,1947
5375,ok,1947
5376,ok,1947
5377,ok,1947
5380,ok,1947
5381,ok,1947
5382,ok,1947
5383,ok,1947
5384,ok,1947
5385,ok,1947
5386,ok,1947
5387,ok,1947
5388,ok,1947
5389,ok,1947
5390,ok,1947
5391,ok,1947
5392,ok,1947
5393,ok,1947
5394,ok,1947
5395,ok,1947
5396,ok,1947
5397,ok,1947
5398,ok,1947
5399,ok,1947
5400,ok,1947
5401,ok,1911
5402,ok,1791
5403,unknown,
5404,ok,1931
5405,ok,1949
5406,ok,1922
5407,ok,1899
5408,recent,
5409,ok,1832
5410,ok,1832
5411,ok,1832
5412,ok,1832
5413,ok,1832
5414,ok,1832
5415,ok,1832
5416,ok,1832
5417,ok,1899
5418,ok,1888
5419,ok,1869
5420,ok,1882
5421,recent,
5422,ok,1911
5423,ok,1885
5424,ok,1912
5425,recent,
5426,unknown,
5427,ok,1778
5428,ok,1822
5429,ok,1784
5430,ok,1784
5431,ok,1914
5432,ok,1869
5433,ok,1888
5434,ok,1859
5435,ok,1907
5436,ok,1882
5437,ok,1888
5438,unknown,
5439,ok,1927
5440,ok,1927
5441,ok,1927
5442,ok,1927
5443,ok,1927
5444,ok,1927
5445,ok,1927
5446,ok,1927
5447,ok,1927
5448,ok,1927
5449,ok,1927
5450,unknown,
5451,unknown,
5452,unknown,
5453,unknown,
5454,unknown,
5455,unknown,
5456,unknown,
5457,unknown,
5458,unknown,
5459,unknown,
5460,unknown,
5461,ok,1927
5462,ok,1927
5463,ok,1927
5464,ok,1927
5465,ok,1927
5466,ok,1927
5467,ok,1916
5468,ok,1916
5469,ok,1916
5470,ok,1916
5471,ok,1916
5472,ok,1916
5473,ok,1916
5474,ok,1916
5475,ok,1916
5476,ok,1916
5477,ok,1916
5478,ok,1916
5479,ok,1916
5480,ok,1916
5481,ok,1916
5482,ok,1916
5483,ok,1927
5484,ok,1927
5485,ok,1927
5486,ok,1927
5487,ok,1927
5488,ok,1927
5489,ok,1927
5490,ok,1927
5491,ok,1927
5492,ok,1927
5493,ok,1927
5494,ok,1927
5495,ok,1927
5496,ok,1927
5497,ok,1927
5498,ok,1927
5499,ok,1927
5500,ok,1894
5501,ok,1927
5502,ok,1927
5503,ok,1927
5504,ok,1927
5505,ok,1927
5506,ok,1927
5507,ok,1927
5508,ok,1916
5509,ok,1916
5510,ok,1916
5511,ok,1916
5512,ok,1916
5513,ok,1916
5514,ok,1916
5515,ok,1916
5516,ok,1916
5517,ok,1927
5518,ok,1927
5519,ok,1927
5520,ok,1927
5521,ok,1927
5522,ok,1927
5523,ok,1927
5524,ok,1927
5525,ok,1927
5526,ok,1927
5527,ok,1927
5528,ok,1927
5529,ok,1927
5530,ok,1927
5531,ok,1927
5532,ok,1927
5533,ok,1927
5534,ok,1927
5535,ok,1927
5536,ok,1927
5537,ok,1927
5538,ok,1927
5539,ok,1927
5540,ok,1927
5541,ok,1927
5542,ok,1927
5543,ok,1916
5544,ok,1916
5545,ok,1916
5546,ok,1916
5547,ok,1916
5874,ok,1920
5548,ok,1916
5549,ok,1916
5550,ok,1916
5551,ok,1916
5552,ok,1927
5553,ok,1927
5554,ok,1927
5555,ok,1927
5556,ok,1927
5557,ok,1927
5558,ok,1927
5559,ok,1927
5560,ok,1927
5561,ok,1916
5562,ok,1916
5563,ok,1916
5564,ok,1916
5565,ok,1916
5566,ok,1916
5567,ok,1916
5568,ok,1916
5569,ok,1916
5570,ok,1916
5571,ok,1916
5572,ok,1916
5573,ok,1916
5574,ok,1916
5575,ok,1916
5576,ok,1916
5577,ok,1916
5578,ok,1916
5579,ok,1916
5580,ok,1916
5581,ok,1916
5582,ok,1916
5583,ok,1916
5584,ok,1916
5585,ok,1916
5586,ok,1916
5587,ok,1916
5588,ok,1916
5589,ok,1898
5590,ok,1898
5591,ok,1898
5592,ok,1916
5593,ok,1916
5594,ok,1916
5595,ok,1916
5596,ok,1916
5597,ok,1916
5598,ok,1916
5599,ok,1916
5600,ok,1898
5601,ok,1885
5602,unknown,
5603,unknown,
5604,ok,1950
5605,ok,1925
5606,ok,1940
5608,ok,1761
5609,ok,1877
5610,ok,1905
6003,ok,1916
5611,ok,1706
5612,unknown,
5614,recent,
5615,ok,1912
5616,ok,1931
5617,unknown,
5618,ok,1920
5619,ok,1894
5620,unknown,
5621,ok,1951
5622,ok,1922
5623,ok,1899
5624,ok,1929
5625,ok,1913
5626,ok,1947
5628,ok,1937
5629,unknown,
5630,ok,1933
5631,ok,1942
5632,ok,1924
5633,ok,1944
5636,ok,1922
5637,ok,1892
5638,ok,1951
5639,unknown,
5640,unknown,
5641,recent,
5642,ok,1882
5643,ok,1916
5644,ok,1673
5645,ok,1836
6005,ok,1933
5646,ok,1836
5647,ok,1836
5648,ok,1836
5649,ok,1836
5650,ok,1836
5651,ok,1888
5652,recent,
5654,ok,1937
5655,unknown,
5656,unknown,
5657,ok,1691
5658,ok,1924
5659,ok,1949
5660,ok,1919
5661,ok,1914
5662,ok,1953
5663,ok,1914
5664,ok,1829
5665,ok,1829
5666,ok,1829
5667,ok,1829
5668,ok,1829
5669,ok,1873
5670,ok,1941
5671,ok,1928
5672,ok,1931
5673,ok,1899
5674,ok,1899
5675,recent,
5676,ok,1905
5677,recent,
5678,ok,1928
5679,ok,1928
5680,ok,1928
5681,unknown,
5682,ok,1913
5683,ok,1913
5684,ok,1913
5685,recent,
5686,ok,1902
5687,ok,1875
5688,ok,1910
5689,ok,1910
5690,ok,1910
5691,ok,1910
5692,ok,1910
5693,ok,1910
5694,unknown,
5695,unknown,
5696,recent,
5697,recent,
5698,ok,1950
5699,ok,1924
5700,ok,1901
5701,ok,1949
5702,ok,1951
5703,ok,1924
5704,ok,1850
5705,ok,1907
5706,ok,1921
5707,unknown,
5708,ok,1901
5709,ok,1882
5710,unknown,
5712,unknown,
5713,recent,
5715,ok,1909
5716,ok,1936
5717,recent,
5718,ok,1917
5719,ok,1902
5720,ok,1936
5721,ok,1946
5722,ok,1950
5723,ok,1950
5724,ok,1923
5725,ok,1941
5726,ok,1929
5727,ok,1949
5728,ok,1938
5729,unknown,
5730,ok,1945
5731,ok,1942
5732,unknown,
5733,ok,1877
5734,ok,1940
5735,recent,
5736,ok,1951
5737,ok,1916
5738,recent,
5739,unknown,
5740,recent,
5741,ok,1910
5742,ok,1930
5743,ok,1946
5744,ok,1922
5745,ok,1925
5746,ok,1925
5747,ok,1899
5748,ok,1933
5749,recent,
5750,ok,1905
5751,ok,1905
5752,ok,1905
5753,ok,1905
5754,ok,1925
5755,ok,1923
5756,ok,1946
5757,ok,1919
5758,ok,1943
5759,ok,1928
5760,ok,1890
5761,ok,1890
5762,unknown,
5763,unknown,
5764,ok,1925
5765,ok,1882
5766,unknown,
5767,ok,1945
5768,unknown,
5769,ok,1913
5770,ok,1930
5771,recent,
5772,ok,1935
5773,ok,1905
5774,recent,
5775,ok,1933
5776,recent,
5777,ok,1936
5778,ok,1899
5779,ok,1935
5780,ok,1930
5781,ok,1914
5782,ok,1910
5783,ok,1910
5784,ok,1910
5785,ok,1910
5786,ok,1910
5787,ok,1910
5788,ok,1910
5789,ok,1889
5790,ok,1950
5791,recent,
5792,ok,1887
5793,ok,1939
5794,ok,1939
5795,ok,1939
5796,unknown,
5797,recent,
5798,ok,1946
5799,ok,1933
5800,recent,
5802,ok,1879
5803,recent,
5804,unknown,
5805,ok,1947
5806,recent,
5807,recent,
5840,ok,1910
5808,ok,1910
5809,ok,1910
5810,ok,1910
5811,ok,1910
5812,ok,1910
5813,ok,1910
5814,ok,1910
5815,ok,1946
5816,ok,1861
5817,ok,1865
5818,ok,1910
5819,ok,1910
5820,ok,1910
5821,ok,1910
5822,ok,1910
5823,ok,1910
5824,ok,1910
5825,ok,1936
5826,ok,1840
5828,ok,1916
5829,recent,
5830,ok,1888
5831,ok,1886
5832,ok,1899
5833,ok,1899
5834,ok,1908
5835,ok,1934
5836,ok,1910
5837,ok,1910
5838,ok,1910
5839,ok,1910
5841,ok,1910
5842,ok,1910
5843,ok,1901
5844,recent,
5845,unknown,
5846,recent,
5847,ok,1909
5848,ok,1928
5849,ok,1903
5850,ok,1891
5851,ok,1891
5852,ok,1891
5853,ok,1891
5854,ok,1888
5855,ok,1888
5856,ok,1888
5857,ok,1888
5858,ok,1888
5859,ok,1888
5860,ok,1885
5861,ok,1885
5862,ok,1885
5863,ok,1885
5864,ok,1885
5865,ok,1885
5866,ok,1928
5867,ok,1918
5868,ok,1899
5869,ok,1899
5870,unknown,
5871,ok,1928
5872,ok,1950
5873,ok,1946
5875,ok,1930
5876,recent,
5882,ok,1912
5883,recent,
5887,unknown,
5888,unknown,
5889,unknown,
5890,ok,1950
5891,ok,1900
5892,unknown,
5893,ok,1942
5894,ok,1951
5895,ok,1927
5896,ok,1928
5897,ok,1882
5898,ok,1925
5899,ok,1850
5900,recent,
5901,unknown,
5902,unknown,
5903,ok,1895
5904,ok,1895
5905,ok,1895
5906,ok,1895
5907,ok,1895
5908,ok,1895
5909,ok,1895
5910,ok,1895
5911,ok,1895
5912,ok,1895
6332,ok,1894
5913,ok,1895
5914,ok,1895
5915,ok,1895
5916,ok,1895
5917,ok,1895
5918,ok,1895
5919,ok,1895
5920,ok,1895
5921,ok,1895
5922,ok,1895
5923,ok,1895
5924,ok,1895
5925,ok,1895
5926,ok,1895
5927,ok,1895
5928,ok,1895
5929,ok,1895
5930,ok,1895
5931,ok,1895
5932,ok,1895
5933,ok,1895
5934,ok,1895
5935,ok,1895
5936,ok,1895
5937,ok,1895
5938,ok,1895
5939,ok,1895
5940,ok,1895
5941,ok,1895
5942,ok,1895
5943,ok,1895
5944,ok,1895
5945,ok,1895
5946,ok,1895
5947,recent,
5948,unknown,
5949,ok,1946
5950,ok,1832
5951,ok,1928
5952,unknown,
5953,ok,1947
5954,recent,
5955,ok,1949
5956,ok,1916
5957,ok,1935
5958,ok,1850
5959,ok,1832
5960,ok,1941
5961,recent,
5962,ok,1920
5963,ok,1928
5964,recent,
5965,ok,1924
5966,ok,1905
5967,ok,1905
5968,ok,1905
5969,ok,1905
5970,ok,1942
5971,ok,1928
5972,ok,1903
5973,ok,1905
5974,ok,1905
5975,ok,1905
5976,ok,1905
5977,ok,1899
5978,ok,1882
5979,ok,1904
5980,ok,1944
5981,unknown,
5982,recent,
5983,ok,1930
5984,unknown,
5986,ok,1913
5987,ok,1903
5988,ok,1916
5989,recent,
5990,ok,1907
5991,ok,1941
5992,ok,1911
5993,ok,1899
5994,ok,1949
5995,ok,1923
5996,ok,1943
5997,ok,1921
5998,ok,1912
5999,ok,1832
6001,ok,1932
6002,unknown,
6006,ok,1901
6007,ok,1901
6008,ok,1903
6009,ok,1933
6010,ok,1899
6011,ok,1903
6012,ok,1870
6013,ok,1928
6014,ok,1928
6015,ok,1916
6016,recent,
6017,ok,1949
6018,ok,1795
6019,ok,1882
6020,recent,
6021,ok,1951
6022,ok,1886
6023,ok,1913
6024,ok,1909
6025,ok,1919
6026,ok,1947
6027,ok,1924
6028,ok,1888
6029,ok,1933
6030,ok,1933
6031,ok,1794
6032,ok,1213
6033,ok,1850
6034,unknown,
6035,unknown,
6036,ok,1890
6037,ok,1946
6038,ok,1950
6039,unknown,
6040,ok,1917
6041,unknown,
6042,ok,1840
6043,ok,1594
6044,ok,1928
6045,ok,1928
6046,ok,1864
6047,ok,1864
6048,ok,1864
6049,ok,1864
6050,ok,1896
6051,ok,1925
6052,ok,1937
6053,ok,1840
6054,ok,1857
6055,unknown,
6056,ok,1919
6057,recent,
6058,ok,1905
6059,ok,1870
6060,ok,1899
6061,ok,1832
6062,ok,1905
6063,unknown,
6064,ok,1680
6065,ok,1951
6066,ok,1940
6067,ok,1925
6068,ok,1925
6069,ok,1925
6070,ok,1934
6071,ok,1930
6072,unknown,
6073,ok,1925
6074,ok,1892
6075,ok,1932
6076,ok,1946
6077,ok,1931
6078,ok,1907
6080,ok,1906
6081,ok,1834
6082,ok,1923
6083,unknown,
6085,ok,1849
6086,ok,1850
6087,ok,1821
6088,recent,
6089,unknown,
6090,ok,1888
6091,ok,1948
6092,ok,1919
6093,ok,1922
6094,ok,1919
6095,ok,1754
6096,ok,1754
6097,ok,1754
6098,ok,1754
6099,ok,1867
6100,ok,1920
6101,ok,1933
6102,ok,1888
6103,ok,1941
6104,ok,1911
6105,ok,1944
6297,ok,1932
6106,recent,
6107,ok,1943
6108,ok,1940
6109,ok,1936
6111,ok,1948
6112,ok,1865
6113,ok,1888
6114,unknown,
6115,recent,
6116,ok,1954
6117,ok,1888
6118,ok,1928
6119,ok,1941
6120,ok,1936
6121,unknown,
6122,recent,
6123,ok,1859
6124,ok,1761
6125,ok,1914
6126,recent,
6127,ok,1902
6128,ok,1888
6129,ok,1912
6130,ok,1856
6131,unknown,
6132,ok,1913
6133,ok,1941
6134,ok,1911
6135,ok,1936
6136,recent,
6137,recent,
6138,ok,1919
6139,unknown,
6140,unknown,
6141,ok,1916
6142,ok,1914
6143,ok,1916
6144,unknown,
6145,ok,1931
6146,ok,1859
6147,ok,1859
6148,ok,1859
6149,ok,1917
6150,ok,1869
6151,ok,1873
6152,ok,1873
6153,ok,1873
6154,ok,1873
6155,ok,1873
6156,ok,1873
6157,ok,1939
6158,ok,1932
6159,ok,1942
6160,unknown,
6161,unknown,
6162,ok,1899
6163,unknown,
6164,ok,1887
6165,unknown,
6166,ok,1874
6167,ok,1912
6168,ok,1925
6169,ok,1859
6170,ok,1859
6739,ok,1951
6171,ok,1859
6172,ok,1943
6173,ok,1928
6174,ok,1932
6175,ok,1932
6176,ok,1932
6177,ok,1932
6178,ok,1932
6179,ok,1932
6180,ok,1932
6181,ok,1932
6182,ok,1932
6183,ok,1932
6184,ok,1932
6185,ok,1932
6186,ok,1932
6187,ok,1932
6188,ok,1932
6189,ok,1932
6190,ok,1932
6191,ok,1932
6192,ok,1932
6193,ok,1932
6194,ok,1932
6195,ok,1932
6196,ok,1932
6197,ok,1932
6298,ok,1932
6198,ok,1932
6199,ok,1932
6200,ok,1932
6201,ok,1932
6202,ok,1932
6203,ok,1932
6204,ok,1932
6205,ok,1932
6206,ok,1932
6207,ok,1932
6208,ok,1932
6209,ok,1932
6210,ok,1932
6211,ok,1932
6212,ok,1932
6213,ok,1932
6214,ok,1932
6215,ok,1932
6216,ok,1932
6217,ok,1932
6218,ok,1932
6219,ok,1932
6220,ok,1932
6221,ok,1932
6222,ok,1932
6223,ok,1932
6224,ok,1932
6225,ok,1932
6226,ok,1932
6227,ok,1932
6228,ok,1932
6229,ok,1932
6230,ok,1932
6299,ok,1932
6231,ok,1932
6232,ok,1932
6233,ok,1932
6234,ok,1932
6235,ok,1932
6236,ok,1932
6237,ok,1932
6238,ok,1932
6239,ok,1932
6240,ok,1932
6241,ok,1932
6242,ok,1932
6243,ok,1932
6244,ok,1932
6245,ok,1932
6246,ok,1932
6247,ok,1932
6248,ok,1932
6249,ok,1932
6250,ok,1932
6251,ok,1932
6252,ok,1932
6253,ok,1932
6254,ok,1932
6255,ok,1932
6256,ok,1932
6257,ok,1932
6258,ok,1932
6259,ok,1932
6260,ok,1932
6261,ok,1932
6262,ok,1932
6263,ok,1932
6264,ok,1932
6265,ok,1932
6266,ok,1932
6267,ok,1932
6268,ok,1932
6269,ok,1932
6270,ok,1932
6271,ok,1932
6272,ok,1932
6273,ok,1932
6274,ok,1932
6275,ok,1932
6276,ok,1932
6277,ok,1932
6278,ok,1932
6279,ok,1932
6280,ok,1932
6281,ok,1932
6282,ok,1932
6283,ok,1932
6284,ok,1932
6285,ok,1932
6286,ok,1932
6287,ok,1932
6288,ok,1932
6289,ok,1932
6290,ok,1932
6291,ok,1932
6292,ok,1932
6293,ok,1932
6294,ok,1932
6295,ok,1932
6296,ok,1932
6300,ok,1932
6301,ok,1894
6302,ok,1936
6303,ok,1874
6304,ok,1926
6305,ok,1934
6306,ok,1915
6307,unknown,
6308,ok,1875
6309,ok,1921
6310,unknown,
6311,ok,1888
6312,ok,1882
6313,ok,1934
6314,ok,1859
6315,ok,1945
6316,ok,1929
6317,ok,1910
6318,ok,1673
6319,ok,1870
6320,ok,1931
6321,ok,1878
6322,unknown,
6323,ok,1936
6324,unknown,
6325,ok,1928
6326,unknown,
6327,ok,1933
6328,ok,1936
6329,unknown,
6330,unknown,
6331,ok,1901
6333,ok,1934
6334,ok,1942
6335,ok,1875
6336,ok,1953
6337,unknown,
6338,unknown,
6339,unknown,
6340,ok,1944
6344,unknown,
6345,unknown,
6346,ok,1840
6347,recent,
6348,unknown,
6349,unknown,
6350,ok,1909
6351,ok,1932
6352,ok,1907
6353,ok,1928
6354,ok,1916
6355,ok,1921
6356,unknown,
6357,ok,1894
6358,ok,1948
6359,ok,1859
6360,ok,1945
6361,unknown,
6362,recent,
6363,ok,1882
6364,ok,1905
6365,ok,1930
6366,ok,1949
6367,ok,1954
6368,ok,1928
6369,ok,1928
6370,ok,1912
6371,ok,1882
6372,ok,1882
6373,ok,1902
6374,ok,1922
6375,unknown,
6376,ok,1899
6377,ok,1924
6378,ok,1924
6379,ok,1949
6380,ok,1901
6381,ok,1904
6382,recent,
6384,ok,1944
6385,unknown,
6386,unknown,
6387,unknown,
6388,unknown,
6389,unknown,
6390,unknown,
6391,unknown,
6392,unknown,
6393,unknown,
6394,unknown,
6395,unknown,
6396,unknown,
6397,unknown,
6492,ok,1899
6398,unknown,
6399,unknown,
6400,unknown,
6401,ok,1946
6402,ok,1905
6403,ok,1850
6404,ok,1913
6405,ok,1901
6406,ok,1832
6407,ok,1832
6408,ok,1946
6409,unknown,
6410,recent,
6411,ok,1919
6412,ok,1888
6413,ok,1940
6414,ok,1895
6415,recent,
6416,unknown,
6417,recent,
6418,ok,1924
6419,unknown,
6420,unknown,
6422,ok,1731
6423,ok,1936
6424,ok,1946
6425,ok,1949
6426,ok,1922
6427,ok,1909
6428,ok,1832
6429,ok,1937
6430,ok,1955
6879,recent,
6431,ok,1923
6432,ok,1944
6433,ok,1930
6434,ok,1886
6435,ok,1915
6436,ok,1894
6437,ok,1944
6438,ok,1904
6439,unknown,
6440,ok,1909
6441,ok,1940
6442,ok,1881
6443,ok,1902
6444,unknown,
6445,ok,1916
6446,ok,1909
6447,ok,1851
6448,ok,1857
6449,ok,1915
6450,ok,1851
6451,ok,1930
6452,recent,
6453,ok,1892
6454,ok,1885
6455,ok,1916
6456,recent,
6457,ok,1840
6458,unknown,
6459,unknown,
6460,recent,
6461,ok,1899
6530,unknown,
6462,ok,1929
6463,ok,1925
6464,ok,1915
6465,ok,1943
6466,ok,1902
6467,ok,1928
6468,unknown,
6469,ok,1904
6470,ok,1902
6471,ok,1848
6472,ok,1902
6473,ok,1926
6474,ok,1945
6475,ok,1897
6476,ok,1911
6477,ok,1911
6478,ok,1911
6479,ok,1899
6480,ok,1886
6481,ok,1896
6482,unknown,
6483,ok,1907
6484,ok,1954
6485,ok,1914
6486,unknown,
6487,ok,1944
6488,ok,1949
6489,ok,1901
6490,ok,1832
6491,ok,1924
6493,ok,1944
6494,unknown,
6495,ok,1942
6497,ok,1902
6500,ok,1943
6501,ok,1784
6502,ok,1936
6506,recent,
6507,ok,1737
6508,ok,1737
6509,ok,1737
6510,ok,1737
6511,ok,1737
6512,ok,1737
6513,ok,1737
6514,ok,1737
6515,ok,1737
6516,ok,1737
6517,ok,1903
6519,ok,1941
6520,ok,1941
6521,ok,1941
6522,ok,1941
6523,unknown,
6524,ok,1941
6526,unknown,
6527,unknown,
6529,unknown,
6531,unknown,
6558,ok,1902
6559,ok,1945
6560,unknown,
6561,ok,1931
6562,ok,1673
6563,ok,1673
6564,ok,1673
6565,recent,
6566,ok,1850
6567,ok,1927
6568,ok,1946
6569,ok,1901
6570,ok,1910
6571,unknown,
6572,ok,1897
6573,unknown,
6574,recent,
6575,ok,1928
6576,unknown,
6577,ok,1936
6578,ok,1932
6579,recent,
6580,unknown,
6581,ok,1919
6582,ok,1952
6583,ok,1861
6584,unknown,
6585,ok,1933
6586,ok,1946
6587,recent,
6588,recent,
6589,ok,1892
6590,recent,
6591,unknown,
6592,unknown,
6593,ok,1754
6594,ok,1900
6595,ok,1879
6596,ok,1925
6597,ok,1950
6598,ok,1896
6599,ok,1898
6600,ok,1932
6601,ok,1898
6602,ok,1857
6603,unknown,
6604,ok,1913
6605,ok,1902
6606,ok,1907
6607,ok,1907
6608,ok,1907
6609,ok,1907
6610,ok,1907
6611,ok,1907
6612,ok,1907
6613,ok,1907
6614,ok,1907
6615,ok,1907
6616,ok,1950
6617,ok,1919
6618,ok,1919
6619,ok,1918
6621,ok,1897
6622,ok,1916
6623,unknown,
6624,ok,1926
6625,ok,1914
6626,ok,1922
6627,ok,1888
6628,ok,1914
6629,ok,1848
6630,ok,1929
6631,recent,
6632,ok,1868
6633,ok,1868
6634,ok,1868
6635,ok,1942
6636,unknown,
6650,ok,1888
6652,ok,1891
6653,ok,1888
6655,ok,1950
6656,ok,1932
6657,ok,1896
6658,ok,1917
6659,ok,1879
6660,ok,1859
6661,ok,1832
6662,ok,1910
6663,ok,1901
6664,unknown,
6665,ok,1924
6666,ok,1919
6667,ok,1919
6668,ok,1892
6669,ok,1890
6670,ok,1889
6671,ok,1927
6672,ok,1859
6673,ok,1941
6674,ok,1888
6675,recent,
6676,ok,1921
6677,ok,1858
6678,recent,
6679,ok,1894
6680,ok,1673
6681,ok,1673
6682,ok,1928
6683,recent,
6684,recent,
6685,unknown,
6686,ok,1941
6687,ok,1891
6688,ok,1880
6689,ok,1921
6690,ok,1913
6691,ok,1914
6692,ok,1864
6693,unknown,
6694,unknown,
6695,ok,1940
6697,ok,1936
6699,unknown,
6738,ok,1892
6700,ok,1851
6701,ok,1851
6702,ok,1934
6703,unknown,
6704,ok,1904
6705,ok,1894
6706,ok,1927
6707,ok,1816
6708,ok,1928
6709,ok,1880
6710,ok,1955
6711,ok,1938
6713,unknown,
6714,unknown,
6715,ok,1927
6716,ok,1952
6717,unknown,
6718,ok,1944
6719,ok,1888
6720,ok,1844
6721,ok,1940
6722,ok,1935
6727,ok,1938
6730,ok,1902
6731,ok,1816
6732,unknown,
6733,ok,1853
6734,ok,1945
6735,unknown,
6737,ok,1933
6740,ok,1673
6741,ok,1852
6742,ok,1673
6743,ok,1915
6744,ok,1560
6745,ok,1909
6746,ok,1912
6747,recent,
6749,ok,1888
6750,ok,1904
6751,ok,1940
6752,unknown,
6753,recent,
6754,ok,1949
6755,unknown,
6756,ok,1936
6757,ok,1882
6758,ok,1771
6759,ok,1771
6760,ok,1771
6761,ok,1771
6762,ok,1801
6763,recent,
6764,ok,1911
6765,unknown,
6766,ok,1921
6767,ok,1943
6768,recent,
6769,ok,1925
6770,ok,1805
6771,ok,1805
6772,ok,1805
6773,ok,1805
6774,ok,1805
6775,ok,1865
6776,ok,1805
6777,ok,1805
6778,ok,1805
6779,ok,1805
6780,ok,1883
6781,ok,1805
6782,ok,1805
6783,ok,1805
6784,ok,1805
6785,ok,1805
6786,ok,1834
6787,ok,1834
6788,ok,1909
6789,ok,1888
6790,ok,1805
6791,ok,1823
6792,ok,1899
6793,ok,1805
6794,ok,1805
6795,ok,1805
6796,ok,1805
6797,ok,1805
6798,ok,1805
6799,ok,1805
6800,ok,1805
6801,ok,1928
6802,ok,1933
6803,ok,1903
6804,ok,1937
6805,ok,1935
6806,ok,1919
6807,ok,1912
6808,ok,1881
6809,unknown,
6810,ok,1941
6811,unknown,
6812,ok,1905
6813,ok,1899
6814,recent,
6815,ok,1887
6816,ok,1863
6817,ok,1902
6818,ok,1946
6823,ok,1920
6824,ok,1900
6825,ok,1888
6826,ok,1908
6827,unknown,
6828,ok,1933
6829,ok,1933
6836,recent,
6837,recent,
6838,ok,1885
6839,ok,1894
6840,ok,1940
6841,unknown,
6842,ok,1941
6843,ok,1927
6844,ok,1879
6845,recent,
6846,ok,1923
6847,ok,1954
6848,ok,1905
6849,ok,1905
6850,ok,1909
6851,unknown,
6852,unknown,
6853,unknown,
6854,ok,1918
6855,ok,1943
6856,ok,1897
6857,ok,1920
6858,ok,1931
6859,unknown,
6860,recent,
6861,ok,1850
6862,ok,1943
6863,ok,1953
6864,recent,
6865,ok,1939
6866,ok,1925
6867,ok,1949
6868,ok,1919
6869,unknown,
6870,ok,1924
6872,ok,1945
6873,recent,
6874,ok,1901
6875,ok,1893
6876,ok,1900
6877,recent,
6878,ok,1867
6880,recent,
6881,ok,1859
6882,ok,1935
6883,unknown,
6884,ok,1948
6885,ok,1933
6886,ok,1890
6888,ok,1942
6893,ok,1933
6894,recent,
6895,recent,
6896,ok,1932
6897,ok,1848
6898,unknown,
6899,ok,1914
6900,ok,1946
6901,ok,1934
6902,ok,1946
6903,ok,1898
6904,ok,1940
6905,ok,1917
6906,ok,1916
6907,ok,1913
6908,ok,1913
6909,ok,1902
6910,ok,1914
6911,ok,1928
6912,recent,
6913,ok,1710
6914,ok,1892
6915,unknown,
6916,ok,1900
6917,ok,1888
6918,ok,1859
6919,ok,1895
6920,ok,1879
6921,ok,1924
6923,unknown,
6925,ok,1894
6926,ok,1926
6927,recent,
6928,ok,1918
6929,ok,1800
6930,ok,1599
6931,ok,1896
6932,ok,1934
6933,ok,1893
6934,ok,1952
6935,ok,1952
6936,ok,1864
6937,ok,1914
6939,ok,1832
6940,ok,1832
6941,ok,1832
6942,ok,1832
6943,ok,1832
6944,ok,1832
6945,ok,1891
6946,ok,1867
6947,ok,1868
6948,unknown,
6949,ok,1918
6950,unknown,
6952,ok,1902
6953,ok,1902
6954,ok,1907
6955,recent,
6956,ok,1943
6957,ok,1940
6958,ok,1915
6960,ok,1827
6961,ok,1900
6962,ok,1900
6963,unknown,
6964,unknown,
6965,ok,1937
6966,unknown,
6967,ok,1859
6968,ok,1859
6969,ok,-381
6970,ok,1894
6971,ok,1925
6972,unknown,
6973,ok,1917
6974,ok,1903
6976,ok,1928
6977,ok,1917
6978,ok,1937
6979,ok,1900
6980,recent,
6981,ok,1887
6982,ok,1934
6983,ok,1915
6984,recent,
6985,recent,
6986,ok,1886
6987,ok,1924
6988,ok,1908
6989,ok,1905
6991,ok,1920
6992,recent,
6993,ok,1947
6994,ok,1885
6995,ok,1922
6997,ok,1944
6998,ok,1944
6999,ok,1933
7001,ok,1939
7002,ok,1859
7003,ok,1832
7004,ok,1832
7005,ok,1832
7006,ok,1902
7007,ok,1888
7008,ok,1947
7009,unknown,
7010,ok,1920
7011,ok,1902
7012,ok,1914
7013,unknown,
7014,unknown,
7015,unknown,
7016,ok,1952
7017,recent,
7018,unknown,
7019,unknown,
7020,recent,
7021,ok,1900
7023,ok,1832
7024,ok,1832
7025,ok,1832
7026,unknown,
7027,unknown,
7028,recent,
7029,unknown,
7030,ok,1887
7031,ok,1947
7032,ok,1875
7033,ok,1912
7034,ok,1902
7035,unknown,
7036,ok,1938
7037,ok,1902
7038,ok,1952
7039,recent,
7040,unknown,
7042,ok,1875
7044,ok,1928
7045,ok,1941
7046,unknown,
7047,recent,
7048,ok,1941
7050,recent,
7051,ok,1875
7052,ok,1898
7053,ok,1913
7054,ok,1908
7055,ok,1927
7056,ok,1926
7057,ok,1934
7058,ok,1946
7059,ok,1952
7060,ok,1902
7061,ok,1902
7062,ok,1919
7063,ok,1880
7064,ok,1893
7065,ok,1922
7066,ok,1933
7067,unknown,
7069,ok,1910
7070,ok,1902
7071,ok,1902
7072,recent,
7073,ok,1910
7074,ok,1780
7075,ok,1923
7076,ok,1915
7077,recent,
7079,ok,1870
7080,ok,1890
7081,unknown,
7082,ok,1836
7083,ok,1920
7084,unknown,
7085,ok,1864
7086,ok,1914
7087,ok,1868
7088,ok,1864
7089,ok,1731
7090,ok,1927
7091,ok,1914
7095,ok,1922
7096,ok,1934
7097,ok,1838
7098,ok,1911
7099,ok,1915
7100,ok,1910
7101,ok,1910
7102,ok,1910
7103,ok,1910
7104,ok,1910
7105,ok,1910
7106,ok,1910
7107,ok,1910
7108,ok,1816
7110,ok,1898
7111,ok,1890
7112,ok,1900
7113,ok,1890
7114,ok,1893
7115,ok,1949
7116,ok,1871
7117,ok,1927
7118,ok,1916
7119,ok,1864
7120,ok,1946
7122,ok,1907
7123,recent,
7124,ok,1894
7125,ok,1932
7126,ok,1889
7127,ok,1905
7128,ok,1916
7129,ok,1948
7130,ok,1920
7131,ok,1934
7132,ok,1922
7133,ok,1886
7134,ok,1886
7135,ok,1886
7136,ok,1886
7137,ok,1886
7138,ok,1886
7139,ok,1886
7140,ok,1886
7141,ok,1920
7142,ok,1893
7143,unknown,
7144,ok,1922
7145,ok,1934
7146,ok,1840
7147,ok,1940
7148,ok,1855
7149,ok,1848
7150,ok,1895
7152,ok,1840
7153,ok,1931
7154,ok,1910
7155,ok,1910
7156,ok,1910
7157,ok,1910
7158,ok,1910
7159,ok,1910
7160,ok,1910
7161,ok,1910
7162,ok,1910
7163,ok,1908
7164,ok,1941
7165,ok,1902
7166,ok,1941
7167,recent,
7168,ok,1933
7169,unknown,
7170,ok,1917
7171,ok,1954
7172,unknown,
7173,ok,1924
7174,ok,1905
7175,ok,1903
7176,ok,1910
7177,ok,1923
7178,ok,1930
7179,ok,1907
7180,ok,1868
7181,ok,1878
7182,ok,1616
7183,ok,1934
7184,ok,1901
7187,ok,1920
7188,ok,1920
7189,ok,1948
7190,recent,
7191,ok,1901
7192,ok,1916
7193,ok,1910
7194,ok,1910
7195,ok,1910
7196,ok,1910
7197,ok,1910
7198,ok,1910
7199,ok,1910
7200,ok,1910
7201,ok,1919
7208,recent,
7210,unknown,
7211,ok,1886
7212,ok,1914
7213,ok,1947
7214,ok,1952
7222,unknown,
7223,unknown,
7224,recent,
7227,ok,1900
7228,ok,1898
7229,ok,1902
7230,recent,
7231,ok,1914
7234,recent,
7235,ok,1859
7237,ok,1938
7238,ok,1951
7239,recent,
7241,unknown,
7242,ok,1910
7243,ok,1910
7291,ok,1900
7244,ok,1910
7245,ok,1910
7246,ok,1910
7247,ok,1910
7248,ok,1910
7249,ok,1910
7250,ok,1910
7251,ok,1926
7252,ok,1936
7253,recent,
7254,unknown,
7255,ok,1917
7256,ok,1910
7257,ok,1902
7258,ok,1844
7259,unknown,
7261,ok,1899
7262,ok,1732
7263,ok,1923
7265,ok,1863
7268,ok,1924
7274,ok,1931
7275,recent,
7277,ok,1912
7278,ok,1909
7279,unknown,
7280,ok,1921
7281,ok,1835
7282,ok,1878
7283,ok,1951
7284,ok,1901
7293,ok,1870
7294,recent,
7295,ok,1898
7296,recent,
7297,ok,1914
7298,recent,
7299,ok,1933
7300,ok,1917
7301,ok,1930
7302,ok,1940
7303,ok,1898
7304,ok,1939
7305,unknown,
7306,ok,1859
7307,ok,1891
7308,ok,1946
7309,unknown,
7310,recent,
7311,ok,1920
7318,ok,1902
7319,ok,1789
7320,ok,1912
7321,recent,
7322,ok,1894
7324,ok,1923
7325,ok,1898
7326,unknown,
7333,ok,1955
7334,ok,1902
7335,ok,1901
7336,ok,1887
7338,ok,1928
7339,ok,1897
7343,ok,1953
7344,ok,1934
7345,ok,1914
7346,ok,1902
7347,ok,1947
7348,unknown,
7350,unknown,
7351,ok,1910
7352,ok,1953
7353,ok,1922
7354,ok,1953
7355,ok,1839
7356,ok,1940
7357,unknown,
7358,ok,1911
7359,ok,1920
7360,ok,1935
7361,ok,1905
7362,ok,1920
7363,ok,1951
7364,ok,1920
7365,recent,
7366,ok,1945
7368,ok,1948
7369,recent,
7370,ok,1704
7371,ok,1823
7372,ok,1864
7373,ok,1953
7374,ok,1909
7377,ok,1939
7378,ok,1901
7379,ok,1913
7380,ok,1952
7381,ok,1882
7382,unknown,
7385,ok,1952
7386,ok,1942
7387,ok,1901
7388,ok,1894
7389,ok,1894
7390,ok,1894
7391,ok,1894
7392,ok,1894
7393,ok,1894
7394,ok,1894
7395,ok,1894
7396,ok,1894
7397,ok,1894
7398,ok,1894
7399,ok,1894
7400,ok,1894
7401,ok,1922
7402,ok,1890
7403,ok,1954
7404,ok,1921
7405,ok,1933
7409,ok,1744
7410,ok,1920
7411,recent,
7412,ok,1881
7413,ok,1942
7414,ok,1941
7415,ok,1922
7416,ok,1946
7417,ok,1850
7421,ok,1919
7422,ok,1920
7423,recent,
7424,recent,
7425,ok,1888
7426,ok,1888
7427,ok,1904
7428,ok,1955
7429,ok,1940
7430,ok,1920
7431,ok,1934
7432,ok,1953
7433,ok,1916
7434,ok,1924
7435,ok,1900
7436,unknown,
7437,ok,1939
7438,ok,1875
7439,ok,1916
7440,ok,1736
7441,ok,1921
7442,ok,1905
7443,ok,1941
7444,unknown,
7445,ok,1892
7446,ok,1922
7447,ok,1922
7448,ok,1939
7449,ok,1838
7450,ok,1939
7451,unknown,
7452,ok,1952
7453,ok,1833
7460,ok,1951
7461,ok,1902
7462,ok,1902
7463,ok,1936
7464,recent,
7465,ok,1912
7466,ok,1616
7467,ok,1863
7469,ok,1880
7470,ok,1905
7471,recent,
7472,ok,1898
7473,unknown,
7474,ok,1927
7475,ok,1892
7476,ok,1616
7477,recent,
7478,ok,1912
7479,unknown,
7480,recent,
7481,ok,1882
7482,ok,1946
7485,ok,1918
7832,ok,1911
7486,ok,1950
7487,ok,1881
7488,ok,1948
7489,ok,1922
7490,ok,1700
7491,ok,1893
7492,ok,1933
7493,ok,1916
7494,unknown,
7495,ok,1926
7496,unknown,
7497,ok,1923
7498,ok,1924
7499,unknown,
7501,ok,1937
7502,ok,1920
7504,unknown,
7505,ok,1950
7506,ok,1916
7508,ok,1933
7509,ok,1943
7510,ok,1923
7513,ok,1875
7514,unknown,
7515,recent,
7516,ok,1937
7517,ok,1937
7518,unknown,
7519,unknown,
7520,recent,
7521,ok,1941
7522,recent,
7523,ok,1941
7524,ok,117
7525,ok,1911
7526,ok,1904
7527,unknown,
7528,ok,1940
7529,ok,1916
7530,recent,
7531,recent,
7532,recent,
7533,recent,
7534,recent,
7535,recent,
7537,unknown,
7538,recent,
7539,recent,
7540,recent,
7541,recent,
7542,recent,
7543,recent,
7544,recent,
7545,recent,
7546,recent,
7547,recent,
7548,recent,
7549,recent,
7550,recent,
7551,recent,
7552,recent,
7553,recent,
7554,recent,
7555,recent,
7556,recent,
7557,recent,
7558,recent,
7559,recent,
7560,recent,
7561,recent,
7562,recent,
7563,recent,
7564,recent,
7565,recent,
7566,recent,
7567,recent,
7568,recent,
7569,recent,
7570,recent,
7571,recent,
7572,recent,
7573,recent,
7574,recent,
7575,recent,
7833,ok,1926
7576,recent,
7577,recent,
7578,recent,
7579,recent,
7580,recent,
7581,recent,
7582,recent,
7583,recent,
7584,recent,
7585,recent,
7586,ok,1873
7587,ok,1873
7588,ok,1873
7589,ok,1873
7590,ok,1873
7591,ok,1873
7592,ok,1873
7593,ok,1873
7594,ok,1873
7595,ok,1873
7596,ok,1873
7597,ok,1873
7598,ok,1873
7599,ok,1873
7600,ok,1907
7601,ok,1873
7602,ok,1873
7603,ok,1873
7604,ok,1873
7605,ok,1873
7606,ok,1873
7607,ok,1873
7608,ok,1873
7609,ok,1873
7610,ok,1873
7611,ok,1873
7612,ok,1873
7613,ok,1873
7614,ok,1873
7615,ok,1873
7616,ok,1873
7617,ok,1873
7618,ok,1873
7619,ok,1873
7620,ok,1873
7621,ok,1873
7622,ok,1873
7623,ok,1873
7624,ok,1873
7625,ok,1873
7626,ok,1873
7627,ok,1873
7628,ok,1873
7629,ok,1873
7630,ok,1873
7631,ok,1873
7632,ok,1873
7633,ok,1873
7634,ok,1873
7635,ok,1873
7636,ok,1873
7637,ok,1873
7638,ok,1873
7639,ok,1873
7640,ok,1873
7641,ok,1873
7642,ok,1873
7643,ok,1873
7644,ok,1873
7645,ok,1873
7646,ok,1873
7647,ok,1873
7648,ok,1873
7649,ok,1873
7650,ok,1873
7651,ok,1873
7652,ok,1873
7653,ok,1873
7654,ok,1873
7655,ok,1873
7656,ok,1873
7657,ok,1873
7658,ok,1873
7659,ok,1873
7660,ok,1873
7661,ok,1873
7662,ok,1873
7663,ok,1873
7664,ok,1873
7665,ok,1873
7666,ok,1873
7667,ok,1873
7668,ok,1873
7669,ok,1873
7670,ok,1873
7671,ok,1873
7672,ok,1873
7673,ok,1873
7674,ok,1873
7675,ok,1873
7676,ok,1873
7677,ok,1873
7678,ok,1873
7679,ok,1873
7680,ok,1873
7681,ok,1873
7682,ok,1873
7683,ok,1873
7684,ok,1873
7685,ok,1873
7686,ok,1873
7687,ok,1873
7688,ok,1873
7689,ok,1873
7690,ok,1873
7691,ok,1873
7692,ok,1873
7693,ok,1873
7694,ok,1873
7695,ok,1873
7696,ok,1873
7697,ok,1873
7698,ok,1873
7699,ok,1873
7700,recent,
7701,ok,1873
7702,ok,1873
7703,ok,1873
7704,ok,1873
7705,ok,1873
7706,ok,1873
7707,ok,1873
7708,ok,1873
7709,ok,1873
7710,ok,1873
7711,ok,1873
7712,ok,1873
7713,ok,1873
7714,ok,1873
7715,ok,1873
7716,ok,1873
7717,ok,1873
7718,ok,1873
7719,ok,1873
7720,ok,1873
7721,ok,1873
7722,ok,1873
7723,ok,1873
7724,ok,1873
7725,ok,1873
7726,ok,1873
7727,ok,1873
7728,ok,1873
7729,ok,1873
7730,ok,1873
7731,ok,1873
7732,ok,1873
7733,ok,1873
7734,ok,1873
7735,ok,1873
7736,ok,1873
7737,ok,1873
7738,ok,1873
7739,ok,1873
7740,ok,1873
7741,ok,1873
7742,ok,1873
7743,ok,1873
7744,ok,1873
7745,ok,1873
7746,ok,1873
7747,ok,1873
7748,ok,1873
7749,ok,1873
7750,ok,1873
7751,ok,1873
7752,ok,1873
7753,ok,1873
7754,ok,1873
7755,ok,1873
7756,ok,1873
7757,ok,1873
7758,ok,1873
7759,ok,1873
7760,ok,1873
7761,ok,1873
7762,ok,1952
7763,ok,1940
7764,recent,
7765,recent,
7766,ok,1908
7767,unknown,
7768,ok,1834
7769,ok,1616
7770,ok,1888
7771,ok,1888
7772,ok,1888
7773,unknown,
7774,recent,
7775,ok,1852
7776,recent,
7777,ok,1795
7778,ok,1911
7779,ok,1731
7780,recent,
7782,ok,1892
7783,unknown,
7784,ok,1932
7785,recent,
7786,ok,1931
7787,recent,
7788,ok,1931
7789,ok,1933
7790,ok,1943
7791,unknown,
7792,ok,1954
7793,ok,1954
7794,unknown,
7795,unknown,
7796,ok,1920
7797,ok,1920
7798,unknown,
7799,ok,1932
7800,ok,1952
7801,recent,
7802,ok,1950
7803,recent,
7804,recent,
7805,recent,
7806,ok,1917
7807,ok,1931
7808,unknown,
7809,ok,1923
7811,ok,1950
7812,ok,1817
7813,ok,1916
7814,ok,1906
7815,ok,1875
7816,ok,1881
7818,ok,1927
7819,ok,1733
7820,ok,1947
7821,ok,1865
7822,ok,1865
7823,ok,1865
7824,ok,1943
7825,unknown,
7826,ok,1925
7827,ok,1922
7828,ok,1938
7829,ok,1914
7830,ok,1854
7831,ok,1902
7834,ok,1937
7835,ok,1881
7836,ok,1941
7837,recent,
7838,recent,
7839,ok,1920
7840,ok,1786
7841,ok,1915
7842,ok,1881
7843,ok,1954
7844,ok,1945
7845,ok,1950
7846,ok,1936
7847,unknown,
7848,ok,1936
7849,unknown,
7850,ok,1850
7851,ok,1850
7852,ok,1850
7853,ok,1832
7854,ok,1654
7855,ok,1948
7856,recent,
7857,ok,1909
7862,ok,1919
7863,ok,1948
7864,unknown,
7865,ok,1885
7866,ok,1919
7867,ok,1909
7868,unknown,
7870,ok,1902
7871,ok,1928
7876,ok,1864
7877,ok,1864
7878,ok,1864
7879,ok,1864
7880,ok,1864
7881,ok,1864
7882,ok,1916
7883,ok,1910
7884,ok,1916
7885,ok,1916
7886,unknown,
7887,ok,1941
7889,ok,1832
7890,ok,1901
7891,ok,1889
7892,ok,1889
7893,ok,1889
7894,ok,1889
7895,ok,1884
7896,ok,1941
7897,unknown,
7898,unknown,
7899,unknown,
7900,ok,1616
7901,ok,1881
7902,ok,1881
7903,ok,1881
7904,ok,1881
7905,ok,1881
7906,ok,1881
7907,ok,1881
8198,ok,1948
7908,ok,1881
7909,ok,1881
7910,ok,1881
7911,ok,1881
7912,ok,1881
7913,ok,1881
7914,ok,1881
7915,ok,1881
7916,ok,1881
7917,ok,1881
7918,ok,1881
7919,ok,1881
7920,ok,1881
7921,ok,1881
7922,ok,1881
7923,ok,1881
7924,ok,1881
7925,ok,1910
7926,ok,1881
7927,ok,1933
7928,recent,
7929,unknown,
7930,ok,1943
7931,ok,1935
7932,unknown,
7935,ok,1929
7936,ok,1915
8002,ok,
7937,ok,1893
7938,ok,1939
7940,recent,
7941,ok,1929
7942,ok,1924
7947,recent,
7948,ok,1859
7949,ok,1950
7950,ok,1946
7951,ok,1941
7952,ok,1913
7953,ok,1909
7954,ok,1875
7955,ok,1941
7956,ok,1943
7957,unknown,
7958,ok,1946
7959,ok,1921
7960,ok,1955
7961,ok,1929
7962,recent,
7963,ok,1846
7964,ok,1930
7965,unknown,
7966,ok,1914
7967,ok,1955
7968,recent,
8003,ok,
7969,unknown,
7970,ok,1902
7971,ok,1941
7972,ok,1912
7973,ok,1916
7974,ok,1851
7975,ok,1889
7976,ok,1936
7977,ok,1903
7978,unknown,
7979,ok,1955
7980,ok,1952
7981,unknown,
7982,ok,1922
7983,recent,
7984,ok,1917
7986,ok,1918
7987,ok,1832
7988,recent,
7989,ok,1911
7990,ok,1884
7991,ok,1946
7992,ok,1943
7993,ok,1859
7994,ok,1859
7995,ok,1915
7997,ok,1924
7998,ok,-386
7999,ok,
8000,ok,1879
8001,ok,
8004,ok,
8005,ok,
8006,ok,
8007,ok,
8008,ok,
8009,ok,
8010,ok,
8011,ok,
8012,ok,
8013,ok,
8014,ok,
8015,ok,
8016,ok,
8017,ok,
8018,ok,
8019,ok,
8020,ok,
8021,ok,
8022,ok,
8023,ok,
8024,ok,
8025,ok,
8026,ok,
8027,ok,
8028,ok,
8029,ok,
8030,ok,
8031,ok,
8032,ok,
8033,ok,
8034,ok,
8035,ok,
8036,ok,
8037,ok,
8038,ok,
8039,ok,
8040,ok,
8041,ok,
8042,ok,
8043,ok,
8044,ok,
8045,ok,
8046,ok,
8047,ok,
8048,ok,
8049,ok,
8050,ok,
8051,ok,
8052,ok,
8053,ok,
8054,ok,
8055,ok,
8056,ok,
8057,ok,
8058,ok,
8059,ok,
8060,ok,
8061,ok,
8062,ok,
8063,ok,
8064,ok,
8065,ok,
8066,ok,
8067,ok,1917
8068,ok,1910
8069,ok,1910
8070,ok,1910
8071,ok,1910
8072,ok,1937
8073,ok,1930
8074,ok,1889
8075,ok,1936
8076,ok,1920
8077,ok,1936
8078,ok,1886
8079,ok,1850
8080,ok,1916
8081,ok,1916
8082,ok,1902
8083,unknown,
8084,ok,1926
8086,unknown,
8087,ok,1935
8088,ok,1864
8089,ok,1864
8090,ok,1864
8091,ok,1864
8092,ok,1936
8093,unknown,
8094,recent,
8095,ok,1849
8101,ok,1929
8102,ok,1796
8103,ok,1932
8104,ok,1935
8105,ok,1935
8106,ok,1905
8107,ok,1616
8108,ok,1892
8109,ok,1928
8110,ok,1865
8111,unknown,
8112,ok,1881
8113,ok,1938
8114,ok,1846
8115,unknown,
8116,ok,1901
8117,ok,1946
8118,ok,1891
8120,ok,1895
8121,ok,1924
8122,ok,1920
8123,ok,1863
8124,ok,1954
8125,ok,1939
8127,ok,1909
8128,ok,1904
8129,recent,
8130,ok,1904
8131,ok,1949
8132,ok,1885
8133,ok,1904
8134,ok,1938
8135,ok,1941
8197,ok,1904
8136,ok,1947
8137,unknown,
8138,ok,1944
8139,ok,1900
8140,ok,1899
8141,recent,
8142,unknown,
8143,ok,1947
8144,unknown,
8145,ok,1891
8146,ok,1888
8147,ok,1936
8148,recent,
8149,ok,1955
8150,ok,1906
8151,ok,1908
8152,ok,1928
8153,ok,1922
8154,ok,1891
8155,ok,1902
8156,unknown,
8157,ok,1933
8158,ok,1903
8159,ok,1865
8160,ok,1927
8161,ok,1796
8162,ok,1933
8163,ok,1891
8164,recent,
8165,ok,1952
8166,ok,1718
8167,ok,1718
8168,ok,1718
8169,ok,1718
8170,ok,1718
8171,ok,1920
8172,ok,1936
8173,unknown,
8174,ok,1905
8175,ok,1905
8176,recent,
8177,unknown,
8178,recent,
8179,unknown,
8180,ok,1935
8181,unknown,
8182,ok,1932
8183,recent,
8184,ok,1925
8185,ok,1952
8186,ok,1885
8187,ok,1919
8188,ok,1888
8189,ok,1940
8190,recent,
8191,ok,1929
8192,ok,1837
8193,ok,1933
8195,unknown,
8196,ok,1929
8199,ok,1929
8200,ok,1910
8201,ok,1905
8202,ok,1875
8203,ok,1920
8206,ok,1873
8207,ok,1864
8208,ok,1945
8209,ok,1821
8210,unknown,
8211,unknown,
8212,ok,1843
8213,unknown,
8214,unknown,
8215,unknown,
8216,unknown,
8217,unknown,
8218,unknown,
8219,ok,1938
8220,ok,1896
8221,ok,1954
8222,ok,1923
8223,ok,1810
8225,ok,1852
8226,ok,1899
8228,unknown,
8229,unknown,
8230,unknown,
8231,unknown,
8232,unknown,
8233,unknown,
8234,unknown,
8235,unknown,
8236,unknown,
8237,unknown,
8238,unknown,
8239,unknown,
8240,unknown,
8241,unknown,
8242,unknown,
8243,unknown,
8244,unknown,
8245,unknown,
8246,unknown,
8247,unknown,
8248,unknown,
8249,unknown,
8250,unknown,
8251,unknown,
8252,unknown,
8253,unknown,
8254,unknown,
8255,unknown,
8256,unknown,
8257,unknown,
8258,unknown,
8259,unknown,
8260,unknown,
8261,unknown,
8262,unknown,
8263,unknown,
8264,unknown,
8265,unknown,
8266,unknown,
8267,unknown,
8268,unknown,
8269,unknown,
8270,unknown,
8271,unknown,
8272,unknown,
8273,unknown,
8274,unknown,
8275,unknown,
8276,unknown,
8277,unknown,
8278,unknown,
8279,unknown,
8280,unknown,
8281,unknown,
8282,unknown,
8283,unknown,
8284,unknown,
8285,unknown,
8286,unknown,
8287,unknown,
8288,unknown,
8289,unknown,
8290,unknown,
8291,unknown,
8292,unknown,
8293,unknown,
8294,unknown,
8295,ok,1920
8296,unknown,
8297,unknown,
8299,ok,1945
8300,ok,
8301,ok,
8302,ok,
8303,ok,
8304,ok,
8305,ok,
8306,ok,
8307,ok,
8308,ok,
8309,ok,
8310,ok,
8311,ok,
8312,ok,
8313,ok,
8314,ok,
8315,ok,
8316,ok,
8317,ok,
8318,ok,
8319,ok,
8320,ok,
8321,ok,
8322,ok,
8323,ok,
8324,ok,
8325,ok,
8326,ok,
8327,ok,
8328,ok,
8329,ok,
8330,ok,
8331,ok,
8332,ok,
8333,ok,
8334,ok,
8335,ok,
8336,ok,
8337,ok,
8338,ok,
8339,ok,
8340,ok,
8341,ok,
8342,ok,
8343,ok,
8344,ok,
8345,ok,
8346,ok,
8347,ok,
8348,ok,
8349,ok,
8350,ok,
8351,ok,
8352,ok,
8353,ok,
8354,ok,
8355,ok,
8356,ok,
8357,ok,
8358,ok,
8359,ok,
8360,ok,
8361,ok,
8362,ok,
8363,ok,
8364,ok,
8365,ok,
8366,ok,
8367,ok,
8368,ok,
8369,ok,
8370,ok,
8371,ok,
8372,ok,
8373,ok,
8374,ok,1896
8376,ok,1834
8377,ok,1922
8378,recent,
8379,ok,1886
8380,ok,1916
8381,ok,1910
8382,ok,1899
8383,ok,1892
8384,ok,1888
8385,ok,1936
8386,ok,1942
8387,ok,1952
8388,ok,1919
8389,ok,1899
8390,ok,1949
8391,unknown,
8393,ok,1885
8394,ok,1930
8395,recent,
8396,ok,1927
8397,ok,1910
8398,ok,1946
8399,ok,1903
8400,ok,1933
8401,unknown,
8402,ok,1902
8403,ok,1943
8404,ok,1810
8405,ok,1931
8406,ok,1934
8407,ok,1931
8408,unknown,
8409,ok,1689
8410,unknown,
8411,ok,1866
8412,ok,1919
8413,ok,1918
8414,ok,1950
8415,ok,1888
8416,ok,1902
8417,ok,1864
8418,recent,
8419,ok,1838
8420,unknown,
8421,unknown,
8422,unknown,
8423,unknown,
8424,ok,1886
8425,ok,1894
8426,recent,
8427,ok,1938
8428,ok,1900
8429,ok,1864
8430,ok,1930
8432,ok,1911
8433,ok,1929
8434,ok,1931
8435,recent,
8436,ok,1906
8437,recent,
8438,ok,-323
8439,unknown,
8440,ok,1943
8441,ok,1933
8442,ok,1953
8443,ok,1907
8444,recent,
8445,unknown,
8446,recent,
8447,ok,1928
8448,unknown,
8449,ok,1920
8450,ok,1907
8452,unknown,
8453,ok,1885
8454,ok,1885
8455,ok,1923
8456,ok,1942
8457,ok,1944
8458,ok,1921
8459,ok,1921
8460,ok,1921
8461,ok,1835
8462,ok,1946
8463,ok,1835
8464,ok,1923
8465,recent,
8466,ok,1916
8467,unknown,
8469,ok,1946
8470,ok,1883
8471,ok,1910
8472,ok,1910
8473,ok,1910
8474,ok,1910
8475,ok,1910
8476,ok,1910
8477,ok,1910
8478,ok,1910
8479,ok,1910
8480,ok,1910
8481,ok,1910
8482,ok,1910
8483,unknown,
8484,unknown,
8485,ok,1930
8486,ok,1936
8487,unknown,
8488,ok,1843
8489,ok,1843
8490,ok,1885
8491,ok,1894
8492,ok,1933
8493,ok,1903
8495,ok,1889
8496,recent,
8497,ok,1945
8498,unknown,
8499,recent,
8500,recent,
8501,ok,1937
8502,ok,1939
8503,ok,1891
8504,unknown,
8505,recent,
8506,ok,1938
8507,ok,1888
8508,ok,1938
8509,ok,1891
8510,ok,1937
8511,ok,1922
8512,ok,1922
8513,ok,1922
8514,ok,1922
8515,ok,1922
8516,ok,1922
8517,ok,1935
8518,ok,1943
8519,ok,1859
8520,unknown,
8521,recent,
8522,ok,1918
8523,ok,1900
8524,ok,1924
8525,ok,1910
8526,ok,1910
8527,ok,1910
8528,ok,1910
8529,ok,1938
8530,ok,1898
8531,ok,1849
8532,ok,1934
8533,ok,1843
8534,ok,1934
8535,ok,1948
8536,ok,1944
8537,ok,1940
8538,ok,1938
8539,unknown,
8540,unknown,
8541,ok,1896
8542,unknown,
8543,ok,1909
8544,ok,1946
8545,ok,1920
8546,ok,1919
8547,unknown,
8548,unknown,
8549,ok,1950
8550,recent,
8551,ok,1905
8552,ok,1905
8553,ok,1905
8554,ok,1941
9870,ok,1900
8555,recent,
8556,ok,1925
8557,ok,1939
8558,ok,1902
8559,unknown,
8560,ok,1902
8561,ok,1902
8562,ok,1905
8563,ok,1902
8564,ok,1806
8565,recent,
8566,ok,1925
8567,ok,1896
8569,ok,1931
8570,ok,1918
8571,ok,1859
8572,ok,1880
8573,ok,1891
8574,ok,1924
8575,ok,1928
8576,ok,1902
8577,ok,1872
8578,ok,1891
8579,ok,1896
8580,ok,1853
8581,ok,1891
8582,ok,1910
8583,ok,1910
8584,ok,1910
8585,ok,1910
8586,ok,1910
8587,ok,1910
8588,ok,1910
8589,ok,1910
8590,ok,1937
8591,ok,1947
8592,ok,1878
8593,recent,
8594,recent,
8595,recent,
8596,ok,1928
8597,ok,1946
8598,recent,
8599,unknown,
8600,ok,1902
8601,ok,1908
8602,ok,1906
8603,unknown,
8604,ok,1912
8605,ok,1923
8606,ok,1949
8607,ok,1899
8638,ok,1878
8639,ok,1843
8640,unknown,
8641,ok,1917
8642,ok,1872
8643,unknown,
8644,ok,1913
8645,ok,1892
8646,ok,1816
8647,ok,1851
8648,ok,1870
8649,ok,1936
8650,ok,1873
8651,ok,1902
8652,ok,1935
8653,unknown,
8654,ok,1873
8655,ok,1916
8656,ok,1916
8657,ok,1916
8658,ok,1916
8659,ok,1911
8660,recent,
8661,ok,1940
8662,recent,
8663,ok,1924
8664,ok,1948
8665,ok,1899
8666,unknown,
8667,ok,1925
8668,ok,1912
8670,ok,1902
8671,ok,1918
8672,ok,1864
8673,ok,1929
8674,ok,1872
8675,ok,1936
8676,ok,1943
8677,ok,1888
8678,ok,1915
8679,ok,1902
8680,ok,1878
8681,ok,1912
8682,ok,1906
8683,ok,1812
8684,ok,1926
8685,ok,1835
8686,ok,1932
8687,unknown,
8688,ok,-386
8689,ok,-386
8690,ok,1859
8691,ok,1927
8692,ok,1870
8693,ok,1870
8694,ok,1888
8695,ok,1878
8696,ok,1946
8697,ok,1930
8699,ok,1897
8700,ok,1919
8701,unknown,
8702,unknown,
8703,unknown,
8704,unknown,
8705,unknown,
8706,unknown,
8707,unknown,
8708,unknown,
8709,unknown,
8710,unknown,
8711,ok,1880
8712,ok,1902
8713,recent,
8714,ok,1912
8715,recent,
8716,ok,1912
8717,unknown,
8718,unknown,
8719,ok,1873
8720,ok,1849
8721,ok,1922
8722,ok,1922
8723,ok,1922
8724,ok,1922
8725,ok,1922
8726,ok,1922
8727,ok,1930
8728,ok,1953
8729,recent,
8730,recent,
8731,ok,1901
8732,ok,1902
8733,ok,1875
8734,ok,1919
8735,unknown,
8736,ok,1924
8737,ok,1920
8739,ok,1898
8740,ok,1946
8741,ok,1933
8742,unknown,
8743,ok,1869
8744,ok,1946
8745,ok,1902
8746,ok,1944
8747,ok,1901
8770,ok,1884
8771,recent,
8772,unknown,
8773,recent,
8774,ok,1850
8775,ok,1885
8776,unknown,
8777,ok,1915
8778,ok,1896
8779,ok,1844
8780,ok,1844
8781,ok,1844
8782,ok,1844
8783,ok,1844
8784,ok,1844
8785,ok,1844
8786,ok,1844
8787,ok,1844
8788,ok,1844
8789,ok,1844
8790,ok,1844
8791,ok,1844
8792,ok,1844
8793,ok,1844
8794,ok,1844
8795,ok,1844
8796,ok,1844
8797,ok,1844
8798,ok,1844
8799,ok,1844
8800,ok,1844
8801,ok,1892
8802,ok,1900
8805,ok,1903
8813,ok,1892
8814,ok,1840
8815,ok,1911
8819,ok,1924
8820,ok,1953
8821,ok,1894
8822,ok,1928
8823,unknown,
8824,ok,1850
8825,ok,1903
8826,ok,1849
8827,ok,1902
8828,ok,1902
8829,ok,1902
8830,ok,1902
8831,ok,1902
8832,ok,1902
8833,ok,1902
8834,ok,1902
8835,ok,1902
8836,ok,1902
8837,ok,1902
8838,ok,1902
8839,ok,1902
8840,ok,1902
8841,ok,1902
8842,ok,1902
8843,ok,1902
8844,ok,1902
8845,ok,1902
8846,ok,1902
8847,ok,1902
8848,ok,1902
8849,ok,1902
8850,ok,1902
8851,ok,1902
8852,ok,1902
8853,ok,1902
8854,ok,1902
8855,unknown,
8856,ok,1883
8857,ok,1839
8858,ok,1923
8859,ok,1902
8860,ok,1848
8861,ok,1920
8862,unknown,
8863,ok,1870
8864,ok,1928
8865,ok,1943
8866,recent,
8867,ok,1946
8868,recent,
8869,ok,1906
8871,ok,1946
8872,ok,1906
8873,ok,1903
8874,ok,1885
8875,unknown,
8876,ok,1911
8877,ok,1943
8878,ok,1946
8879,ok,1905
8880,ok,1851
8881,unknown,
8882,ok,1904
8883,ok,1873
8884,ok,1817
8885,ok,1948
8886,ok,1905
8887,ok,1942
8888,ok,1851
8890,recent,
8891,ok,1929
8892,ok,1905
8893,ok,1953
8894,ok,1945
8936,ok,1919
8896,ok,1909
8897,ok,1882
8898,ok,1924
8899,ok,1943
8900,unknown,
8901,ok,1937
8902,ok,1905
8903,unknown,
8904,ok,1909
8905,ok,1850
8906,ok,1950
8907,ok,1902
8908,ok,1902
8909,ok,1789
8910,ok,1789
8911,ok,1866
8912,ok,1850
8913,ok,1905
8914,ok,1930
8918,ok,1903
8920,ok,1904
8924,ok,1905
8928,ok,1926
8929,ok,1905
8930,recent,
8931,recent,
8932,ok,1881
8933,ok,1896
8934,ok,1923
8935,ok,1946
8937,ok,1849
8938,ok,1852
8939,ok,1903
8940,ok,1843
8941,ok,1872
8942,ok,1903
8943,ok,1905
8944,ok,1905
8945,ok,1882
8946,ok,1922
8947,unknown,
8948,ok,1820
8949,ok,1905
8950,unknown,
8951,unknown,
8952,unknown,
8953,ok,1927
8954,ok,1915
8955,ok,1905
8956,ok,1843
8957,ok,1839
8991,ok,1933
8992,ok,1933
8993,ok,1914
8994,ok,1905
8995,ok,1905
8996,unknown,
8997,unknown,
8998,ok,1819
9043,ok,1823
9197,ok,1930
9047,ok,1823
9048,ok,1820
9050,ok,1913
9051,ok,1955
9052,ok,1915
9053,ok,1930
9054,ok,1859
9055,recent,
9057,ok,1905
9060,ok,1952
9061,ok,1952
9063,ok,1923
9067,ok,1943
9068,ok,1916
9069,ok,1941
9070,unknown,
9071,ok,1936
9072,ok,1903
9073,ok,1919
9074,ok,1913
9075,ok,1901
9076,unknown,
9077,ok,1616
9078,ok,1889
9079,ok,1931
9080,ok,1882
9081,ok,1944
9087,ok,1920
9088,ok,1933
9089,recent,
9871,ok,1946
9090,ok,117
9091,ok,1930
9092,ok,1823
9093,ok,1823
9094,ok,1823
9095,ok,1903
9096,ok,1905
9097,ok,1923
9098,ok,1887
9100,ok,1923
9101,ok,1858
9102,ok,1915
9103,ok,1905
9104,ok,1919
9105,ok,1928
9106,unknown,
9107,ok,1849
9109,unknown,
9111,unknown,
9112,ok,1944
9148,ok,1616
9149,ok,1946
9150,ok,1940
9151,ok,1939
9152,ok,1836
9153,ok,1775
9154,ok,1905
9155,ok,1905
9156,unknown,
9161,ok,1893
9162,ok,1892
9163,unknown,
9164,ok,1922
9165,ok,1922
9166,ok,1922
9167,ok,1922
9168,ok,1922
9169,ok,1922
9170,ok,1922
9171,ok,1883
9172,recent,
9173,ok,1924
9174,unknown,
9175,ok,1794
9176,ok,1892
9177,unknown,
9179,ok,1925
9180,ok,1903
9182,ok,1855
9183,ok,1905
9184,ok,1652
9185,ok,1906
9188,ok,1899
9189,ok,1915
9190,ok,1937
9191,ok,1905
9192,ok,1887
9193,ok,1934
9194,ok,1929
9195,ok,1903
9196,ok,1865
9198,ok,1683
9199,ok,1919
9201,ok,1864
9202,ok,1864
9203,ok,1864
9204,ok,1864
9205,ok,1864
9206,ok,1864
9207,ok,1864
9208,ok,1864
9209,ok,1864
9210,ok,1864
9211,ok,1864
9212,ok,1864
9213,ok,1864
9214,ok,1864
9215,ok,1864
9216,ok,1864
9217,ok,1864
9218,ok,1864
9219,ok,1864
9220,ok,1864
9221,ok,1864
9222,ok,1864
9223,ok,1864
9224,ok,1864
9225,ok,1864
9226,ok,1864
9227,ok,1864
9228,ok,1864
9229,ok,1864
9230,ok,1864
9231,ok,1864
9232,ok,1864
9233,ok,1864
9234,ok,1864
9235,ok,1864
9236,ok,1864
9237,ok,1864
9238,ok,1864
9239,ok,1864
9240,ok,1864
9241,ok,1864
9242,ok,1864
9243,ok,1864
9244,ok,1864
9245,ok,1864
9246,ok,1864
9247,ok,1864
9248,ok,1864
9249,ok,1864
9250,ok,1864
9251,ok,1864
9252,ok,1864
9253,ok,1864
9254,ok,1864
9255,ok,1864
9256,ok,1864
9257,ok,1864
9258,ok,1864
9259,ok,1915
9261,ok,1896
9262,ok,1870
9263,ok,1912
9265,unknown,
9266,unknown,
9267,ok,1940
9294,ok,1890
9295,ok,1924
9296,ok,1761
9297,ok,1935
9298,ok,1946
9299,ok,1836
9300,ok,1912
9301,ok,1905
9303,ok,1951
9304,recent,
9305,ok,1912
9306,ok,1952
9307,ok,1885
9308,ok,1929
9309,ok,1912
9310,recent,
9311,ok,1885
9312,ok,1912
9313,ok,1922
9314,ok,1944
9315,ok,1907
9316,ok,1907
9317,ok,1907
9318,ok,1907
9319,ok,1907
9320,ok,1907
9321,ok,1849
9322,ok,1893
9323,ok,1940
9324,ok,1903
9328,unknown,
9329,ok,1917
9330,ok,1946
9331,unknown,
9332,ok,1875
9333,ok,1946
9334,ok,1894
9362,ok,1915
9363,recent,
9364,ok,1882
9365,ok,1938
9366,ok,1946
9367,ok,1948
9368,ok,1928
9370,ok,1948
9371,ok,1696
9372,ok,1933
9373,ok,1897
9374,ok,1919
9376,ok,1946
9377,ok,1915
9378,ok,1933
9379,ok,1912
9380,ok,1942
9412,recent,
9381,unknown,
9382,ok,1925
9383,ok,1944
9384,ok,1953
9385,ok,1924
9386,ok,1912
9387,ok,1861
9388,ok,1933
9389,unknown,
9390,unknown,
9391,unknown,
9393,ok,1905
9394,ok,1897
9395,unknown,
9396,unknown,
9397,ok,1943
9398,ok,1943
9399,ok,1895
9400,ok,1913
9401,ok,1946
9402,ok,1891
9403,ok,1919
9404,recent,
9405,ok,1950
9406,unknown,
9407,ok,1931
9408,unknown,
9409,unknown,
9410,ok,1944
9411,ok,1934
10992,ok,1879
9413,ok,1878
9414,ok,1849
9415,ok,1934
9439,ok,1849
9440,ok,1942
9441,ok,1920
9442,ok,1920
9443,ok,1926
9444,ok,1926
9445,ok,1926
9446,ok,1926
9447,ok,1926
9448,ok,1926
9449,ok,1926
9450,ok,1926
9453,ok,1888
9454,ok,1760
9455,ok,1849
9456,recent,
9457,ok,1817
9458,ok,1920
9459,recent,
9460,ok,1900
9461,recent,
9462,ok,1949
9463,ok,1915
9464,ok,1941
9465,ok,1930
9466,unknown,
9467,unknown,
9468,ok,1809
9620,ok,1849
9469,ok,1931
9470,ok,1943
9471,ok,1905
9472,unknown,
9473,ok,1916
9474,ok,1901
9475,ok,1915
9476,ok,1896
9477,ok,1908
9478,ok,1877
9479,ok,1853
9480,ok,1919
9481,unknown,
9482,ok,1944
9483,ok,1918
9484,ok,1953
9485,ok,1895
9486,unknown,
9487,ok,1924
9488,recent,
9489,ok,1924
9490,ok,1920
9492,ok,1953
9493,unknown,
9497,ok,1930
9498,ok,1930
9499,ok,1902
9500,ok,1912
9501,ok,1938
9502,ok,1873
9503,ok,1919
9621,ok,1953
9504,ok,1930
9505,ok,1943
9506,ok,1953
9507,ok,1920
9508,unknown,
9509,ok,1920
9542,ok,1950
9543,ok,1905
9544,unknown,
9545,unknown,
9546,ok,1953
9547,recent,
9548,unknown,
9549,unknown,
9550,ok,1954
9559,ok,1934
9560,ok,1892
9561,ok,1892
9562,ok,1892
9563,ok,1892
9564,ok,1892
9565,ok,1892
9566,ok,1892
9567,ok,1892
9568,ok,1892
9569,ok,1892
9659,ok,1946
9570,ok,1892
9571,ok,1892
9572,ok,1892
9573,ok,1892
9574,ok,1892
9575,ok,1892
9576,ok,1892
9577,ok,1892
9578,ok,1892
9579,ok,1892
9580,ok,1892
9581,ok,1892
9582,ok,1892
9583,ok,1892
9584,ok,1892
9585,ok,1892
9586,ok,1892
9587,ok,1892
9588,ok,1892
9589,ok,1892
9590,ok,1892
9591,ok,1892
9619,unknown,
9592,ok,1892
9593,ok,1892
9594,ok,1892
9595,ok,1892
9596,ok,1892
9597,ok,1892
9598,ok,1892
9599,ok,1892
9600,ok,1892
9601,ok,1878
9602,ok,1884
9603,ok,1898
9604,ok,1898
9605,unknown,
9606,ok,1919
9607,ok,1898
9608,recent,
9609,ok,1754
9610,ok,1915
9611,ok,1754
9612,ok,1802
9613,ok,1902
9614,ok,1920
9615,ok,1946
9616,ok,1923
9617,ok,1937
9618,ok,1905
9622,ok,1850
9624,ok,1858
9625,ok,1921
9626,ok,1921
9627,ok,1921
9628,ok,1921
9629,ok,1936
9630,unknown,
9631,ok,1895
9633,ok,1920
9634,ok,1920
9635,ok,1947
9636,unknown,
9637,ok,1888
9638,ok,1888
9639,ok,1888
9640,recent,
9643,ok,1876
9644,ok,1885
9645,ok,1885
9647,ok,1942
9648,ok,1930
9649,unknown,
9650,recent,
9651,ok,1916
9652,recent,
9653,ok,1887
9655,ok,1863
9656,ok,1936
9657,ok,1923
9658,unknown,
9660,ok,1912
9661,ok,1934
9662,ok,1951
9663,recent,
9664,ok,1946
9665,ok,1920
9666,unknown,
9667,ok,1878
9668,ok,1878
9669,ok,1878
9670,ok,1878
9700,ok,1932
9701,ok,1932
9745,ok,1919
9746,unknown,
9747,ok,1933
9748,recent,
9749,recent,
9750,ok,1873
9751,ok,1873
9752,ok,1873
9753,ok,1873
9754,ok,1873
9755,ok,1873
9756,ok,1873
9757,ok,1873
9758,ok,1873
9759,ok,1873
9760,ok,1873
9761,ok,1873
9795,ok,1927
9762,ok,1873
9763,ok,1873
9764,ok,1873
9765,ok,1873
9766,ok,1873
9767,ok,1873
9768,ok,1873
9769,ok,1873
9770,ok,1873
9771,ok,1873
9772,ok,1873
9773,ok,1873
9774,ok,1873
9775,ok,1930
9776,unknown,
9777,ok,1916
9778,ok,1945
9779,ok,1933
9780,ok,1925
9781,ok,1906
9782,ok,1853
9783,ok,1853
9784,ok,1894
9785,ok,1832
9786,ok,1933
9787,ok,1898
9788,ok,1851
9789,unknown,
9790,ok,1936
9791,ok,1944
9792,ok,1910
9793,recent,
9794,ok,1942
9796,ok,1922
9797,unknown,
9798,ok,1761
9799,ok,1933
9800,ok,1744
9801,ok,1907
9803,ok,1915
9804,ok,1900
9805,ok,1944
9806,ok,1921
9807,ok,1935
9808,ok,1938
9809,ok,1943
9811,ok,1809
9812,ok,1935
9813,unknown,
9814,ok,1878
9815,ok,1616
9816,ok,1947
9817,ok,1896
9818,ok,1932
9819,unknown,
9820,ok,1920
9821,ok,1920
9822,ok,1862
9823,ok,1784
9824,ok,1903
9825,ok,1885
9826,ok,1851
9829,recent,
9830,ok,1940
9831,ok,1928
9832,ok,1935
9833,ok,1950
9834,ok,1935
9835,ok,1952
9836,ok,1946
9837,ok,1944
9838,ok,1925
9839,ok,1925
9840,ok,1881
9841,unknown,
9842,unknown,
9844,ok,1942
9845,ok,1851
9846,ok,1882
9847,ok,1914
9848,ok,1913
9849,ok,1922
9850,ok,1937
9851,ok,1933
9852,ok,1944
9853,ok,1935
9854,unknown,
9855,ok,1937
9856,ok,1931
9857,ok,1939
9858,recent,
9862,recent,
9863,ok,1796
9864,recent,
9865,ok,1954
9866,ok,1924
9867,ok,1944
9868,ok,1934
9869,unknown,
9872,ok,1946
9873,ok,1934
9874,ok,1930
9876,unknown,
9877,unknown,
9878,ok,1620
9879,ok,1952
9880,ok,1902
9881,ok,1761
9882,unknown,
9883,unknown,
9884,unknown,
9885,unknown,
9886,ok,1925
9887,ok,1939
9888,ok,1953
9889,ok,1895
9891,ok,1822
9892,ok,1868
9893,ok,1861
9894,ok,1877
9896,ok,1922
9897,ok,1946
9898,unknown,
9899,unknown,
9900,ok,1916
9901,ok,1931
9902,ok,1935
9903,ok,1944
9904,ok,1863
9905,ok,1902
9906,ok,1913
9907,ok,1943
9908,ok,1933
9909,ok,1866
9910,ok,1888
9911,ok,1946
9912,ok,1935
9913,ok,1934
9914,ok,1934
9915,ok,1879
9916,ok,1908
9917,recent,
9918,unknown,
9919,unknown,
9920,ok,1939
9921,ok,1937
9922,unknown,
9923,ok,1946
9924,ok,1930
9925,ok,1944
9926,ok,1901
9927,ok,1933
9928,ok,1939
9929,unknown,
9930,unknown,
9931,recent,
9932,ok,1939
9933,unknown,
9934,ok,1934
9935,unknown,
9936,unknown,
9937,unknown,
9938,unknown,
9939,unknown,
9940,ok,1904
9941,ok,1938
9942,ok,1913
9943,ok,1855
9944,ok,1952
9945,ok,1877
9946,unknown,
9947,unknown,
9948,unknown,
9949,ok,1884
9952,unknown,
9953,unknown,
9954,unknown,
9955,ok,1931
9956,ok,1935
9957,ok,1918
9958,ok,1918
9959,ok,1901
11121,ok,1849
9960,unknown,
9961,unknown,
9962,unknown,
9963,ok,1909
9964,ok,1951
9965,ok,1906
9966,ok,1937
9967,ok,1946
9968,ok,1907
9969,unknown,
9970,ok,1949
9971,ok,1955
9972,ok,1955
9973,recent,
9974,ok,1946
9975,ok,1942
9976,ok,1885
9978,recent,
9979,ok,1921
9981,ok,1939
9982,ok,1880
9983,ok,1873
9984,ok,1905
9985,ok,1937
9986,ok,1914
9987,ok,1891
9988,unknown,
9989,ok,1941
9990,ok,1899
9991,ok,1944
9992,unknown,
9993,ok,1930
9994,ok,1955
9995,unknown,
9996,ok,1915
9997,ok,1893
9998,ok,1852
9999,ok,1912
10000,unknown,
10001,ok,1950
10002,ok,1918
10003,ok,1923
10004,ok,1948
10005,ok,1861
10006,unknown,
10007,ok,1873
10008,recent,
10009,ok,1878
10010,ok,1820
10011,unknown,
10012,ok,1914
10013,unknown,
10014,unknown,
10015,unknown,
10016,unknown,
10017,unknown,
10018,unknown,
10019,unknown,
10020,unknown,
10021,ok,1933
10022,unknown,
10023,ok,1934
10024,unknown,
10025,recent,
10057,ok,1933
10026,unknown,
10027,ok,1943
10028,ok,1941
10029,ok,1917
10030,ok,1917
10031,ok,1916
10032,unknown,
10033,unknown,
10034,unknown,
10035,unknown,
10036,unknown,
10037,ok,1936
10038,ok,1952
10039,ok,1948
10040,unknown,
10041,recent,
10042,ok,1944
10043,ok,1900
10044,ok,1947
10045,ok,1922
10046,ok,1940
10047,unknown,
10048,unknown,
10049,ok,1897
10050,ok,1897
10051,ok,1897
10052,ok,1897
10053,ok,1887
10056,ok,1927
10058,unknown,
10059,ok,1919
10060,ok,1895
10061,ok,1916
10062,ok,1928
10063,recent,
10064,ok,1952
10065,ok,1936
10066,ok,1944
10067,recent,
10068,ok,1944
10069,ok,1827
10070,ok,1902
10071,ok,1927
10072,unknown,
10073,recent,
10074,unknown,
10075,ok,1805
10076,ok,1945
10077,unknown,
10078,ok,1944
10079,unknown,
10080,ok,1940
10081,unknown,
10082,unknown,
10083,ok,1935
10084,ok,1927
10085,ok,1924
10086,ok,1912
10087,ok,1910
10088,unknown,
10089,ok,1936
10090,ok,1953
10091,unknown,
10092,unknown,
10093,ok,1905
10094,recent,
10095,ok,1906
10096,recent,
10097,ok,1929
10098,unknown,
10099,ok,1920
10100,ok,1894
10101,ok,1922
10102,ok,1927
10103,unknown,
10104,unknown,
10105,unknown,
10106,unknown,
10107,recent,
10108,unknown,
10109,recent,
10110,ok,1928
10111,ok,1939
10112,ok,1901
10114,unknown,
10115,ok,1911
10116,unknown,
10118,ok,1923
10119,ok,1919
10120,recent,
10121,ok,1916
10122,recent,
10123,ok,1919
10124,ok,1919
10125,unknown,
10126,ok,1890
10127,unknown,
10128,unknown,
10129,unknown,
10130,ok,1938
10131,unknown,
10132,ok,1903
10133,ok,1944
10134,ok,1939
10135,recent,
10136,ok,1865
10138,unknown,
10139,ok,1909
10140,recent,
10141,ok,1878
10142,unknown,
10143,unknown,
10144,unknown,
10145,recent,
10146,ok,1948
10147,ok,1947
10148,ok,1911
10149,ok,1851
10150,ok,1912
10151,unknown,
10159,ok,1922
10160,ok,1924
10161,recent,
10162,ok,1906
10163,ok,1936
10164,ok,1951
10165,ok,1889
10166,unknown,
10201,ok,1939
10202,unknown,
10210,ok,1923
10211,unknown,
10212,ok,1916
10213,ok,1943
10214,ok,1835
10216,ok,1926
10217,ok,1934
10219,ok,1916
10220,recent,
10221,ok,1951
10222,ok,1880
10224,ok,1930
10225,ok,1949
10226,ok,1947
10234,ok,1925
10251,ok,1875
10266,ok,1946
10267,unknown,
10268,ok,1942
10274,ok,1894
10289,ok,1911
10290,recent,
10291,ok,1946
10292,unknown,
10294,ok,1902
10314,ok,1893
10315,ok,1936
10316,ok,1950
10317,unknown,
10318,ok,1836
10319,ok,1922
10320,ok,1906
10321,ok,1927
10322,ok,1900
10323,ok,1930
10324,ok,1944
10325,ok,1875
10326,ok,1875
10327,ok,1933
10328,ok,1907
10329,ok,1924
10330,ok,1922
10331,unknown,
10332,unknown,
10333,ok,1932
10335,ok,1934
10336,ok,1764
10337,recent,
10338,ok,1948
10339,ok,1908
10340,ok,1925
10341,ok,1942
10342,ok,1903
10343,ok,1938
10345,ok,1863
10346,ok,1932
10347,unknown,
10350,ok,1784
10351,ok,1784
10352,ok,1784
10355,ok,1851
10356,ok,1851
10357,ok,1795
10358,ok,1939
10359,ok,1919
10360,ok,1888
10361,ok,1916
10362,ok,1937
10363,ok,1851
10364,ok,1875
10365,ok,1878
10366,ok,1948
10367,ok,1832
10368,ok,1902
10369,ok,1902
10370,ok,1901
10371,ok,1946
10402,ok,1922
10372,ok,1955
10373,ok,1935
10374,ok,1952
10375,ok,1905
10376,ok,1938
10377,ok,1873
10378,ok,1873
10379,ok,1920
10380,ok,1929
10381,unknown,
10382,unknown,
10383,ok,1858
10384,ok,1883
10385,ok,1877
10386,ok,1846
10387,ok,1901
10388,ok,1920
10389,ok,1952
10390,ok,1916
10391,ok,1913
10392,ok,1907
10393,recent,
10394,ok,1911
10395,ok,1933
10396,unknown,
10397,recent,
10398,unknown,
10399,ok,1892
10401,ok,1857
10538,ok,1950
10403,unknown,
10404,ok,1954
10409,ok,1935
10410,ok,1933
10417,ok,1915
10418,ok,1952
10419,unknown,
10420,ok,1878
10421,ok,1839
10422,ok,1940
10427,ok,1875
10429,ok,1938
10430,ok,1894
10431,ok,1913
10432,ok,1919
10433,ok,1896
10434,ok,1851
10435,unknown,
10436,ok,1901
10437,ok,1910
10438,ok,1928
10439,unknown,
10440,ok,1945
10441,ok,1933
10442,ok,1872
10443,ok,1935
10444,ok,1928
10445,ok,1938
10446,ok,1930
10447,ok,1947
10539,unknown,
10448,ok,1884
10449,ok,1940
10450,unknown,
10451,ok,1903
10452,ok,1945
10453,ok,1927
10454,unknown,
10455,ok,1927
10456,unknown,
10457,ok,1947
10458,ok,1880
10459,ok,1939
10460,recent,
10461,ok,1905
10462,ok,1761
10463,recent,
10464,unknown,
10465,unknown,
10466,ok,1924
10467,ok,1913
10468,ok,1919
10469,ok,1940
10471,ok,1949
10472,unknown,
10473,unknown,
10474,ok,1932
10475,unknown,
10476,ok,1943
10477,ok,1894
10478,ok,1894
10479,ok,1912
10482,ok,1859
10483,ok,1924
10484,ok,1894
10485,ok,1937
10489,ok,1923
10490,ok,1882
10491,ok,1920
10493,ok,1941
10494,ok,1929
10495,ok,1922
10496,ok,1933
10508,unknown,
10509,ok,1939
10510,unknown,
10511,recent,
10513,unknown,
10515,ok,1948
10516,ok,1885
10517,ok,1871
10518,ok,1905
10519,ok,1885
10520,unknown,
10521,ok,1909
10522,ok,1894
10523,recent,
10531,ok,1894
10532,ok,1894
10533,ok,1894
10534,ok,1946
10537,ok,1946
10540,ok,1923
10541,recent,
10542,ok,1918
10543,ok,1936
10544,unknown,
10545,ok,1851
10546,unknown,
10547,ok,1905
10548,ok,1944
10549,ok,1880
10550,ok,1913
10551,ok,1940
10552,ok,1950
10553,ok,1536
10554,recent,
10555,ok,1891
10556,ok,1947
10557,ok,1940
10560,ok,1886
10561,ok,1943
10562,ok,1943
10563,ok,1943
10564,ok,1943
10565,ok,1943
10566,ok,1943
10567,ok,1943
10568,ok,1943
10569,ok,1943
10570,ok,1943
10571,ok,1943
10572,ok,1943
10573,ok,1943
10574,ok,1776
10575,ok,1946
10576,unknown,
10577,unknown,
10578,ok,1905
10579,unknown,
10580,ok,1929
10581,ok,1930
10582,ok,1946
10583,ok,1934
10584,unknown,
10585,ok,1905
10586,recent,
10587,ok,1878
10588,ok,1919
10589,unknown,
10590,ok,1932
10591,ok,1903
10592,ok,1946
10593,ok,1946
10594,unknown,
10595,unknown,
10596,ok,1905
10597,ok,1836
10598,ok,1758
10599,recent,
10600,ok,1813
10601,ok,1944
10602,ok,1896
10603,ok,1955
10604,ok,1863
10605,ok,1946
10606,ok,1905
10607,unknown,
10608,ok,1926
10609,ok,1952
10610,ok,1863
10611,ok,1846
10612,ok,1952
10613,ok,1927
10614,unknown,
10615,ok,1704
10616,ok,1704
10617,unknown,
10618,unknown,
10619,unknown,
10620,ok,1905
10621,recent,
10622,ok,1758
10623,ok,1948
10624,ok,1951
10625,ok,1916
10659,ok,1951
10626,unknown,
10627,ok,1894
10628,unknown,
10629,ok,1937
10630,ok,1879
10631,ok,1936
10632,ok,1927
10633,ok,1846
10634,ok,1886
10635,ok,1859
10636,unknown,
10637,ok,1889
10638,unknown,
10639,ok,1953
10640,ok,1894
10641,ok,1894
10642,ok,1942
10643,ok,1949
10644,ok,1894
10647,ok,1894
10648,ok,1894
10649,ok,1894
10655,ok,1925
10656,ok,1920
10657,unknown,
10658,ok,1931
10660,ok,1844
10661,ok,1879
10662,ok,1918
10663,unknown,
10665,unknown,
10666,unknown,
10667,ok,1941
10668,recent,
10669,ok,1875
10670,ok,1922
10671,ok,1802
10672,ok,1913
10673,ok,1616
10674,recent,
10675,ok,1946
10676,ok,1933
10677,ok,1842
10678,ok,1877
10679,ok,1933
10680,ok,1898
10681,ok,1869
10682,ok,1883
10683,ok,1833
10684,ok,1927
10685,ok,1884
10687,ok,1948
10688,recent,
10689,ok,1900
10690,ok,1898
10691,ok,1897
10692,ok,1886
10693,ok,1919
10694,ok,1924
10695,unknown,
10696,ok,1927
10697,ok,1829
10698,unknown,
10699,ok,1894
10700,ok,1953
10701,ok,1903
10702,ok,1903
10703,ok,1903
10704,ok,1903
10705,ok,1903
10706,ok,1903
10707,ok,1930
10708,ok,1859
10709,ok,1947
10710,ok,1940
10711,unknown,
10712,ok,1891
10713,recent,
10714,ok,1928
10744,ok,1911
10715,ok,1928
10716,ok,1938
10717,ok,1921
10718,ok,1927
10719,unknown,
10720,ok,1923
10721,unknown,
10722,ok,1952
10723,ok,1896
10724,ok,1899
10725,recent,
10726,ok,1945
10727,ok,1926
10728,ok,1939
10729,ok,1899
10730,unknown,
10731,ok,1928
10732,ok,1928
10733,ok,1924
10734,ok,1920
10735,ok,1919
10736,ok,1916
10737,ok,1891
10738,unknown,
10739,ok,1928
10740,ok,1912
10741,ok,1928
10742,unknown,
10743,ok,1932
12406,ok,1923
10745,ok,1911
10746,ok,1893
10747,recent,
10748,ok,1949
10749,unknown,
10750,ok,1943
10751,ok,1916
10753,unknown,
10754,unknown,
10755,ok,1948
10756,ok,1885
10760,ok,1912
10761,ok,1943
10762,ok,1880
10763,recent,
10764,ok,1832
10765,ok,1887
10766,ok,1882
10767,ok,1937
10768,ok,1916
10769,ok,1938
10770,unknown,
10771,unknown,
10772,recent,
10773,ok,1901
10774,ok,1875
10775,ok,1893
10776,unknown,
10777,ok,1929
10778,unknown,
10779,unknown,
10780,ok,1944
10781,ok,1943
10782,ok,1943
10783,ok,1943
10784,ok,1943
10785,ok,1943
10786,ok,1943
10787,ok,1943
10788,ok,1943
10789,ok,1943
10790,ok,1943
10791,ok,1943
10792,ok,1943
10793,ok,1943
10794,ok,1887
10795,recent,
10796,ok,1895
10797,ok,1862
10798,ok,1944
10799,ok,1761
10800,ok,1640
10801,ok,1843
10803,ok,1813
10804,ok,1756
10805,ok,1851
10806,recent,
10807,ok,1891
10808,unknown,
10809,unknown,
10810,ok,1878
10811,unknown,
10812,ok,1947
10813,ok,1937
10814,unknown,
10815,ok,1914
10816,ok,1872
10817,ok,1946
10818,ok,1908
10824,ok,1893
10826,ok,1947
10827,ok,1921
10828,ok,1930
10830,unknown,
10831,ok,1865
10832,ok,1918
10833,ok,1928
10834,unknown,
10835,ok,1784
10836,unknown,
10837,ok,1951
10838,unknown,
10839,unknown,
10840,ok,1908
10841,ok,1916
10842,ok,1915
10843,recent,
10844,unknown,
10845,unknown,
10846,ok,1903
10847,ok,1625
10848,ok,1908
10849,ok,1939
10850,ok,1625
10851,ok,1938
10852,ok,1931
10853,unknown,
10854,unknown,
10855,ok,1913
10856,unknown,
10857,ok,1901
10858,ok,1914
10859,ok,1827
10860,ok,1909
10861,ok,1912
10862,ok,1952
10864,ok,1852
10865,ok,1924
10866,ok,1824
10867,unknown,
10868,unknown,
10869,ok,1936
10870,ok,1951
10871,ok,1943
10872,ok,1943
10873,ok,1943
10874,ok,1943
10875,ok,1943
10876,ok,1943
10877,ok,1903
10878,unknown,
10879,ok,1914
10880,ok,1929
10881,ok,1940
10882,recent,
10883,ok,1906
10884,ok,1912
10885,ok,1859
10886,ok,1944
10887,ok,1916
10888,unknown,
10889,ok,1954
10890,ok,1906
10891,ok,1909
10892,ok,1925
10893,ok,1914
10894,ok,1914
10895,ok,1914
10896,unknown,
10897,ok,1951
10898,ok,1882
10899,ok,1948
10900,ok,
10901,ok,1943
10902,ok,1952
10903,unknown,
10904,ok,1945
10905,ok,1915
10906,ok,1934
10907,ok,1868
10908,unknown,
10910,ok,1947
10911,ok,1931
10912,unknown,
10913,ok,1947
10915,ok,1866
10916,unknown,
10918,ok,1943
10919,ok,1914
10920,ok,1875
10921,ok,1949
10922,ok,1947
10923,unknown,
10924,ok,1878
10925,ok,1920
10926,ok,1885
10928,ok,1932
10929,ok,1894
10930,ok,1945
10931,ok,1895
10932,recent,
10933,unknown,
10934,unknown,
10935,ok,1940
10936,unknown,
10937,ok,1951
10938,ok,1851
10939,ok,1932
10940,ok,1884
10942,ok,1946
10943,ok,1912
10944,recent,
10945,ok,1865
10946,ok,1926
10947,unknown,
10948,ok,1902
10949,ok,1947
10950,unknown,
10951,ok,1914
10952,unknown,
10953,ok,1877
10954,unknown,
10955,ok,1920
10956,ok,1923
10957,recent,
10991,ok,1934
10958,ok,1921
10959,ok,1943
10960,ok,1939
10961,recent,
10962,ok,1909
10963,ok,1921
10964,unknown,
10965,unknown,
10966,ok,1918
10967,recent,
10968,ok,1950
10969,ok,1952
10970,recent,
10972,ok,1934
10973,ok,1902
10974,ok,1933
10976,unknown,
10977,ok,1927
10978,recent,
10979,unknown,
10980,unknown,
10981,unknown,
10982,ok,1880
10983,unknown,
10984,ok,1952
10985,ok,1866
10986,ok,1932
10987,unknown,
10988,ok,1947
10989,unknown,
10990,unknown,
10993,ok,1949
10994,ok,1891
10995,ok,1875
10996,unknown,
10997,unknown,
10998,unknown,
10999,unknown,
11000,ok,1925
11003,unknown,
11004,unknown,
11005,unknown,
11006,unknown,
11007,ok,1879
11008,ok,1935
11009,recent,
11010,ok,1729
11011,ok,1928
11012,ok,1938
11013,ok,1878
11014,recent,
11015,ok,1910
11016,ok,1933
11017,ok,1923
11018,ok,1923
11019,ok,1916
11020,recent,
11021,ok,1914
11022,unknown,
11023,unknown,
12639,recent,
11025,ok,1875
11026,ok,1875
11027,ok,1863
11028,unknown,
11029,ok,1899
11030,ok,1897
11031,ok,1904
11032,ok,1874
11033,ok,1852
11034,ok,1914
11035,ok,1923
11036,ok,1922
11037,recent,
11038,ok,1899
11039,ok,1858
11040,recent,
11041,ok,1944
11042,ok,1951
11043,recent,
11044,ok,1894
11045,ok,1947
11046,recent,
11047,ok,1920
11048,ok,1925
11049,ok,1850
11050,ok,1909
11051,ok,1916
11052,ok,1937
11053,unknown,
11054,ok,1827
11055,unknown,
11056,unknown,
11057,ok,1932
11058,ok,1902
11059,ok,1843
11060,ok,1929
11061,unknown,
11062,recent,
11063,ok,1933
11064,ok,1875
11065,unknown,
11066,ok,1952
11067,unknown,
11068,ok,1830
11069,unknown,
11073,unknown,
11074,ok,1951
11076,unknown,
11077,unknown,
11078,unknown,
11079,ok,1941
11080,ok,1891
11082,ok,1882
11083,unknown,
11084,ok,1917
11085,ok,1878
11086,recent,
11087,unknown,
11088,ok,1904
11089,ok,1950
13744,ok,1876
11090,ok,1934
11091,ok,1931
11092,unknown,
11093,ok,1944
11094,unknown,
11095,ok,1946
11096,unknown,
11097,ok,1909
11098,unknown,
11099,ok,1875
11100,ok,1935
11101,ok,1834
11102,ok,1944
11103,unknown,
11104,ok,1937
11105,ok,1859
11106,ok,1902
11107,ok,1864
11109,unknown,
11110,ok,1941
11111,ok,1899
11112,unknown,
11113,ok,1922
11114,unknown,
11115,ok,1945
11116,recent,
11117,unknown,
11118,unknown,
11119,ok,1864
11120,ok,1870
11122,ok,1883
11123,ok,1930
11124,ok,1951
11125,ok,1914
11126,ok,1939
11127,recent,
11128,ok,1943
11129,unknown,
11130,ok,1894
11131,ok,1893
11132,ok,1953
11133,unknown,
11134,unknown,
11135,ok,1946
11136,ok,1778
11137,ok,1860
11138,ok,1896
11140,ok,1879
11141,ok,1906
11142,ok,1928
11143,ok,1920
11144,ok,1916
11145,ok,1911
11146,unknown,
11147,ok,1926
11148,unknown,
11149,unknown,
11150,unknown,
11151,ok,1916
11153,ok,1921
11154,unknown,
11155,unknown,
11156,recent,
11157,unknown,
11158,unknown,
11159,unknown,
11160,ok,1899
11161,ok,1932
11162,ok,1946
11163,recent,
11164,unknown,
11165,recent,
11166,ok,1945
11167,ok,1954
11168,ok,1951
11169,unknown,
11170,unknown,
11171,ok,1896
11172,ok,1937
11173,unknown,
11174,ok,1925
11175,ok,1893
11176,unknown,
11177,unknown,
11178,ok,1949
11179,ok,1919
11180,ok,1949
11181,ok,1943
11182,ok,1943
11183,ok,1943
11184,ok,1943
11185,ok,1943
11186,ok,1943
11187,ok,1943
11188,ok,1943
11189,ok,1943
11190,ok,1943
11191,ok,1943
11192,ok,1933
11193,ok,1852
11194,ok,1852
11195,ok,1944
11196,unknown,
11197,ok,1920
11198,ok,1954
11199,ok,1893
11200,recent,
11201,unknown,
11202,ok,1914
11203,ok,1856
11204,unknown,
11210,unknown,
11211,ok,1950
11212,ok,1911
11213,ok,1920
11214,ok,1896
11215,ok,1885
11216,recent,
11217,ok,1948
11218,unknown,
11219,unknown,
11221,recent,
11222,unknown,
11223,recent,
11224,ok,1873
11225,unknown,
11226,ok,1902
11227,ok,1939
11228,ok,1932
11229,ok,1947
11230,unknown,
11231,ok,1891
11232,recent,
11233,unknown,
11234,unknown,
11235,unknown,
11236,unknown,
11237,unknown,
11238,ok,1946
11239,ok,1731
11240,ok,1929
11241,unknown,
11242,ok,1893
11243,ok,1851
11244,unknown,
11245,unknown,
11246,unknown,
11247,ok,1930
11248,ok,1772
11249,recent,
11250,unknown,
11251,ok,1932
11252,ok,1945
11253,ok,1751
11254,ok,1878
11255,unknown,
11256,ok,1921
11257,ok,1906
11258,unknown,
11259,ok,1938
11260,ok,1932
11261,unknown,
11262,unknown,
11263,ok,1905
11264,unknown,
11265,unknown,
11266,ok,1955
11267,unknown,
11268,unknown,
11269,ok,1926
11270,ok,1912
11271,unknown,
11272,unknown,
11273,unknown,
11274,unknown,
11275,unknown,
11276,ok,1901
11277,ok,1934
11278,ok,1938
11279,ok,1944
11280,ok,1907
11281,unknown,
11282,unknown,
11283,recent,
11284,unknown,
11289,ok,1946
11290,ok,1861
11297,ok,1812
11298,ok,1919
11300,ok,1888
11301,ok,1873
11303,ok,1933
11304,ok,1933
11308,unknown,
11309,ok,1922
11310,ok,1933
11311,ok,1919
11312,unknown,
11313,ok,1932
11314,ok,1914
11315,ok,1938
11316,unknown,
11319,ok,1873
11320,unknown,
11321,unknown,
11322,unknown,
11323,ok,1836
11324,ok,1933
11325,ok,1942
11326,unknown,
11327,ok,1926
11328,ok,1927
11329,ok,1865
11330,unknown,
11331,unknown,
11332,unknown,
11333,ok,1865
11334,ok,1874
11335,ok,1928
11336,unknown,
11337,ok,1916
11338,unknown,
11339,unknown,
11340,unknown,
11341,unknown,
11342,unknown,
11343,unknown,
11344,unknown,
11345,recent,
11346,ok,1875
11347,unknown,
11348,unknown,
11349,ok,1943
11350,unknown,
11351,ok,1944
11352,ok,1930
11353,ok,1953
11354,ok,1950
11356,ok,1903
11357,ok,1940
11358,unknown,
11359,unknown,
11360,ok,1931
11361,unknown,
11362,unknown,
11363,unknown,
11364,ok,1761
11365,ok,1950
11366,ok,1930
11367,recent,
11368,ok,1949
11369,unknown,
11370,unknown,
11371,ok,1865
11372,ok,1932
11373,ok,1926
11374,unknown,
11375,unknown,
11376,ok,1933
11377,ok,1951
11378,unknown,
11379,ok,1934
11380,ok,1919
11381,ok,1875
11382,unknown,
11383,unknown,
11384,unknown,
11385,unknown,
11386,unknown,
11387,unknown,
11388,unknown,
11389,unknown,
11390,unknown,
11391,ok,1882
11392,unknown,
11394,recent,
11395,recent,
11397,ok,1784
11398,ok,1929
11399,ok,1921
11400,ok,1932
11401,unknown,
11402,recent,
11403,unknown,
11404,unknown,
11405,unknown,
11406,unknown,
11407,unknown,
11580,ok,1945
11408,unknown,
11409,ok,1851
11410,ok,1949
11411,unknown,
11412,unknown,
11413,ok,1930
11414,recent,
11415,unknown,
11416,ok,1864
11417,unknown,
11418,ok,1930
11419,recent,
11420,unknown,
11421,unknown,
11422,unknown,
11423,ok,1877
11424,ok,1943
11425,unknown,
11426,ok,1946
11427,ok,1912
11428,unknown,
11429,unknown,
11431,ok,1922
11432,ok,1865
11433,unknown,
11434,ok,1874
11435,ok,1860
11673,ok,1914
11436,unknown,
11437,ok,1927
11438,ok,1951
11439,unknown,
11440,recent,
11441,ok,1865
11442,unknown,
11443,unknown,
11444,unknown,
11445,unknown,
11446,unknown,
11447,unknown,
11448,ok,1887
11449,ok,1834
11450,ok,1893
11451,ok,1908
11452,unknown,
11453,ok,1911
11454,ok,1859
11455,unknown,
11456,unknown,
11457,unknown,
11458,unknown,
11459,unknown,
11460,unknown,
11461,unknown,
11462,unknown,
11463,unknown,
11464,ok,1932
11465,unknown,
11466,unknown,
11468,ok,1929
11469,ok,1940
11470,ok,1929
11471,ok,1943
11472,ok,1943
11473,ok,1943
11474,ok,1943
11475,ok,1943
11476,ok,1943
11477,ok,1943
11478,ok,1943
11479,ok,1943
11480,ok,1943
11481,ok,1943
11482,ok,1943
11483,ok,1937
11484,ok,1905
11485,unknown,
11486,unknown,
11487,unknown,
11488,ok,1878
11489,ok,1784
11490,ok,1934
11491,unknown,
11493,ok,1940
11494,unknown,
11495,ok,1893
11496,ok,1944
11498,unknown,
11499,ok,1940
11501,ok,1949
11502,ok,1946
11503,ok,1950
11504,ok,1944
11505,ok,1936
11506,ok,1869
11507,unknown,
11508,ok,1934
11509,ok,1887
11510,unknown,
11512,unknown,
11513,ok,1944
11514,ok,1932
11515,unknown,
11516,unknown,
11517,ok,1933
11518,unknown,
11519,unknown,
11520,ok,1939
11521,ok,1897
11522,unknown,
11523,unknown,
11524,unknown,
11525,unknown,
11526,ok,1850
11527,ok,1949
11528,unknown,
11530,unknown,
11531,ok,1862
11532,ok,1925
11533,ok,1884
11534,ok,1939
11535,ok,1878
11536,ok,1875
11537,unknown,
11538,unknown,
11539,unknown,
11540,unknown,
11541,unknown,
11542,unknown,
11543,unknown,
11544,unknown,
11545,unknown,
11546,ok,1901
11547,ok,1938
11548,ok,1944
11549,ok,1903
11550,unknown,
11551,unknown,
11552,unknown,
11553,ok,1901
11554,ok,1936
11555,unknown,
11556,ok,1905
11557,ok,1923
11558,ok,1860
11559,ok,1893
11560,ok,1936
11561,ok,1934
11562,ok,1911
11563,ok,1879
11564,ok,1831
11565,ok,1902
11566,unknown,
11567,unknown,
11568,unknown,
11569,unknown,
11570,unknown,
11571,ok,1944
11572,ok,1928
11573,ok,1851
11574,recent,
11575,unknown,
11576,ok,1938
11577,unknown,
11578,ok,1878
11579,ok,1912
11581,ok,1947
11582,ok,1925
11583,unknown,
11584,ok,1942
11585,ok,1867
11586,unknown,
11587,ok,1937
11588,ok,1873
11589,ok,1905
11590,ok,1877
11592,unknown,
11593,ok,1923
11594,ok,1901
11595,unknown,
11596,ok,1893
11597,ok,1893
11599,unknown,
11600,ok,1862
11601,ok,1862
11602,ok,1894
11603,ok,1923
11604,unknown,
11605,ok,1936
11606,unknown,
11607,ok,1906
11608,ok,1929
11609,ok,1902
11610,ok,1873
11611,unknown,
11612,unknown,
11613,unknown,
11614,ok,1911
11615,ok,1857
11616,unknown,
11617,unknown,
11618,ok,1926
11619,unknown,
11620,ok,1954
11621,ok,1874
11622,ok,1947
11623,ok,1933
11624,ok,1943
11625,ok,1939
11626,ok,1914
11627,ok,1953
11628,ok,1928
11629,unknown,
11630,unknown,
11631,unknown,
11632,ok,1901
11633,ok,1940
11634,ok,1932
11635,ok,1873
11636,unknown,
11637,unknown,
11638,unknown,
11639,recent,
11640,ok,1946
11641,ok,1931
11642,recent,
11643,ok,1882
11645,ok,1924
11646,ok,1919
11647,unknown,
11648,unknown,
11649,unknown,
11650,ok,1897
11651,unknown,
11652,unknown,
11653,unknown,
11654,ok,1933
11655,ok,1932
11656,ok,1930
11658,recent,
11659,ok,1949
11660,ok,1942
11661,ok,1922
11662,unknown,
11664,recent,
11665,ok,1919
11666,ok,1932
11667,ok,1879
11668,ok,1927
11670,unknown,
11671,ok,1902
11672,unknown,
11674,ok,1944
11675,ok,1947
11676,ok,1942
11678,ok,1888
11679,recent,
11680,ok,1923
11681,ok,1879
11682,recent,
11683,ok,1909
11686,unknown,
11687,unknown,
11688,ok,1879
11689,ok,1942
11690,recent,
11691,ok,1941
11692,ok,1930
11693,ok,1953
11694,ok,1915
11695,unknown,
11696,ok,1946
11697,unknown,
11698,ok,1946
11699,ok,1873
11700,ok,1873
11701,ok,1925
11702,ok,1931
11703,ok,1818
11704,unknown,
11732,unknown,
11705,unknown,
11706,unknown,
11707,unknown,
11708,ok,1905
11709,unknown,
11710,unknown,
11711,ok,1900
11712,unknown,
11713,ok,1953
11714,ok,1893
11715,ok,1944
11716,recent,
11717,ok,1943
11718,recent,
11719,ok,1925
11720,ok,1915
11721,unknown,
11722,ok,1890
11723,ok,1912
11725,ok,1844
11726,unknown,
11727,unknown,
11728,ok,1930
11729,ok,1903
11730,ok,1916
11731,unknown,
11733,ok,1933
11734,unknown,
11735,unknown,
11736,unknown,
11737,unknown,
11738,ok,1889
11740,unknown,
11741,unknown,
11742,unknown,
11743,unknown,
11744,ok,1902
11745,unknown,
11746,ok,1919
11747,ok,1941
11748,unknown,
11749,ok,1932
11750,ok,1873
11751,unknown,
11752,recent,
11753,ok,1931
11754,ok,1917
11757,ok,1944
11758,recent,
11759,ok,1922
11760,ok,1953
11761,unknown,
11762,unknown,
11763,unknown,
11764,unknown,
11765,ok,1950
11766,ok,1873
11767,ok,1888
11768,ok,1784
11769,ok,1881
11770,ok,1897
11771,ok,1890
11772,ok,1857
11774,ok,1950
11800,unknown,
11801,unknown,
11802,unknown,
11803,unknown,
11804,unknown,
11805,unknown,
11806,unknown,
11807,unknown,
11808,unknown,
11809,unknown,
11810,unknown,
11811,unknown,
11812,unknown,
11813,unknown,
11814,unknown,
11815,unknown,
11816,unknown,
14734,recent,
11817,unknown,
11818,unknown,
11819,unknown,
11820,unknown,
11821,unknown,
11822,unknown,
11823,unknown,
11824,unknown,
11825,unknown,
11826,unknown,
11827,unknown,
11828,unknown,
11829,unknown,
11830,unknown,
11831,unknown,
11832,unknown,
11833,unknown,
11834,unknown,
11835,unknown,
11836,unknown,
11837,unknown,
11838,unknown,
11839,unknown,
11840,unknown,
11841,unknown,
11842,unknown,
11843,unknown,
11844,unknown,
11845,unknown,
11846,unknown,
11847,unknown,
11848,unknown,
11849,unknown,
11850,unknown,
11851,unknown,
11852,unknown,
11853,unknown,
11854,unknown,
11855,unknown,
11856,unknown,
11857,ok,1852
11858,ok,1936
11859,ok,1880
11860,ok,1878
11861,ok,1947
11862,unknown,
11863,unknown,
11864,unknown,
11865,unknown,
11866,ok,1731
11867,ok,1927
11868,unknown,
11869,ok,1881
11870,ok,1946
11871,unknown,
11872,unknown,
11873,unknown,
11874,ok,1887
11875,ok,1943
11876,ok,1946
11877,ok,1924
11878,recent,
11880,ok,1944
11881,ok,1919
11882,ok,1925
11883,unknown,
11885,unknown,
11886,unknown,
11887,unknown,
11888,unknown,
11889,ok,1761
11890,unknown,
11892,unknown,
11893,ok,1936
11894,unknown,
11895,recent,
11896,ok,1934
11897,ok,1916
11898,ok,1919
11900,ok,1943
11901,ok,1937
11902,unknown,
11903,unknown,
11904,ok,1933
11905,ok,1913
11906,ok,1946
11907,unknown,
11908,unknown,
11909,unknown,
11910,unknown,
11911,ok,1925
11912,recent,
11913,ok,1925
11915,recent,
11917,ok,1913
11918,ok,1928
11919,unknown,
11920,unknown,
11921,unknown,
11922,ok,1907
11923,ok,1886
11924,recent,
11926,ok,1859
11927,ok,1905
11928,ok,1896
11929,unknown,
11930,ok,1944
11931,unknown,
11932,unknown,
11933,ok,1838
11934,ok,1926
11935,ok,1942
11936,recent,
11937,ok,1881
11938,recent,
11939,ok,1931
11941,ok,1919
11942,ok,1919
11943,ok,1919
11944,ok,1919
11945,ok,1942
11946,unknown,
11947,ok,1928
11948,ok,1616
11949,ok,1937
11950,unknown,
11951,ok,1915
11952,ok,1915
11953,ok,1915
11954,ok,1915
11955,ok,1915
11956,ok,1915
11957,ok,1851
11958,unknown,
11959,unknown,
11960,ok,1934
11961,ok,1919
11962,ok,1943
11963,unknown,
11964,ok,1877
11965,recent,
11966,ok,1894
11969,unknown,
11970,ok,1884
11971,ok,1943
11972,ok,1943
11973,ok,1943
11974,ok,1943
11975,ok,1943
11976,ok,1943
11977,recent,
11978,ok,1916
11979,ok,1800
11980,recent,
11981,ok,1953
11982,ok,1902
11983,ok,1885
11984,ok,1910
11985,ok,1943
11986,ok,1938
11987,ok,1945
11988,ok,1951
11989,unknown,
11990,ok,1914
11991,ok,1905
11992,ok,1827
11993,ok,1827
12023,unknown,
16251,ok,1938
11994,ok,1827
11995,ok,1827
11996,ok,1827
11997,ok,1910
11998,recent,
11999,ok,1950
12000,ok,1879
12001,ok,1923
12002,ok,1871
12004,ok,1873
12005,ok,1870
12006,ok,1934
12007,unknown,
12010,ok,1937
12011,ok,1893
12013,recent,
12014,ok,1758
12015,ok,1923
12016,ok,1884
12017,unknown,
12018,unknown,
12019,ok,1891
12020,ok,1919
12021,ok,1917
12022,ok,1915
12024,ok,1898
12025,unknown,
12026,ok,1929
12027,ok,1938
12028,ok,1943
12029,ok,1907
12030,ok,1894
12031,recent,
12032,recent,
12033,unknown,
12034,recent,
12035,ok,1904
12036,ok,1896
12037,ok,1936
12038,ok,1934
12039,ok,1905
12040,ok,1905
12041,unknown,
12042,ok,1938
12043,unknown,
12044,ok,1891
12045,ok,1916
12046,ok,1856
12047,ok,1860
12048,unknown,
12049,ok,1952
12050,ok,1784
12051,ok,1905
12052,ok,1884
12054,unknown,
12055,unknown,
12056,ok,1897
12057,ok,1913
12058,unknown,
12059,ok,1949
12060,ok,1930
12061,ok,1906
12062,unknown,
12063,unknown,
12064,ok,1840
12065,ok,1880
12066,unknown,
12067,ok,1902
12068,ok,1896
12069,unknown,
12071,ok,1954
12072,ok,1905
12073,ok,1891
12074,ok,1891
12076,ok,1536
12077,ok,1924
12078,ok,1931
12079,unknown,
12080,ok,1901
12081,ok,1916
12082,unknown,
12083,ok,1903
12084,recent,
12085,ok,1933
12086,ok,1955
12087,unknown,
12088,unknown,
12089,ok,1936
12090,ok,1758
12091,unknown,
12092,ok,1890
12093,recent,
12094,unknown,
12095,ok,1901
12096,ok,1933
12097,unknown,
12098,ok,1905
12099,unknown,
12100,ok,1920
12101,ok,1939
12102,ok,1950
12103,ok,1943
12104,ok,1907
12105,ok,1927
12106,ok,1937
12107,unknown,
12109,ok,1886
12110,ok,1625
12111,ok,1951
12112,ok,1917
12114,unknown,
12115,ok,1885
12116,ok,1894
12118,unknown,
12120,ok,1883
12121,ok,1943
12122,ok,1943
12123,ok,1943
12124,ok,1943
12125,ok,1943
12126,ok,1943
12127,ok,1943
12128,ok,1943
12129,ok,1943
12130,ok,1943
12131,ok,1943
12132,ok,1943
12133,ok,1943
12134,unknown,
12135,unknown,
12136,recent,
12137,ok,1885
12163,ok,1946
12164,recent,
12138,ok,1926
12139,ok,1940
12140,ok,1938
12141,ok,1625
12142,ok,1900
12143,ok,1936
12144,unknown,
12145,ok,1916
12146,ok,1885
12147,unknown,
12148,unknown,
12150,ok,1930
12151,ok,1943
12152,ok,1943
12153,ok,1943
12154,ok,1943
12155,ok,1943
12156,ok,1943
12157,ok,1943
12158,ok,1943
12159,ok,1943
12160,ok,1943
12161,ok,1943
12162,ok,1897
12376,ok,1894
12166,ok,1832
12169,unknown,
12170,ok,1927
12171,recent,
12172,ok,1911
12173,ok,1882
12174,ok,1907
12175,ok,1947
12176,ok,1931
12177,ok,1935
12179,ok,1925
12180,ok,1761
12181,ok,1920
12183,ok,1870
12184,ok,1929
12185,recent,
12186,ok,1881
12187,ok,1943
12188,unknown,
12189,ok,1945
12190,ok,1902
12191,ok,1914
12192,ok,1940
12193,ok,1946
12194,ok,1889
12195,ok,1902
12196,ok,1930
12197,ok,1930
12198,unknown,
12199,ok,1902
12200,unknown,
16284,ok,1933
12201,ok,1943
12202,ok,1943
12203,ok,1943
12204,ok,1943
12205,ok,1943
12206,ok,1943
12207,ok,1943
12208,ok,1943
12209,ok,1943
12210,ok,1943
12211,ok,1943
12212,ok,1943
12213,ok,1943
12214,ok,1943
12215,ok,1943
12216,unknown,
12217,ok,1949
12218,recent,
12219,ok,1899
12220,recent,
12221,ok,1625
12222,ok,1625
12223,unknown,
12224,ok,1906
12225,ok,1939
12226,ok,1948
12227,unknown,
12228,unknown,
12229,ok,1924
12230,ok,1844
12231,unknown,
12232,unknown,
12233,ok,1913
12234,ok,1882
12235,ok,1943
12236,ok,1903
12238,ok,1920
12239,ok,1935
12240,ok,1941
12241,ok,1932
12242,ok,1886
12243,ok,1902
12244,ok,1933
12245,ok,1936
12246,ok,1463
12247,unknown,
12248,ok,1939
12249,ok,1902
12250,ok,1863
12251,ok,1842
12252,ok,1939
12253,unknown,
12254,ok,1930
12255,ok,1942
12256,unknown,
12257,recent,
12258,ok,1877
12259,ok,1731
12260,ok,1879
12261,ok,1941
12262,unknown,
12263,unknown,
12264,ok,1925
12265,ok,1936
12269,ok,1934
12270,ok,1948
12271,ok,1884
12272,ok,1937
12277,ok,1944
12278,ok,1933
12279,ok,1933
12280,ok,1925
12281,ok,1935
12282,ok,1914
12283,ok,1951
12284,ok,1907
12285,unknown,
12286,ok,1865
12287,ok,1943
12288,ok,1918
12289,ok,1888
12290,ok,1918
12291,ok,1879
12292,unknown,
12293,ok,1913
12294,unknown,
12295,ok,1877
12296,recent,
12297,unknown,
12298,ok,1914
12299,ok,1945
12300,ok,1902
12301,ok,1878
12302,ok,1952
12303,ok,1897
12304,ok,1920
12305,unknown,
12306,unknown,
12307,ok,1939
12308,ok,1902
12309,unknown,
12310,unknown,
12311,ok,1679
12312,ok,1625
12313,ok,1875
12314,ok,1951
12315,ok,1851
12316,ok,1944
12317,ok,1931
12318,ok,1914
12319,unknown,
12320,recent,
12321,ok,1910
12322,ok,1878
12323,unknown,
12405,ok,1915
12324,unknown,
12325,ok,1813
12326,ok,1928
12327,ok,1862
12328,ok,1924
12329,ok,1930
12330,recent,
12331,ok,1901
12332,ok,1923
12333,unknown,
12334,ok,1902
12335,ok,1906
12336,unknown,
12337,ok,1902
12338,ok,1876
12340,unknown,
12341,unknown,
12342,ok,1901
12343,unknown,
12344,ok,1937
12345,ok,1925
12346,ok,1909
12347,ok,1902
12348,ok,1925
12349,ok,1941
12374,unknown,
12350,unknown,
12351,ok,1930
12352,ok,1911
12353,ok,1912
12354,ok,1896
12355,ok,1936
12356,ok,1875
12357,ok,1923
12358,unknown,
12359,ok,1901
12360,ok,1939
12361,ok,1847
12362,ok,1847
12363,ok,1823
12364,ok,1903
12365,ok,1943
12366,ok,1911
12367,ok,1876
12368,unknown,
12369,ok,1922
12370,ok,1868
12371,ok,1877
12372,unknown,
12373,unknown,
12375,ok,1931
12377,ok,1944
12378,unknown,
12380,ok,1920
12381,unknown,
12383,ok,1916
12384,ok,1891
12385,ok,1898
12386,ok,1926
12387,ok,1905
12388,ok,1927
12389,ok,1929
12390,unknown,
12391,ok,1902
12392,unknown,
12393,unknown,
12394,unknown,
12395,unknown,
12396,ok,1882
12397,ok,1882
12398,ok,1761
12399,ok,1883
12400,ok,1929
12401,unknown,
12402,ok,1891
12403,ok,1920
12404,ok,1919
12409,ok,1908
12410,unknown,
12411,ok,1932
12412,unknown,
12413,ok,1899
12414,ok,1941
12415,unknown,
12416,ok,1929
12417,ok,1926
12418,recent,
12419,ok,1902
12420,ok,1927
12421,ok,1924
12422,ok,1893
12423,ok,1931
12424,ok,1944
12425,ok,1927
12426,ok,1888
12427,ok,1932
12428,ok,1846
12429,ok,1927
12430,ok,1917
12431,ok,1840
12463,ok,1914
12433,ok,1867
12434,ok,1929
12436,ok,1944
12437,ok,1794
12438,unknown,
12439,ok,1910
12440,ok,1950
12441,ok,1947
12442,ok,1892
12443,unknown,
12444,ok,1954
12445,ok,1851
12447,ok,1876
12448,ok,1876
12449,ok,1901
12450,ok,1943
12451,ok,1907
12452,ok,1900
12453,ok,1877
12454,ok,1936
12455,ok,1929
12456,ok,1954
12458,ok,1881
12459,ok,1866
12460,ok,1902
12461,ok,1947
12462,ok,1914
12464,ok,1914
12465,unknown,
12466,unknown,
12467,unknown,
12468,unknown,
12469,unknown,
12470,ok,1884
12471,ok,1892
12472,ok,1923
12473,ok,1930
12474,ok,1914
12475,ok,1928
12476,ok,1936
12477,unknown,
12478,ok,1932
12480,ok,1932
12481,ok,1914
12482,ok,1925
12483,ok,1874
12484,ok,1939
12485,ok,1901
12486,ok,1839
12487,ok,1927
12488,ok,1882
12489,ok,1887
12490,unknown,
12491,ok,1936
12492,ok,1935
12493,ok,1938
12494,recent,
12495,ok,1940
12496,unknown,
12497,unknown,
12498,unknown,
12504,unknown,
12505,unknown,
12506,ok,1895
12507,ok,1846
12508,ok,1932
12509,ok,1942
12510,ok,1881
12511,unknown,
12512,recent,
12513,ok,1931
12514,ok,1813
12515,unknown,
12516,ok,1939
12517,unknown,
12518,unknown,
12519,ok,1828
12520,ok,1931
12521,unknown,
12522,ok,1788
12523,recent,
12549,ok,1909
12524,unknown,
12525,ok,1867
12526,unknown,
12527,recent,
12528,ok,1857
12529,ok,1936
12530,unknown,
12531,unknown,
12532,ok,1919
12533,ok,1905
12534,ok,1876
12535,ok,1948
12536,unknown,
12537,ok,1858
12538,ok,1858
12539,unknown,
12540,ok,1923
12541,ok,1947
12542,recent,
12543,unknown,
12544,ok,1943
12545,recent,
12548,unknown,
12550,unknown,
12551,unknown,
12552,unknown,
12553,unknown,
12554,unknown,
12555,ok,1930
12556,ok,1944
12557,ok,1953
12558,ok,1848
12559,unknown,
12560,recent,
12561,ok,1894
12562,ok,1900
12563,ok,1950
12564,ok,1911
12565,ok,1810
12566,ok,1874
12567,unknown,
12568,unknown,
12569,ok,1927
12570,ok,1940
12571,unknown,
12572,ok,1949
12573,ok,1930
12574,unknown,
12605,ok,1872
12575,unknown,
12576,unknown,
12577,ok,1925
12578,ok,1868
12580,unknown,
12581,ok,1915
12582,ok,1868
12583,unknown,
12584,ok,1945
12585,ok,1949
12586,ok,1952
12587,ok,1885
12588,ok,1931
12589,unknown,
12590,ok,1921
12591,unknown,
12592,ok,1873
12593,unknown,
12594,ok,1940
12595,unknown,
12596,ok,1932
12597,unknown,
12598,unknown,
12599,unknown,
12600,ok,1949
12601,unknown,
12602,ok,1913
12603,ok,1892
12606,ok,1886
12607,ok,1926
12608,ok,1926
12609,ok,1926
12610,unknown,
12611,ok,1931
12614,unknown,
12615,recent,
12616,ok,1952
12617,unknown,
12618,unknown,
12619,unknown,
12620,ok,1908
12621,ok,1912
12622,ok,1882
12623,ok,1731
12624,ok,1931
12625,ok,1946
12626,ok,1924
12628,ok,1942
12629,ok,1939
12630,recent,
12631,ok,1887
12632,ok,1881
12633,ok,1936
12634,unknown,
12635,ok,1939
12638,ok,1927
12640,ok,1952
12641,ok,1900
12642,unknown,
12643,ok,1933
12644,ok,1953
12645,unknown,
12646,recent,
12647,ok,1873
12648,ok,1946
12649,unknown,
12650,unknown,
12651,ok,1928
12652,ok,1924
12653,ok,1924
12654,ok,1931
12655,ok,1924
12656,unknown,
12657,ok,1924
12658,ok,1914
12659,recent,
12661,ok,1902
12662,ok,1930
12663,ok,1940
12664,ok,1899
12665,ok,1931
12666,ok,1876
12667,ok,1850
12693,ok,1616
12668,ok,1810
12669,ok,1854
12670,ok,1932
12671,ok,1933
12672,ok,1911
12673,ok,1931
12674,ok,1912
12675,ok,1897
12676,unknown,
12677,recent,
12678,ok,1948
12679,ok,1944
12680,ok,1926
12681,recent,
12682,unknown,
12683,ok,1941
12684,ok,1923
12685,unknown,
12686,ok,1952
12687,ok,1931
12689,ok,1922
12690,ok,1922
12691,ok,1922
12692,ok,1922
12748,ok,1892
12694,ok,1868
12696,ok,1895
12697,ok,1948
12699,unknown,
12700,ok,1894
12701,unknown,
12725,ok,1847
12726,ok,1897
12727,ok,1897
12728,ok,1922
12729,ok,1922
12730,ok,1922
12731,ok,1922
12732,ok,1953
12733,unknown,
12734,ok,1922
12735,ok,1922
12736,ok,1940
12737,unknown,
12738,unknown,
12739,unknown,
12740,ok,1917
12741,ok,1899
12742,ok,1832
12743,ok,1931
12744,ok,1925
12745,ok,1949
12746,ok,1939
12747,ok,1913
12749,ok,1916
12750,ok,1946
12751,ok,1879
12752,ok,1887
12753,ok,1908
12754,ok,1914
12755,ok,1914
12758,unknown,
12759,ok,1929
12760,unknown,
12761,unknown,
12762,ok,1943
12763,recent,
12764,ok,1946
12765,ok,1933
12766,unknown,
12767,ok,1901
12768,ok,1948
12769,recent,
12770,ok,1942
12771,ok,1891
12772,ok,1910
12773,ok,1931
12774,ok,1922
12775,ok,1922
12776,ok,1922
12777,ok,1922
12778,ok,1922
12779,ok,1931
12781,unknown,
12782,ok,1844
12783,ok,1874
12784,ok,1939
12785,unknown,
12786,ok,1942
12787,ok,1927
12788,ok,1922
12789,ok,1942
12790,ok,1901
12791,ok,1935
12792,ok,1909
12793,ok,1914
12794,ok,1931
12797,ok,1935
12798,ok,1913
12799,ok,1936
12800,ok,1937
12801,ok,1937
12803,ok,1866
12805,unknown,
12806,ok,1922
12807,ok,1922
12808,ok,1915
12809,ok,1936
12810,ok,1922
12811,ok,1931
12812,ok,1431
12813,ok,1923
12814,recent,
12815,unknown,
12816,ok,1930
12817,ok,1913
12818,ok,1946
12819,ok,1922
12820,ok,1933
12821,ok,1933
12823,ok,1899
12825,unknown,
12826,ok,1936
12827,ok,1939
12828,ok,1873
12829,ok,1875
12830,ok,1936
12832,recent,
12833,ok,1948
12834,ok,1896
12835,ok,1907
12836,unknown,
12837,ok,1876
12839,recent,
12841,ok,1891
12842,ok,1794
12843,ok,1882
12845,ok,1949
12846,ok,1840
12847,ok,1913
12849,recent,
12850,ok,1929
12851,ok,1942
12852,ok,1901
12853,ok,1884
12854,ok,1917
12855,ok,1947
12856,ok,1934
12857,recent,
12858,ok,1944
12859,ok,1948
12860,unknown,
12861,ok,1797
12862,ok,1876
12863,unknown,
12864,ok,1893
12865,ok,1876
12866,unknown,
12867,unknown,
12868,ok,1942
12869,ok,1876
12870,unknown,
12871,ok,1950
12872,unknown,
12873,unknown,
12874,ok,1912
12875,ok,1946
12876,ok,1888
12877,ok,1952
12878,unknown,
12879,ok,1886
12880,unknown,
12881,recent,
12882,ok,1832
12883,ok,1913
12884,ok,1935
12885,ok,1909
12886,ok,1884
12887,ok,1953
12888,ok,1930
12889,ok,1876
12890,unknown,
12891,ok,1948
12892,ok,1933
12893,ok,1844
12894,ok,1916
12895,ok,1913
12896,ok,1889
12897,unknown,
12898,unknown,
12899,unknown,
12900,unknown,
12901,ok,1905
12902,ok,1934
12903,ok,1936
12904,ok,1938
12905,unknown,
12908,ok,1920
12909,recent,
12910,ok,1931
12911,ok,1928
12912,ok,1931
12913,ok,1903
12914,recent,
12915,ok,1625
12916,unknown,
12917,unknown,
12918,ok,1941
12919,ok,1935
12920,ok,1945
12922,ok,1923
12923,ok,1944
12924,ok,1936
12925,ok,1929
12926,unknown,
12928,ok,1855
12929,ok,1814
12930,ok,1722
12931,ok,1924
12932,ok,1942
12933,unknown,
12934,unknown,
12935,ok,1913
12936,ok,1930
12937,ok,1930
12938,unknown,
12939,unknown,
12940,unknown,
12941,unknown,
12942,unknown,
12943,unknown,
12944,unknown,
12945,unknown,
12946,unknown,
12947,unknown,
12948,unknown,
12949,recent,
12950,ok,1897
12951,unknown,
12952,ok,1930
12953,unknown,
12954,ok,1848
12955,ok,1952
12956,ok,1952
12957,ok,1931
12958,ok,1761
12959,ok,1848
12960,unknown,
12961,ok,1914
12962,unknown,
12963,ok,1885
12964,ok,1885
12994,ok,1919
12965,unknown,
12966,unknown,
12967,ok,1801
12968,recent,
12969,ok,1874
12970,ok,1938
12971,ok,1932
12972,ok,1932
12973,ok,1934
12974,ok,1911
12975,unknown,
12976,ok,1933
12977,ok,1914
12978,ok,1940
12979,ok,1874
12980,ok,1925
12981,ok,1934
12982,unknown,
12983,unknown,
12984,ok,1935
12985,ok,1935
12986,ok,1931
12988,ok,1934
12989,ok,1931
12990,ok,1851
12991,ok,1944
12992,ok,1922
12993,ok,1874
12995,ok,1931
12996,recent,
12997,ok,1925
12998,ok,1943
12999,ok,1922
13000,ok,1919
13001,ok,1894
13002,ok,1869
13003,ok,1927
13004,ok,1951
13005,ok,1934
13006,ok,1934
13007,ok,1948
13008,ok,1948
13009,ok,1951
13010,ok,1848
13011,ok,1878
13012,ok,1914
13013,ok,1874
13014,ok,1753
13015,ok,1916
13016,ok,1876
13017,ok,1952
13018,ok,1952
16683,recent,
13019,unknown,
13020,unknown,
13021,ok,1914
13022,unknown,
13024,ok,1925
13025,ok,1876
13026,unknown,
13027,ok,1907
13028,ok,1922
13029,ok,1931
13030,ok,1930
13031,ok,1923
13032,ok,1896
13033,ok,1855
13034,recent,
13035,ok,1951
13036,ok,1891
13037,ok,1770
13038,ok,1887
13039,ok,1934
13040,ok,1939
13042,ok,1859
13043,unknown,
13044,ok,1849
13045,ok,1950
13046,ok,1953
13047,ok,1924
13048,unknown,
13049,ok,1938
13050,ok,1941
13051,unknown,
13052,ok,1881
13053,unknown,
13054,ok,1913
13055,ok,1813
13056,ok,1930
13057,ok,1948
13058,ok,1941
13059,ok,1884
13060,unknown,
13061,unknown,
13062,unknown,
13064,ok,1914
13065,ok,1885
13066,ok,1902
13067,unknown,
13068,ok,1881
13069,ok,1935
13070,ok,1891
13071,ok,1920
13072,unknown,
13073,ok,1953
13074,unknown,
13075,unknown,
13076,ok,1932
13077,ok,1866
13080,unknown,
13081,unknown,
13084,ok,1950
13085,ok,1936
13086,recent,
13087,recent,
13088,ok,1933
13089,ok,1913
13090,unknown,
13091,recent,
13094,unknown,
13095,ok,1876
13096,ok,1926
13097,recent,
13098,unknown,
13102,ok,1926
13103,unknown,
13104,ok,1902
13105,ok,1888
13106,ok,1888
13107,ok,1940
13108,unknown,
13109,ok,1898
13110,ok,1919
13111,ok,1926
13112,ok,1914
13113,unknown,
13114,ok,1953
13115,ok,1917
13116,unknown,
13117,ok,1912
13118,ok,1944
13119,ok,1924
13120,ok,1939
13121,ok,1814
13122,ok,1891
13123,ok,1946
13124,ok,1917
13125,unknown,
13126,unknown,
13127,unknown,
13128,ok,1924
13130,ok,1813
13131,ok,1955
13132,ok,1920
13133,ok,1581
13135,ok,1949
13136,recent,
13137,recent,
13138,ok,1941
13139,ok,1921
13141,ok,1941
13142,ok,1953
13143,ok,1932
13144,ok,1940
13145,unknown,
13146,ok,1942
13147,ok,1943
13148,ok,1848
13149,ok,1884
13150,unknown,
13151,ok,1842
13152,ok,1930
13154,unknown,
13155,ok,1945
13157,unknown,
13158,ok,1937
13159,ok,1946
13160,unknown,
13161,ok,1943
13162,ok,1884
13163,ok,1877
13166,ok,1748
13167,ok,1942
13168,ok,1918
13169,ok,1939
13228,ok,1939
13170,ok,1923
13172,ok,1945
13176,ok,1935
13177,ok,1933
13178,ok,1943
13179,ok,1935
13180,ok,1933
13181,recent,
13182,ok,1926
13183,ok,1932
13184,ok,1950
13185,unknown,
13186,unknown,
13187,ok,1878
13188,unknown,
13189,ok,1913
13190,ok,1904
13191,unknown,
13192,ok,1844
13193,ok,1925
13194,ok,1946
13195,unknown,
13196,ok,1936
13197,ok,1914
13198,ok,1876
13199,unknown,
13200,unknown,
13201,ok,1933
13202,ok,1901
13203,ok,1935
13204,ok,1894
13205,ok,1932
13206,ok,1933
13207,ok,1918
13208,recent,
13209,recent,
13211,ok,1909
13212,ok,1928
13213,unknown,
13215,ok,1890
13217,unknown,
13218,ok,1909
13219,unknown,
13220,ok,1922
13221,ok,1857
13222,ok,1901
13223,ok,1897
13224,ok,1897
13225,ok,1813
13226,ok,1924
13227,ok,1932
16853,ok,1911
13229,ok,1947
13230,ok,1885
13231,ok,1857
13232,ok,1934
13234,ok,1930
13235,ok,1922
13237,unknown,
13238,ok,1952
13239,unknown,
13240,ok,1910
13241,unknown,
13242,unknown,
13243,ok,1909
13244,unknown,
13245,ok,1929
13246,ok,1948
13247,ok,1935
13248,ok,1872
13249,ok,1937
13250,unknown,
13251,unknown,
13252,unknown,
13253,unknown,
13254,recent,
13281,unknown,
13282,recent,
13283,unknown,
13313,unknown,
13255,ok,1939
13256,ok,1897
13257,ok,1880
13258,ok,1876
13260,ok,1850
13261,ok,1915
13262,ok,1899
13263,ok,1876
13265,unknown,
13266,unknown,
13267,ok,1909
13268,unknown,
13269,unknown,
13270,unknown,
13271,ok,1883
13272,ok,1885
13273,ok,1940
13274,ok,1694
13275,ok,1946
13276,ok,1848
13277,ok,1925
13278,recent,
13279,unknown,
13280,ok,1939
13284,ok,1900
13285,ok,1708
13286,ok,1920
13287,ok,1813
13288,ok,1920
13289,ok,1917
13290,ok,1894
13291,ok,1928
13292,ok,1946
13293,ok,1931
13294,ok,1933
13295,ok,1917
13296,ok,1921
13297,unknown,
13298,ok,1923
13299,ok,1922
13300,unknown,
13301,recent,
13302,unknown,
13303,ok,1876
13304,unknown,
13305,ok,1890
13306,unknown,
13307,recent,
13309,ok,1937
13310,ok,1891
13311,unknown,
13312,ok,1922
13380,ok,1876
13314,ok,1800
13315,ok,1913
13316,ok,1948
13319,ok,1934
13321,ok,1909
13322,unknown,
13323,unknown,
13324,ok,1920
13325,ok,1869
13327,unknown,
13329,ok,1949
13330,ok,1947
13331,recent,
13332,ok,1898
13333,unknown,
13334,ok,1914
13335,ok,1943
13336,ok,1907
13337,ok,1920
13339,ok,1918
13340,ok,1909
13341,ok,1748
13342,ok,1936
13343,recent,
13344,unknown,
13345,ok,1938
13347,ok,1930
13348,unknown,
13349,ok,1933
13447,ok,1916
13350,recent,
13351,ok,1909
13352,unknown,
13353,ok,1942
13354,ok,1902
13355,recent,
13356,ok,1906
13357,ok,1925
13358,unknown,
13359,unknown,
13360,ok,1953
13361,unknown,
13362,unknown,
13363,ok,1930
13364,ok,1949
13365,ok,1891
13366,ok,1813
13367,ok,1953
13368,ok,1931
13369,ok,1946
13370,recent,
13372,recent,
13373,unknown,
13374,ok,1876
13375,ok,1890
13376,unknown,
13377,ok,1850
13379,ok,1909
13381,ok,1813
13382,unknown,
13383,ok,1918
13384,ok,1923
13385,ok,1907
13387,ok,1886
13388,recent,
13389,unknown,
13390,unknown,
13391,unknown,
13392,ok,1935
13393,unknown,
13395,recent,
13396,ok,1924
13397,recent,
13398,ok,1922
13399,unknown,
13400,ok,1907
13401,unknown,
13402,ok,1932
13403,recent,
13404,ok,1932
13405,ok,1848
13406,unknown,
13407,ok,1932
13408,ok,1932
13409,ok,1946
13410,ok,1898
13411,unknown,
13412,ok,1946
13413,ok,1946
13414,ok,1946
13415,ok,1946
13416,ok,1946
13417,ok,1946
13418,ok,1946
13419,ok,1946
13420,recent,
13421,unknown,
13422,unknown,
13423,ok,1923
13424,unknown,
13425,ok,1625
13426,unknown,
13427,unknown,
13430,ok,1942
13431,ok,1876
13432,ok,1920
13433,ok,1907
13434,ok,1925
13435,ok,1895
13436,ok,1911
13437,ok,1943
13438,ok,1913
13439,ok,1748
13440,unknown,
13441,recent,
13442,ok,1913
13443,unknown,
13444,unknown,
13446,unknown,
13448,ok,1949
13449,ok,1931
13450,unknown,
13453,ok,1920
13454,ok,1914
13455,ok,1930
13456,ok,1874
13457,ok,1929
13459,ok,1908
13460,ok,1909
13461,ok,1887
13462,unknown,
13463,unknown,
13464,recent,
13465,unknown,
13466,unknown,
13467,unknown,
13468,ok,1936
13469,unknown,
13470,ok,1936
13471,ok,1934
13472,ok,1918
13474,ok,1911
13475,ok,1844
13476,ok,1943
13477,ok,1943
13478,ok,1913
13480,unknown,
13481,ok,1912
13482,recent,
13483,ok,1905
13484,recent,
13485,recent,
13486,unknown,
13487,recent,
13488,recent,
13489,unknown,
13490,ok,1907
13491,unknown,
13493,ok,1880
13494,ok,1930
13495,unknown,
13496,ok,1948
13497,ok,1939
13498,recent,
13499,ok,1946
13500,ok,1932
13501,ok,1920
13502,unknown,
13503,unknown,
13504,ok,1916
13505,ok,1946
13506,ok,1923
13508,ok,1909
13509,ok,1885
13510,ok,1954
13511,unknown,
13512,ok,1855
13513,unknown,
13514,ok,1859
13515,ok,1859
13517,ok,1917
13518,ok,1912
13520,ok,1922
13521,unknown,
13522,ok,1946
13523,ok,1918
13524,ok,1918
13525,ok,1913
13526,recent,
13527,unknown,
13528,unknown,
13529,ok,1914
13530,ok,1943
13531,ok,1902
13532,recent,
13533,unknown,
13534,ok,1881
13535,unknown,
13536,unknown,
13537,recent,
13538,unknown,
13539,ok,1855
13540,unknown,
13541,ok,1914
13542,ok,1944
13543,ok,1944
13544,unknown,
13545,unknown,
13546,recent,
13547,ok,1939
13548,ok,1925
13549,ok,1909
13550,unknown,
13551,unknown,
13552,ok,1869
13553,ok,1939
13554,ok,1925
13555,ok,1947
13556,ok,1944
13557,ok,1924
13558,unknown,
13559,ok,1899
13560,ok,1925
13561,ok,1922
13562,ok,1907
13563,unknown,
13567,ok,1948
13568,ok,1947
13569,ok,1744
13570,ok,1928
13571,unknown,
13572,ok,1895
13573,ok,1920
13574,ok,1925
13575,unknown,
13576,ok,1883
13577,unknown,
13672,ok,1896
13578,unknown,
13579,unknown,
13582,ok,1902
13583,ok,1908
13584,unknown,
13586,ok,1855
13587,unknown,
13588,ok,1807
13589,ok,1946
13592,ok,1876
13594,ok,1869
13597,ok,1909
13598,ok,1913
13600,unknown,
13601,ok,1910
13602,unknown,
13603,unknown,
13604,unknown,
13605,unknown,
13606,ok,1829
13607,ok,1877
13609,ok,1913
13610,ok,1939
13611,ok,1939
13612,ok,1939
13613,ok,1939
13614,ok,1939
13615,ok,1939
13616,ok,1939
13617,ok,1914
13618,ok,1913
13619,ok,1915
13620,ok,1949
13621,ok,1935
13622,ok,1911
13623,ok,1922
13624,ok,1580
13626,ok,1888
13628,ok,1885
13629,ok,1876
13631,unknown,
13632,unknown,
13633,unknown,
13634,unknown,
13635,unknown,
13636,unknown,
13637,unknown,
13638,unknown,
13639,unknown,
13640,unknown,
13641,unknown,
13642,unknown,
13643,unknown,
13644,unknown,
13645,ok,1917
13646,ok,1888
13647,ok,1888
13648,ok,1888
13649,ok,1888
13650,ok,1888
13651,unknown,
13652,ok,1907
13653,ok,1876
13654,ok,1907
13655,unknown,
13656,ok,1932
13660,ok,1908
13664,recent,
13665,ok,1943
13666,unknown,
13667,ok,1914
13668,ok,1876
13669,unknown,
13670,ok,1940
13671,ok,1876
13673,ok,1848
13674,ok,1915
13675,unknown,
13676,ok,1954
13677,ok,1897
13678,ok,1925
13679,ok,1924
13680,unknown,
13684,unknown,
13685,ok,1930
13688,unknown,
13689,ok,1916
13692,ok,1922
13693,recent,
13694,recent,
13695,unknown,
13700,unknown,
13701,ok,1939
13702,recent,
13703,ok,1954
13704,ok,1885
13706,recent,
13707,ok,1864
13708,ok,1947
13709,ok,1914
13710,unknown,
13711,unknown,
13712,unknown,
13713,unknown,
13714,recent,
13715,ok,1955
13716,ok,1930
13717,unknown,
13718,ok,1916
13719,unknown,
13720,ok,1891
13721,ok,1891
13722,unknown,
13723,ok,1931
13724,ok,1922
13725,ok,1913
13726,ok,1912
13727,ok,1918
13728,ok,1920
13729,unknown,
13730,ok,1887
13731,ok,1938
13734,ok,1930
13735,ok,1930
13736,unknown,
13737,ok,1905
13738,recent,
13739,recent,
13740,ok,1924
13741,unknown,
13742,ok,1939
13743,ok,1922
13746,ok,1914
13747,unknown,
13748,ok,1933
13749,ok,1935
13750,ok,1688
13751,recent,
13752,ok,1913
13753,unknown,
13754,ok,1931
13755,ok,1884
13756,ok,1923
13757,ok,1909
13758,recent,
13759,ok,1903
13760,ok,1940
13761,unknown,
13762,ok,1868
13763,ok,1939
13764,ok,1949
13765,ok,1927
13766,unknown,
13767,ok,1943
13770,unknown,
13771,unknown,
13772,ok,1927
13774,ok,1939
13775,unknown,
13776,unknown,
13809,ok,1941
13777,unknown,
13778,unknown,
13781,ok,1882
13782,ok,1920
13783,unknown,
13784,ok,1936
13785,ok,1936
13786,ok,1941
13788,unknown,
13789,ok,1930
13790,ok,1932
13791,recent,
13792,ok,1867
13793,ok,1907
13794,ok,1883
13795,ok,1930
13796,unknown,
13797,unknown,
13798,ok,1837
13799,ok,1944
13800,ok,1702
13801,ok,1920
13803,ok,1899
13804,ok,1743
13806,ok,1896
13807,ok,1875
13808,ok,1866
13811,ok,1877
13812,ok,1936
13813,ok,1933
13814,ok,1930
13815,ok,1934
13816,ok,1925
13817,unknown,
13818,ok,1876
13819,ok,1870
13820,recent,
13821,recent,
13822,unknown,
13823,ok,1920
13824,ok,1871
13825,ok,1897
13826,ok,1949
13827,ok,1920
13828,unknown,
13829,unknown,
13830,ok,1882
13831,ok,1945
13832,ok,1921
13833,ok,1938
13834,ok,1905
13835,ok,1883
13836,recent,
13837,ok,1876
13838,ok,1876
13839,ok,1876
13840,ok,1932
13841,unknown,
13842,unknown,
13843,unknown,
13844,ok,1929
13846,ok,1650
13847,unknown,
13848,ok,1889
13851,unknown,
13852,ok,1931
13853,unknown,
13854,ok,1923
13855,ok,1932
13856,ok,1888
13857,ok,1888
13858,ok,1867
13859,ok,1940
13860,unknown,
13861,ok,1830
13862,ok,1784
13863,ok,1784
13864,unknown,
13865,unknown,
13866,ok,1902
13868,ok,1874
13870,unknown,
13871,ok,1691
13872,unknown,
13875,ok,1876
13876,ok,1899
13877,unknown,
13878,ok,1907
13879,ok,1881
13880,recent,
13881,unknown,
13882,ok,1943
13883,ok,1946
13884,ok,1761
13885,ok,1919
13886,unknown,
13887,ok,1918
13888,ok,1923
13889,unknown,
13890,recent,
13891,ok,1919
13892,ok,1876
13893,ok,1914
13894,ok,1931
13895,ok,1909
13896,ok,1879
13897,ok,1944
13898,ok,1955
13899,unknown,
13900,ok,1938
13903,unknown,
13905,ok,1927
13906,ok,1945
13907,unknown,
13908,ok,1916
13909,ok,1933
16856,ok,1918
13910,unknown,
13911,ok,1915
13912,ok,1908
13913,ok,1947
13914,ok,1715
13916,ok,1916
13917,ok,1876
13918,recent,
13922,unknown,
13923,unknown,
13924,unknown,
13925,unknown,
13926,ok,1815
13927,unknown,
13928,ok,1945
13929,ok,1895
13930,ok,1933
13931,ok,1903
13932,ok,1909
13933,ok,1938
13934,ok,1954
13935,unknown,
13936,unknown,
13937,ok,1939
13938,unknown,
13939,unknown,
13940,recent,
13941,unknown,
13942,ok,1900
13943,ok,1933
13944,ok,1887
13945,ok,1896
13946,ok,1952
13947,ok,1888
13948,ok,1888
13949,ok,1888
13950,ok,1888
13952,ok,1888
13954,unknown,
13955,ok,1928
13956,unknown,
13957,ok,1917
13958,ok,1913
13960,ok,1939
13961,unknown,
13962,unknown,
13963,ok,1948
13964,unknown,
13965,ok,1869
13966,unknown,
13967,ok,1928
13968,ok,1797
13969,ok,1947
13970,ok,1854
13971,unknown,
13972,unknown,
13973,ok,1935
13974,unknown,
13977,unknown,
13978,unknown,
13979,unknown,
13980,unknown,
13981,ok,1891
13982,ok,1930
13983,ok,1946
13984,ok,1912
13985,ok,1930
13986,ok,1879
13987,ok,1891
13988,ok,1854
13989,ok,1880
13990,ok,1899
13992,ok,1924
13993,recent,
13994,unknown,
13995,unknown,
13996,ok,1946
13997,ok,1906
13998,recent,
14000,ok,1893
14001,ok,1923
14163,ok,1905
14002,ok,1940
14003,unknown,
14004,ok,1913
14005,unknown,
14006,ok,1955
14007,unknown,
14008,unknown,
14009,unknown,
14010,unknown,
14011,unknown,
14012,ok,1930
14013,ok,1773
14014,unknown,
14015,ok,1647
14016,ok,1912
14017,ok,1942
14018,ok,1943
14019,ok,1926
14020,ok,-9
14021,ok,1914
14022,unknown,
14023,unknown,
14024,unknown,
14025,ok,1949
14026,ok,1772
14029,ok,1923
14030,ok,1919
14031,ok,1901
14032,ok,1798
14033,ok,1918
14034,ok,1913
14036,unknown,
14037,ok,1832
14038,ok,1876
14039,recent,
14040,ok,1947
14041,unknown,
14044,ok,1947
14045,ok,1918
14046,unknown,
14047,recent,
14048,ok,1948
14049,ok,1946
14051,ok,1902
14052,ok,1923
14053,unknown,
14054,ok,1911
14055,unknown,
14056,ok,1945
14057,unknown,
14058,unknown,
14059,ok,1919
14060,ok,1946
14061,ok,1896
14062,ok,1927
14064,unknown,
14065,ok,1731
14066,ok,1941
14067,unknown,
14068,ok,1922
14069,ok,1854
14070,unknown,
14071,ok,1926
14072,ok,1851
14074,unknown,
14076,ok,1947
14077,ok,1886
14078,ok,1931
14079,ok,1942
14080,ok,1912
14081,unknown,
14082,ok,1898
14083,unknown,
14084,unknown,
14085,ok,1945
14086,recent,
14087,ok,1947
14089,ok,1907
14090,recent,
14091,ok,1952
14092,unknown,
14093,unknown,
17952,ok,1932
14094,ok,1892
14095,ok,1943
14096,unknown,
14097,unknown,
14098,ok,1797
14099,unknown,
14100,ok,1825
14101,unknown,
14102,unknown,
14103,ok,1947
14104,ok,1934
14106,ok,1946
14107,ok,1932
14108,ok,1921
14109,ok,1939
14110,recent,
14111,unknown,
14113,ok,1889
14114,ok,1918
14115,unknown,
14116,unknown,
14117,unknown,
14118,unknown,
14119,recent,
14120,unknown,
14122,unknown,
14123,unknown,
14124,unknown,
14126,ok,1920
14127,ok,1930
14128,ok,1944
14129,ok,1847
14130,unknown,
14131,unknown,
14132,unknown,
14133,ok,1894
14134,unknown,
14135,unknown,
14136,unknown,
14137,ok,1914
14138,unknown,
14139,ok,1902
14140,ok,1918
14141,unknown,
14145,recent,
14146,unknown,
14147,unknown,
14148,unknown,
14149,ok,1934
14150,ok,1950
14151,ok,1922
14153,ok,1914
14154,ok,1951
14155,ok,1880
14156,ok,1880
14157,ok,1880
14158,ok,1882
14159,recent,
14162,ok,1905
14165,unknown,
14166,unknown,
14167,recent,
14168,recent,
14169,unknown,
14170,unknown,
14171,ok,1954
14172,unknown,
14173,ok,1919
14174,ok,1920
14175,ok,1941
14176,ok,1950
14179,ok,1797
14180,unknown,
14182,ok,1922
14183,ok,1895
14184,unknown,
14185,unknown,
14186,unknown,
14187,ok,1950
14188,recent,
14189,ok,1919
14191,ok,1901
14192,ok,1927
14193,unknown,
14194,ok,1904
14195,ok,1873
14196,ok,1948
14197,ok,1948
14199,unknown,
14200,ok,1922
14201,ok,1941
14202,ok,1906
14203,ok,1936
14204,ok,1942
14206,ok,1944
14209,ok,1932
14211,ok,1902
14213,unknown,
14216,ok,1915
14217,unknown,
14218,ok,1931
14219,recent,
14220,ok,1943
14222,ok,1848
14224,ok,1891
14226,ok,1946
14227,ok,1930
14228,ok,1859
14229,unknown,
14230,unknown,
14231,unknown,
14232,ok,1931
14233,ok,1880
14234,ok,1945
14235,ok,1925
14237,ok,1892
14238,unknown,
14301,recent,
14239,ok,1880
14240,ok,1918
14241,ok,1916
14242,ok,1913
14243,ok,1877
14244,ok,1953
14245,ok,1945
14246,ok,1850
14247,ok,1874
14248,ok,1915
14249,ok,1922
14250,unknown,
14251,ok,1918
14252,ok,1909
14253,ok,1950
14255,ok,1941
14256,ok,1948
14257,recent,
14258,ok,1859
14259,ok,1875
14260,unknown,
14261,ok,1945
14262,ok,1931
14263,ok,1909
14264,recent,
14265,ok,1939
14302,ok,1923
14266,ok,1939
14268,ok,1142
14272,unknown,
14273,recent,
14274,ok,1933
14275,ok,1914
14276,ok,1920
14277,unknown,
14278,recent,
14279,ok,1899
14280,ok,1909
14282,ok,1536
14283,unknown,
14284,ok,1928
14285,ok,1894
14286,ok,1894
14287,ok,1905
14288,ok,1872
14289,ok,1942
14290,ok,1942
14291,ok,1916
14293,recent,
14294,unknown,
14295,ok,1879
14297,ok,1916
14298,unknown,
14299,ok,1906
14300,ok,1942
14303,ok,1930
14304,ok,1943
14305,unknown,
14309,ok,1827
14310,ok,1859
14312,recent,
14313,ok,1902
14314,recent,
14315,ok,1930
14316,ok,1916
14317,recent,
14319,unknown,
14320,ok,1924
14321,unknown,
14322,recent,
14323,unknown,
14324,unknown,
14325,recent,
14326,ok,1934
14327,unknown,
14328,ok,1931
14331,ok,1940
14332,ok,1914
14333,unknown,
14334,ok,1940
14335,unknown,
14338,ok,1951
14339,recent,
14341,unknown,
14342,ok,1932
14343,ok,1465
14694,unknown,
14344,unknown,
14345,ok,1930
14346,ok,1720
14347,ok,1951
14348,ok,1939
14350,ok,1855
14352,ok,1942
14353,ok,1935
14355,ok,1923
14356,ok,1940
14357,ok,1949
14358,ok,1933
14359,unknown,
14360,ok,1901
14361,ok,1945
14362,ok,1923
14363,recent,
14364,unknown,
14365,unknown,
14366,unknown,
14367,ok,1944
14368,ok,1930
14369,ok,1922
14370,ok,1934
14371,ok,1916
14372,ok,1876
14373,ok,1887
14374,ok,1950
14375,recent,
14376,ok,1939
14377,ok,1730
14378,ok,1933
14379,ok,1909
14380,ok,1907
14381,ok,1890
14382,ok,1899
14383,unknown,
14384,ok,1932
14389,unknown,
14390,unknown,
14391,ok,1948
14392,ok,1919
14393,ok,1928
14394,ok,1928
14395,ok,1930
14396,ok,1950
14397,ok,1915
14398,ok,1887
14399,ok,1947
14400,ok,1916
14402,ok,1949
14403,ok,1929
14404,ok,1914
14405,ok,1933
14406,ok,1945
14407,ok,1943
14408,unknown,
14409,ok,1918
14410,ok,1923
14411,ok,1942
14412,unknown,
14413,unknown,
14414,ok,1916
14415,unknown,
14416,ok,1932
14417,recent,
14418,ok,1904
14419,ok,1871
14420,ok,1867
14421,ok,1874
14422,ok,1930
14423,ok,1813
14424,ok,1848
14425,ok,1926
14426,recent,
14427,ok,1926
14428,ok,1874
14429,ok,1925
14430,ok,1916
14431,unknown,
14432,ok,1891
14436,ok,1731
14437,ok,1870
14441,ok,1916
14442,ok,1731
14443,ok,1929
14444,ok,1731
14445,ok,1945
14446,ok,1914
14447,ok,1926
14448,ok,1876
14449,ok,1916
14450,unknown,
14451,ok,1946
14452,unknown,
14453,ok,1905
14454,ok,1911
14455,unknown,
14456,ok,1940
14457,recent,
14458,recent,
14459,ok,1935
14460,ok,1883
14461,ok,1894
14462,ok,1592
14463,ok,1797
14464,ok,1813
14465,ok,1939
14466,ok,1929
14467,ok,1749
14468,ok,1862
14469,ok,1933
14470,recent,
14471,ok,1951
14501,unknown,
14472,unknown,
14473,ok,1890
14474,ok,1919
14475,ok,1879
14476,ok,1905
14477,ok,1933
14478,ok,1937
14479,ok,1860
14480,ok,1936
14481,recent,
14482,ok,1943
14483,unknown,
14484,ok,1908
14485,ok,1887
14486,ok,1940
14487,ok,1931
14488,ok,1909
14489,unknown,
14490,ok,1922
14491,recent,
14492,recent,
14493,unknown,
14494,ok,1919
14495,recent,
14496,ok,1931
14497,ok,1893
14498,ok,1903
14499,ok,1932
14500,ok,1536
14502,unknown,
14504,ok,1691
14506,recent,
14508,ok,1946
14509,unknown,
14510,ok,1895
14511,ok,1895
14512,ok,1891
14513,ok,1936
14514,unknown,
14515,recent,
14516,unknown,
14517,ok,1893
14518,ok,1923
14519,ok,1933
14520,ok,1954
14521,ok,1919
14522,ok,1900
14523,unknown,
14524,unknown,
14525,recent,
14526,ok,1909
14527,recent,
14528,recent,
14529,unknown,
14530,unknown,
14531,ok,1922
14532,ok,1902
14533,ok,1944
14534,ok,1909
14535,ok,1894
14536,ok,1906
14537,ok,1924
14538,unknown,
14539,ok,1880
14540,ok,1916
14541,ok,1914
14542,ok,1940
14543,unknown,
14544,unknown,
14545,ok,1934
14546,unknown,
14548,ok,1625
14549,ok,1625
14550,ok,1883
14551,unknown,
14552,unknown,
14553,unknown,
14554,unknown,
14555,ok,1930
14556,unknown,
14557,unknown,
14558,ok,1913
14562,ok,1879
14563,ok,1930
14564,ok,1876
14565,ok,1903
14566,ok,1909
14567,ok,1938
14568,ok,1894
14571,ok,1945
14572,ok,1933
14573,recent,
14574,ok,1954
14575,ok,1925
14576,ok,1912
14577,recent,
14578,ok,1905
14579,ok,1927
14581,ok,1911
14582,ok,1953
14583,unknown,
14584,ok,1914
14585,unknown,
14586,unknown,
14587,ok,1937
14588,ok,1932
14589,unknown,
14590,ok,1954
14591,ok,1878
14592,unknown,
14593,ok,1938
14594,ok,1894
14595,ok,1897
14596,ok,1954
14597,ok,1931
14598,ok,1932
14599,ok,1927
14664,ok,1934
14600,unknown,
14601,unknown,
14602,ok,1942
14603,unknown,
14604,recent,
14605,ok,1938
14606,ok,1920
14608,ok,1906
14609,unknown,
14610,ok,1904
14611,ok,1813
14612,unknown,
14613,recent,
14614,ok,1933
14615,ok,1878
14616,ok,1954
14617,ok,1851
14618,ok,1931
14619,ok,1954
14623,unknown,
14624,ok,1922
14625,recent,
14626,unknown,
14627,ok,1901
14628,unknown,
14629,ok,1936
14630,unknown,
14631,unknown,
14632,ok,1947
14633,recent,
14634,ok,1926
14635,unknown,
14636,ok,1946
14637,recent,
14638,ok,1934
14639,unknown,
14640,ok,1873
14641,ok,1709
14642,ok,1873
14643,ok,1952
14644,ok,1942
14645,ok,1940
14646,ok,1941
14647,ok,1916
14652,unknown,
14653,ok,1931
14654,ok,1916
14655,ok,1903
14656,ok,1912
14657,recent,
14658,ok,1916
14659,ok,1933
14660,ok,1903
14661,ok,1918
14662,ok,1902
14663,unknown,
14665,unknown,
14667,recent,
14668,ok,1873
14669,ok,1930
14671,ok,1913
14672,ok,1950
14673,ok,1937
14674,ok,1888
14675,ok,1869
14676,recent,
14677,ok,1933
14678,ok,1944
14679,ok,1927
14680,unknown,
14681,ok,1911
14682,ok,1905
14683,ok,1927
14684,ok,1936
14685,ok,1939
14687,ok,1887
14688,ok,1876
14689,unknown,
14690,unknown,
14691,unknown,
14692,ok,1869
14693,ok,1927
14695,unknown,
14696,ok,1945
14697,ok,1936
14698,ok,1945
14699,ok,1942
14701,ok,1929
14702,ok,1887
14703,ok,1843
14704,ok,1885
14705,ok,1885
14706,ok,1936
14707,unknown,
14708,ok,1887
14709,unknown,
14710,ok,1901
14711,unknown,
14712,ok,1902
14713,ok,1921
14714,recent,
14715,ok,1950
14716,ok,1955
14717,ok,1945
14720,ok,1865
14721,unknown,
14723,ok,1932
14725,ok,1916
14726,ok,1886
14728,ok,1916
14729,unknown,
14730,ok,1930
14731,ok,1897
14732,recent,
14735,ok,1950
14739,recent,
14740,ok,1933
14742,ok,1930
14743,ok,1947
14744,unknown,
14745,unknown,
14746,ok,1536
14747,unknown,
14748,ok,1932
14749,ok,1920
14750,ok,1920
14751,ok,1908
14752,ok,1930
14753,unknown,
14754,ok,1899
14755,ok,1933
14756,ok,1943
14757,recent,
14758,unknown,
14759,unknown,
14760,unknown,
14761,ok,1910
14762,ok,1897
14763,ok,1945
14764,recent,
14766,ok,1873
14767,unknown,
14769,unknown,
14770,unknown,
14771,ok,1905
14772,unknown,
14776,unknown,
14777,ok,1954
14778,unknown,
14779,ok,1903
14780,ok,1805
14781,unknown,
14782,recent,
14783,recent,
14784,ok,1936
14785,ok,1946
14786,ok,1946
14787,unknown,
14788,ok,1921
14789,unknown,
14790,ok,1893
14791,ok,1874
14792,ok,1882
14793,ok,1893
14797,ok,1943
14798,unknown,
14799,ok,1896
14800,recent,
14803,ok,1896
14804,ok,1900
14805,ok,1905
14806,ok,1905
14808,unknown,
14809,unknown,
14810,ok,1905
14811,ok,1924
14812,ok,1911
14813,ok,1923
14814,ok,1943
14815,ok,1916
14817,ok,1944
14818,ok,1928
14820,ok,1907
14821,ok,1917
14823,ok,1927
14824,unknown,
14825,ok,1922
14827,ok,1874
14828,ok,1897
14829,unknown,
14831,ok,1899
14832,ok,1941
14833,ok,1884
14834,ok,1929
14835,ok,1942
14836,ok,1887
14837,ok,1943
14838,ok,1943
14841,ok,1852
14842,unknown,
14910,ok,1909
14843,ok,1954
14844,ok,1930
14845,unknown,
14846,unknown,
14848,ok,1943
14849,recent,
14851,ok,1873
14852,ok,1933
14853,ok,1928
14854,ok,1952
14855,ok,1917
14856,unknown,
14857,unknown,
14858,ok,1943
14859,recent,
14860,ok,1916
14863,ok,1924
14865,ok,1840
14866,ok,1947
14867,ok,1908
14868,ok,1943
14869,ok,1908
14870,ok,1939
14871,unknown,
14872,ok,1943
14873,ok,1889
14874,ok,1909
14875,ok,1909
14876,ok,1919
14877,ok,1943
14911,ok,1898
14878,unknown,
14879,unknown,
14880,ok,1873
14881,ok,1905
14882,ok,1939
14883,ok,1909
14884,ok,1953
14885,ok,1925
14886,ok,1922
14887,ok,1950
14888,ok,1939
14889,unknown,
14890,ok,1919
14891,ok,1919
14892,ok,1893
14893,ok,1932
14895,ok,1921
14896,ok,1912
14897,unknown,
14898,unknown,
14899,unknown,
14900,ok,1937
14901,unknown,
14902,ok,1885
14903,ok,1903
14905,ok,1645
14906,ok,1909
14907,ok,1933
14908,ok,1892
14909,ok,1909
18271,ok,1870
14912,ok,1794
14913,ok,1680
14914,ok,1860
14916,ok,1916
14917,ok,1928
14918,ok,1881
14919,unknown,
14920,unknown,
14921,unknown,
14922,unknown,
14923,unknown,
14924,unknown,
14925,unknown,
14926,unknown,
14927,unknown,
14928,unknown,
14929,unknown,
14930,unknown,
14931,unknown,
14932,unknown,
14933,unknown,
14934,unknown,
14935,unknown,
14936,unknown,
14937,unknown,
14938,unknown,
14939,unknown,
14940,unknown,
14941,unknown,
14942,unknown,
14943,recent,
14945,ok,1927
14946,ok,1924
14947,ok,1832
14948,ok,1923
14951,ok,1938
14952,ok,1948
14953,ok,1951
14954,unknown,
14955,ok,1870
14957,recent,
14958,recent,
14959,ok,1944
14960,ok,1946
14961,ok,1937
14963,ok,1884
14964,ok,1899
14965,unknown,
14966,unknown,
14967,ok,1915
14968,ok,1919
14969,ok,1948
14970,ok,1926
14971,ok,1930
14972,ok,1926
14973,recent,
14974,unknown,
14975,ok,1931
14976,ok,1931
14977,ok,1931
14978,ok,1892
14979,unknown,
14980,recent,
14981,ok,1911
14984,ok,1813
14985,ok,1924
14986,ok,1867
14987,unknown,
14988,ok,1891
14989,unknown,
14990,unknown,
14991,unknown,
14992,ok,1935
14993,ok,1899
14994,ok,1912
14996,ok,1946
14998,unknown,
14999,ok,1623
15000,ok,1952
15001,ok,1939
15002,ok,1897
15003,ok,1947
15004,ok,1914
15005,recent,
15006,ok,1912
15007,recent,
15011,ok,1926
15012,unknown,
15013,ok,1939
15014,ok,1933
15015,ok,1947
15016,unknown,
15017,ok,1805
15018,unknown,
15019,unknown,
15020,unknown,
15021,unknown,
15022,ok,1939
15025,ok,1947
15026,unknown,
15029,ok,1944
15030,ok,1943
15031,ok,1832
15032,ok,1874
15033,recent,
15034,ok,1833
15035,unknown,
15036,ok,1891
15040,ok,1873
15041,recent,
18640,ok,1882
15042,ok,1773
15043,ok,1797
15044,ok,1947
15045,ok,1884
15049,unknown,
15050,unknown,
15051,unknown,
15052,unknown,
15053,recent,
15055,ok,1919
15057,ok,1874
15058,ok,1874
15059,ok,1874
15060,ok,1889
15063,ok,1931
15064,unknown,
15065,unknown,
15067,ok,1927
15069,ok,1930
15071,ok,1874
15072,ok,1942
15073,ok,1939
15074,recent,
15075,ok,1922
15076,ok,1922
15077,ok,1943
15078,ok,1912
15079,ok,1916
15080,unknown,
15081,ok,1856
15174,ok,1917
15082,ok,1941
15084,ok,1943
15086,ok,1922
15087,unknown,
15088,ok,1900
15089,ok,1916
15091,unknown,
15092,unknown,
15093,ok,1924
15094,ok,1942
15095,ok,1917
15096,ok,1908
15097,ok,1784
15098,ok,1923
15099,ok,1902
15100,ok,1814
15101,ok,1947
15102,ok,1685
15103,ok,1926
15106,unknown,
15107,ok,1873
15108,ok,1902
15109,ok,1931
15110,ok,1937
15111,unknown,
15112,ok,1896
15113,ok,1892
15144,unknown,
15114,ok,1864
15116,ok,1947
15117,ok,1877
15118,ok,1879
15119,ok,1903
15120,recent,
15121,unknown,
15122,ok,1931
15123,ok,1917
15124,ok,1894
15125,ok,1916
15126,ok,1898
15127,unknown,
15128,ok,1918
15130,ok,1870
15131,ok,1917
15132,ok,1884
15133,unknown,
15134,ok,1947
15135,ok,1954
15137,ok,1943
15138,ok,1947
15140,recent,
15141,ok,1922
15142,unknown,
15143,recent,
15145,unknown,
15146,ok,1871
15147,ok,1865
15148,ok,1943
15149,ok,1914
15150,ok,1927
15151,ok,1883
15152,ok,1888
15153,ok,1939
15154,ok,1916
15155,ok,1937
15156,ok,1945
15157,ok,1939
15158,unknown,
15159,ok,1923
15160,recent,
15161,ok,1883
15162,ok,1948
15164,ok,1916
15165,ok,1931
15166,unknown,
15167,recent,
15168,recent,
15169,unknown,
15170,recent,
15171,ok,1845
15172,ok,1845
15173,ok,1943
15175,ok,1950
15176,ok,1895
15177,recent,
15179,ok,1917
15180,ok,1942
15181,ok,1884
15182,ok,1884
15183,ok,1884
15184,ok,1939
15185,ok,1936
15186,unknown,
15187,ok,1909
15188,unknown,
15189,ok,1938
15190,ok,1786
15191,ok,1897
15192,ok,1902
15193,unknown,
15194,recent,
15195,ok,1924
15196,unknown,
15197,unknown,
15198,ok,1797
15199,ok,1680
15200,recent,
15202,ok,1916
15203,ok,1905
15204,ok,1918
15205,ok,1920
15207,ok,1920
15208,ok,1870
15209,unknown,
15210,recent,
15211,unknown,
15212,unknown,
15214,ok,1881
15216,unknown,
15218,ok,1936
15219,ok,1921
15220,ok,1931
15221,ok,1935
15222,ok,1937
15223,ok,1909
15224,ok,1948
15225,ok,1950
15226,ok,1876
15227,unknown,
15228,ok,1944
15229,ok,1920
15230,ok,1942
15231,unknown,
15232,unknown,
15233,ok,1842
15234,ok,1943
15295,ok,1857
15235,ok,1876
15237,unknown,
15238,ok,1851
15239,ok,1876
15240,ok,1907
15241,unknown,
15242,ok,1941
15243,ok,1924
15244,ok,1912
15245,ok,1867
15246,ok,1937
15247,ok,1921
15248,recent,
15249,ok,1954
15250,ok,1954
15251,ok,1892
15252,ok,1933
15253,ok,1895
15254,ok,1866
15255,ok,1931
15256,ok,1954
15257,ok,1922
15258,ok,1908
15259,ok,1941
15260,ok,1846
15261,ok,1846
15262,unknown,
15296,ok,1857
15297,ok,1921
15263,ok,1902
15265,recent,
15266,ok,1933
15267,ok,1912
15268,ok,1929
15269,ok,1877
15270,unknown,
15271,ok,1850
15272,ok,1943
15274,ok,1947
15275,ok,1907
15276,ok,1916
15277,ok,1916
15278,ok,1935
15279,ok,1809
15280,recent,
15281,recent,
15282,recent,
15283,ok,1933
15284,ok,1943
15285,ok,1919
15286,ok,1822
15287,ok,1876
15288,ok,1922
15289,ok,1871
15290,recent,
15293,ok,1932
15294,ok,1909
15298,recent,
15299,ok,1937
15300,ok,1937
15301,unknown,
15302,ok,1946
15303,ok,1874
15304,ok,1846
15305,ok,1841
15306,ok,1929
15307,unknown,
15308,unknown,
15310,ok,1892
15311,ok,1896
15312,ok,1874
15313,recent,
15315,ok,1900
15317,ok,1880
15319,ok,1877
15320,ok,1904
15321,ok,1907
15322,unknown,
15323,recent,
15324,ok,1908
15325,unknown,
15326,unknown,
15327,ok,1929
15328,ok,1882
15329,unknown,
15330,unknown,
15331,unknown,
15332,unknown,
15333,unknown,
15335,ok,1923
15336,ok,1875
15337,unknown,
15338,unknown,
15342,ok,1890
15343,ok,1920
15344,ok,1931
15345,unknown,
15348,ok,1894
15349,ok,1832
15350,ok,1923
15351,ok,1947
15352,unknown,
15353,ok,1937
15354,unknown,
15355,ok,1943
15356,ok,1932
15357,ok,1934
15358,unknown,
15359,recent,
15360,ok,1918
15361,ok,1908
15362,unknown,
15363,ok,1921
15364,ok,1923
15365,unknown,
15366,unknown,
15367,unknown,
15368,ok,1824
15369,ok,1916
15370,ok,1911
15371,ok,1715
15372,ok,1927
15373,unknown,
15374,unknown,
15375,ok,1930
15376,ok,1813
15377,unknown,
15378,ok,1909
15379,unknown,
15380,ok,1927
15381,ok,1945
15382,ok,1948
15383,ok,1916
15384,ok,1932
15385,ok,1925
15386,unknown,
15387,ok,1864
15388,ok,1876
15389,ok,1885
15390,unknown,
15422,ok,1891
15391,ok,1943
15392,ok,1943
15393,ok,1943
15394,ok,1943
15396,ok,1946
15397,ok,1876
15398,ok,1854
15399,ok,1797
15400,ok,1893
15401,ok,1910
15402,ok,1932
15404,unknown,
15405,unknown,
15406,ok,1948
15407,unknown,
15408,ok,1946
15409,ok,1771
15410,ok,1897
15411,ok,1817
15412,ok,1925
15413,unknown,
15414,ok,1924
15415,recent,
15416,recent,
15417,unknown,
15419,ok,1920
15420,recent,
15424,ok,1905
15425,ok,1813
15426,unknown,
15427,unknown,
15428,unknown,
15429,ok,1933
15430,ok,1953
15431,recent,
15432,recent,
15433,ok,1874
15434,ok,1911
15435,ok,1942
15436,unknown,
15437,ok,1805
15438,ok,1943
15439,unknown,
15441,unknown,
15442,unknown,
15443,recent,
15444,ok,1948
15445,ok,1939
15446,ok,1928
19029,recent,
15447,ok,1926
15448,ok,1924
15449,ok,1910
15450,ok,1950
15451,unknown,
15452,unknown,
15453,unknown,
15454,ok,1933
15455,ok,1756
15456,ok,1896
15457,unknown,
15458,ok,1917
15459,ok,1878
15460,unknown,
15461,recent,
15462,ok,1918
15463,ok,1866
15464,unknown,
15465,unknown,
15466,ok,1945
15467,unknown,
15468,ok,1881
15469,ok,1805
15470,ok,1909
15471,unknown,
15472,ok,1938
15473,recent,
15474,unknown,
15475,unknown,
15476,unknown,
15477,unknown,
15478,unknown,
15479,unknown,
15480,unknown,
15481,unknown,
15482,recent,
15483,ok,1856
15484,ok,1924
15485,ok,1878
15486,ok,1911
15487,ok,1935
15488,ok,1936
15489,ok,1939
15490,unknown,
15491,ok,1703
15493,ok,1882
15494,unknown,
15495,ok,1923
15496,ok,1936
15498,ok,1892
15502,ok,1943
15503,ok,1954
15504,ok,1942
15506,ok,1906
15507,unknown,
15508,ok,1931
15509,ok,1944
15510,ok,1835
15511,ok,1948
15512,unknown,
15516,ok,1928
15517,ok,1706
15518,unknown,
15519,ok,1890
15520,ok,1947
15521,recent,
15522,ok,1936
15523,ok,1952
15524,ok,1938
15525,ok,1913
15526,ok,1931
15527,recent,
15528,ok,1949
15529,ok,1936
15530,ok,1939
15532,unknown,
15533,ok,1880
15534,ok,1950
15535,ok,1932
15536,unknown,
15537,ok,1922
15538,ok,1921
15539,unknown,
15540,ok,1897
15541,ok,1906
15542,ok,1954
15543,ok,1900
15544,unknown,
15545,ok,1933
15546,ok,1900
15547,ok,1954
15549,unknown,
15550,ok,1942
15551,unknown,
15552,recent,
15553,ok,1905
15554,ok,1927
15555,unknown,
15556,ok,1820
15557,ok,1938
15558,ok,1927
15560,ok,1916
15561,unknown,
15562,ok,1909
15563,ok,1877
15592,ok,1885
15564,ok,1939
15565,ok,1944
15566,recent,
15567,ok,1762
15568,ok,1916
15569,ok,1921
15570,ok,1942
15571,ok,1932
15572,ok,1922
15573,ok,1945
15574,ok,1870
15575,ok,1943
15576,unknown,
15577,ok,1925
15578,ok,1942
15579,ok,1873
15580,ok,1939
15581,ok,1841
15583,ok,1904
15584,ok,1876
15585,ok,1911
15586,ok,1929
15587,ok,1898
15588,unknown,
15589,ok,1898
15590,ok,1934
15591,ok,1932
15593,ok,1888
15594,unknown,
15595,recent,
15596,ok,1934
15597,ok,1902
15598,unknown,
15599,ok,1914
15600,ok,1946
15601,unknown,
15602,ok,1872
15603,ok,1945
15604,ok,1928
15605,unknown,
15606,ok,1785
15607,ok,1907
15608,ok,1950
15609,unknown,
15610,ok,1951
15612,ok,1939
15613,unknown,
15614,ok,1932
15615,unknown,
15616,ok,1925
15617,unknown,
15618,ok,1870
15619,unknown,
15620,ok,1912
15621,unknown,
15622,unknown,
15623,ok,1933
15625,ok,1940
15626,ok,1889
15627,ok,1887
15629,ok,1933
15630,ok,1923
15631,unknown,
15634,unknown,
15635,ok,1874
15636,ok,1919
15638,unknown,
15639,unknown,
15640,unknown,
15641,unknown,
15642,ok,1866
15644,unknown,
15645,ok,1897
15646,ok,1905
15647,unknown,
15648,ok,1934
15649,ok,1705
15650,unknown,
15651,ok,1924
19069,ok,1932
15652,ok,1919
15653,unknown,
15654,ok,1933
15655,unknown,
15656,recent,
15657,unknown,
15658,ok,1952
15659,ok,1930
15660,recent,
15661,ok,1940
15662,ok,1821
15663,ok,1909
15664,ok,1911
15665,ok,1921
15666,unknown,
15667,ok,1934
15670,ok,1932
15671,ok,1932
15672,ok,1873
15673,ok,1939
15675,ok,1715
15677,unknown,
15678,ok,1915
15679,ok,1797
15681,ok,1925
15683,unknown,
15684,unknown,
15685,ok,1715
15686,ok,1888
15687,ok,1939
15688,unknown,
15689,ok,1894
15691,ok,1935
15693,ok,1902
15694,ok,1930
15695,ok,1930
15696,ok,1860
15697,ok,1864
15698,unknown,
15699,unknown,
15700,ok,1797
15701,ok,1797
15702,ok,1797
15704,ok,1945
15705,ok,1926
15706,ok,1953
15707,ok,1802
15708,unknown,
15709,ok,1927
15710,ok,1944
15712,ok,1931
15713,ok,1938
15714,ok,1951
15715,ok,1941
15716,unknown,
15717,ok,1931
15718,ok,1935
15720,unknown,
15721,ok,1941
19169,unknown,
15722,ok,1946
15723,ok,1930
15725,recent,
15726,unknown,
15727,ok,1901
15728,recent,
15729,ok,1941
15730,recent,
15732,ok,1875
15733,ok,1905
15735,ok,1891
15737,recent,
15738,recent,
15739,ok,1645
15740,unknown,
15741,ok,1931
15742,unknown,
15743,ok,1939
15744,ok,1934
15745,unknown,
15746,ok,1930
15747,unknown,
15749,ok,1914
15750,ok,1950
15751,unknown,
15752,ok,1909
15755,ok,1912
15758,recent,
15759,ok,1944
20480,ok,1936
15760,ok,1919
15762,ok,1916
15763,ok,1928
15766,ok,1882
15767,ok,1919
15768,recent,
15769,ok,1932
15770,recent,
15771,ok,1946
15772,unknown,
15773,unknown,
15774,ok,1899
15775,ok,1913
15776,ok,1946
15777,ok,1781
15778,ok,1914
15779,recent,
15780,ok,1943
15781,recent,
15782,unknown,
15784,ok,1727
15785,unknown,
15788,ok,1946
15789,unknown,
15790,unknown,
15792,ok,1884
15793,ok,1932
15794,recent,
15795,ok,1930
15796,ok,1936
15797,ok,1939
15798,ok,1905
15799,ok,1910
15800,ok,1934
15801,ok,1931
15802,unknown,
15803,ok,1943
15804,ok,1778
15805,ok,1830
15807,ok,1912
15808,ok,1914
15809,ok,1901
15810,ok,1933
15811,ok,1871
15812,ok,1915
15815,ok,1920
15816,ok,1887
15817,ok,1924
15818,ok,1924
15819,unknown,
15820,unknown,
15822,ok,1887
15823,ok,1920
15824,ok,1900
15825,unknown,
15826,recent,
15827,unknown,
15828,unknown,
15829,ok,1894
15830,ok,1884
15831,ok,1937
15833,unknown,
15834,ok,1916
15835,ok,1692
15836,ok,1910
15837,ok,1940
15838,unknown,
15839,ok,1914
15840,unknown,
15841,ok,1941
15843,ok,1932
15844,ok,1927
15846,ok,1874
15847,ok,1874
15848,ok,1874
15849,ok,1874
15850,ok,1899
15851,ok,1945
15852,ok,1919
15853,unknown,
15854,ok,1926
15855,ok,1946
15856,unknown,
15857,ok,1818
15858,ok,1950
15859,ok,1891
15860,unknown,
15861,ok,1909
15862,ok,1916
15863,ok,1914
15864,unknown,
15865,ok,1944
15866,ok,1927
15867,ok,1931
15868,ok,1909
15869,ok,1781
15870,unknown,
15871,ok,1902
15872,ok,1882
15873,ok,1933
15874,ok,1936
15875,ok,1880
15876,unknown,
15877,ok,1879
15878,ok,1850
15879,ok,1916
15880,unknown,
15881,ok,1925
15882,ok,1920
15883,unknown,
15884,ok,1914
15885,ok,1875
15886,ok,1906
15887,unknown,
15888,recent,
15889,unknown,
15892,ok,1914
15893,ok,1946
15894,ok,1936
15895,ok,1885
15896,ok,1921
15899,ok,1913
15900,ok,1922
15901,ok,1809
15902,recent,
15903,unknown,
15904,ok,1930
15905,ok,1895
15906,ok,1936
15907,ok,1831
15909,unknown,
15910,ok,1695
15911,ok,1863
15912,unknown,
15913,unknown,
15914,unknown,
15915,ok,1909
15916,unknown,
15917,unknown,
15918,unknown,
15919,unknown,
15951,ok,1913
15920,ok,1897
15921,ok,1946
15922,unknown,
15923,ok,1932
15924,unknown,
15925,unknown,
15926,unknown,
15927,ok,1945
15928,unknown,
15929,ok,1941
15930,recent,
15931,ok,1926
15932,ok,1934
15933,ok,1931
15934,unknown,
15935,unknown,
15936,ok,1933
15937,recent,
15938,ok,1869
15939,unknown,
15940,ok,1940
15941,recent,
15942,ok,1874
15943,ok,1920
15944,unknown,
15945,unknown,
15946,ok,1951
15947,ok,1900
15948,ok,1896
15950,ok,1952
15953,recent,
15954,recent,
15955,ok,1912
15956,ok,1880
15957,unknown,
15958,ok,1932
15960,ok,1881
15961,ok,1881
15962,ok,1850
15963,ok,1882
15964,ok,1925
15965,ok,1946
15966,ok,1922
15968,ok,1828
15970,unknown,
15971,ok,1938
15972,ok,1915
15973,unknown,
15976,ok,1936
15977,ok,1899
15978,ok,1933
15979,ok,1938
15982,unknown,
15983,recent,
15984,ok,1900
15985,ok,1909
15986,ok,1890
15989,ok,1905
15991,ok,1848
15992,ok,1914
15994,ok,1928
15996,unknown,
15997,recent,
15998,recent,
15999,unknown,
16000,ok,1944
16001,ok,1869
16002,ok,1869
16003,ok,1869
16004,ok,1869
16005,ok,1869
16006,ok,1869
16007,ok,1869
16008,ok,1869
16009,ok,1869
16010,ok,1869
16011,ok,1869
16012,ok,1869
16013,ok,1869
16014,ok,1869
16015,ok,1869
16016,ok,1869
16017,ok,1869
16081,ok,1851
16018,ok,1869
16019,ok,1869
16020,ok,1892
16021,ok,1870
16022,ok,1877
16023,ok,1870
16024,unknown,
16025,unknown,
16026,ok,1947
16027,ok,1898
16028,unknown,
16029,unknown,
16030,unknown,
16031,unknown,
16032,unknown,
16033,unknown,
16035,unknown,
16036,unknown,
16037,ok,1919
16038,ok,1919
16039,ok,1899
16040,recent,
16041,ok,1932
16042,ok,1937
16186,ok,1897
16044,ok,1772
16046,recent,
16047,ok,1904
16048,ok,1939
16049,unknown,
16050,ok,1895
16051,ok,1932
16052,ok,1885
16053,ok,1897
16054,recent,
16055,ok,1932
16056,unknown,
16057,unknown,
16058,ok,1934
16059,recent,
16060,unknown,
16064,ok,1949
16065,unknown,
16066,ok,1883
16067,ok,1883
16070,ok,1877
16073,ok,1885
16074,ok,1952
16076,ok,1944
16077,ok,1943
16078,recent,
16079,ok,1898
16080,ok,1909
16083,unknown,
16084,unknown,
16085,ok,1905
16086,ok,1939
16087,unknown,
16088,ok,1948
16089,ok,1920
16090,ok,1916
16091,unknown,
16092,ok,1929
16093,ok,1948
16094,ok,1899
16095,unknown,
16096,ok,1902
16097,ok,1922
16098,unknown,
16099,ok,1909
16100,ok,1909
16101,recent,
16103,unknown,
16104,unknown,
16106,ok,1926
16107,unknown,
16108,ok,1924
16109,recent,
16222,ok,1919
16112,unknown,
16113,unknown,
16114,ok,1882
16115,recent,
16116,unknown,
16118,unknown,
16119,recent,
16121,ok,1885
16123,unknown,
16124,unknown,
16125,recent,
16126,ok,1914
16127,unknown,
16128,ok,1874
16129,ok,1901
16130,unknown,
16131,ok,1936
16133,ok,1939
16134,ok,1933
16135,ok,1943
16136,ok,1895
16137,ok,1897
16138,ok,1907
16224,ok,1847
16139,unknown,
16140,ok,1927
16141,unknown,
16142,recent,
16143,ok,1913
16144,unknown,
16145,ok,1898
16146,ok,1850
16147,unknown,
16148,ok,1923
16150,ok,1907
16151,unknown,
16152,unknown,
16153,unknown,
16154,unknown,
16155,ok,1918
16156,ok,1943
16158,ok,1939
16159,unknown,
16160,ok,1934
16161,ok,1902
16162,ok,1902
16163,ok,1902
16164,ok,1902
16165,ok,1902
16166,ok,1902
16167,ok,1902
16168,unknown,
16169,ok,1593
16170,ok,1872
16171,unknown,
16172,unknown,
16173,unknown,
16174,recent,
16175,unknown,
16176,unknown,
16177,unknown,
16178,ok,1924
16179,unknown,
16180,ok,1903
16181,unknown,
16182,ok,1889
16183,ok,1933
16184,unknown,
16185,unknown,
16191,unknown,
16192,unknown,
16193,unknown,
16194,ok,1944
16195,ok,1906
16196,ok,1913
16197,ok,1944
16198,ok,1909
16199,ok,1836
16200,unknown,
16202,unknown,
16203,ok,1939
16204,unknown,
16205,ok,1850
16206,ok,1850
16207,ok,1872
16208,ok,1832
16209,ok,1946
16210,ok,1906
16213,unknown,
16215,ok,1882
16216,unknown,
16217,ok,1898
16220,ok,1868
16221,ok,1935
16225,unknown,
16226,ok,1888
16227,ok,1865
16228,unknown,
16229,ok,1933
16230,ok,1917
16231,ok,1930
16232,unknown,
16233,recent,
16234,ok,1878
16235,unknown,
16236,ok,1851
16237,ok,1862
16238,ok,1855
16239,ok,1870
16240,ok,1870
16241,unknown,
16242,ok,1925
16243,ok,1886
16244,ok,1881
16245,ok,1827
16246,ok,1536
16247,ok,1916
16248,ok,1936
16249,ok,1952
16250,ok,1883
16252,ok,1952
16253,unknown,
16254,ok,1936
16255,ok,1913
16256,recent,
16257,ok,1916
16258,ok,1919
16259,ok,1919
16260,ok,1851
16261,ok,1904
16263,unknown,
16265,ok,1916
16266,ok,1916
16267,unknown,
16268,ok,1924
16269,ok,1934
16270,unknown,
16271,unknown,
16272,unknown,
16273,unknown,
16274,ok,1876
16275,unknown,
16276,ok,1814
16277,recent,
16281,unknown,
16282,ok,1945
16283,ok,1934
16285,ok,1927
16286,ok,1876
16287,ok,1910
16288,ok,1914
16289,ok,1944
16290,ok,1946
16291,ok,1933
16292,ok,1797
16293,unknown,
16294,ok,1935
16295,unknown,
16296,ok,1886
16297,ok,1939
16298,ok,1922
16299,unknown,
16300,ok,1789
16303,ok,1870
16305,ok,1927
16306,ok,1921
16307,ok,1911
16308,ok,1904
16309,ok,1914
16310,ok,1916
16316,unknown,
16317,ok,1955
16320,ok,1915
16321,ok,1905
16542,ok,1915
16322,ok,1944
16323,unknown,
16324,ok,1951
16325,ok,1899
16327,ok,1862
16328,ok,1928
16329,ok,1906
16330,unknown,
16331,unknown,
16332,ok,1901
16334,ok,1945
16335,recent,
16336,ok,1905
16337,ok,1907
16338,ok,1912
16339,ok,1908
16340,ok,1951
16341,ok,1878
16342,ok,1950
16343,unknown,
16344,ok,1909
16345,unknown,
16346,recent,
16347,ok,1885
16348,ok,1952
16349,ok,1903
16350,ok,1881
16351,ok,1928
16682,ok,1920
16352,unknown,
16353,unknown,
16354,unknown,
16355,recent,
16356,ok,1860
16357,ok,1797
16358,ok,1903
16359,ok,1921
16360,unknown,
16361,unknown,
16362,ok,1938
16363,unknown,
16364,unknown,
16366,ok,1917
16367,ok,1876
16368,ok,1921
16369,ok,1954
16370,unknown,
16371,unknown,
16373,recent,
16375,ok,1914
16376,ok,1949
16377,ok,1874
16378,ok,1882
16379,recent,
16380,ok,1939
16381,ok,1948
16382,unknown,
16383,ok,1906
16387,ok,1849
16388,unknown,
16389,ok,1941
16390,ok,1906
16394,unknown,
16396,ok,1916
16397,recent,
16398,ok,1923
16399,ok,1913
16401,unknown,
16402,ok,1832
16403,ok,1890
16404,unknown,
16405,ok,1931
16406,ok,1925
16407,unknown,
16408,ok,1926
16409,unknown,
16410,ok,1939
16412,ok,1928
16414,ok,1923
16415,unknown,
16416,ok,1941
16417,unknown,
16418,ok,1951
16419,ok,1898
16420,ok,1590
16421,ok,1895
16422,ok,1892
16423,ok,1640
16424,ok,1954
16426,ok,1922
16427,ok,1948
16430,unknown,
16431,ok,1916
16432,unknown,
16433,ok,1953
16434,unknown,
16435,recent,
16436,ok,1918
16437,unknown,
16438,ok,1925
16440,ok,1952
16441,unknown,
16442,recent,
16444,ok,1929
16445,ok,1821
16447,recent,
16448,ok,1927
16449,ok,1916
16450,recent,
16451,ok,1939
16452,ok,1858
16453,ok,1919
16454,ok,1921
16455,ok,1942
16456,ok,1832
16457,ok,1911
16458,unknown,
16459,ok,1939
16460,unknown,
16461,unknown,
16462,ok,1918
16463,ok,1949
16464,ok,1951
16465,ok,1923
16466,ok,1905
16467,unknown,
16468,ok,1930
16469,ok,1758
16470,recent,
16471,ok,1813
16472,ok,1916
16473,ok,1943
16474,ok,1895
16475,unknown,
16476,ok,1930
16477,recent,
16478,ok,1893
16479,ok,1950
16480,ok,1897
16485,ok,1792
16486,unknown,
16487,ok,1917
16488,ok,1939
16491,ok,1950
16492,ok,1921
16493,ok,1909
16494,ok,1931
16495,ok,1947
16496,ok,1580
16497,ok,1948
16498,unknown,
16499,ok,1908
16500,recent,
16501,ok,1939
16502,ok,1947
16503,ok,1875
16504,ok,1893
16505,ok,1945
16506,recent,
16507,unknown,
16508,recent,
16509,unknown,
16510,ok,1926
16511,ok,1580
16512,ok,1860
16513,ok,1940
16514,ok,1923
16515,unknown,
16516,ok,1882
16517,recent,
16518,ok,1925
16519,ok,1919
16520,unknown,
16521,recent,
16522,unknown,
16523,ok,1892
16524,unknown,
16525,ok,1905
16526,recent,
16528,ok,1914
16529,ok,1930
16530,ok,1945
16531,ok,1910
16532,recent,
16534,ok,1923
16535,ok,1914
16536,ok,1580
16537,ok,1916
16538,ok,1931
16539,ok,1955
16540,ok,1885
16541,recent,
16544,unknown,
16545,ok,1879
16546,ok,1931
16547,unknown,
16548,ok,1852
16549,ok,1852
16550,ok,1899
16551,ok,1931
16552,ok,1951
16553,recent,
16554,ok,1936
16555,ok,1580
16556,ok,1936
16557,ok,1933
16558,ok,1933
16559,ok,1916
16560,ok,1859
16563,unknown,
16564,recent,
16565,ok,1838
16566,ok,1919
16567,ok,1919
16568,ok,1906
16570,ok,1852
16572,ok,1910
16573,ok,1930
16574,ok,1889
16575,ok,1823
16576,unknown,
16577,ok,1944
16578,ok,1936
16579,ok,1944
16580,unknown,
16581,ok,1892
16583,recent,
16585,ok,1948
16586,ok,1932
16587,ok,1922
16588,recent,
16589,ok,1946
16591,ok,1910
16592,unknown,
16593,unknown,
16594,ok,1925
16595,ok,1944
16596,ok,1939
16597,ok,1942
16598,unknown,
16599,ok,1954
16600,ok,1941
16601,ok,1912
16602,ok,1914
16603,ok,1941
16604,ok,1944
16605,unknown,
16606,unknown,
16607,unknown,
16608,ok,1911
16609,ok,1852
16610,ok,1580
16611,unknown,
16612,recent,
16613,recent,
16614,ok,1933
16615,ok,1935
16616,ok,1935
16617,ok,1580
16619,unknown,
16622,ok,1931
16623,unknown,
16624,ok,1910
16626,recent,
16627,ok,1913
16628,unknown,
16629,ok,1911
16630,ok,1930
16631,ok,1935
16632,recent,
16634,ok,1934
16635,ok,1909
16636,recent,
16637,recent,
16638,unknown,
16639,recent,
16640,unknown,
16643,ok,1952
16644,ok,1937
16645,ok,1853
16646,ok,1952
16647,ok,1936
16648,ok,1912
16649,ok,1933
16650,unknown,
16651,ok,1939
16653,ok,1936
16654,ok,1932
16655,ok,1919
16657,ok,1951
16658,ok,1915
16659,unknown,
16660,ok,1952
16661,ok,1938
16662,ok,1907
16663,ok,1949
16664,ok,1915
16666,ok,1941
16667,ok,1901
16669,ok,1580
16671,unknown,
16672,ok,1896
16673,unknown,
16674,recent,
16675,unknown,
16676,unknown,
16677,ok,1947
16679,ok,1939
16680,unknown,
16681,unknown,
16684,unknown,
16685,recent,
16686,ok,1885
16688,ok,1860
16690,unknown,
16691,ok,1946
16692,ok,1943
16693,recent,
16695,ok,1922
16697,ok,1892
16698,ok,1948
16699,ok,1948
16700,ok,1902
16702,unknown,
16703,ok,1952
16704,ok,1936
16705,ok,1938
16706,recent,
16707,unknown,
16709,ok,1908
16710,ok,1874
16711,ok,1909
16712,ok,1952
16713,ok,1930
16714,ok,1948
16715,ok,1952
16716,ok,1932
16717,unknown,
16719,ok,1928
16720,ok,1909
16721,unknown,
16722,ok,1950
16724,ok,1800
16726,ok,1951
16727,unknown,
16728,unknown,
16729,ok,1895
16730,ok,1933
16731,recent,
16732,ok,1905
16733,ok,1930
16734,ok,1910
16735,ok,1914
16736,ok,1916
16737,unknown,
16738,ok,1580
16739,ok,1897
16740,unknown,
16741,ok,1887
16742,ok,1954
16743,ok,1886
16744,unknown,
16745,ok,1919
16746,ok,1929
16747,ok,1948
16748,ok,1580
16749,ok,1580
16750,ok,1924
16855,ok,1916
16751,ok,1873
16752,ok,1933
16753,ok,1632
16756,unknown,
16757,ok,1906
16758,ok,1869
16759,ok,1920
16760,ok,1580
16761,ok,1580
16762,ok,1580
16763,recent,
16764,unknown,
16765,unknown,
16766,ok,1949
16767,ok,1888
16768,ok,1836
16769,ok,1936
16770,ok,1912
16771,recent,
16772,recent,
16773,unknown,
16775,ok,1892
16776,ok,1919
16777,ok,1940
16778,ok,1910
16779,unknown,
16780,ok,1826
16781,ok,1875
16782,ok,1875
16783,ok,1875
16784,ok,1875
16785,ok,1924
16786,ok,1929
16787,ok,1912
16788,unknown,
16789,ok,1886
16790,ok,1899
16791,ok,1919
16792,unknown,
16793,recent,
16795,ok,1902
16796,ok,1902
16797,ok,1904
16798,ok,1887
16799,recent,
16800,ok,1922
16801,ok,1935
16802,unknown,
16803,ok,1940
16804,ok,1882
16805,ok,1916
16807,ok,1899
16808,ok,1944
16809,ok,1939
16810,ok,1928
16811,ok,1878
16812,ok,1923
16813,ok,1923
16814,ok,1923
16815,ok,1935
16816,unknown,
16817,ok,1871
16818,ok,1871
16819,ok,1871
16820,ok,1917
16821,ok,1894
16822,unknown,
16823,ok,1945
16824,ok,1904
16825,ok,1915
16826,ok,1905
16827,ok,1905
16828,ok,1843
16831,ok,1185
16833,ok,1873
16834,ok,1901
16835,ok,1946
16836,ok,1885
16839,ok,1939
16840,ok,1929
16844,unknown,
16845,ok,1910
16847,ok,1931
16848,ok,1897
16849,ok,1892
16850,ok,1930
16851,ok,1857
16852,ok,1902
16857,ok,1889
16858,ok,1927
16859,unknown,
16860,ok,1937
16861,ok,1917
16862,ok,1895
16863,unknown,
16864,ok,1890
16865,ok,1890
16866,ok,1877
16867,recent,
16868,ok,1932
16869,ok,1916
16870,ok,1946
16871,ok,1940
16872,ok,1902
16873,ok,1920
16874,ok,1886
16875,ok,1857
16876,ok,1857
16877,unknown,
16878,ok,1727
16879,ok,1939
16883,ok,1875
16884,ok,1907
16885,ok,1814
16886,ok,1915
16887,ok,1926
16888,ok,1915
16889,ok,1940
16890,ok,1944
20964,ok,1935
16891,ok,1875
16892,ok,1921
16894,ok,1931
16895,ok,1931
16896,ok,1933
16897,ok,1896
16898,ok,1944
16900,unknown,
16901,ok,1875
16902,ok,1896
16903,ok,1931
16904,ok,1931
16905,unknown,
16906,ok,1881
16907,ok,1920
16908,ok,1916
16909,recent,
16910,ok,1911
16911,ok,1891
16912,unknown,
16913,unknown,
16914,ok,1914
16915,ok,1914
16916,recent,
16917,recent,
16918,ok,1885
16919,ok,1917
16921,recent,
16923,unknown,
16924,unknown,
16925,ok,1933
16926,recent,
16927,recent,
16928,ok,1951
16929,ok,1933
16930,ok,1911
16931,ok,1926
16932,ok,1915
16933,ok,1916
16934,ok,1921
16935,ok,1945
16936,ok,1869
16937,ok,1923
16938,unknown,
16939,ok,1892
16940,ok,1892
16941,ok,1892
16942,ok,1932
16943,ok,1912
16945,recent,
16946,ok,1932
16947,ok,1902
16948,unknown,
16949,ok,1896
16950,ok,1894
16951,ok,1926
16953,unknown,
16954,ok,1921
16955,recent,
16956,unknown,
21758,ok,1894
16957,ok,1864
16958,ok,1883
16959,unknown,
16960,recent,
16962,ok,1831
16963,ok,1924
16964,unknown,
16965,unknown,
16966,ok,1935
16967,ok,1942
16968,ok,1949
16969,ok,1924
16971,ok,1946
16972,unknown,
16973,ok,1909
16974,unknown,
16975,ok,1932
16976,recent,
16977,unknown,
16978,ok,1938
16979,ok,1935
16981,recent,
16982,ok,1950
16983,ok,1892
16984,ok,1892
16985,ok,1892
16986,ok,1892
16987,ok,1946
16988,ok,1915
16989,ok,1870
16990,ok,1916
16991,recent,
16992,unknown,
16993,ok,1926
16994,ok,1792
16995,ok,1916
16996,ok,1905
16997,ok,1856
16998,ok,1946
16999,ok,1874
17000,unknown,
17001,ok,1938
17002,ok,1892
17003,ok,1930
17004,ok,1891
17006,ok,1860
17008,unknown,
17009,ok,1891
17010,ok,1927
17011,ok,1920
17012,ok,1890
17014,ok,1955
17048,ok,1943
22593,ok,1940
17016,ok,1940
17017,ok,1949
17018,ok,1949
17019,ok,1896
17020,ok,1937
17021,unknown,
17022,ok,1931
17024,ok,1896
17026,unknown,
17027,unknown,
17028,unknown,
17029,unknown,
17030,unknown,
17031,ok,1912
17032,ok,1844
17034,ok,1929
17037,ok,1883
17038,ok,1883
17039,ok,1941
17040,ok,1946
17041,ok,1929
17042,ok,1907
17043,ok,1954
17044,ok,1893
17045,ok,1931
17047,ok,1940
17049,ok,1913
17050,ok,1923
17051,unknown,
17052,unknown,
17053,ok,1902
17054,unknown,
17055,unknown,
17056,unknown,
17057,unknown,
17058,unknown,
17059,unknown,
17060,unknown,
17061,unknown,
17062,ok,1889
17063,ok,1946
17064,unknown,
17065,ok,1922
17066,ok,1954
17067,unknown,
17068,ok,1913
17069,ok,1885
17071,unknown,
17074,ok,1919
17075,unknown,
17081,ok,1861
17083,unknown,
17084,ok,1876
17085,ok,1945
17086,ok,1900
17087,ok,1928
17088,ok,1937
17089,ok,1943
17090,ok,1937
17091,ok,1937
17093,ok,1896
17094,ok,1931
17095,unknown,
17096,unknown,
17097,unknown,
17098,ok,1703
17099,unknown,
17100,ok,1942
17101,ok,1903
17102,ok,1774
17103,ok,1946
17104,ok,1924
17105,ok,1873
17106,ok,1886
17107,ok,1847
17108,ok,1941
17109,unknown,
17110,ok,1927
17111,ok,1941
17112,ok,1910
17113,unknown,
17115,unknown,
17117,ok,1774
17118,unknown,
17119,ok,1891
17120,ok,1888
17122,ok,1872
17123,ok,1896
17124,ok,1946
17125,recent,
17126,ok,1912
17128,recent,
17129,ok,1931
17131,ok,1942
17132,ok,1917
17133,ok,1931
17134,recent,
17135,ok,1863
17136,unknown,
17137,unknown,
17138,unknown,
17140,unknown,
17141,recent,
17144,recent,
17145,unknown,
17146,ok,1907
17147,recent,
17148,ok,1923
17149,ok,1929
17150,ok,1920
17184,ok,1920
17151,unknown,
17152,unknown,
17154,ok,1885
17155,ok,1914
17156,ok,1933
17157,ok,1942
17158,ok,1928
17159,ok,1940
17160,ok,1940
17162,unknown,
17163,unknown,
17164,ok,1851
17165,unknown,
17166,ok,1904
17167,unknown,
17168,ok,1902
17170,ok,1900
17171,unknown,
17172,ok,1879
17173,ok,1919
17174,ok,1939
17175,ok,1921
17176,ok,1931
17178,ok,1919
17180,unknown,
17181,ok,1940
17182,unknown,
17183,unknown,
17185,unknown,
17187,recent,
17188,ok,1902
17189,ok,1908
17190,recent,
17191,ok,1875
17192,ok,1908
17194,ok,1902
17195,ok,1915
17196,ok,1915
17197,ok,1946
17198,ok,1799
17199,unknown,
17200,ok,1927
17201,ok,1923
17202,recent,
17203,ok,1917
17204,ok,1851
17205,ok,1954
17206,ok,1918
17207,unknown,
17208,ok,1932
17209,ok,1620
17210,unknown,
17211,unknown,
17212,ok,1924
17213,ok,1922
17214,ok,1931
17215,ok,1938
17216,unknown,
17217,unknown,
17218,ok,1916
17220,unknown,
17221,ok,1731
17222,ok,1935
17224,ok,1888
17225,ok,1876
17226,ok,1924
17227,ok,1948
17228,ok,1888
17229,recent,
17230,ok,1938
17231,ok,1824
17232,ok,1824
17233,ok,1824
17234,ok,1824
17235,ok,1824
17236,ok,1824
17237,ok,1950
17238,ok,1896
17239,ok,1901
17240,ok,1897
17241,ok,1946
17242,ok,1883
17243,ok,1913
17558,ok,1889
17244,ok,1928
17245,unknown,
17246,ok,1928
17247,unknown,
17248,ok,1883
17249,ok,1923
17250,recent,
17251,ok,1876
17252,ok,1921
17253,ok,1916
17254,ok,1924
17255,ok,1940
17256,unknown,
17258,ok,1873
17259,ok,1950
17260,ok,1907
17261,ok,1848
17262,ok,1895
17263,ok,1944
17264,ok,1904
17265,ok,1888
17266,unknown,
17267,ok,1924
17268,unknown,
17269,ok,1923
17270,unknown,
17271,ok,1907
17272,ok,1946
17273,ok,1625
17274,ok,1929
17275,ok,1905
17276,unknown,
17277,unknown,
17278,ok,1910
17279,ok,1923
17280,ok,1943
17281,ok,1915
17282,ok,1915
17283,ok,1915
17284,ok,1911
17285,ok,1896
17286,ok,1902
17287,unknown,
17288,ok,1912
17289,unknown,
17290,ok,1885
17291,ok,1950
17292,recent,
17293,ok,1930
17294,unknown,
17296,unknown,
17297,ok,1928
17298,ok,1883
17299,ok,1929
17300,ok,1929
17301,ok,1946
17302,ok,1923
17559,ok,1914
17303,unknown,
17306,ok,1932
17307,recent,
17308,ok,1898
17309,ok,1892
17310,ok,1892
17311,ok,1919
17314,ok,1924
17315,recent,
17316,recent,
17318,ok,1951
17319,ok,1914
17320,ok,1917
17321,ok,1930
17322,ok,1933
17323,ok,1933
17324,ok,1933
17325,ok,1933
17326,ok,1933
17327,ok,1933
17328,ok,1933
17329,ok,1933
17330,ok,1950
17331,ok,1950
17332,ok,1950
17333,ok,1946
17407,ok,1895
17334,recent,
17335,ok,1886
17342,ok,1933
17343,ok,1900
17344,ok,1886
17345,ok,1924
17346,recent,
17347,ok,1909
17348,unknown,
17349,ok,1915
17350,recent,
17351,ok,1889
17352,unknown,
17353,ok,1875
17354,ok,1932
17355,recent,
17356,ok,1946
17357,ok,1930
17358,ok,1931
17359,ok,1932
17360,ok,1913
17361,unknown,
17363,ok,1929
17364,unknown,
17365,unknown,
17366,ok,1910
17367,ok,1943
17368,ok,1913
17369,unknown,
17370,ok,1933
17371,ok,1938
17372,ok,1868
17373,ok,1924
17374,unknown,
17375,ok,1893
17376,ok,1893
17377,ok,1893
17378,ok,1929
17381,ok,1947
17382,ok,1863
17384,ok,1955
17385,unknown,
17386,ok,1928
17387,ok,1941
17388,ok,1933
17389,ok,1929
17390,ok,1932
17391,ok,1932
17392,ok,1932
17393,ok,1942
17394,unknown,
17395,ok,1950
17396,ok,1924
17397,unknown,
17398,ok,1930
17399,ok,1889
17402,ok,1932
17403,ok,1902
17404,ok,1936
17405,recent,
17408,recent,
17409,unknown,
17411,ok,1797
17412,unknown,
17414,recent,
17415,ok,1947
17416,ok,1923
17417,ok,1939
17418,ok,1935
17419,ok,1913
17420,ok,1896
17421,ok,1809
17422,ok,1626
17423,unknown,
17424,ok,1876
17427,ok,1947
17428,ok,1930
17429,ok,1931
17433,recent,
17434,ok,1908
17435,unknown,
17436,ok,1902
17437,ok,1875
17438,unknown,
17439,unknown,
17440,ok,1729
17442,ok,1943
17444,ok,1922
17445,unknown,
17446,ok,1955
17448,ok,1946
17449,unknown,
17450,ok,1932
17451,ok,1894
17452,ok,1944
17453,ok,1924
17455,unknown,
17456,ok,1923
17457,ok,1893
17458,ok,1954
17459,unknown,
17460,ok,1900
17461,ok,1945
17462,ok,1945
17463,ok,1945
17464,ok,1945
17465,ok,1945
17466,unknown,
17467,ok,1854
17469,recent,
17470,ok,1944
17471,unknown,
17472,ok,1915
17474,ok,1923
17475,ok,1930
17476,ok,1953
17477,ok,1942
17478,ok,1930
17512,unknown,
17480,unknown,
17481,recent,
17483,ok,1898
17485,unknown,
17487,unknown,
17488,unknown,
17489,ok,1885
17490,ok,1894
17492,unknown,
17493,ok,1885
17494,ok,1885
17495,recent,
17496,ok,1909
17497,ok,1931
17498,ok,1913
17499,unknown,
17500,ok,1928
17501,ok,1891
17502,ok,1955
17504,ok,1915
17505,ok,1896
17506,ok,1914
17507,ok,1941
17508,ok,1946
17509,ok,1901
17510,recent,
17511,ok,1941
17513,unknown,
17514,ok,1934
17516,ok,1902
17517,ok,1902
17518,ok,1885
17519,ok,1885
17520,ok,1762
17521,ok,1952
17522,ok,1903
17530,recent,
17531,ok,1799
17532,ok,1904
17533,ok,1902
17535,recent,
17536,unknown,
17538,ok,1924
17540,ok,1891
17541,ok,1915
17542,ok,1915
17543,unknown,
17545,ok,1895
17546,ok,1902
17547,ok,1942
17548,ok,1754
17550,ok,1897
17551,ok,1931
17552,ok,1910
17553,ok,1902
17555,ok,1803
17556,ok,1940
17557,ok,1902
17560,ok,1930
17561,ok,1953
17562,unknown,
17563,ok,1944
17564,ok,1930
17565,ok,1870
17566,ok,1930
17567,ok,1921
17568,unknown,
17569,unknown,
17570,ok,1923
17571,ok,1907
17572,ok,1914
17573,ok,1908
17574,ok,1894
17575,ok,1930
17576,ok,1905
17577,ok,1914
17578,ok,1872
17579,ok,1854
17581,ok,1953
17582,ok,1902
17584,ok,1916
17585,ok,1944
17587,recent,
17588,ok,1938
17589,ok,1876
17590,ok,1915
17592,ok,1828
17594,ok,1887
17595,ok,1853
17596,unknown,
17597,ok,1909
17598,ok,1923
17601,ok,1918
17602,ok,1849
17603,unknown,
17604,unknown,
17605,ok,1915
17606,ok,1908
17607,ok,1889
17608,ok,1945
17609,unknown,
17611,ok,1274
17612,ok,1910
17613,unknown,
17614,ok,1923
17615,ok,1925
17616,ok,1905
17617,ok,1898
17618,ok,1911
17619,ok,1947
17620,ok,1924
17621,ok,1924
17623,ok,1889
17624,ok,1847
17732,ok,1924
17625,recent,
17626,ok,1895
17627,ok,1914
17629,unknown,
17630,ok,1895
17631,ok,1924
17632,ok,1898
17633,unknown,
17634,unknown,
17635,recent,
17636,ok,1930
17640,ok,1745
17641,ok,1918
17642,ok,1939
17643,ok,1889
17645,ok,1912
17646,ok,1915
17647,ok,1923
17648,ok,1934
17649,unknown,
17650,ok,1844
17652,ok,1917
17653,unknown,
17654,unknown,
17655,ok,1927
17656,ok,1907
17658,ok,1953
17660,ok,1905
17661,ok,1895
17662,unknown,
17663,unknown,
17666,unknown,
17667,ok,1894
17668,ok,1921
17669,ok,1881
17670,unknown,
17672,ok,1799
17673,ok,1895
17675,ok,1893
17676,ok,1893
17677,ok,1919
17678,ok,1894
17679,unknown,
17680,recent,
17681,recent,
17682,unknown,
17683,unknown,
17684,ok,1852
17688,ok,1902
17689,ok,1936
17690,ok,1930
17691,ok,1934
17692,ok,1915
17693,ok,1870
17694,ok,1901
17695,recent,
17696,ok,1917
17697,ok,1953
17698,ok,1950
17699,unknown,
17700,recent,
17701,ok,1933
17702,ok,1933
17703,ok,1933
17704,ok,1933
17705,ok,1933
17707,ok,1814
17708,ok,1841
17709,ok,1955
17710,ok,1923
17711,unknown,
17712,ok,1897
17714,ok,1875
17715,ok,1875
17716,ok,1875
17717,ok,1875
17718,ok,1909
17719,ok,1937
17720,ok,1942
17721,unknown,
17722,unknown,
17723,unknown,
17724,unknown,
17725,unknown,
17726,unknown,
17727,unknown,
17728,unknown,
17730,ok,1933
17731,ok,1924
17733,ok,1914
17734,ok,1893
17735,unknown,
17736,ok,1899
17737,ok,1945
17738,ok,1892
17739,ok,1892
17740,unknown,
17741,ok,1947
17742,ok,1905
17743,ok,1933
17744,unknown,
17745,ok,1927
17746,ok,1896
17747,ok,1891
17748,ok,1937
17749,ok,1903
17750,unknown,
17751,ok,1953
17752,ok,1915
17753,unknown,
17754,ok,1846
17755,unknown,
17756,unknown,
17757,ok,1852
17758,ok,1899
17759,unknown,
17760,unknown,
17761,unknown,
17762,ok,1884
17763,ok,1935
17764,unknown,
17765,ok,1923
17766,ok,1902
17767,ok,1950
17768,unknown,
17769,ok,1873
17770,ok,1936
17771,ok,1952
17772,ok,1885
17773,unknown,
17774,ok,1900
17775,unknown,
17776,ok,1945
17777,unknown,
17778,recent,
17779,ok,1916
17780,ok,1880
17781,ok,1917
17782,ok,1954
17783,unknown,
17784,ok,1931
17785,ok,1930
17789,ok,1923
17790,ok,1930
17791,ok,1947
17792,ok,1930
17793,ok,1930
17794,ok,1926
17795,ok,1876
17796,ok,1905
17797,ok,1874
17798,ok,1905
17799,ok,1915
17800,ok,1915
17801,ok,1915
17802,ok,1914
17803,unknown,
17804,recent,
17806,ok,1933
17807,recent,
17808,ok,1875
17809,ok,1908
17810,ok,1884
17811,ok,1931
17813,recent,
17815,ok,1923
17816,ok,1927
17817,unknown,
17820,ok,1910
17821,ok,1943
17823,ok,1914
17824,ok,1946
17825,ok,1931
17826,ok,1871
17827,ok,1881
17828,ok,1921
17829,recent,
17830,ok,1913
17831,ok,1902
17832,ok,1905
17833,recent,
17834,ok,1550
17840,ok,1922
17841,ok,1938
17842,ok,1944
17843,ok,1919
17844,ok,1909
17845,ok,1875
17848,unknown,
17851,ok,1833
17854,ok,1906
17855,unknown,
17856,ok,1923
17857,unknown,
17860,ok,1875
17861,ok,1949
17862,ok,1908
17863,unknown,
17864,unknown,
17865,unknown,
17866,recent,
17867,ok,1946
17868,ok,1870
17869,ok,1870
17870,recent,
17871,ok,1900
17872,ok,1880
17873,ok,1936
17875,ok,1853
17877,ok,1923
17878,unknown,
17879,unknown,
17880,unknown,
17881,ok,1941
17882,ok,1894
17884,ok,1938
17885,ok,1930
17886,ok,1930
17887,ok,1930
17888,ok,1930
17890,ok,1923
17891,ok,1930
17892,ok,1952
17893,ok,1936
17894,ok,1590
17897,ok,1274
17898,ok,1925
17899,ok,1936
17901,ok,1919
17902,unknown,
17903,unknown,
17910,ok,1932
17911,ok,1876
17913,unknown,
17914,ok,1905
17915,ok,1891
17916,ok,1907
17917,ok,1917
17918,ok,1927
17919,ok,1896
17920,ok,1928
17921,unknown,
17922,ok,1921
17923,ok,1897
17926,ok,1925
17928,ok,1954
17929,ok,1863
17930,ok,1874
17932,ok,1926
17933,ok,1946
17934,ok,1863
17935,unknown,
17936,ok,1913
17937,ok,1937
17938,ok,1953
17939,recent,
17940,ok,1652
17941,ok,1695
17942,ok,1695
17943,ok,1927
17944,ok,1933
17946,ok,1940
17947,ok,1896
17948,ok,1923
17949,ok,1910
17950,ok,1910
17951,ok,1910
17953,ok,1946
17954,ok,1923
17955,ok,1931
17956,ok,1933
17957,ok,1913
17958,recent,
17959,recent,
17960,ok,1930
17961,ok,1846
17963,ok,1879
17964,ok,1922
17965,ok,1927
17966,recent,
17967,unknown,
17968,ok,1928
17969,unknown,
17970,ok,1898
17971,ok,1879
17972,ok,1925
17973,ok,1896
17976,ok,1932
17977,ok,1929
17978,ok,1955
17979,ok,1799
17980,ok,1696
17981,ok,1943
17982,ok,1953
17983,ok,1763
17984,ok,1652
17985,unknown,
17987,ok,1931
23219,ok,1924
17988,ok,1931
17990,ok,1888
17991,ok,1888
17992,ok,1888
17993,unknown,
17994,unknown,
17997,ok,1930
17998,ok,1928
17999,ok,1935
18000,ok,1882
18001,unknown,
18002,ok,1907
18003,ok,1870
18004,ok,1928
18006,ok,1888
18007,ok,1929
18009,ok,1907
18010,unknown,
18011,ok,1930
18012,unknown,
18013,unknown,
18014,ok,1897
18015,ok,1893
18018,ok,1953
18019,ok,1947
18020,ok,1862
18021,ok,1935
18022,ok,1916
18024,ok,1903
18025,ok,1927
18027,ok,1873
18028,ok,1888
18029,ok,1879
18031,ok,1936
18032,ok,1936
18033,unknown,
18034,ok,1915
18035,ok,1942
18036,ok,1923
18037,unknown,
18038,ok,1951
18039,ok,1910
18040,ok,1952
18041,ok,1914
18042,ok,1953
18044,ok,1893
18045,ok,1944
18047,ok,1906
18048,ok,1943
18049,ok,1860
18050,recent,
18051,ok,1922
18052,unknown,
18053,unknown,
18054,ok,1923
18055,ok,1896
18056,ok,1953
18057,ok,1911
18058,ok,1909
18059,ok,1889
18060,ok,1955
18061,ok,1431
18062,ok,1951
18063,ok,1907
18064,ok,1913
18065,ok,1914
18067,ok,1915
18068,ok,1948
18070,ok,1932
18071,ok,1911
18073,ok,1918
18074,ok,1927
18075,ok,1876
18076,ok,1915
18077,ok,1885
18078,ok,1949
18079,recent,
18080,ok,1897
18081,ok,1915
18083,ok,1844
18084,ok,1889
18085,ok,1934
18086,ok,1923
18087,ok,1863
18089,ok,1844
18090,ok,1874
18091,ok,1926
18092,ok,1885
18093,recent,
18094,unknown,
18095,ok,1953
18096,ok,1937
18097,ok,1910
18099,ok,1940
18100,ok,1932
18102,ok,1939
18103,unknown,
18104,ok,1929
18105,recent,
18106,ok,1908
18107,ok,1873
18108,ok,1893
18109,recent,
18110,ok,1928
18111,ok,1875
18112,ok,1905
18113,ok,1873
18114,unknown,
18116,ok,1936
18117,recent,
18118,ok,1915
18119,unknown,
18121,ok,1652
18122,ok,1907
18123,ok,1907
18124,ok,1897
18125,ok,1928
18126,ok,1914
18127,ok,1928
18129,recent,
18131,ok,1931
18132,ok,1907
18133,ok,1924
18134,unknown,
18135,ok,1867
18136,ok,1826
18137,recent,
18138,ok,1918
18139,recent,
18140,ok,1937
18142,ok,1852
18143,ok,1874
18145,ok,1891
18146,ok,1919
18149,ok,1946
18150,recent,
18151,recent,
18152,ok,1832
18153,ok,1859
18154,ok,1936
18155,ok,1940
18156,ok,1885
18158,ok,1930
18159,ok,1874
18160,ok,1932
18161,ok,1797
18162,ok,1874
18163,recent,
18164,ok,1934
18165,ok,1928
18415,ok,1915
18168,ok,1909
18169,ok,1874
18170,ok,1895
18171,ok,1946
18172,recent,
18173,ok,1922
18174,ok,1940
18175,ok,1915
18176,ok,1915
18177,recent,
18179,ok,1874
18180,ok,1950
18181,ok,1910
18182,ok,1936
18183,unknown,
18184,ok,1930
18185,ok,1933
18187,recent,
18188,unknown,
18189,recent,
18190,ok,1938
18191,ok,1889
18192,ok,1797
18193,ok,1952
18194,ok,1907
18195,unknown,
18268,ok,1929
18196,ok,1872
18197,ok,1910
18199,ok,1888
18200,ok,1888
18202,unknown,
18204,ok,1909
18205,ok,1876
18206,unknown,
18207,ok,1922
18208,ok,1879
18209,ok,1894
18210,ok,1909
18211,ok,1863
18212,ok,1952
18213,recent,
18214,ok,1949
18215,ok,1868
18216,ok,1936
18217,unknown,
18218,ok,1797
18219,ok,1953
18222,ok,1917
18223,ok,1951
18224,unknown,
18225,ok,1943
18226,unknown,
18227,ok,1940
18269,recent,
18270,ok,1911
18229,unknown,
18230,unknown,
18233,recent,
18234,recent,
18237,recent,
18238,ok,1929
18239,ok,1920
18240,ok,1919
18241,unknown,
18242,ok,1929
18244,ok,1875
18245,ok,1875
18247,ok,1851
18248,ok,1927
18249,ok,1940
18250,ok,1939
18251,ok,1940
18252,unknown,
18253,ok,1883
18254,ok,1911
18256,unknown,
18257,unknown,
18259,ok,1946
18260,ok,1919
18261,recent,
18262,ok,1905
18263,ok,1879
18264,ok,1897
18265,unknown,
18266,ok,1933
18267,unknown,
18273,recent,
18274,ok,1931
18275,ok,1921
18276,ok,1953
18277,ok,1953
18278,unknown,
18279,ok,1897
18280,ok,1932
18281,unknown,
18283,ok,1928
18284,ok,1929
18285,unknown,
18286,ok,1945
18287,ok,1909
18288,unknown,
18290,ok,1841
18292,unknown,
18293,unknown,
18294,ok,1874
18295,ok,1874
18296,ok,1875
18297,ok,1901
18298,ok,1878
18299,ok,1798
18300,ok,1915
18302,ok,1873
18304,ok,1947
18307,ok,1929
18309,ok,1939
18310,ok,1914
18311,ok,1874
18312,ok,1874
18313,ok,1874
18314,ok,1914
18315,ok,1797
18316,unknown,
18318,ok,1919
18320,ok,1943
18321,ok,1870
18323,ok,1953
18324,recent,
18325,recent,
18327,ok,1884
18328,ok,1896
18329,ok,1879
18332,ok,1902
18333,unknown,
18334,unknown,
18335,ok,1921
18336,recent,
18337,unknown,
18338,ok,1920
18340,unknown,
18341,unknown,
18342,recent,
18343,ok,1889
18344,ok,1915
18345,unknown,
25174,ok,1879
18346,recent,
18347,unknown,
18349,ok,1902
18350,ok,1953
18351,ok,1913
18352,ok,1907
18353,ok,1893
18355,ok,1917
18356,ok,1902
18357,ok,1902
18358,ok,1923
18359,ok,1914
18360,ok,1886
18361,recent,
18362,ok,1953
18364,unknown,
18366,recent,
18367,ok,1705
18368,ok,1705
18369,ok,1875
18370,unknown,
18371,ok,1900
18372,unknown,
18373,unknown,
18374,unknown,
18375,unknown,
18376,ok,1802
18377,ok,1916
29354,unknown,
18378,recent,
18379,ok,1945
18380,recent,
18382,unknown,
18383,ok,1859
18384,ok,1923
18385,ok,1921
18387,ok,1847
18388,ok,1946
18390,recent,
18391,unknown,
18392,recent,
18394,ok,1924
18395,unknown,
18396,ok,1890
18397,unknown,
18398,unknown,
18399,unknown,
18400,ok,1923
18401,ok,1870
18402,ok,1870
18403,ok,1879
18404,ok,1879
18405,ok,1936
18407,ok,1917
18408,unknown,
18409,ok,1951
18410,unknown,
18413,recent,
18414,unknown,
18416,ok,1915
18417,ok,1777
18418,ok,1902
18419,recent,
18420,unknown,
18421,unknown,
18422,ok,1902
18423,ok,1902
18424,ok,1909
18426,recent,
18427,ok,1923
18428,ok,1924
18430,unknown,
18431,ok,1929
18432,unknown,
18434,ok,1941
18435,ok,1939
18437,unknown,
18438,ok,1917
18439,ok,1952
18440,ok,1931
18441,unknown,
18442,ok,1925
18443,ok,1932
18444,ok,1914
18445,ok,1861
18446,ok,1861
18448,ok,1920
18449,ok,1924
18450,ok,1932
18451,unknown,
18452,ok,1912
18453,unknown,
18454,ok,1879
18455,ok,1838
18458,recent,
18459,ok,1637
18460,recent,
18461,unknown,
18462,ok,1931
18464,ok,1915
18465,ok,1915
18466,unknown,
18467,ok,1914
18468,unknown,
18469,recent,
18470,ok,1933
18472,ok,1777
18477,ok,1946
18478,ok,1945
18479,ok,1888
18480,ok,1921
18482,unknown,
18483,unknown,
18484,unknown,
18485,unknown,
18486,ok,1936
18487,ok,1927
18488,ok,1943
18489,recent,
18490,ok,1879
18491,unknown,
18492,recent,
18493,unknown,
18494,ok,1887
18495,ok,1940
18496,ok,1931
18497,recent,
18498,recent,
18499,ok,1951
18500,ok,1842
18501,unknown,
18502,unknown,
18503,ok,1952
18504,ok,1877
18505,ok,1947
18506,ok,1894
18507,recent,
18508,ok,1810
18509,unknown,
18510,ok,1891
18511,ok,1922
18513,unknown,
18514,ok,1884
18515,ok,1933
18517,unknown,
18518,unknown,
18520,unknown,
18521,ok,1897
18522,unknown,
18523,ok,1896
18524,ok,1909
18525,ok,1933
18526,ok,1944
18527,unknown,
18529,unknown,
18530,unknown,
18531,ok,1923
18533,ok,1877
18534,ok,1881
18535,ok,1879
18537,ok,1861
18538,recent,
18539,ok,1922
18540,ok,1874
18541,ok,1910
18542,ok,1911
18543,ok,1778
18544,ok,1851
18545,ok,1935
18546,unknown,
18547,ok,1924
18548,ok,1919
18583,ok,1886
18549,ok,1891
18550,ok,1909
18553,ok,1932
18554,unknown,
18555,ok,1920
18556,ok,1939
18557,ok,1929
18558,unknown,
18559,ok,1930
18560,ok,1926
18561,unknown,
18562,ok,1906
18563,recent,
18564,recent,
18565,ok,1920
18566,ok,1916
18567,ok,1713
18569,ok,1778
18570,unknown,
18571,unknown,
18572,ok,1914
18573,ok,1903
18574,unknown,
18575,ok,1927
18576,unknown,
18577,ok,1944
18578,ok,1918
18579,ok,1897
18581,ok,1899
18582,ok,1911
18584,recent,
18585,ok,1879
18586,ok,1870
18587,unknown,
18588,ok,1917
18589,unknown,
18590,ok,1913
18591,ok,1835
18592,ok,1835
18593,ok,1835
18594,ok,1835
18595,ok,1835
18596,unknown,
18597,recent,
18598,recent,
18599,recent,
18601,ok,1864
18602,recent,
18603,ok,1910
18604,unknown,
18605,ok,1920
18606,recent,
18607,unknown,
18608,ok,1908
18609,ok,1847
18610,ok,1800
18611,ok,1921
18612,ok,1928
18613,recent,
18614,unknown,
18615,ok,1925
18616,ok,1920
18617,ok,1897
18618,ok,1929
18619,ok,1890
18621,ok,1918
18622,ok,1911
18623,ok,1902
18625,ok,1940
18626,ok,1949
18627,ok,1921
18629,ok,1887
18630,ok,1949
18631,ok,1902
18632,recent,
18633,ok,1923
18634,ok,1878
18635,ok,1774
18636,ok,1930
18637,recent,
18638,ok,1894
18639,ok,1936
18641,recent,
18642,ok,1933
18643,ok,1901
18644,ok,1939
18645,ok,1882
18646,ok,1911
18647,ok,1934
18648,ok,1941
18649,ok,1928
18650,ok,1955
18651,ok,1909
18652,ok,1949
18653,recent,
18654,ok,1902
18655,recent,
18656,ok,1949
18657,ok,1931
18658,ok,1897
18659,unknown,
18660,ok,1897
18661,unknown,
18662,ok,1949
18663,unknown,
18664,ok,1929
18665,recent,
18666,ok,1914
18667,ok,1949
18668,ok,1933
18669,ok,1850
18670,ok,1929
18671,ok,1950
18672,ok,1879
18673,ok,1909
18674,ok,1925
18675,ok,1875
18676,ok,1954
18677,ok,1943
18678,ok,1897
18679,ok,1912
18680,ok,1942
18681,recent,
18682,unknown,
18683,ok,1923
18684,ok,1944
18685,ok,1902
18686,ok,1885
18687,ok,1885
18688,ok,1885
18689,ok,1885
18690,ok,1885
18691,ok,1885
18692,ok,1914
18693,ok,1914
18695,ok,1874
18696,ok,1898
18697,ok,1870
18698,ok,1934
18699,unknown,
18700,ok,1910
18701,ok,1915
18702,unknown,
18764,ok,1906
18703,ok,1888
18705,ok,1909
18707,recent,
18708,ok,1904
18709,recent,
18712,ok,1923
18713,ok,1935
18714,ok,1934
18715,ok,1889
18716,ok,1930
18717,ok,1930
18718,ok,1930
18719,recent,
18720,ok,1948
18721,ok,1946
18722,unknown,
18724,ok,1896
18725,ok,1897
18726,ok,1909
18727,ok,1865
18728,ok,1929
18729,ok,1914
18730,ok,1923
18732,ok,-565
18734,ok,1915
18735,unknown,
18763,unknown,
18736,ok,1888
18738,ok,1874
18739,ok,1845
18740,ok,1832
18741,recent,
18742,unknown,
18743,recent,
18745,unknown,
18746,unknown,
18747,unknown,
18748,unknown,
18749,ok,1879
18750,ok,1944
18751,unknown,
18752,unknown,
18753,unknown,
18754,unknown,
18755,ok,1274
18756,ok,1924
18757,ok,1955
18758,ok,1908
18759,unknown,
18760,recent,
18761,ok,1935
18762,ok,1920
18765,ok,1932
18766,recent,
18767,ok,1859
18768,recent,
18769,ok,1934
18770,ok,1886
18771,unknown,
18772,ok,1918
18773,ok,1870
18774,ok,1919
18775,unknown,
18776,ok,1915
18777,unknown,
18778,ok,1908
18779,unknown,
18780,ok,1926
18781,ok,1593
18782,ok,1909
18785,unknown,
18786,unknown,
18787,ok,1928
18788,ok,1899
18789,recent,
18790,ok,1923
18791,ok,1913
18792,ok,1924
18794,ok,1922
18795,ok,1922
18796,unknown,
18797,ok,1693
18799,unknown,
18800,recent,
18801,unknown,
18803,ok,1897
18804,ok,1904
18806,ok,1842
18807,recent,
18809,unknown,
18810,ok,1905
18811,ok,1905
18812,ok,1893
18813,ok,1902
18814,recent,
18815,ok,1917
18816,ok,1897
18817,recent,
18818,ok,1902
18819,ok,1895
18820,unknown,
18821,ok,1891
18822,ok,1902
18823,ok,1902
18824,ok,1902
18825,ok,1843
18826,ok,1870
18827,ok,1765
18828,ok,1850
18829,ok,1925
18831,recent,
18832,ok,1923
29455,recent,
18833,ok,1902
18834,ok,1925
18835,ok,1947
18838,ok,1933
18839,ok,1953
18840,ok,1920
18841,ok,1924
18842,ok,1924
18843,unknown,
18844,unknown,
18845,ok,1919
18846,recent,
18847,ok,1909
18848,unknown,
18849,unknown,
18851,ok,1888
18852,unknown,
18853,unknown,
18854,unknown,
18855,recent,
18856,ok,1934
18857,ok,1905
18859,ok,1905
18860,ok,1917
18861,recent,
18862,ok,1910
18863,recent,
18864,ok,1907
18865,ok,1865
18899,ok,1926
29457,recent,
18866,unknown,
18867,ok,1913
18868,ok,1902
18869,ok,1902
18871,ok,1909
18872,recent,
18873,ok,1929
18874,recent,
18875,ok,1950
18876,unknown,
18878,unknown,
18879,ok,1941
18880,unknown,
18881,ok,1922
18882,ok,1925
18883,ok,1948
18884,recent,
18885,unknown,
18886,ok,1935
18889,unknown,
18890,unknown,
18891,ok,1898
18892,ok,1925
18893,ok,1893
18894,ok,1925
18895,ok,1929
18896,ok,1906
18897,ok,1937
18898,unknown,
18900,ok,1932
18901,unknown,
18902,recent,
18903,ok,1921
18905,recent,
18906,ok,1915
18907,unknown,
18908,recent,
18909,unknown,
18910,unknown,
18911,ok,1939
18912,unknown,
18913,ok,1889
18914,unknown,
18915,ok,1878
18916,ok,1943
18917,ok,1898
18918,ok,1921
18919,ok,1879
18920,ok,1879
18921,ok,1857
18922,ok,1857
18923,ok,1857
18924,ok,1857
18925,ok,1857
18926,ok,1943
18927,ok,1947
18930,ok,1880
18931,ok,1933
18932,unknown,
18933,ok,1943
18934,ok,1937
18935,unknown,
18936,ok,1915
18937,ok,1896
18938,ok,1914
18939,unknown,
18940,ok,1879
18941,ok,1931
18942,ok,1820
18943,ok,1950
18944,ok,1879
18945,ok,1924
18946,unknown,
18947,ok,1936
18948,recent,
18949,recent,
18950,ok,1943
18951,ok,1940
18952,unknown,
18953,ok,1949
18954,ok,1950
18956,ok,1910
18957,ok,1917
18958,ok,1901
18959,ok,1954
18960,ok,1943
18961,recent,
18962,ok,1926
18963,unknown,
18964,ok,1943
18965,ok,1948
18967,ok,1891
18968,ok,1876
18969,ok,1946
18970,ok,1940
18971,unknown,
18972,ok,1778
18973,ok,1910
18975,recent,
18977,unknown,
18978,ok,1918
18979,ok,1847
18980,unknown,
18981,unknown,
18983,ok,1926
18984,ok,1939
18985,ok,1847
18986,ok,1937
18987,ok,1913
18988,ok,1823
18989,ok,1923
18990,ok,1925
18991,ok,1921
18992,ok,1924
18993,ok,1945
18995,ok,1889
18996,ok,1914
18997,ok,1888
18999,unknown,
19000,unknown,
19001,ok,1942
19002,ok,1898
19003,ok,1894
19004,ok,1931
19005,ok,1944
19006,ok,1910
19007,ok,1940
19008,ok,1820
19009,ok,1924
19010,ok,1938
19011,ok,1926
19012,ok,1942
19014,ok,1914
19015,unknown,
19016,ok,1930
19017,ok,1917
19018,ok,1941
19019,unknown,
19020,ok,1925
19021,ok,1926
19022,unknown,
19023,ok,1933
19025,ok,1926
19026,ok,1942
19027,unknown,
19028,recent,
19031,ok,1838
19032,unknown,
19033,ok,1898
19035,ok,1927
19036,ok,1913
19037,unknown,
19038,recent,
19041,ok,1950
19042,ok,1954
19043,ok,1938
19044,ok,1940
19045,ok,1879
19049,ok,1950
19050,unknown,
19051,recent,
19052,unknown,
19053,ok,1870
19055,ok,1954
19056,ok,1905
19057,recent,
19058,unknown,
19061,ok,1919
19063,unknown,
19064,ok,1943
19065,recent,
19066,recent,
19067,recent,
19068,ok,1882
19070,ok,1902
19071,unknown,
19073,unknown,
19074,recent,
19075,ok,1907
19076,recent,
19077,ok,1933
19078,unknown,
19079,recent,
19080,ok,1915
19081,unknown,
19082,ok,1905
19083,ok,1917
19084,ok,1948
19085,ok,1941
19087,unknown,
19089,recent,
19090,recent,
19092,recent,
19093,unknown,
19094,ok,1936
19096,ok,1855
19097,unknown,
19098,unknown,
19099,unknown,
19100,ok,1905
19101,ok,1909
19102,recent,
19103,ok,1672
19104,recent,
19105,unknown,
19107,ok,1939
19108,ok,1933
19109,unknown,
19110,unknown,
19111,recent,
19112,ok,1887
19113,ok,1930
19114,ok,1944
19115,ok,1919
19116,ok,1937
19117,unknown,
19118,ok,1939
19119,ok,1928
19120,unknown,
19121,ok,1876
19122,ok,1917
19123,ok,1799
19124,ok,1693
19126,recent,
19127,unknown,
19129,ok,1932
19130,ok,1949
19131,unknown,
19132,unknown,
19133,ok,1898
19134,ok,1928
19135,ok,1946
19136,ok,1909
19138,ok,1908
19139,recent,
19140,ok,1914
19141,ok,1929
19142,recent,
19143,ok,1924
19144,ok,1919
19145,recent,
19146,ok,1914
19147,ok,1935
19148,ok,1951
19149,ok,1933
19150,unknown,
19151,unknown,
19152,ok,1915
19153,ok,1804
19154,ok,1902
19155,ok,1925
19156,unknown,
19157,ok,1941
19158,recent,
19160,ok,1900
19162,ok,1952
19164,ok,1900
19165,ok,1901
19166,ok,1940
19167,ok,1925
19168,unknown,
19170,ok,1952
19171,unknown,
19172,ok,1920
19173,recent,
19174,ok,1955
19175,ok,1897
19177,ok,1886
19179,ok,1939
19180,unknown,
19181,unknown,
19184,ok,1926
19185,ok,1921
19186,ok,1914
19187,ok,1895
19188,ok,1894
19190,unknown,
19191,ok,1937
19192,ok,1878
19193,ok,1912
19194,recent,
19195,ok,1879
19196,ok,1915
19197,recent,
19198,ok,1939
19199,ok,1905
19200,ok,1935
19201,ok,1874
19202,ok,1931
19203,unknown,
19204,ok,1947
19205,ok,1906
19206,ok,1902
19207,recent,
19208,ok,1955
19209,ok,1877
19211,ok,1776
19212,ok,1776
19213,ok,1776
19214,ok,1776
19215,ok,1776
19216,ok,1776
19217,ok,1771
19218,unknown,
19219,ok,1874
19220,unknown,
19221,ok,1897
19222,ok,1925
19223,ok,1930
19224,unknown,
19225,ok,1943
19226,ok,1937
19227,ok,1874
19228,ok,1874
19229,ok,1946
19230,ok,1924
19231,ok,1906
19232,ok,1817
19266,ok,1904
19233,ok,1924
19234,ok,1850
19235,ok,1930
19236,recent,
19237,ok,1921
19238,ok,1921
19239,ok,1921
19240,ok,1921
19241,ok,1925
19242,unknown,
19243,recent,
19244,recent,
19245,recent,
19246,ok,1939
19247,ok,1906
19248,ok,1924
19249,ok,1924
19250,ok,1921
19251,recent,
19252,recent,
19253,unknown,
19254,recent,
19255,ok,1928
19256,ok,1879
19257,ok,1937
19258,unknown,
19259,ok,1926
19261,recent,
19262,unknown,
19263,ok,1912
19264,ok,1916
19265,ok,1930
19267,unknown,
19268,unknown,
19269,unknown,
19270,recent,
19271,recent,
19272,ok,1924
19273,unknown,
19274,recent,
19275,recent,
19276,recent,
19277,recent,
19278,recent,
19279,ok,1921
19280,recent,
19281,unknown,
19282,recent,
19283,unknown,
19284,ok,1921
19285,ok,1921
19286,unknown,
19287,ok,1921
19288,ok,1914
19289,ok,1921
19290,unknown,
19291,unknown,
19292,ok,1921
19294,unknown,
19295,unknown,
19296,ok,1921
19297,recent,
19298,recent,
19299,ok,1921
19300,ok,1921
19301,ok,1876
19302,recent,
19303,ok,1930
19304,ok,1933
19307,ok,1940
19308,ok,1901
19309,ok,1909
19310,ok,1938
19311,unknown,
19312,ok,1921
19313,ok,1947
19314,ok,1924
19315,unknown,
19316,ok,1903
19317,ok,1947
19318,unknown,
19319,unknown,
19321,ok,1950
19322,recent,
19323,ok,1915
19324,ok,1915
19325,ok,1915
19328,ok,1931
19329,ok,1953
19330,ok,1933
19331,ok,1888
19332,ok,1917
19333,unknown,
19334,unknown,
19335,ok,1898
19336,ok,1920
19337,ok,1870
19338,recent,
19339,ok,1915
19340,ok,1948
19341,ok,1946
19342,unknown,
19343,ok,1938
19344,ok,1924
19345,ok,1924
19346,ok,1892
19347,ok,1899
19348,ok,1925
19349,unknown,
19350,unknown,
19351,recent,
19352,ok,1914
19353,ok,1907
19354,ok,1943
19355,recent,
19356,unknown,
19357,ok,1902
19358,ok,1942
19359,ok,1948
19360,ok,1885
19361,unknown,
19362,ok,1925
19363,ok,1917
19364,unknown,
19365,unknown,
19366,unknown,
19367,ok,1922
19368,ok,1899
19369,ok,1912
19370,recent,
19371,ok,1943
19373,unknown,
19376,ok,1931
19377,ok,1718
19378,ok,1936
19379,ok,1946
19381,unknown,
19382,unknown,
19383,unknown,
19384,recent,
19385,ok,1890
19386,ok,1889
19387,ok,1933
19388,ok,1923
19389,ok,1923
19390,unknown,
19391,ok,1917
19392,unknown,
19393,recent,
19394,ok,1949
19395,ok,1938
19396,recent,
19397,ok,1903
19398,ok,1902
19399,unknown,
19400,ok,1933
19401,ok,1921
19402,ok,1945
19403,recent,
19404,ok,1951
19405,unknown,
19406,unknown,
19407,ok,1838
19408,ok,1925
19409,unknown,
19410,ok,1923
19411,ok,1920
19412,ok,1933
19413,ok,1943
19414,ok,1892
19415,ok,1910
19416,ok,1933
19417,unknown,
19418,ok,1915
19419,ok,1880
19420,ok,1924
19421,ok,1920
19422,ok,1888
19423,recent,
19424,ok,1916
19425,unknown,
19431,ok,1902
19432,ok,1943
19434,ok,1913
19435,recent,
19436,recent,
19438,ok,1912
19440,ok,1911
19441,ok,1933
19443,ok,1921
19444,unknown,
19445,recent,
19446,unknown,
19447,ok,1891
19448,ok,1892
19449,ok,1952
19451,ok,1925
19452,ok,1954
19453,recent,
19454,ok,1657
19455,ok,1652
19457,ok,1922
19458,ok,1852
19459,ok,1954
19461,ok,1934
19462,ok,1930
19463,ok,1915
19464,ok,1895
19465,ok,1898
19468,ok,1934
19469,unknown,
19470,ok,1915
19471,recent,
19472,ok,1930
19473,ok,1897
19474,recent,
19475,recent,
19476,ok,1906
19477,ok,1919
19478,recent,
19479,ok,1944
19480,ok,1933
19481,ok,1946
19482,unknown,
19483,ok,1546
19484,ok,1910
19485,ok,1928
19486,ok,1909
19487,ok,1945
19488,ok,1944
19489,ok,1938
19491,ok,1950
19492,unknown,
19537,unknown,
19493,ok,1938
19494,ok,1907
19495,ok,1950
19497,ok,1921
19498,ok,1935
19499,recent,
19500,ok,1882
19501,ok,1916
19502,ok,1945
19503,ok,1922
19507,ok,1933
19509,ok,1940
19510,recent,
19511,ok,1907
19512,ok,1880
19518,ok,1895
19519,ok,1891
19521,unknown,
19522,ok,1950
19523,unknown,
19525,ok,1890
19526,unknown,
19527,ok,1954
19528,ok,1923
19529,ok,1868
19531,unknown,
19533,unknown,
19534,ok,1930
19535,ok,1936
19536,ok,1891
19538,unknown,
19539,ok,1928
19540,ok,1908
19541,ok,1901
19542,unknown,
19547,unknown,
19548,ok,1904
19549,unknown,
19550,ok,1902
19551,unknown,
19552,recent,
19553,ok,1889
19554,unknown,
19555,unknown,
19557,ok,1946
19559,ok,1924
19560,recent,
19561,unknown,
19562,unknown,
19564,recent,
19565,unknown,
19566,ok,1885
19567,ok,1910
19568,ok,1910
19569,ok,1933
19570,ok,1924
19584,ok,1804
19586,ok,1950
19587,ok,1913
19588,ok,1900
19589,ok,1586
19590,ok,1950
19592,ok,1899
19593,ok,1900
19594,unknown,
19595,ok,1833
19597,ok,1874
19598,ok,1947
19599,ok,1922
19600,ok,1928
19601,unknown,
19602,ok,1924
19603,unknown,
19604,unknown,
19605,ok,1954
19606,ok,1888
19607,unknown,
19608,ok,1933
19609,ok,1943
19610,ok,1902
19612,unknown,
19613,unknown,
19614,ok,1941
19615,ok,1827
19628,ok,1912
19630,ok,1909
19642,ok,1883
19644,ok,1885
19645,ok,1916
19647,ok,1925
19648,ok,1908
19649,ok,1928
19651,recent,
19652,ok,1922
19654,ok,1904
19655,ok,1951
19656,ok,1938
19657,ok,1885
19658,ok,1946
19659,ok,1929
19660,recent,
19661,recent,
19662,ok,1733
19665,ok,1945
19666,ok,1910
19667,ok,1866
19668,ok,1926
19669,ok,1944
19671,ok,1827
19672,recent,
19676,ok,1934
19687,ok,1942
19689,ok,1923
19690,ok,1890
19691,ok,1922
19692,ok,1929
19693,ok,1933
19762,ok,1949
19694,ok,1894
19695,ok,1922
19696,recent,
19697,ok,1914
19699,unknown,
19700,ok,1821
19701,ok,1953
19702,ok,1907
19703,ok,1925
19704,ok,1818
19705,ok,1876
19706,recent,
19707,ok,1928
19708,ok,1935
19709,unknown,
19710,recent,
19711,ok,1949
19713,ok,1944
19714,ok,1902
19715,ok,1935
19717,ok,1916
19718,ok,1916
19719,recent,
19721,recent,
19722,ok,1894
19723,unknown,
19724,ok,1869
19725,ok,1854
19726,recent,
19763,ok,1945
19728,unknown,
19730,ok,1858
19731,unknown,
19732,ok,1931
19734,ok,1887
19735,ok,1950
19736,unknown,
19737,ok,1888
19738,ok,1953
19739,ok,1920
19740,unknown,
19742,ok,1933
19743,unknown,
19745,ok,1914
19746,ok,1932
19747,recent,
19748,unknown,
19750,ok,1894
19751,ok,1944
19752,ok,1933
19753,ok,1918
19754,ok,1895
19756,ok,1885
19757,unknown,
19758,unknown,
19759,unknown,
19761,ok,1914
19764,ok,1940
19765,ok,1936
19766,ok,1930
19767,ok,1926
19768,ok,1903
19769,unknown,
19770,ok,1884
19771,ok,1881
19772,ok,1915
19775,unknown,
19776,ok,1922
19777,ok,1910
19779,unknown,
19780,unknown,
19781,ok,1881
19798,ok,1929
19799,unknown,
19800,ok,1925
19801,ok,1933
19802,ok,1911
19804,ok,1934
19805,ok,1943
19806,ok,1933
19807,unknown,
19809,ok,1895
19810,ok,1947
19811,recent,
19812,ok,1930
19813,ok,1944
19814,unknown,
19815,ok,1950
19816,unknown,
19817,unknown,
19818,ok,1919
19819,ok,1940
19820,ok,1892
19821,unknown,
19822,unknown,
19824,ok,1946
19825,ok,1945
19826,ok,1950
19827,unknown,
19828,ok,1905
19829,ok,1944
19830,ok,1899
19831,ok,1889
19833,unknown,
19834,ok,1942
19846,unknown,
19848,ok,1940
19849,ok,1947
19850,recent,
19851,recent,
19852,ok,1851
19853,recent,
19854,ok,1905
19855,unknown,
19856,unknown,
19857,ok,1944
19859,ok,1885
19860,unknown,
19861,ok,1905
19862,unknown,
19863,ok,1914
19867,ok,1945
19868,ok,1886
19869,recent,
19870,ok,1916
19871,recent,
19872,ok,1928
19874,ok,1940
19875,ok,1898
19876,recent,
19877,ok,1915
19878,recent,
19879,ok,1828
19880,ok,1915
19881,unknown,
19882,ok,1906
19889,unknown,
19890,unknown,
19892,ok,1943
19893,unknown,
19895,ok,1927
19896,ok,1902
19897,ok,1916
19899,ok,1911
19900,unknown,
19901,ok,1933
19902,ok,1889
19903,unknown,
19904,ok,1953
19905,ok,1918
19906,unknown,
19907,unknown,
19908,ok,1895
19909,recent,
19910,recent,
19911,unknown,
19912,unknown,
19913,ok,1895
19914,ok,1901
19915,ok,1894
19916,recent,
19919,ok,1887
19920,ok,1887
19921,ok,1933
19922,ok,1894
19923,unknown,
19924,ok,1943
19925,ok,1908
29742,recent,
19926,unknown,
19927,unknown,
19928,ok,1933
19929,ok,1898
19930,unknown,
19931,ok,1953
19932,unknown,
19933,unknown,
19935,ok,1923
19936,unknown,
19937,ok,1872
19938,ok,1854
19939,ok,1880
19941,unknown,
19943,unknown,
19944,ok,1943
19945,ok,1943
19946,ok,1953
19948,ok,1934
19949,ok,1895
19950,ok,1274
19951,unknown,
19952,ok,1933
19953,ok,1933
19954,ok,1559
19955,ok,1828
19956,ok,1815
19957,ok,1933
19958,ok,1937
19959,ok,1920
19961,unknown,
19962,recent,
19963,recent,
19964,recent,
19965,unknown,
19966,unknown,
19967,unknown,
19968,ok,1931
19969,unknown,
19970,ok,1947
19972,ok,1873
19973,ok,1920
19975,ok,1925
19976,ok,1920
19977,ok,1944
19978,ok,1935
19979,ok,1911
19980,ok,1900
19981,ok,1916
19982,unknown,
19983,ok,1851
19984,unknown,
19985,unknown,
19986,recent,
19987,ok,1910
19988,ok,1926
19989,ok,1926
19990,unknown,
19991,unknown,
19992,ok,1921
19993,ok,1927
19994,ok,-565
19995,unknown,
19996,unknown,
19997,ok,1913
19998,ok,1890
19999,ok,1916
20001,ok,1868
20002,ok,1881
20003,ok,1881
20004,ok,1881
20005,ok,1909
20007,ok,1881
20008,ok,1881
20009,ok,1881
20010,ok,1941
20012,ok,1891
20013,unknown,
20014,ok,1847
20015,unknown,
20016,ok,1926
20017,unknown,
20018,ok,1878
20019,ok,1900
20022,ok,1943
20073,recent,
20023,ok,1930
20024,unknown,
20025,ok,1943
20031,ok,1902
20032,unknown,
20033,ok,1942
20034,recent,
20040,ok,1940
20041,unknown,
20043,unknown,
20044,ok,1944
20052,ok,1939
20053,ok,1930
20054,ok,1923
20055,ok,1922
20057,ok,1917
20058,ok,1936
20059,ok,1939
20063,ok,1913
20064,ok,1891
20065,ok,1893
20066,ok,1930
20067,ok,1900
20068,unknown,
20069,ok,1940
20070,recent,
20071,ok,1914
20072,ok,1931
20074,unknown,
20075,ok,1864
20076,ok,1940
20077,unknown,
20078,ok,1926
20079,ok,1886
20080,unknown,
20081,ok,1914
20082,ok,1933
20083,ok,1938
20084,ok,1951
20085,ok,1916
20086,ok,1932
20087,ok,1925
20088,unknown,
20090,ok,1910
20091,ok,1902
20092,ok,1902
20093,unknown,
20095,ok,1934
20096,unknown,
20097,ok,1949
20098,unknown,
20101,ok,1933
20102,unknown,
20104,ok,1940
20105,ok,1915
20106,unknown,
20107,unknown,
20108,ok,1833
20109,ok,1905
20295,ok,1913
20110,ok,1936
20111,recent,
20112,unknown,
20113,ok,1888
20115,unknown,
20116,ok,1941
20117,unknown,
20119,unknown,
20120,ok,1899
20121,recent,
20122,ok,1888
20123,ok,1933
20124,ok,1870
20125,recent,
20126,ok,1929
20127,ok,1950
20130,unknown,
20131,ok,1942
20132,unknown,
20133,unknown,
20134,unknown,
20135,ok,1944
20136,recent,
20137,ok,1885
20138,ok,1875
20139,ok,1921
20141,recent,
20143,ok,1924
20144,ok,1778
20146,unknown,
20147,recent,
20150,ok,1924
20151,unknown,
20152,ok,1936
20153,unknown,
20154,recent,
20155,ok,1940
20156,ok,1888
20157,ok,1950
20158,ok,1920
20160,ok,1907
20161,ok,1916
20163,ok,1947
20164,ok,1923
20165,ok,1919
20168,ok,1880
20170,unknown,
20171,ok,1912
20172,recent,
20173,ok,1906
20174,ok,1936
20176,recent,
20177,ok,1836
20179,ok,1876
20180,ok,1914
20181,ok,1916
20183,ok,1937
20184,unknown,
20185,ok,1887
20296,ok,1832
20186,unknown,
20187,recent,
20189,unknown,
20190,unknown,
20191,ok,1901
20192,ok,1916
20193,recent,
20194,recent,
20195,ok,1949
20196,recent,
20197,unknown,
20198,ok,1914
20199,ok,1910
20200,ok,1869
20201,ok,1931
20202,ok,1937
20203,unknown,
20204,ok,1900
20205,ok,1899
20206,recent,
20207,ok,1902
20208,ok,1940
20209,unknown,
20210,unknown,
20212,recent,
20213,recent,
20214,unknown,
20215,ok,1931
20216,ok,1942
20217,ok,1819
20218,ok,1916
20219,ok,1917
20220,ok,1934
20221,unknown,
20222,ok,1916
20223,ok,1916
20224,recent,
20225,ok,1920
20226,ok,1892
20229,ok,1931
20230,ok,1954
20231,ok,1943
20232,ok,1907
20233,ok,1870
20234,ok,1927
20235,ok,1889
20236,unknown,
20237,ok,1883
20238,ok,1945
20239,unknown,
20240,unknown,
20241,ok,1916
20242,ok,1931
20243,ok,1903
20244,ok,1925
20245,ok,1898
20246,ok,1857
20247,ok,1940
20248,recent,
29993,ok,1920
20249,unknown,
20250,unknown,
20251,ok,1912
20254,ok,1876
20255,ok,1933
20256,ok,1864
20257,ok,1768
20258,unknown,
20259,unknown,
20260,ok,1930
20261,ok,1944
20262,unknown,
20263,ok,1903
20264,ok,1901
20279,unknown,
20280,ok,1955
20281,unknown,
20282,recent,
20283,ok,1928
20286,unknown,
20287,ok,1900
20288,ok,1593
20289,recent,
20290,ok,1887
20291,ok,1928
20292,ok,1919
20293,ok,1912
20294,ok,1930
20297,ok,1939
20298,unknown,
20299,ok,1915
20300,ok,1948
20301,unknown,
20303,ok,1941
20304,ok,1821
20305,ok,1933
20306,recent,
20307,ok,1909
20308,unknown,
20309,unknown,
20310,ok,1955
20311,unknown,
20312,ok,1891
20314,unknown,
20315,unknown,
20317,unknown,
20318,ok,1915
20319,unknown,
20320,ok,1901
20321,ok,1566
20322,unknown,
20323,ok,1901
20324,unknown,
20325,ok,1660
30111,ok,1886
20326,unknown,
20327,unknown,
20328,ok,1933
20329,unknown,
20330,ok,1946
20332,unknown,
20333,unknown,
20334,unknown,
20335,ok,1936
20336,ok,1951
20337,ok,1817
20338,unknown,
20340,recent,
20341,ok,1931
20342,ok,1931
20343,unknown,
20345,ok,1924
20346,ok,1952
20347,unknown,
20348,unknown,
20349,unknown,
20350,unknown,
20351,ok,1885
20352,ok,1870
20353,recent,
20354,unknown,
20355,ok,1926
20356,ok,1946
20357,ok,1916
20358,ok,1916
20359,ok,1934
20360,ok,1795
20361,ok,1944
20362,ok,1910
20363,unknown,
20364,unknown,
20365,ok,1922
20366,ok,1954
20367,recent,
20368,unknown,
20369,unknown,
20370,ok,1952
20372,ok,1844
20373,ok,1944
20374,ok,1940
20375,ok,1921
20377,unknown,
20378,unknown,
20379,ok,1898
20380,ok,1929
20381,unknown,
20382,unknown,
20383,ok,1920
20384,unknown,
20385,recent,
20386,ok,1953
20387,ok,1936
20388,unknown,
20389,ok,1903
20390,ok,1953
20392,unknown,
20393,ok,1944
20394,unknown,
20395,unknown,
20396,ok,1895
20398,ok,1886
20399,ok,1907
20400,ok,1955
20402,ok,1888
20403,ok,1920
20404,ok,1924
20405,ok,1931
20406,ok,1923
20407,unknown,
20408,unknown,
20409,unknown,
20410,unknown,
20411,recent,
20414,ok,1914
20415,ok,1874
20416,unknown,
20417,ok,1933
20418,ok,1936
20419,recent,
20420,unknown,
20553,recent,
20421,ok,1900
20423,ok,1925
20424,ok,1943
20425,ok,1885
20426,ok,1954
20427,ok,1919
20428,ok,1878
20429,ok,1945
20430,ok,1946
20431,ok,1935
20432,ok,1930
20433,ok,1875
20434,ok,1917
20435,unknown,
20436,ok,1930
20437,ok,1915
20438,ok,1917
20439,unknown,
20440,ok,1922
20441,ok,1641
20442,recent,
20443,ok,1928
20444,unknown,
20445,recent,
20446,ok,1899
20447,ok,1899
20448,ok,1921
20449,ok,1911
20479,unknown,
20450,ok,1773
20451,ok,1945
20452,ok,1914
20453,ok,1911
20455,ok,1937
20456,ok,1910
20457,ok,1641
20458,ok,1945
20459,ok,1904
20460,ok,1914
20461,ok,1926
20462,ok,1856
20463,ok,1881
20464,ok,1927
20467,ok,1903
20468,recent,
20469,ok,1939
20470,unknown,
20471,ok,1931
20472,ok,1931
20473,ok,1931
20474,ok,1931
20475,ok,1851
20476,ok,1887
20477,ok,1909
20478,ok,1888
20481,unknown,
20483,unknown,
20484,ok,1849
20485,ok,1944
20486,ok,1948
20487,ok,1915
20488,ok,1851
20489,ok,1851
20490,ok,1915
20491,ok,1943
20492,ok,1921
20493,ok,1910
20494,ok,1942
20496,ok,1927
20497,ok,1884
20498,ok,1673
20499,unknown,
20500,ok,1915
20503,unknown,
20504,ok,1865
20505,unknown,
20506,ok,1930
20507,ok,1873
20509,ok,1904
20510,ok,1944
20511,unknown,
20512,ok,1943
20513,ok,1924
20515,ok,1920
20516,ok,1938
20519,recent,
20520,ok,1935
20521,unknown,
20522,ok,1934
20523,ok,1939
20524,ok,1868
20525,ok,1895
20526,ok,1936
20527,unknown,
20528,ok,1887
20529,ok,1893
20531,ok,1916
20532,recent,
20533,recent,
20534,ok,1718
20535,unknown,
20537,ok,1910
20538,unknown,
20539,ok,1914
20540,recent,
20541,ok,1873
20543,ok,1933
20544,ok,1909
20546,ok,1942
20547,unknown,
20548,recent,
20549,ok,1922
20551,recent,
20552,ok,1916
20554,ok,1928
20555,ok,1936
20556,ok,1905
20557,unknown,
20558,unknown,
20559,ok,1922
20560,ok,1925
20561,ok,1872
20562,ok,1902
20563,unknown,
20564,ok,1901
20565,unknown,
20566,ok,1935
20567,unknown,
20568,ok,1896
20569,ok,1891
20571,ok,1940
20572,ok,1937
20575,unknown,
20576,ok,1902
20577,ok,1799
20578,recent,
20579,ok,1867
20580,ok,1885
20583,ok,1915
20584,ok,1926
20585,ok,1881
20586,ok,1948
20587,unknown,
20588,unknown,
20590,ok,1947
20606,ok,1924
20607,ok,1911
20608,ok,1912
20609,ok,1907
20610,unknown,
20611,ok,1946
20612,ok,1944
20614,unknown,
20615,unknown,
20616,recent,
20617,unknown,
20618,ok,1930
20619,unknown,
20620,recent,
20622,unknown,
20623,ok,1889
20624,ok,1939
20625,ok,1856
20626,ok,1946
20627,ok,1946
20628,ok,1946
20629,ok,1946
20630,ok,1935
20631,ok,1926
20632,ok,1913
20633,ok,1944
20634,ok,1881
20635,ok,1921
20636,unknown,
20638,ok,1949
20640,unknown,
20641,ok,1902
20642,unknown,
20643,ok,1932
20644,unknown,
20645,ok,1931
20646,ok,1930
20647,unknown,
20648,unknown,
20649,recent,
20650,ok,1944
20651,ok,1902
20652,unknown,
20653,unknown,
20654,ok,1930
20655,unknown,
20656,ok,1859
20657,ok,1847
20659,recent,
20660,ok,1932
20661,ok,1919
20662,recent,
20663,ok,1825
20664,ok,1907
20666,recent,
20667,ok,1935
20668,ok,1915
20669,unknown,
20678,ok,1937
20693,ok,1919
20694,ok,1929
20695,ok,1940
20696,ok,1938
20697,ok,1940
20698,recent,
20699,ok,1906
20700,ok,1847
20702,ok,1870
20703,ok,1876
20704,unknown,
20705,recent,
20707,recent,
20708,unknown,
20709,ok,1952
20710,ok,1952
20711,ok,1891
20712,recent,
20713,unknown,
20714,ok,1940
20715,ok,1940
20716,ok,1949
20717,recent,
20718,ok,1943
20719,recent,
20720,ok,1874
20721,ok,1916
20722,ok,1916
20723,unknown,
20724,ok,1926
20726,recent,
20727,recent,
20728,recent,
20729,ok,1902
20730,ok,1947
20731,ok,1936
20732,ok,1907
20733,ok,1923
20734,ok,1889
20735,unknown,
20736,unknown,
20737,unknown,
20738,ok,1954
20739,recent,
20740,ok,1937
20741,ok,1888
20742,ok,1889
20743,recent,
20744,ok,1904
20745,ok,1891
20746,ok,1888
20747,ok,1932
20748,ok,1937
20749,ok,1832
20750,unknown,
20751,ok,1928
20752,unknown,
20753,unknown,
20754,ok,1885
20755,ok,1894
20756,recent,
20758,ok,1921
20759,unknown,
20761,ok,1867
20762,ok,1893
20763,ok,1921
20764,unknown,
20765,ok,1911
20766,ok,1922
20767,ok,1851
20768,ok,1947
20769,ok,1936
20770,recent,
20772,recent,
20773,ok,1874
20774,ok,1938
20775,ok,1899
20776,ok,1890
20777,unknown,
20778,ok,1914
20779,unknown,
20781,unknown,
20782,recent,
20784,ok,1948
20785,unknown,
20787,ok,1940
20788,recent,
20789,ok,1922
20790,ok,1867
20924,unknown,
20791,ok,1920
20792,unknown,
20793,unknown,
20795,ok,1870
20796,recent,
20797,unknown,
20798,unknown,
20800,ok,1933
20801,ok,1882
20803,ok,1901
20804,unknown,
20805,ok,1946
20806,unknown,
20807,ok,1937
20808,ok,1930
20809,unknown,
20810,unknown,
20811,unknown,
20812,ok,1883
20813,ok,1880
20814,unknown,
20815,ok,1933
20816,ok,1936
20817,recent,
20818,ok,1900
20819,ok,1908
20821,ok,1944
20822,unknown,
20823,unknown,
20824,unknown,
20825,unknown,
20826,ok,1854
20827,ok,1854
20828,ok,1854
20829,unknown,
20830,recent,
20831,unknown,
20832,unknown,
20833,ok,1954
20834,unknown,
20835,ok,1885
20836,ok,1902
20837,ok,1947
20838,recent,
20839,ok,1905
20840,recent,
20842,ok,1941
20843,ok,1931
20844,ok,1923
20845,unknown,
20846,ok,1928
20847,ok,1908
20848,unknown,
20849,ok,1911
20850,ok,1912
20851,ok,1922
20853,ok,1932
20856,recent,
20857,recent,
20859,recent,
20860,ok,1914
20861,ok,1953
20862,ok,1921
20863,ok,1944
20864,ok,1887
20865,unknown,
20866,unknown,
20868,ok,1864
20869,recent,
20870,unknown,
20871,ok,1927
20872,ok,1941
20873,ok,1910
20877,recent,
20878,ok,1923
20879,ok,1923
20880,unknown,
20885,ok,1949
20886,ok,1839
20887,ok,1923
20888,recent,
20889,ok,1894
20890,recent,
20891,ok,1857
20892,unknown,
20893,ok,1954
20894,ok,1918
20895,ok,1833
20896,ok,1898
20897,ok,1936
20898,recent,
20899,unknown,
20900,unknown,
20901,ok,1927
20902,ok,1912
20903,unknown,
20904,ok,1952
20906,unknown,
20907,ok,1924
20909,ok,1941
20910,ok,1920
20911,ok,1923
20912,ok,1932
20913,unknown,
20914,ok,1937
20915,unknown,
20916,ok,1934
20917,ok,1902
20918,ok,1937
20919,recent,
20920,recent,
20921,ok,1943
20922,unknown,
20923,ok,1955
20925,ok,1917
20926,ok,1935
20927,ok,1895
20928,ok,1901
20929,ok,1923
20932,ok,1859
20933,ok,1894
20934,ok,1894
20935,ok,1940
20936,unknown,
20938,ok,1895
20939,ok,1934
20941,ok,1930
20945,ok,1942
20946,ok,1862
20947,ok,1862
20948,ok,1862
20949,unknown,
20950,ok,1918
20952,unknown,
20953,ok,1927
20954,unknown,
20955,unknown,
20956,ok,1948
20958,ok,1936
20959,recent,
20961,ok,1952
20962,unknown,
20963,ok,1921
20966,ok,1838
20967,ok,1889
20978,ok,1909
20979,ok,1944
20980,ok,1928
20981,ok,1933
20982,ok,1861
20983,ok,1946
20984,ok,1906
20985,unknown,
20986,ok,1950
20987,ok,1914
20988,recent,
20989,unknown,
20990,ok,1925
20991,ok,1893
20992,ok,1893
20993,ok,1893
20994,ok,1893
20995,unknown,
20996,ok,1916
20997,ok,1908
21001,unknown,
21002,ok,1919
21003,ok,1913
21004,ok,1923
21005,ok,1946
21006,ok,1951
21007,ok,1943
21008,recent,
21009,unknown,
21010,unknown,
21012,ok,1882
21013,ok,1875
21014,ok,1897
21015,recent,
21016,ok,1922
21017,ok,1870
21019,unknown,
21020,unknown,
21022,recent,
21023,ok,1833
21024,ok,1873
21025,ok,1923
21027,unknown,
21028,unknown,
21029,recent,
21032,ok,1875
21033,ok,1902
21034,unknown,
21035,ok,1893
21036,ok,1893
21037,ok,1893
21038,ok,1893
21039,ok,1893
21040,ok,1938
21041,unknown,
21042,ok,1893
21043,ok,1893
21044,ok,1893
21045,ok,1916
21046,recent,
21047,unknown,
21048,ok,1916
21049,recent,
21050,ok,1893
21051,recent,
21052,ok,1913
21053,ok,1919
21054,unknown,
21055,ok,1935
21056,unknown,
21057,ok,1922
21058,ok,1922
21059,ok,1922
21060,ok,1922
21061,ok,1922
21062,ok,1922
21063,ok,1922
21064,ok,1922
21065,ok,1922
21066,ok,1922
21067,ok,1922
21068,ok,1922
21069,ok,1922
21070,ok,1922
21071,ok,1922
21072,ok,1922
21073,ok,1922
21074,unknown,
21075,ok,1922
21076,unknown,
21077,ok,1911
21078,ok,1949
21079,recent,
21080,ok,1934
21081,unknown,
21083,unknown,
21084,unknown,
21085,unknown,
21086,unknown,
21087,unknown,
21088,unknown,
21089,unknown,
21090,ok,1926
21091,ok,1923
21092,unknown,
21093,unknown,
21094,recent,
21095,unknown,
21096,unknown,
21097,unknown,
21098,ok,1917
21099,ok,1917
21101,ok,1917
21102,ok,1917
21103,ok,1917
21104,unknown,
21105,unknown,
21106,unknown,
21107,unknown,
21108,unknown,
21109,ok,1917
21110,ok,1917
21111,ok,1906
21112,ok,1901
21113,ok,1886
21114,unknown,
21116,ok,1942
21117,ok,1917
21118,ok,1917
21119,ok,1917
21120,ok,1917
21121,ok,1917
21122,ok,1917
21123,ok,1904
21124,ok,1883
21125,ok,1916
21126,unknown,
21127,ok,1911
21128,ok,1893
21129,ok,1917
21130,ok,1896
21131,unknown,
21132,unknown,
21133,unknown,
21134,unknown,
21135,unknown,
21136,unknown,
21137,ok,1893
21138,ok,1900
21187,unknown,
21188,unknown,
21189,unknown,
21190,ok,1910
21191,ok,1870
21193,unknown,
21196,ok,1934
21197,unknown,
21198,ok,1859
21199,ok,1641
21200,ok,1906
21201,ok,1842
21202,ok,1894
21203,ok,1949
21204,unknown,
21205,ok,1945
21206,ok,1914
21208,ok,1906
21210,ok,1920
21211,ok,1934
21212,ok,1574
21213,ok,1934
21214,ok,1897
21215,ok,1914
21216,unknown,
21217,ok,1899
21218,ok,1955
21219,ok,1947
21220,unknown,
21221,ok,1641
21222,ok,1901
21223,ok,1901
21224,unknown,
21225,unknown,
21226,ok,1897
21227,ok,1897
21228,ok,1899
21229,ok,1899
21230,ok,1899
21231,ok,1899
21232,ok,1899
21233,ok,1893
21234,ok,1893
21235,ok,1893
21236,ok,1883
21237,ok,1883
21238,ok,1883
21239,ok,1883
21240,ok,1883
21241,ok,1883
21334,ok,1707
21242,ok,1902
21243,ok,1942
21244,ok,1909
21245,ok,1909
21246,ok,1909
21247,ok,1941
21248,ok,1931
21249,ok,1931
21250,ok,1923
21251,unknown,
21252,unknown,
21253,unknown,
21254,ok,1949
21255,ok,1940
21256,ok,1825
21257,ok,1641
21258,ok,1942
21259,unknown,
21260,ok,1847
21261,unknown,
21262,ok,1920
21263,ok,1900
21264,ok,1916
21266,ok,1922
21267,recent,
21268,ok,1912
21270,ok,1899
21335,ok,1942
21271,unknown,
21272,ok,1941
21273,unknown,
21274,ok,1903
21275,ok,1876
21276,recent,
21277,ok,1874
21278,unknown,
21279,recent,
21280,unknown,
21281,ok,1928
21284,unknown,
21285,unknown,
21286,recent,
21288,unknown,
21291,ok,1924
21292,ok,1909
21293,ok,1909
21294,ok,1909
21295,ok,1909
21296,ok,1909
21297,ok,1909
21298,ok,1909
21299,ok,1909
21300,ok,1948
21301,ok,1909
21302,ok,1909
21303,ok,1909
21304,ok,1909
21305,ok,1909
21306,ok,1909
21307,ok,1909
21308,ok,1909
21309,ok,1909
21310,ok,1909
21311,ok,1909
21312,ok,1909
21313,ok,1909
21314,ok,1909
21315,ok,1909
21316,ok,1909
21317,ok,1909
21318,ok,1909
21319,ok,1909
21320,ok,1909
21321,ok,1919
21322,ok,1949
21323,ok,1940
21324,ok,1914
21325,recent,
21326,ok,1909
21327,ok,1893
21328,ok,1875
21329,ok,1930
21330,ok,1885
21331,ok,1849
21332,ok,1902
21333,ok,1930
21336,ok,1943
21337,unknown,
21338,ok,1928
21339,ok,1948
21340,ok,1913
21341,ok,1934
21342,recent,
21343,ok,1855
21344,ok,1930
21345,ok,1933
21346,ok,1732
21348,ok,1937
21350,ok,1912
21351,unknown,
21352,unknown,
21353,recent,
21354,ok,1909
21355,ok,1909
21356,ok,1909
21357,ok,1909
21358,ok,1909
21359,ok,1909
21360,ok,1909
21361,ok,1909
21362,ok,1909
21363,ok,1909
21364,ok,1909
21431,ok,1879
21365,ok,1909
21366,ok,1909
21367,ok,1909
21368,ok,1909
21371,ok,1909
21372,ok,1909
21373,ok,1909
21374,ok,1909
21375,ok,1909
21376,ok,1909
21377,ok,1909
21378,ok,1909
21379,ok,1909
21380,ok,1909
21381,ok,1920
21382,ok,1909
21383,ok,1880
21384,ok,1880
21385,ok,1880
21386,ok,1880
21387,ok,1880
21388,ok,1880
21389,ok,1880
21390,ok,1880
21391,ok,1880
21392,ok,1880
21393,ok,1880
21394,ok,1950
21572,ok,1848
21395,ok,1880
21396,ok,1880
21397,ok,1880
21398,ok,1954
21399,unknown,
21400,unknown,
21401,ok,1880
21402,ok,1880
21403,ok,1880
21404,ok,1880
21405,ok,1880
21407,ok,1945
21408,unknown,
21410,ok,1941
21411,ok,1955
21412,ok,1949
21413,ok,1951
21414,ok,1946
21415,recent,
21416,ok,1899
21417,ok,1906
21418,unknown,
21419,ok,1910
21421,unknown,
21426,ok,1949
21427,ok,1896
21428,unknown,
21430,ok,1872
21432,unknown,
21434,ok,1914
21442,unknown,
21443,ok,1935
21445,unknown,
21446,unknown,
21447,ok,1880
21448,ok,1880
21449,ok,1880
21450,ok,1880
21451,ok,1880
21452,ok,1880
21453,ok,1880
21454,ok,1880
21455,ok,1880
21456,ok,1880
21457,ok,1880
21458,ok,1880
21459,ok,1880
21460,ok,1880
21461,ok,1880
21462,ok,1880
21463,ok,1880
21464,ok,1880
21465,ok,1880
21466,ok,1880
21467,ok,1880
21468,ok,1880
21469,ok,1880
21470,ok,1880
21471,ok,1880
21472,ok,1880
21473,ok,1880
21474,ok,1880
21475,ok,1880
21476,ok,1880
21477,ok,1880
21478,ok,1880
21479,ok,1880
21480,ok,1880
21481,ok,1880
21482,ok,1880
21483,ok,1880
21484,ok,1880
21485,ok,1880
21486,ok,1880
21487,ok,1880
21488,ok,1880
21489,ok,1913
21490,ok,1880
21491,ok,1880
21492,ok,1880
21493,ok,1880
21494,ok,1909
21495,ok,1909
21573,ok,1848
21496,unknown,
21497,recent,
21498,ok,1895
21499,recent,
21500,ok,1864
21501,ok,1945
21502,recent,
21503,unknown,
21504,ok,1880
21505,ok,1880
21506,ok,1880
21507,ok,1938
21508,unknown,
21509,unknown,
21510,recent,
21511,unknown,
21512,unknown,
21513,ok,1920
21514,ok,1933
21515,ok,1890
21516,unknown,
21528,unknown,
21529,ok,1933
21530,ok,1932
21531,unknown,
21532,recent,
21533,ok,1934
21534,unknown,
21536,ok,1925
21537,ok,1940
21538,unknown,
21539,recent,
21540,unknown,
21541,unknown,
21542,unknown,
21543,ok,1907
21544,ok,1887
21546,unknown,
21547,unknown,
21549,ok,1848
21550,ok,1848
21551,ok,1848
21552,ok,1848
21553,ok,1848
21554,ok,1848
21555,ok,1848
21556,ok,1848
21557,ok,1848
21558,ok,1848
21559,ok,1848
21560,unknown,
21561,ok,1940
21562,ok,1914
21565,ok,1842
21566,ok,1930
21568,unknown,
21569,ok,1929
21570,ok,1934
21571,ok,1848
21574,ok,1848
21575,ok,1848
21576,ok,1848
21577,ok,1848
21578,ok,1848
21579,ok,1848
21580,ok,1848
21582,unknown,
21583,ok,1914
21590,unknown,
21591,ok,1900
21592,ok,1852
21594,unknown,
21595,unknown,
21596,unknown,
21597,ok,1896
21598,unknown,
21599,unknown,
21600,ok,1933
21607,ok,1916
21608,ok,1906
21609,ok,1941
21610,unknown,
21611,unknown,
21612,ok,1947
21613,ok,1929
21614,ok,1902
21615,ok,1881
21616,ok,1923
21617,ok,1935
21618,ok,1913
21619,ok,1949
21620,ok,1864
21621,ok,1907
21622,ok,1924
21623,ok,1920
21624,ok,1919
21625,ok,1954
21626,ok,1916
21627,recent,
21628,ok,1864
21629,ok,1924
21630,ok,1900
21632,ok,1899
21633,ok,1947
21634,ok,1921
21635,recent,
21636,ok,1898
21637,ok,1912
21638,recent,
21639,ok,1916
21640,ok,1905
21641,ok,1897
21642,ok,1890
21643,ok,1955
21644,unknown,
21645,ok,1932
21646,unknown,
21647,recent,
21648,unknown,
21649,unknown,
21650,unknown,
21652,ok,1916
21653,ok,1950
21654,ok,1942
21655,ok,1893
21656,ok,1947
21657,unknown,
21659,ok,1954
21660,ok,1947
21661,ok,1928
21662,ok,1903
21663,unknown,
21664,ok,1915
21665,ok,1902
21666,ok,1901
21667,unknown,
21668,recent,
21669,ok,1886
21670,ok,1929
21671,unknown,
21672,unknown,
21674,unknown,
21675,ok,1898
21676,ok,1935
21677,ok,1922
21678,recent,
21679,ok,1924
21681,ok,1920
21682,ok,1897
21685,ok,1898
21686,ok,1912
21687,ok,1947
21688,ok,1926
21689,recent,
21690,ok,1935
21691,ok,1894
21692,ok,1894
21693,ok,1894
21694,ok,1894
21695,ok,1894
21696,ok,1894
21697,ok,1894
21698,ok,1894
21699,ok,1894
21700,ok,1824
21701,ok,1894
21702,ok,1894
21703,ok,1894
21704,ok,1894
21705,ok,1894
21706,ok,1894
21707,ok,1894
21708,ok,1894
21709,ok,1894
21710,ok,1894
21711,ok,1894
21712,ok,1894
21713,ok,1894
21714,ok,1894
21715,ok,1894
21716,ok,1894
21717,ok,1894
21718,ok,1894
21719,ok,1894
21720,ok,1894
21721,ok,1894
21722,ok,1930
21757,ok,1894
21723,ok,1948
21724,recent,
21725,ok,1894
21726,ok,1894
21727,ok,1894
21728,ok,1894
21729,ok,1894
21730,ok,1894
21731,ok,1894
21732,ok,1894
21733,ok,1894
21734,ok,1894
21735,ok,1894
21736,ok,1894
21737,ok,1894
21738,ok,1894
21739,ok,1894
21740,ok,1894
21741,ok,1894
21742,ok,1894
21743,ok,1894
21744,ok,1894
21745,ok,1894
21746,ok,1894
21747,ok,1894
21748,ok,1894
21749,ok,1894
21750,ok,1894
21751,ok,1894
21752,ok,1894
21753,ok,1894
21754,ok,1894
21755,ok,1894
21756,ok,1894
21759,ok,1878
21760,unknown,
21761,ok,1926
21762,unknown,
21763,ok,1945
21764,unknown,
21765,ok,1878
21766,ok,1925
21767,ok,1887
21768,ok,1930
21769,ok,1930
21770,ok,1916
21771,ok,1916
21772,ok,1916
21773,ok,1916
21774,ok,1941
21775,ok,1924
21776,ok,1919
21777,ok,1936
21778,unknown,
21781,ok,1946
21782,recent,
21783,ok,1934
21784,unknown,
21785,ok,1886
21787,ok,1933
21788,ok,1902
21789,ok,1623
21790,unknown,
21791,recent,
21792,ok,1833
21793,ok,1933
21794,unknown,
21795,ok,1906
21796,unknown,
21797,ok,1909
21804,ok,1862
21806,unknown,
21807,ok,1895
21808,ok,1895
21809,ok,1895
21810,unknown,
21811,ok,1920
21812,ok,1880
21813,ok,1894
21814,ok,1927
21815,ok,1925
21816,ok,1891
21817,ok,1868
21818,unknown,
21819,ok,1860
21820,ok,1937
21821,ok,1912
21822,ok,1784
21823,ok,1894
21824,ok,1935
21825,ok,1941
21826,unknown,
21828,ok,1944
21829,ok,1878
21830,recent,
21832,unknown,
21833,ok,1928
21834,ok,1951
21835,recent,
21836,ok,1949
21837,ok,1941
21838,unknown,
21839,ok,1921
21840,ok,1936
21841,unknown,
21842,unknown,
21843,ok,1799
21844,ok,1949
21845,ok,1949
21846,ok,1925
21847,ok,1882
21849,ok,1934
21850,ok,1940
21851,ok,1891
21852,ok,1916
21853,unknown,
21854,recent,
21856,ok,1874
21857,ok,1942
21858,ok,1932
21859,ok,1890
21861,ok,1864
21863,ok,1930
21864,unknown,
21865,ok,1934
21866,ok,1918
21867,unknown,
21868,ok,1893
21869,ok,1926
21870,ok,1938
21871,ok,1880
21872,ok,1910
21873,recent,
21874,ok,1942
21876,ok,1919
21877,recent,
21879,recent,
21880,ok,1927
21881,ok,1913
21882,ok,1946
21883,ok,1953
21884,ok,1867
21885,ok,1923
21886,ok,1936
21887,ok,1947
21888,ok,1946
21889,ok,1879
21890,recent,
21891,recent,
21892,ok,1941
21893,ok,1914
21894,ok,1930
21895,ok,1954
21896,ok,1900
21897,recent,
21898,unknown,
21899,ok,1921
21900,ok,1897
21901,ok,1897
21902,unknown,
21903,ok,1948
21904,ok,1935
21905,unknown,
21907,unknown,
21908,unknown,
21909,ok,1901
21910,ok,1950
21912,ok,1913
21913,ok,1925
21914,ok,1919
21915,ok,1779
21917,ok,1909
21918,unknown,
21919,ok,1925
21920,unknown,
21921,ok,1925
21927,ok,1943
21928,ok,1943
21929,ok,1943
21930,ok,1943
21931,ok,1943
21932,ok,1916
21933,ok,1912
21934,ok,1912
21935,ok,1912
21936,ok,1916
21937,unknown,
21938,ok,1878
21939,unknown,
21940,ok,1926
21941,ok,1894
21942,ok,1914
21943,ok,1872
21944,ok,1948
21948,recent,
21949,ok,1903
21952,unknown,
21953,ok,1852
21955,recent,
21956,unknown,
21957,ok,1918
21958,ok,1945
21959,ok,1937
21960,unknown,
21962,ok,1926
21963,ok,1906
21964,ok,1943
21965,ok,1930
21966,ok,1861
21967,unknown,
21968,ok,1916
21969,ok,1916
21970,ok,1916
21971,ok,1916
21972,ok,1936
21973,ok,1856
21975,ok,1844
21976,ok,1921
21977,ok,1891
21978,unknown,
21979,ok,1902
21980,unknown,
21981,ok,1933
21982,ok,1891
21983,unknown,
21984,ok,1869
21985,unknown,
21986,ok,1902
21987,ok,1924
21988,recent,
21990,ok,1923
21991,ok,1951
21992,recent,
21993,recent,
21994,ok,1912
21995,ok,1924
21996,ok,1934
21997,ok,1939
21998,ok,1933
21999,ok,1928
22000,ok,1882
22001,unknown,
22002,ok,1932
22071,ok,1931
22003,ok,1884
22004,ok,1911
22005,ok,1921
22007,ok,1866
22008,ok,1946
22010,ok,1915
22011,ok,1676
22012,ok,1930
22013,ok,1880
22014,recent,
22016,ok,1838
22017,ok,1884
22018,ok,1915
22019,unknown,
22021,ok,1947
22022,ok,1888
22023,ok,1931
22028,ok,1941
22029,unknown,
22030,ok,1903
22031,unknown,
22032,ok,1922
22033,recent,
22034,ok,1898
22035,unknown,
22036,ok,1900
22037,ok,1912
22038,ok,1937
22102,recent,
22039,unknown,
22040,unknown,
22041,ok,1947
22042,unknown,
22043,unknown,
22046,ok,1947
22047,ok,1929
22048,ok,1885
22049,ok,1932
22050,ok,1913
22051,unknown,
22052,ok,1894
22053,ok,1936
22054,ok,1933
22055,unknown,
22056,unknown,
22057,recent,
22058,ok,1872
22059,unknown,
22060,ok,1902
22061,ok,1915
22062,ok,1608
22063,recent,
22064,recent,
22066,ok,1936
22067,ok,1947
22068,ok,1833
22069,ok,1893
22072,unknown,
22073,recent,
22074,ok,1937
22075,ok,1911
22076,ok,1951
22077,recent,
22078,ok,1953
22079,unknown,
22080,unknown,
22081,recent,
22082,ok,1865
22083,ok,1929
22084,ok,1891
22085,ok,1937
22086,ok,1915
22087,ok,1952
22088,ok,1890
22089,ok,1899
22090,ok,1939
22091,ok,1941
22093,unknown,
22094,ok,1851
22095,recent,
22096,unknown,
22097,ok,1872
22098,ok,1872
22099,ok,1944
22100,ok,1932
22101,ok,1952
22103,unknown,
22104,ok,1916
22105,ok,1931
22106,ok,1912
22107,unknown,
22108,ok,1923
22109,ok,1941
22110,unknown,
22111,ok,1905
22112,ok,1926
22113,unknown,
22114,ok,1876
22115,ok,1924
22116,ok,1903
22117,ok,1924
22118,ok,1885
22121,ok,1887
22124,unknown,
22125,recent,
22126,unknown,
22127,unknown,
22128,ok,1920
22129,ok,1939
22130,unknown,
22131,ok,1888
22132,recent,
22133,unknown,
22134,ok,1891
22135,recent,
22136,ok,1881
22138,unknown,
22140,recent,
22141,ok,1901
22142,ok,1890
22143,ok,1919
22144,ok,1947
22145,recent,
22146,recent,
22147,ok,1909
22148,ok,1898
22149,unknown,
22150,ok,1907
22151,ok,1575
22152,ok,1926
22153,ok,1929
22154,recent,
22155,ok,1884
22156,recent,
22157,ok,1934
22158,ok,1932
22161,unknown,
22162,unknown,
22163,ok,1930
22164,ok,1914
22165,ok,1896
22166,unknown,
22168,ok,1904
22169,ok,1931
22170,unknown,
22171,recent,
22172,unknown,
22173,unknown,
22174,ok,1937
22175,unknown,
22176,unknown,
22177,ok,1917
22178,unknown,
22179,ok,1935
22180,recent,
22181,unknown,
22182,ok,1924
22183,ok,1929
22184,unknown,
22185,recent,
22186,ok,1930
22187,unknown,
22188,unknown,
22189,ok,1928
22190,recent,
22191,ok,1933
22192,unknown,
22193,ok,1943
22194,recent,
22195,ok,1906
22196,recent,
22197,unknown,
22198,ok,1944
22199,unknown,
22200,ok,1907
22201,unknown,
22202,ok,1907
22203,ok,1907
22204,ok,1907
22205,ok,1907
22206,ok,1907
22207,ok,1907
22208,ok,1907
22210,ok,1924
22211,ok,1930
22212,ok,1943
22213,ok,1947
22214,ok,1897
22215,ok,1911
22216,recent,
22217,ok,1941
22218,recent,
22219,ok,1920
22220,ok,1934
22221,unknown,
22222,recent,
22223,ok,1924
22224,ok,1902
22225,ok,1919
22226,recent,
22227,unknown,
22228,ok,1873
22229,ok,1890
31139,ok,1951
22230,ok,1900
22231,ok,1916
22232,ok,1929
22233,ok,1946
22234,ok,1888
22236,unknown,
22237,ok,1920
22238,ok,1928
22239,recent,
22240,ok,1935
22241,ok,1944
22242,unknown,
22243,ok,1929
22244,recent,
22245,recent,
22246,ok,1909
22247,ok,1953
22248,ok,1889
22249,ok,1946
22250,unknown,
22251,ok,1879
22252,ok,1879
22253,ok,1924
22254,ok,1845
22255,ok,1953
22256,unknown,
22257,recent,
22258,ok,1912
22259,recent,
22260,unknown,
22261,ok,1523
22262,ok,1886
22263,recent,
22264,ok,1950
22265,ok,1945
22266,ok,1894
22267,ok,1938
22268,ok,1641
22269,ok,1717
22270,ok,1954
22271,ok,1907
22272,ok,1907
22273,ok,1907
22274,ok,1907
22275,ok,1907
22276,ok,1907
22277,unknown,
22278,ok,1943
22279,unknown,
22280,ok,1903
22281,ok,1946
22282,ok,1908
22283,ok,1894
22284,ok,1940
31208,unknown,
22285,ok,1920
22286,ok,1931
22287,unknown,
22288,unknown,
22289,ok,1523
22290,ok,1929
22291,ok,1929
22292,ok,1953
22293,ok,1943
22294,ok,1935
22295,ok,1946
22297,ok,1920
22298,ok,1921
22300,unknown,
22301,ok,1935
22302,ok,1952
22303,unknown,
22304,unknown,
22305,ok,1934
22306,ok,1954
22307,ok,1922
22308,unknown,
22309,ok,1932
22310,recent,
22311,unknown,
22312,unknown,
22313,unknown,
22314,ok,1866
22315,ok,1900
22316,ok,1900
22317,ok,1900
22318,ok,1900
22319,recent,
22320,ok,1896
22321,ok,1930
22322,ok,1952
22323,ok,1922
22324,unknown,
22325,unknown,
22326,ok,1523
22327,recent,
22328,ok,1954
22329,ok,1940
22331,ok,1931
22332,recent,
22334,ok,1928
22335,unknown,
22336,ok,1899
22337,ok,1794
22338,recent,
22339,unknown,
22342,recent,
22343,ok,1902
22344,unknown,
22345,ok,1835
22346,recent,
22347,unknown,
22350,ok,1917
22351,unknown,
22352,ok,1930
22353,unknown,
22354,ok,1952
22356,ok,1918
22357,ok,1930
22358,recent,
22359,ok,1883
22362,ok,1936
22363,ok,1942
22364,ok,1844
22365,ok,1897
22366,ok,1930
22369,unknown,
22370,recent,
22371,ok,1914
22372,ok,1940
22373,ok,1889
22374,unknown,
22375,unknown,
22376,ok,1929
22377,ok,1879
22379,ok,1954
22380,unknown,
22381,unknown,
22382,ok,1856
22383,ok,1933
22384,ok,1919
22385,ok,1833
22386,ok,1833
22387,ok,1894
22388,unknown,
22390,ok,1954
22392,recent,
22393,ok,1917
22394,ok,1857
22396,unknown,
22397,ok,1946
22398,unknown,
22399,unknown,
22400,ok,1587
22401,ok,1938
22402,unknown,
22403,ok,1930
22404,unknown,
22405,ok,1898
22406,ok,1878
22407,recent,
22408,unknown,
22409,unknown,
22410,ok,1876
22411,ok,1941
22414,recent,
22415,ok,1523
22416,unknown,
22417,ok,1944
22418,unknown,
22419,unknown,
22420,ok,1932
22421,ok,1944
22422,ok,1915
22423,ok,1917
22424,ok,1945
22425,recent,
22426,recent,
22427,ok,1874
22428,ok,1913
22429,unknown,
22430,ok,1940
22431,ok,1922
22432,ok,1928
22433,ok,1897
22455,ok,1909
22456,ok,1945
22457,ok,1902
22458,ok,1948
22459,ok,1940
22460,unknown,
22461,ok,1931
22462,unknown,
22463,recent,
22464,ok,1919
22466,unknown,
22467,recent,
22470,unknown,
22471,unknown,
22472,ok,1932
22474,ok,1900
22475,ok,1930
22476,recent,
22477,ok,1930
22478,ok,1927
22526,recent,
22479,ok,1947
22480,ok,1930
22482,unknown,
22483,ok,1924
22484,recent,
22485,ok,1950
22486,unknown,
22487,unknown,
22488,ok,1820
22489,recent,
22490,ok,1823
22495,unknown,
22496,ok,1848
22497,ok,1930
22500,ok,1820
22510,ok,1914
22511,ok,1879
22512,recent,
22513,recent,
22515,ok,1890
22518,unknown,
22519,ok,1920
22520,ok,1880
22521,ok,1899
22522,ok,1920
22523,unknown,
22524,recent,
22525,recent,
22527,recent,
22529,unknown,
22530,ok,1944
22531,ok,1930
22532,ok,1947
22533,ok,1894
22534,ok,1905
22535,ok,1883
22536,recent,
22537,ok,1936
22538,recent,
22539,unknown,
22540,recent,
22541,recent,
22542,ok,1933
22543,unknown,
22544,recent,
22545,unknown,
22546,ok,1946
22547,ok,1930
22548,unknown,
22549,recent,
22550,ok,1884
22551,ok,1872
22552,ok,1874
22553,ok,1861
22554,ok,1911
22557,unknown,
22558,ok,1803
22559,recent,
22560,recent,
22561,unknown,
22563,unknown,
22564,unknown,
22565,ok,1899
22566,ok,1919
22567,ok,1917
22568,ok,1936
22569,recent,
22571,ok,1945
22572,ok,1932
22573,unknown,
22574,ok,1874
22575,unknown,
22576,unknown,
22577,unknown,
22578,ok,1923
22579,recent,
22581,unknown,
22582,unknown,
22583,ok,1954
22584,ok,1914
22585,recent,
22586,ok,1888
22587,unknown,
22588,ok,1945
22589,unknown,
22590,recent,
22591,ok,1925
22594,unknown,
22595,ok,1944
22596,recent,
22597,recent,
22598,unknown,
22599,recent,
22600,ok,1926
22601,ok,1896
22602,unknown,
22603,ok,1903
22604,ok,1931
22605,ok,1953
22606,ok,1937
22607,ok,1940
22608,ok,1908
22609,ok,1891
22610,unknown,
22611,unknown,
22612,unknown,
22613,ok,1713
22617,unknown,
22618,ok,1869
22619,ok,1930
22620,ok,1935
22621,unknown,
22623,recent,
22624,unknown,
22625,unknown,
22626,ok,1875
22627,ok,1928
22629,recent,
22631,unknown,
22633,ok,1834
22636,ok,1930
22637,unknown,
22638,ok,1953
22639,unknown,
22644,ok,1955
22645,unknown,
22646,ok,1916
22650,ok,1896
22651,ok,1944
22652,unknown,
22653,unknown,
22654,ok,1927
22655,unknown,
22656,ok,1914
22657,unknown,
22660,ok,1904
22661,ok,1904
22662,ok,1904
22663,unknown,
22664,ok,1827
22665,ok,1882
22666,ok,1935
22667,ok,1935
22668,unknown,
22669,ok,1899
22670,ok,1939
22671,unknown,
22672,unknown,
22673,ok,1938
22674,ok,1940
22675,ok,1911
22676,ok,1917
22677,ok,1947
22680,ok,1896
22681,ok,1930
22682,recent,
22683,unknown,
22684,unknown,
22685,unknown,
22687,unknown,
22688,unknown,
22689,ok,1925
22690,ok,1868
22691,unknown,
22692,ok,1939
22693,ok,1932
22694,unknown,
22695,unknown,
22696,recent,
22697,unknown,
22698,unknown,
22699,recent,
22700,ok,1878
22701,ok,1898
22702,ok,1898
22703,ok,1898
22704,ok,1898
22705,ok,1898
22706,ok,1898
22707,ok,1898
22708,ok,1898
22709,ok,1898
22710,ok,1898
22711,ok,1898
22712,ok,1898
22713,ok,1898
22714,ok,1898
22715,ok,1898
22716,recent,
22717,ok,1947
22718,unknown,
22719,ok,1938
22720,ok,1927
22721,unknown,
22724,unknown,
22725,unknown,
22726,ok,1930
22727,ok,1903
22728,ok,1925
22731,ok,1919
22732,ok,1917
22733,recent,
22734,ok,1930
22735,ok,1912
22736,ok,1944
22737,ok,1902
22809,ok,1935
22739,ok,1932
22740,ok,1894
22741,ok,1826
22743,unknown,
22744,ok,1941
22745,ok,1944
22746,unknown,
22747,unknown,
22748,ok,1912
22749,ok,1939
22750,unknown,
22751,ok,1917
22752,ok,1954
22754,recent,
22755,unknown,
22756,unknown,
22757,unknown,
22758,unknown,
22759,ok,1905
22760,ok,1874
22762,ok,1906
22763,recent,
22764,ok,1882
22765,recent,
22766,ok,1921
22767,recent,
22768,ok,1801
22769,ok,1801
22770,unknown,
22771,ok,1893
22774,unknown,
22775,ok,1916
22776,recent,
22777,ok,1917
22778,unknown,
22779,ok,1954
22780,ok,1825
22781,unknown,
22782,ok,1919
22783,unknown,
22784,unknown,
22790,ok,1693
22791,ok,1868
22792,unknown,
22793,ok,1919
22794,ok,1937
22795,unknown,
22796,ok,1841
22797,ok,1923
22799,ok,1931
22800,ok,1936
22803,ok,1923
22804,ok,1951
22805,unknown,
22806,ok,1935
22807,ok,1935
22808,ok,1935
22810,ok,1935
22811,ok,1935
22812,ok,1882
22813,ok,1954
22814,unknown,
22815,unknown,
22816,recent,
22818,ok,1935
22819,unknown,
22820,unknown,
22821,ok,1929
22822,ok,1931
22825,ok,1935
22827,unknown,
22829,unknown,
22830,unknown,
22831,unknown,
22832,ok,1950
22833,ok,1899
22834,unknown,
22835,ok,1855
22836,ok,1855
22837,ok,1855
22838,ok,1855
22839,ok,1855
22840,ok,1855
22841,ok,1855
22842,ok,1855
22843,ok,1855
22844,ok,1855
22845,ok,1855
22846,ok,1855
22847,unknown,
22848,ok,1936
22849,ok,1873
22865,ok,1923
22866,recent,
22867,recent,
22869,recent,
22871,ok,1909
22872,ok,1913
22873,unknown,
22874,ok,1945
22875,recent,
22876,recent,
22877,ok,1902
22878,ok,1902
22879,ok,1909
22880,ok,1907
22881,recent,
22882,recent,
22883,ok,1909
22884,ok,1954
22885,recent,
22886,ok,1952
22887,unknown,
22888,ok,1901
22889,unknown,
22890,ok,1935
22891,unknown,
22892,recent,
22893,ok,1935
22895,ok,1935
22896,unknown,
22897,ok,1935
22900,recent,
22902,unknown,
22903,ok,1904
22904,recent,
22905,unknown,
22906,ok,1933
22910,ok,1888
22911,unknown,
22912,unknown,
22913,ok,1896
22914,ok,1691
22915,unknown,
22916,ok,1873
22917,ok,1884
22918,unknown,
22921,unknown,
22922,ok,1934
22924,unknown,
22925,ok,1942
22926,unknown,
22927,unknown,
22928,unknown,
22938,recent,
22939,ok,1903
22940,unknown,
22941,unknown,
22942,ok,1893
22943,ok,1932
22944,ok,1880
22948,unknown,
22955,unknown,
22956,ok,1879
22957,unknown,
22958,recent,
22959,ok,1899
22960,ok,1903
22961,ok,1920
22965,ok,1920
22966,recent,
22967,recent,
22971,ok,1918
22972,ok,1879
22973,ok,1637
22974,recent,
22976,unknown,
22988,unknown,
22989,unknown,
22990,unknown,
22991,ok,1940
22992,unknown,
22993,unknown,
22994,ok,1932
22995,recent,
22996,ok,1930
22997,recent,
22998,ok,1943
22999,ok,1933
23000,ok,1882
23001,ok,1924
23002,ok,1924
23003,ok,1924
23004,ok,1924
23005,ok,1924
23006,ok,1924
23007,ok,1924
23008,ok,1931
23009,ok,1931
23010,ok,1931
23011,ok,1931
23012,ok,1931
23013,ok,1922
23014,ok,1922
23015,ok,1922
23016,ok,1922
23017,ok,1922
23019,ok,1842
23020,ok,1842
23022,ok,1914
23023,unknown,
23024,ok,1904
23025,recent,
23026,ok,1916
23027,unknown,
23028,recent,
23029,unknown,
23030,ok,1920
23031,unknown,
23032,unknown,
23033,ok,1920
23034,ok,1879
23036,ok,1922
23037,ok,1911
23038,ok,1936
23040,unknown,
23041,unknown,
23042,unknown,
23043,unknown,
23044,unknown,
23045,unknown,
23046,unknown,
23047,unknown,
23048,ok,1880
23049,ok,1880
23050,ok,1880
23051,ok,1880
23052,ok,1880
23053,recent,
23054,unknown,
23055,ok,1935
23056,ok,1935
23057,ok,1870
23058,unknown,
23059,ok,1930
23060,ok,1850
23061,ok,1931
23062,ok,1904
23063,unknown,
23185,unknown,
23064,unknown,
23066,ok,1887
23067,ok,1880
23068,ok,1880
23069,ok,1880
23070,ok,1880
23071,ok,1880
23072,ok,1880
23073,ok,1880
23074,ok,1880
23086,ok,1934
23087,unknown,
23090,unknown,
23091,recent,
23092,unknown,
23094,unknown,
23095,unknown,
23096,ok,1918
23097,ok,1914
23098,ok,1803
23099,recent,
23100,ok,1944
23101,recent,
23102,recent,
23103,recent,
23104,recent,
23106,ok,1856
23107,ok,1939
23108,ok,1899
23111,ok,1916
23112,ok,1899
23113,ok,1920
23114,ok,1899
23115,ok,1876
23116,unknown,
23117,ok,1883
23118,ok,1922
23119,ok,1893
23120,ok,1893
23121,ok,1893
23122,ok,1893
23123,unknown,
23124,ok,1917
23125,ok,1917
23126,ok,1903
23127,ok,1903
23128,ok,1909
23129,ok,1883
23130,ok,1899
23131,ok,1876
23132,ok,1947
23135,ok,1926
23136,ok,1941
23137,ok,1848
23138,ok,1848
23139,ok,1848
23140,ok,1883
23141,unknown,
23142,ok,1922
23144,ok,1883
23146,recent,
23147,recent,
23148,unknown,
23149,unknown,
23218,ok,1946
23150,ok,1928
23152,unknown,
23153,recent,
23154,ok,1955
23155,ok,1862
23157,ok,1947
23158,ok,1842
23159,recent,
23160,recent,
23161,recent,
23162,recent,
23163,ok,1936
23164,recent,
23165,ok,1916
23166,ok,1878
23167,ok,1884
23168,ok,1904
23169,ok,1862
23170,ok,1870
23171,ok,1943
23172,ok,1914
23173,ok,1914
23174,ok,1895
23175,ok,1902
23176,ok,1935
23177,ok,1923
23178,ok,1901
23179,ok,1915
23180,ok,1892
23181,ok,1927
23182,ok,1906
23183,ok,1890
23184,ok,1890
23186,ok,1928
23187,ok,1893
23188,ok,1880
23189,ok,1880
23190,ok,1880
23191,ok,1880
23192,ok,1952
23193,ok,1883
23194,recent,
23195,unknown,
23196,recent,
23197,recent,
23198,recent,
23199,ok,1917
23200,unknown,
23202,ok,1944
23204,unknown,
23205,unknown,
23207,ok,1932
23208,unknown,
23209,ok,1881
23210,recent,
23211,ok,1882
23212,unknown,
23213,recent,
23214,unknown,
23215,ok,1939
23216,unknown,
23217,ok,1944
23220,ok,1939
23221,unknown,
23222,unknown,
23223,ok,1909
23224,ok,1914
23225,unknown,
23226,unknown,
23227,ok,1921
23229,ok,1900
23230,unknown,
23231,ok,1865
23232,recent,
23233,ok,1836
23234,recent,
23235,unknown,
23240,unknown,
23241,ok,1923
23242,ok,1937
23244,recent,
23245,ok,1928
23246,ok,1953
23247,ok,1902
23248,ok,1902
23249,ok,1902
23250,ok,1902
23251,ok,1902
23252,ok,1902
23253,ok,1902
23254,ok,1902
23255,ok,1902
23256,ok,1902
23257,unknown,
23258,ok,1953
23259,ok,1944
23260,ok,1880
23261,ok,1909
23262,ok,1894
23263,ok,1894
23264,ok,1876
23265,ok,1876
23266,ok,1897
23267,ok,1894
23268,ok,1883
23269,ok,1880
23270,ok,1909
23271,ok,1894
23272,ok,1894
23273,ok,1880
23274,ok,1894
23275,ok,1876
23276,ok,1893
23277,ok,1876
23278,unknown,
23279,ok,1874
23280,ok,1906
23281,ok,1817
23282,unknown,
23283,ok,1886
23284,ok,1841
23285,unknown,
23286,ok,1930
23287,ok,1908
23288,unknown,
23289,ok,1792
23290,unknown,
23291,unknown,
23292,recent,
23293,ok,1935
23295,ok,1909
23296,recent,
23299,ok,1909
23300,ok,1888
23301,unknown,
23302,unknown,
23303,unknown,
23304,recent,
23305,unknown,
23307,unknown,
23308,unknown,
23310,unknown,
23311,unknown,
23312,ok,1911
23314,unknown,
23315,unknown,
23316,unknown,
23317,ok,1883
23318,ok,1867
23354,ok,1907
23319,unknown,
23320,recent,
23321,ok,1951
23322,unknown,
23323,ok,1897
23324,ok,1924
23325,ok,1924
23326,ok,1924
23327,ok,1924
23328,ok,1924
23329,ok,1924
23330,ok,1924
23331,unknown,
23332,ok,1882
23334,ok,1897
23335,recent,
23336,unknown,
23337,recent,
23338,recent,
23339,recent,
23340,ok,1914
23343,ok,1920
23344,ok,1870
23347,ok,1931
23348,unknown,
23349,ok,1921
23350,ok,1943
23351,ok,1897
23352,unknown,
23353,ok,1948
23355,ok,1907
23356,ok,1907
23357,ok,1907
23358,ok,1907
23359,ok,1907
23360,ok,1907
23361,ok,1907
23362,ok,1907
23363,ok,1907
23364,recent,
23365,recent,
23366,recent,
23367,recent,
23368,recent,
23369,recent,
23370,ok,1894
23371,ok,1894
23372,ok,1894
23373,ok,1894
23374,ok,1909
23375,ok,1909
23376,ok,1909
23377,ok,1894
23378,ok,1880
23379,recent,
23380,ok,1894
23381,ok,1894
23382,ok,1909
23383,ok,1880
23384,ok,1894
23385,ok,1894
23386,ok,1909
23387,ok,1880
23388,ok,1894
23389,ok,1894
23390,unknown,
23391,ok,1941
23392,recent,
23394,ok,1930
23395,ok,1938
23397,unknown,
23398,unknown,
23399,unknown,
23401,unknown,
23402,unknown,
23403,unknown,
23404,unknown,
23405,unknown,
23406,unknown,
23407,unknown,
23408,unknown,
23409,ok,1869
23410,ok,1950
23411,ok,1950
23412,ok,1950
23413,ok,1950
23414,ok,1950
23415,ok,1950
23416,ok,1950
23417,ok,1950
23418,ok,1950
23419,ok,1950
23420,ok,1950
23421,ok,1950
23422,unknown,
23423,ok,1923
23424,unknown,
23426,recent,
23554,ok,1922
23427,ok,1902
23428,ok,1921
23429,unknown,
23430,ok,1879
23431,unknown,
23432,ok,1936
23433,ok,1935
23434,recent,
23435,ok,1885
23436,unknown,
23438,ok,1905
23439,recent,
23440,ok,1913
23441,ok,1933
23443,unknown,
23444,ok,1905
23445,ok,1941
23446,unknown,
23447,ok,1922
23448,unknown,
23449,ok,1944
23450,ok,1862
23451,unknown,
23452,ok,1870
23453,ok,1873
23454,unknown,
23455,unknown,
23456,unknown,
23457,unknown,
23555,ok,1922
23458,ok,1915
23459,unknown,
23460,unknown,
23462,ok,1942
23463,ok,1887
23464,ok,1926
23465,unknown,
23466,ok,1927
23467,unknown,
23468,unknown,
23469,ok,1912
23470,ok,1912
23471,ok,1936
23472,ok,1936
23473,unknown,
23474,ok,1932
23475,ok,1920
23476,ok,1909
23477,ok,1876
23478,unknown,
23479,unknown,
23480,unknown,
23481,ok,1947
23482,unknown,
23483,unknown,
23484,unknown,
23485,ok,1924
23556,ok,1922
23487,ok,1933
23488,ok,1916
23489,ok,1905
23490,ok,1925
23491,ok,1922
23492,ok,1894
23493,ok,1894
23494,ok,1945
23495,ok,1929
23496,ok,1880
23497,ok,1909
23498,ok,1922
23499,ok,1883
23500,ok,1933
23501,ok,1899
23502,ok,1909
23503,ok,1880
23504,ok,1880
23505,ok,1894
23506,ok,1924
23507,ok,1943
23508,ok,1914
23509,unknown,
23510,ok,1922
23511,ok,1922
23512,ok,1922
23513,ok,1922
23514,ok,1922
23515,ok,1922
23516,ok,1922
23517,ok,1946
24061,unknown,
23518,unknown,
23519,ok,1914
23520,ok,1945
23521,unknown,
23522,unknown,
23523,unknown,
23524,unknown,
23527,unknown,
23528,unknown,
23529,unknown,
23530,unknown,
23531,ok,1942
23533,unknown,
23534,recent,
23535,unknown,
23536,unknown,
23537,unknown,
23538,recent,
23539,ok,1915
23540,ok,1906
23541,ok,1919
23542,unknown,
23544,ok,1948
23545,recent,
23546,ok,1926
23547,unknown,
23548,ok,1922
23549,ok,1922
23550,ok,1922
23551,ok,1922
23552,ok,1922
23553,ok,1922
23557,ok,1922
23558,ok,1933
23559,recent,
23560,recent,
23561,recent,
23562,ok,1914
23563,recent,
23564,ok,1882
23565,ok,1919
23566,unknown,
23567,ok,1857
23568,recent,
23569,unknown,
23570,unknown,
23571,recent,
23572,unknown,
23573,unknown,
23574,unknown,
23575,ok,1880
23576,ok,1883
23577,ok,1880
23578,unknown,
23579,ok,1799
23580,unknown,
23581,recent,
23582,ok,1876
23583,ok,1914
23584,ok,1915
23587,ok,1903
23588,recent,
23589,ok,1936
23591,unknown,
23592,unknown,
23593,ok,1900
23594,unknown,
23595,ok,1915
23596,ok,1825
23597,ok,1892
23598,ok,1940
23599,recent,
23601,recent,
23602,ok,1880
23603,ok,1915
23604,unknown,
23605,ok,1945
23606,ok,1923
23607,ok,1935
23608,ok,1909
23609,unknown,
23610,ok,1763
23611,recent,
23612,recent,
23613,unknown,
23614,ok,1935
23615,unknown,
23616,ok,1935
23618,ok,1894
23619,ok,1912
23622,ok,1917
23623,ok,1893
23624,recent,
23625,recent,
23626,ok,1932
23627,ok,1912
23629,ok,1922
23630,ok,1922
23631,ok,1922
23632,ok,1922
23633,ok,1922
23634,ok,1927
23635,ok,1885
23636,recent,
23637,ok,1929
23638,ok,1943
23639,ok,1894
23640,ok,1915
23641,ok,1935
23642,ok,1883
23643,ok,1923
23644,ok,1931
23645,unknown,
23646,ok,1912
23647,ok,1944
23648,ok,1883
23649,unknown,
23650,ok,1939
23651,unknown,
23652,unknown,
23653,ok,1914
23654,ok,1907
23655,unknown,
23656,unknown,
23657,recent,
23658,unknown,
23659,ok,1928
23660,recent,
23661,ok,1924
23662,ok,1943
23663,ok,1950
23664,ok,1938
23665,ok,1831
23666,ok,1924
23667,ok,1946
23668,ok,1898
23669,recent,
23671,unknown,
23673,ok,1948
23674,ok,1929
23675,ok,1922
23677,unknown,
23678,ok,1929
23680,unknown,
23681,ok,1935
23682,ok,1943
23683,ok,1893
23684,unknown,
23686,unknown,
23688,recent,
23689,unknown,
23690,unknown,
23691,ok,1930
24101,unknown,
23692,unknown,
23693,ok,1932
23694,ok,1915
23695,ok,1915
23696,ok,1915
23697,ok,1915
23698,ok,1915
23699,ok,1915
23700,ok,1916
23701,ok,1915
23702,ok,1915
23703,ok,1915
23725,ok,1940
23726,unknown,
23727,ok,1930
23728,recent,
23729,ok,1876
23730,recent,
23731,ok,1935
23732,ok,1952
23733,ok,1884
23734,unknown,
23735,ok,1941
23736,ok,1914
23737,unknown,
23738,ok,1921
23739,ok,1851
23741,ok,1933
23742,unknown,
23743,unknown,
23744,ok,1925
23745,ok,1925
23746,unknown,
23747,ok,1879
23748,ok,1917
23749,ok,1935
23750,unknown,
23751,unknown,
23752,unknown,
23753,ok,1800
23754,ok,1928
23755,recent,
23757,recent,
23758,ok,1897
23760,unknown,
23761,ok,1915
23762,recent,
23763,unknown,
23764,recent,
23765,ok,1870
23766,ok,1893
23767,recent,
23768,recent,
23769,ok,1884
23770,ok,1924
23771,ok,1902
23772,ok,1631
23773,ok,1897
23776,unknown,
23777,ok,1824
23778,ok,1952
23779,ok,1916
23780,ok,1916
23781,ok,1916
23782,unknown,
23783,ok,1928
23784,ok,1931
23785,unknown,
23786,ok,1916
23788,ok,1905
23789,ok,1899
23790,recent,
23791,recent,
23792,ok,1942
23794,unknown,
23795,unknown,
23797,ok,1904
23798,ok,1877
23799,recent,
23800,recent,
23801,ok,1890
23802,unknown,
23803,ok,1913
23804,ok,1913
23805,ok,1913
23806,ok,1913
23807,ok,1913
23808,ok,1913
23809,ok,1913
23810,ok,1904
23811,unknown,
23813,unknown,
23815,unknown,
23819,ok,1886
23820,ok,1942
23821,ok,1913
23826,ok,1877
23828,unknown,
23829,ok,1918
23830,unknown,
23831,ok,1946
23832,ok,1869
23836,ok,1903
23845,recent,
23846,ok,1913
23847,unknown,
23848,ok,1906
23852,unknown,
23853,ok,1883
23856,unknown,
23857,ok,1931
23858,recent,
23859,ok,1916
23860,ok,1859
23861,recent,
23866,unknown,
23868,recent,
23869,ok,1908
23870,unknown,
23871,ok,1908
23872,recent,
23874,ok,1937
23875,ok,1938
23880,recent,
23881,ok,1948
23882,recent,
23884,recent,
23885,ok,1924
23886,ok,1942
23887,ok,1911
23888,unknown,
23889,recent,
23892,ok,1934
23893,ok,1926
23894,unknown,
23895,unknown,
23916,unknown,
23917,ok,1900
23918,ok,1885
23920,unknown,
23921,ok,1865
23922,ok,1909
23923,ok,1938
23924,ok,1934
23926,unknown,
23927,ok,1933
23928,unknown,
23929,recent,
23930,unknown,
23931,recent,
23939,ok,1902
23940,ok,1907
23941,ok,1895
23942,recent,
23943,recent,
23944,ok,1929
23946,ok,1950
23952,ok,1848
23953,ok,1834
23954,ok,1930
23955,unknown,
23956,ok,1894
23958,ok,1954
23959,ok,1903
23960,recent,
23963,unknown,
23971,ok,1924
23972,ok,1942
23973,recent,
23984,unknown,
23985,ok,1904
23986,ok,1881
23987,ok,1918
23988,ok,1951
23989,ok,1879
23990,ok,1949
23991,ok,1924
23992,unknown,
23993,ok,1926
23994,ok,1948
23995,ok,1896
23996,ok,1944
23997,unknown,
24155,ok,1950
23998,ok,1949
23999,unknown,
24000,ok,1882
24001,ok,1876
24003,ok,1924
24005,recent,
24006,ok,1913
24007,ok,1931
24010,recent,
24011,recent,
24012,ok,1935
24013,ok,1899
24014,ok,1945
24015,ok,1834
24016,ok,1931
24018,ok,1947
24019,ok,1902
24020,ok,1880
24022,ok,1870
24023,ok,1917
24024,ok,1844
24025,ok,1947
24030,ok,1912
24033,ok,1930
24034,ok,1933
24035,recent,
24044,unknown,
24045,ok,1884
24046,ok,1917
24053,unknown,
24054,recent,
24055,unknown,
24062,ok,1936
24063,unknown,
24064,recent,
24065,unknown,
24066,ok,1931
24067,ok,1941
24069,recent,
24070,ok,1916
24071,ok,1933
24073,ok,1950
24076,ok,1952
24077,ok,1944
24078,ok,1925
24080,ok,1945
24081,ok,1902
24082,ok,1945
24083,ok,1923
24084,unknown,
24085,ok,1893
24086,ok,1894
24088,ok,1932
24089,ok,1936
24091,recent,
24092,ok,1923
24093,ok,1946
24094,ok,1898
24095,unknown,
24096,ok,1907
24097,ok,1916
24102,ok,1945
24103,ok,1882
24104,recent,
24105,ok,1893
24107,ok,1950
24108,unknown,
24109,unknown,
24117,unknown,
24118,unknown,
24119,recent,
24120,ok,1876
24121,unknown,
24122,unknown,
24123,ok,1880
24124,ok,1897
24125,unknown,
24126,ok,1923
24128,unknown,
24130,ok,1922
24131,ok,1937
24132,ok,1937
24133,ok,1937
24134,recent,
24135,recent,
24140,ok,1950
24146,ok,1932
24147,unknown,
24148,ok,1933
24149,recent,
24150,recent,
24151,recent,
24152,recent,
24153,ok,1936
24157,unknown,
24158,unknown,
24159,ok,1911
24160,ok,1854
24161,unknown,
24163,unknown,
24165,ok,1923
24166,recent,
24167,ok,1938
24168,unknown,
24171,ok,1903
24177,unknown,
24179,unknown,
24180,recent,
24181,ok,1933
24182,ok,1879
24186,ok,1923
24187,recent,
24188,unknown,
24189,recent,
24191,ok,1943
24192,recent,
24194,ok,1879
24195,ok,1899
24196,recent,
24197,ok,1934
24198,recent,
24199,unknown,
24200,recent,
24201,ok,1943
24202,recent,
24203,unknown,
24204,ok,1935
24205,ok,1900
24207,unknown,
24210,ok,1876
24211,ok,1848
24215,ok,1936
24216,ok,1893
24217,ok,1850
24218,ok,1784
24219,unknown,
24220,ok,1940
24221,unknown,
24222,ok,1915
24235,ok,1931
24236,ok,1913
24237,recent,
24238,ok,1653
24241,recent,
24242,ok,1905
24243,ok,1906
24244,ok,1902
24246,recent,
24247,recent,
24248,unknown,
24251,ok,1912
24252,ok,1897
24253,ok,1910
24254,ok,1883
24255,unknown,
24256,ok,1890
24257,ok,1944
24258,ok,1935
24259,recent,
24260,ok,1844
24261,unknown,
24262,ok,1935
24263,ok,1933
24265,unknown,
24267,unknown,
24268,ok,1883
24269,ok,1800
24270,ok,1913
24271,ok,1905
24274,recent,
24275,recent,
24276,recent,
24277,recent,
24278,unknown,
24280,ok,1821
24281,ok,1924
24282,unknown,
24283,ok,1897
24284,ok,1890
24285,ok,1933
24286,ok,1923
24287,recent,
24290,recent,
24293,ok,1853
24296,unknown,
24297,ok,1946
24298,unknown,
24299,ok,1946
24300,unknown,
24301,ok,1946
24302,recent,
24303,ok,1907
24304,ok,1930
24305,ok,1902
24306,ok,1933
24307,ok,1918
24308,ok,1935
24309,ok,1943
24310,ok,1920
24311,ok,1927
24312,ok,1909
24313,recent,
24314,ok,1941
24315,ok,1900
24317,recent,
24318,unknown,
24320,ok,1502
24321,ok,1885
24322,unknown,
24323,unknown,
24324,unknown,
24325,ok,1893
24326,ok,1931
24328,ok,1955
24329,ok,1903
24330,ok,1867
24331,ok,1916
24332,ok,1935
24333,ok,1931
24334,ok,1921
24335,ok,1923
24336,ok,1924
24337,ok,1899
24340,recent,
24341,ok,1916
24342,ok,1923
24343,unknown,
24345,ok,1904
24346,ok,1834
24347,ok,1946
24348,ok,1937
24349,ok,1937
24350,ok,1937
24351,ok,1937
24352,unknown,
24353,ok,1925
24354,ok,1952
24356,ok,1916
24357,unknown,
24358,unknown,
24359,ok,1931
24360,ok,1928
24361,ok,1945
24362,ok,1873
24363,ok,1903
24364,recent,
24365,ok,1901
24366,ok,1852
24368,ok,1948
24369,ok,1902
24370,recent,
24372,ok,1917
24373,ok,1936
24374,ok,1954
24375,recent,
24376,ok,1916
24378,ok,1899
24379,ok,1920
24380,unknown,
24382,recent,
24383,ok,1834
24384,unknown,
24385,ok,1918
24387,unknown,
24388,ok,1921
24389,ok,1933
24391,ok,1914
24392,recent,
24393,ok,1950
24394,ok,1950
24395,recent,
24396,ok,1881
24397,recent,
24398,unknown,
24399,recent,
24400,ok,1877
24402,ok,1900
24403,ok,1895
24404,ok,1854
24405,ok,1938
24406,ok,1925
24407,unknown,
24408,unknown,
24409,ok,1905
24410,ok,1937
24414,unknown,
24415,ok,1897
24416,ok,1899
24417,unknown,
24418,unknown,
24419,ok,1888
24420,unknown,
24421,unknown,
24423,ok,1901
24424,recent,
24426,ok,1933
24427,unknown,
24428,ok,1900
24430,ok,1908
24431,unknown,
24432,ok,1915
24433,ok,1915
24434,ok,1915
24435,ok,1926
24436,recent,
24437,ok,1885
24438,ok,1899
24439,ok,1921
24440,unknown,
24441,unknown,
24442,unknown,
24443,unknown,
24444,recent,
24446,ok,1913
24449,ok,1915
24450,ok,1932
24451,ok,1935
24452,ok,1936
24453,unknown,
24454,ok,1922
24456,unknown,
24457,ok,1893
24458,ok,1940
24459,ok,1919
24460,ok,1936
24461,ok,1948
24465,unknown,
24469,ok,1905
24470,ok,1848
24471,unknown,
24472,ok,1906
24473,unknown,
24474,unknown,
24475,unknown,
24476,unknown,
24477,unknown,
24478,unknown,
24479,unknown,
24482,ok,1925
24483,ok,1935
24484,unknown,
24485,ok,1915
24487,ok,1943
24488,ok,1879
24489,recent,
24490,ok,1874
24491,unknown,
24492,ok,1923
24493,recent,
24494,unknown,
24495,unknown,
24496,ok,1948
24497,ok,1854
24498,ok,1854
24499,ok,1950
24500,ok,1930
24502,ok,1880
24503,ok,1883
24504,ok,1865
24505,ok,1867
24506,unknown,
24507,ok,1945
24509,recent,
24510,ok,1934
24513,ok,1931
24515,unknown,
24516,ok,1909
24517,unknown,
24518,ok,1889
24519,ok,1928
24520,ok,1916
24521,recent,
24522,ok,1952
24524,ok,1892
24526,ok,1890
24527,ok,1893
24528,unknown,
24529,recent,
24530,ok,1895
24531,unknown,
24532,unknown,
24534,ok,1920
24535,ok,1933
24537,ok,1898
24538,ok,1925
24539,unknown,
24540,ok,1948
24541,ok,1916
24542,ok,1900
24543,unknown,
24544,ok,1897
24545,ok,1949
24546,ok,1842
24547,ok,1880
24548,ok,1921
24549,ok,1834
24550,ok,1924
24551,ok,1936
24552,unknown,
24861,ok,1918
24553,ok,1923
24554,ok,1897
24555,ok,1827
24556,ok,1945
24557,ok,1897
24558,recent,
24559,unknown,
24560,ok,1942
24561,ok,1900
24562,ok,1935
24563,ok,1924
24564,ok,1911
24565,ok,1922
24566,recent,
24567,unknown,
24568,unknown,
24569,ok,1948
24570,ok,1951
24573,ok,1803
24574,ok,1890
24576,recent,
24577,ok,1933
24578,ok,1919
24579,ok,1890
24580,ok,1947
24581,ok,1953
24582,ok,1897
24583,ok,1895
24584,ok,1909
24585,ok,1916
24586,ok,1912
24587,ok,1925
24588,unknown,
24589,ok,1949
24590,ok,1949
24591,ok,1799
24592,ok,1949
24593,ok,1881
24594,ok,1828
24595,ok,1944
24596,ok,1879
24597,ok,1950
24598,ok,1894
24599,ok,1914
24600,unknown,
24602,ok,1922
24603,ok,1955
24604,unknown,
24605,ok,1928
24606,ok,1892
24607,ok,1941
24608,ok,1949
24609,ok,1924
24610,ok,1951
24611,unknown,
24612,unknown,
24613,ok,1914
24614,ok,1927
24615,ok,1922
24616,unknown,
24617,ok,1894
24621,ok,1886
24622,ok,1918
24623,recent,
24624,ok,1912
24626,ok,1868
24627,recent,
24628,ok,1949
24629,unknown,
24631,ok,1897
24632,ok,1893
24633,unknown,
24634,unknown,
24635,ok,1953
24636,ok,1918
24637,recent,
24639,ok,1913
24640,ok,1913
24641,ok,1913
24642,ok,1913
24643,ok,1805
24644,unknown,
24645,ok,1947
24647,unknown,
24648,ok,1890
24650,ok,1903
24651,ok,1901
24652,ok,1928
24653,ok,1904
24654,ok,1924
24655,unknown,
24656,unknown,
24658,ok,1882
24659,ok,1877
24660,ok,1897
24662,ok,1880
24663,ok,1951
24664,ok,1870
24665,unknown,
24666,ok,1880
24667,unknown,
24668,ok,1924
24669,unknown,
24670,ok,1799
24671,ok,1930
24672,ok,1936
24673,ok,1942
24674,ok,1910
24676,ok,1930
24678,ok,1880
24679,ok,1919
24680,ok,1880
24681,unknown,
24682,recent,
24683,unknown,
24684,ok,1929
24685,unknown,
24686,ok,1900
24688,ok,1940
24689,ok,1893
24690,unknown,
24692,unknown,
24693,ok,1928
24694,unknown,
24695,recent,
24696,ok,1937
24697,ok,1902
24698,ok,1897
24699,ok,1947
24700,ok,1928
24702,ok,1951
24703,unknown,
24704,ok,1932
24705,ok,1946
24706,ok,1928
24707,recent,
24708,unknown,
24709,ok,1939
24711,ok,1906
24712,recent,
24713,ok,1902
24714,recent,
24715,ok,1880
24716,ok,1906
24752,ok,1921
24717,ok,1926
24718,ok,1835
24719,ok,1953
24720,unknown,
24721,recent,
24722,unknown,
24723,recent,
24724,ok,1937
24725,unknown,
24726,ok,1916
24727,ok,1952
24728,ok,1908
24730,unknown,
24731,ok,1949
24732,ok,1907
24734,unknown,
24735,ok,1948
24736,unknown,
24737,recent,
24738,unknown,
24739,unknown,
24740,ok,1926
24741,ok,1905
24742,recent,
24744,ok,1936
24745,ok,1881
24749,recent,
24750,unknown,
24751,ok,1899
24753,ok,1885
24754,ok,1616
24755,ok,1880
24756,ok,1932
24757,ok,1917
24758,ok,1919
24759,ok,1903
24760,unknown,
24761,ok,1816
24762,ok,1930
24764,ok,1906
24765,ok,1902
24766,unknown,
24767,ok,1932
24768,ok,1803
24769,ok,1932
24770,recent,
24771,recent,
24772,ok,1924
24775,ok,1897
24776,unknown,
24777,unknown,
24778,unknown,
24779,recent,
24780,ok,1930
24781,recent,
24783,ok,1937
24784,ok,1927
24785,ok,1915
24786,unknown,
24787,ok,1906
24788,ok,1921
24789,ok,1947
24790,ok,1910
24791,unknown,
24792,unknown,
24793,ok,1935
24794,ok,1930
24795,unknown,
24797,ok,1955
24798,unknown,
24799,ok,1944
24800,ok,1894
24803,unknown,
24804,ok,1919
24805,ok,1913
24806,ok,1913
24807,ok,1913
24808,ok,1947
24809,unknown,
24810,unknown,
24811,ok,1921
24812,ok,1880
24813,ok,1909
24814,ok,1883
24815,ok,1924
24816,unknown,
24818,ok,1930
24819,ok,1893
24821,ok,1909
24822,ok,1909
24825,unknown,
24826,ok,1943
24827,ok,1943
24828,ok,1943
24829,ok,1940
24831,ok,1879
24832,ok,1940
24834,unknown,
24835,ok,1913
24836,ok,1913
24837,ok,1913
24838,ok,1913
24839,ok,1941
24840,ok,1942
24841,ok,1928
24842,ok,1951
24849,unknown,
24850,ok,1902
24851,unknown,
24852,unknown,
24854,unknown,
24855,unknown,
24856,ok,1924
24857,unknown,
24858,recent,
24859,ok,1922
24860,recent,
24862,unknown,
24864,unknown,
24865,unknown,
24866,ok,1897
24867,unknown,
24868,unknown,
24869,unknown,
24870,recent,
24871,ok,1909
24872,ok,1949
24873,ok,1942
24874,ok,1942
24875,ok,1942
24876,ok,1942
24877,ok,1942
24878,ok,1942
24879,ok,1865
24880,ok,1915
24881,ok,1949
24882,ok,1937
24883,ok,1901
24884,ok,1942
24885,unknown,
24886,ok,1799
24888,ok,1912
24889,unknown,
24917,recent,
24918,ok,1909
24920,ok,1932
31579,ok,1848
24890,ok,1536
24891,ok,1875
24892,unknown,
24893,ok,1953
24894,unknown,
24895,ok,1913
24896,ok,1913
24897,ok,1953
24898,ok,1920
24900,unknown,
24901,ok,1911
24902,unknown,
24903,ok,1913
24904,unknown,
24906,ok,1912
24907,ok,1923
24908,ok,1890
24909,ok,1909
24910,unknown,
24911,unknown,
24912,ok,1939
24913,unknown,
24914,unknown,
24915,ok,1731
24916,unknown,
25051,recent,
24921,recent,
24922,ok,1952
24923,ok,1882
24924,ok,1953
24926,ok,1909
24927,unknown,
24928,unknown,
24929,ok,1932
24930,ok,1872
24931,ok,1874
24932,ok,1935
24933,ok,1932
24934,ok,1948
24935,ok,1937
24936,ok,1944
24937,ok,1859
24938,unknown,
24939,unknown,
24940,unknown,
24941,unknown,
24942,unknown,
24943,unknown,
24944,ok,1928
24945,ok,1937
24946,ok,1944
24947,ok,1945
24948,unknown,
24949,recent,
24950,ok,1657
24951,ok,1930
24952,ok,1913
24953,ok,1913
24954,ok,1913
24955,unknown,
24956,unknown,
24958,recent,
24959,recent,
24960,ok,1793
24962,ok,1953
24963,ok,1897
24964,unknown,
24965,recent,
24966,unknown,
24968,ok,1907
24970,unknown,
24971,unknown,
24972,ok,1893
24973,unknown,
24974,unknown,
24975,recent,
24976,ok,1937
24977,unknown,
24978,recent,
24979,ok,1944
24980,ok,1942
24981,unknown,
24982,unknown,
24984,ok,1932
24985,ok,1933
24986,ok,1937
24987,unknown,
24989,ok,1717
24990,ok,1927
24991,ok,1898
24992,unknown,
24993,ok,1879
24994,unknown,
24995,ok,1913
24996,ok,1913
24997,ok,1913
24998,ok,1913
24999,ok,1913
25000,unknown,
25001,ok,1882
25002,ok,1950
25003,ok,1947
25004,ok,1909
25005,ok,1945
25006,ok,1916
25007,ok,1900
25008,unknown,
25009,ok,1949
25010,unknown,
25012,ok,1900
25013,unknown,
25014,ok,1880
25015,ok,1922
25016,ok,1947
25017,ok,1928
25018,ok,1922
25020,unknown,
25021,unknown,
25022,ok,1885
25023,ok,1946
25024,recent,
25025,recent,
25026,ok,1899
25027,unknown,
25028,recent,
25029,ok,1926
25030,unknown,
25031,ok,1920
25032,ok,1880
25033,unknown,
25034,unknown,
25035,unknown,
25036,unknown,
25037,recent,
25038,ok,1932
25039,ok,1866
25040,ok,1932
25041,ok,1946
25042,ok,1935
25043,recent,
25044,unknown,
25045,ok,1889
25046,ok,1938
25047,unknown,
25049,ok,1917
25050,unknown,
25053,ok,1880
25055,unknown,
25056,ok,1913
25057,ok,1913
25058,ok,1913
25059,ok,1913
25060,ok,1913
25061,recent,
25062,ok,1940
25063,ok,1921
25064,unknown,
25065,unknown,
25066,unknown,
25067,recent,
25068,ok,1867
25070,ok,1942
25071,ok,1931
25072,unknown,
25073,ok,1886
25075,ok,1888
25076,ok,1943
25077,ok,1928
25078,unknown,
25079,unknown,
25080,ok,1933
25081,ok,1920
25082,ok,1934
25083,unknown,
25084,unknown,
25118,ok,1922
25085,unknown,
25086,recent,
25087,unknown,
25088,ok,1941
25090,ok,1949
25091,unknown,
25092,ok,1858
25093,unknown,
25094,recent,
25095,unknown,
25096,ok,1858
25097,ok,1879
25098,ok,1944
25099,ok,1927
25100,ok,1911
25101,unknown,
25102,ok,1940
25103,ok,1922
25104,unknown,
25105,ok,1913
25106,ok,1913
25107,ok,1913
25108,ok,1913
25109,ok,1913
25110,recent,
25111,ok,1947
25112,ok,1923
25115,ok,1879
25116,unknown,
25117,ok,1940
25119,ok,1857
25122,ok,1914
25126,unknown,
25127,ok,1883
25129,ok,1934
25132,ok,1919
25133,ok,1717
25135,unknown,
25136,ok,1937
25140,ok,1923
25141,recent,
25143,recent,
25144,unknown,
25145,ok,1947
25149,ok,1883
25150,ok,1899
25151,ok,1899
25152,ok,1937
25153,ok,1882
25154,unknown,
25155,ok,1922
25156,recent,
25158,ok,1926
25159,ok,1944
25163,ok,1915
25164,ok,1883
25165,ok,1888
25166,recent,
25170,unknown,
25171,ok,1906
25172,ok,1952
25184,unknown,
25185,ok,1875
25186,ok,1919
25188,ok,1940
25189,unknown,
25190,ok,1942
25191,unknown,
25193,unknown,
25200,unknown,
25201,ok,1893
25203,ok,1883
25205,recent,
25206,ok,1879
25207,unknown,
25208,unknown,
25212,ok,1927
25213,ok,1912
25215,ok,1943
25216,unknown,
25220,unknown,
25221,ok,1920
25222,unknown,
25224,ok,1894
25227,ok,1901
25230,recent,
25232,ok,1939
25234,recent,
25303,ok,1885
25235,unknown,
25244,ok,1954
25254,unknown,
25256,ok,1850
25261,ok,1883
25264,unknown,
25266,unknown,
25267,ok,1947
25268,ok,1924
25269,recent,
25270,recent,
25272,ok,1952
25274,ok,1879
25275,ok,1879
25276,ok,1869
25277,ok,1920
25278,ok,1916
25281,ok,1911
25282,recent,
25283,recent,
25290,ok,1915
25291,ok,1954
25292,ok,1918
25293,unknown,
25294,ok,1945
25295,ok,1933
25299,ok,1887
25300,unknown,
25301,recent,
25302,ok,1934
25304,ok,1918
25305,ok,1789
25306,recent,
25307,unknown,
25308,ok,1936
25309,ok,1913
25310,ok,1837
25316,ok,1945
25322,ok,1944
25325,unknown,
25326,ok,1955
25333,ok,1902
25334,ok,1916
25335,ok,1911
25337,ok,1932
25338,ok,1936
25339,ok,1911
25340,ok,1920
25341,ok,1947
25342,ok,1947
25344,ok,1864
25345,ok,1955
25351,ok,1879
25353,ok,1893
25354,unknown,
25355,ok,1879
25356,ok,1906
25357,ok,1695
25358,ok,1907
25410,recent,
25359,unknown,
25361,unknown,
25363,ok,1903
25364,ok,1894
25370,unknown,
25371,ok,1878
25372,unknown,
25373,unknown,
25378,ok,1914
25382,ok,1610
25383,recent,
25384,ok,1899
25387,ok,1932
25388,ok,1935
25389,ok,1943
25390,unknown,
25394,unknown,
25395,ok,1895
25396,ok,1906
25398,ok,1625
25400,ok,1928
25403,ok,1893
25404,ok,1876
25405,unknown,
25406,recent,
25407,ok,1929
25408,ok,1929
25409,recent,
34329,recent,
25411,recent,
25412,ok,1905
25413,unknown,
25415,unknown,
25416,ok,1885
25418,ok,1915
25419,ok,1932
25420,ok,1948
25424,ok,1935
25426,ok,1836
25427,ok,1897
25428,unknown,
25429,ok,1909
25430,ok,1951
25432,ok,1915
25433,ok,1915
25434,unknown,
25435,unknown,
25438,ok,1940
25439,ok,1898
25440,ok,1930
25441,ok,1933
25442,ok,1906
25444,ok,1897
25446,ok,1943
25447,recent,
25448,ok,1943
25449,ok,1909
25450,ok,1913
25451,ok,1944
25452,unknown,
25453,unknown,
25454,unknown,
25455,ok,1898
25456,unknown,
25457,ok,1950
25458,unknown,
25459,ok,1895
25461,ok,1876
25462,ok,1933
25463,ok,1937
25464,ok,1852
25465,ok,1952
25466,ok,1897
25467,unknown,
25468,ok,1881
25469,unknown,
25470,recent,
25472,ok,1925
25473,unknown,
25474,ok,1951
25475,unknown,
25476,unknown,
25477,recent,
25478,unknown,
25480,unknown,
25481,ok,1906
25482,unknown,
25483,unknown,
25484,ok,1906
25485,ok,1897
25486,unknown,
25487,ok,1916
25488,ok,1916
25489,ok,1916
25490,ok,1916
25491,ok,1916
25492,ok,1916
25493,ok,1923
25494,ok,1923
25496,ok,1924
25497,recent,
25499,ok,1927
25500,ok,1916
25502,ok,1934
25503,unknown,
25504,ok,1914
25505,ok,1943
25506,ok,1946
25507,ok,1906
25508,ok,1955
25509,ok,1949
25510,ok,1914
25511,ok,1939
25512,unknown,
25513,ok,1953
25514,unknown,
25516,ok,1893
25519,ok,1919
25520,ok,1921
25555,unknown,
25522,ok,1946
25523,recent,
25524,ok,1880
25525,ok,1849
25526,ok,1866
25527,unknown,
25528,ok,1949
25529,recent,
25531,ok,1934
25532,unknown,
25533,ok,1883
25534,unknown,
25535,ok,1933
25536,ok,1883
25538,unknown,
25540,ok,1863
25541,ok,1943
25542,ok,1948
25544,recent,
25545,ok,1944
25546,recent,
25547,ok,1938
25548,ok,1879
25549,ok,1902
25550,recent,
25551,unknown,
25552,unknown,
25553,unknown,
25556,ok,1902
25560,unknown,
25562,ok,1920
25563,ok,1919
25564,ok,1875
25565,ok,1935
25566,unknown,
25567,recent,
25568,ok,1906
25569,recent,
25570,ok,1931
25571,ok,1931
25572,ok,1931
25573,ok,1931
25574,ok,1931
25575,ok,1907
25576,unknown,
25577,ok,1897
25578,ok,1920
25579,ok,1882
25581,ok,1919
25582,ok,1932
25583,unknown,
25584,ok,1873
25585,ok,1834
25586,ok,1947
25588,recent,
25589,ok,1926
25590,ok,1935
25591,unknown,
34330,recent,
25592,unknown,
25595,ok,1928
25596,ok,1919
25597,unknown,
25598,ok,1952
25599,ok,1881
25600,unknown,
25601,ok,1900
25603,ok,1936
25604,ok,1897
25607,ok,1909
25608,ok,1894
25609,ok,1894
25610,ok,1894
25611,ok,1894
25612,ok,1600
25615,ok,1884
25616,ok,1835
25617,ok,1894
25618,unknown,
25619,ok,1910
25620,ok,1897
25621,unknown,
25622,ok,1924
25623,ok,1933
25624,ok,1924
25625,ok,1922
25626,ok,1954
34331,ok,1931
25627,unknown,
25628,recent,
25629,unknown,
25630,ok,1910
25631,unknown,
25632,ok,1916
25633,unknown,
25634,unknown,
25637,ok,1909
25638,ok,1916
25639,unknown,
25642,ok,1922
25643,ok,1861
25644,recent,
25645,unknown,
25646,ok,1887
25647,ok,1941
25648,ok,1900
25650,unknown,
25651,ok,1941
25652,unknown,
25653,ok,1887
25654,unknown,
25655,unknown,
25656,ok,1938
25657,unknown,
25658,recent,
25659,unknown,
25660,ok,1952
25661,ok,1902
25662,unknown,
25663,ok,1940
25664,unknown,
25665,ok,1883
25666,ok,1883
25670,ok,1938
25672,ok,1905
25673,ok,1922
25674,unknown,
25675,unknown,
25676,unknown,
25677,ok,1903
25678,ok,1900
25680,ok,1744
25681,unknown,
25682,unknown,
25683,unknown,
25684,recent,
25685,unknown,
25686,unknown,
25688,ok,1937
25689,ok,1942
25691,ok,1893
25692,unknown,
25693,ok,1846
25694,ok,1874
25695,unknown,
25698,ok,1817
25699,ok,1911
25700,ok,1895
25701,ok,1897
25702,recent,
25703,unknown,
25704,ok,1916
25706,unknown,
25707,ok,1874
25708,ok,1926
25709,ok,1833
25710,ok,1885
25711,ok,1919
25712,unknown,
25713,recent,
25714,ok,1915
25715,ok,1874
25717,recent,
25718,ok,1943
25719,ok,1848
25720,ok,1902
25755,ok,1857
25723,unknown,
25724,recent,
25725,ok,1924
25726,ok,1924
25727,ok,1924
25728,recent,
25729,unknown,
25730,unknown,
25731,ok,1925
25732,ok,1924
25733,ok,1796
25734,ok,1895
25735,unknown,
25737,unknown,
25738,unknown,
25739,unknown,
25740,unknown,
25741,unknown,
25742,unknown,
25743,unknown,
25744,unknown,
25745,unknown,
25746,unknown,
25747,unknown,
25748,unknown,
25749,recent,
25750,ok,1935
25751,ok,1924
25752,ok,1919
25753,ok,1947
25754,ok,1942
25756,ok,1901
25757,ok,1902
25758,ok,1938
25759,ok,1955
25760,unknown,
25761,ok,1938
25762,unknown,
25763,ok,1936
25764,ok,1916
25765,unknown,
25766,ok,1916
25767,ok,1916
25768,ok,1908
25769,ok,1943
25770,ok,1950
25771,ok,1928
25772,ok,1929
25773,unknown,
25774,ok,1947
25775,unknown,
25776,recent,
25778,ok,1932
25779,ok,1942
25780,recent,
25781,ok,1951
25782,unknown,
25784,ok,1905
25785,ok,1936
25786,ok,1930
25787,ok,1913
25788,ok,1904
25789,ok,1944
25792,ok,1911
25793,ok,1923
25794,ok,1925
25795,ok,1936
25797,recent,
25798,ok,1940
25799,unknown,
25800,unknown,
25801,recent,
25802,unknown,
25803,ok,1932
25804,ok,1955
25805,ok,1954
25808,recent,
25809,ok,1930
25810,ok,1924
25811,unknown,
25813,ok,1947
25814,ok,1946
25815,ok,1846
25816,ok,1922
25817,ok,1922
25818,ok,1922
25819,ok,1899
25820,ok,1935
25821,unknown,
25921,recent,
25822,unknown,
25823,recent,
25824,ok,1949
25825,ok,1946
25826,ok,1932
25827,unknown,
25828,ok,1905
25829,recent,
25830,ok,1650
25831,unknown,
25832,unknown,
25833,ok,1915
25834,ok,1893
25835,recent,
25836,ok,1923
25837,ok,1947
25838,ok,1909
25839,ok,1803
25842,unknown,
25847,ok,1942
25848,ok,1879
25849,ok,1916
25850,ok,1857
25851,ok,1876
25852,ok,1917
25853,ok,1917
25854,ok,1917
25855,ok,1883
25856,ok,1937
25857,ok,1942
25858,unknown,
25859,ok,1916
25860,unknown,
25862,recent,
25863,ok,1905
25864,ok,1917
25865,ok,1942
25866,ok,1947
25867,ok,1954
25868,unknown,
25869,ok,1942
25870,ok,1914
25872,ok,1914
25873,unknown,
25874,unknown,
25875,ok,1944
25876,ok,1902
25877,ok,1930
25878,ok,1940
25879,ok,1939
25880,recent,
25882,unknown,
25883,ok,1915
25884,ok,1933
25885,ok,1953
25886,ok,1897
25887,unknown,
25888,recent,
25889,ok,1891
25890,ok,1899
25891,unknown,
25892,recent,
25893,recent,
25894,ok,1874
25895,ok,1842
25896,ok,1922
25897,ok,1900
25899,ok,1944
25900,ok,1900
25901,ok,1898
25902,recent,
25903,recent,
25904,ok,1929
25905,unknown,
25906,unknown,
25907,ok,1939
25908,ok,1947
25909,unknown,
25910,ok,1945
25911,ok,1914
25912,ok,1914
25913,ok,1938
25914,ok,1951
25915,unknown,
25916,ok,1945
25917,ok,1947
25918,ok,1879
25919,ok,1940
25920,unknown,
25922,ok,1945
25923,ok,1945
25926,unknown,
25927,ok,1898
25928,ok,1880
25929,ok,1625
25930,ok,1939
25931,ok,1934
25932,unknown,
25933,unknown,
25935,unknown,
25937,unknown,
25938,recent,
25939,ok,1937
25940,ok,1905
25941,ok,1901
25942,recent,
25943,ok,1949
25944,ok,1919
25947,unknown,
25948,ok,1929
25949,unknown,
25950,unknown,
25951,recent,
26011,ok,1950
25952,unknown,
25953,ok,1912
25954,ok,1927
25955,ok,1947
25957,unknown,
25958,unknown,
25959,unknown,
25960,ok,1928
25961,ok,1933
25962,ok,1940
25963,ok,1940
25965,ok,1904
25966,ok,1916
25967,ok,1899
25968,unknown,
25969,ok,1934
25970,ok,1906
25971,ok,1946
25972,ok,1920
25973,ok,1937
25974,ok,1939
25975,ok,1883
25976,recent,
25977,ok,1914
25978,ok,1931
25979,unknown,
25980,ok,1916
25981,ok,1876
26281,ok,1917
25982,unknown,
25983,unknown,
25984,ok,1934
25985,ok,1925
25986,ok,1950
25989,ok,1907
25990,unknown,
25991,ok,1922
25992,ok,1868
25993,ok,1902
25994,ok,1917
25995,ok,1910
25997,unknown,
25998,ok,1919
26000,ok,1877
26001,ok,1882
26002,ok,1882
26003,ok,1917
26004,ok,1939
26005,unknown,
26006,ok,1940
26007,ok,1933
26008,unknown,
26009,unknown,
26010,unknown,
26012,unknown,
26013,unknown,
26014,ok,1923
26015,ok,1921
26016,ok,1899
26018,ok,1879
26019,ok,1916
26020,ok,1866
26021,ok,1946
26022,unknown,
26023,ok,1919
26024,ok,1928
26026,ok,1902
26027,ok,1936
26029,recent,
26030,unknown,
26031,ok,1856
26032,unknown,
26033,ok,1942
26034,ok,1942
26035,ok,1886
26036,unknown,
26037,ok,1940
26038,unknown,
26039,ok,1872
26040,ok,1917
26041,ok,1888
26042,ok,1936
26043,ok,1899
26044,ok,1916
26045,ok,1920
26046,ok,1921
26047,unknown,
26048,ok,1923
26049,recent,
26050,ok,1795
26051,ok,1932
26052,ok,1947
26053,ok,1935
26054,ok,1918
26056,ok,1606
26057,ok,1936
26058,recent,
26059,ok,1920
26060,unknown,
26061,recent,
26062,ok,1845
26063,ok,1932
26064,ok,1912
26065,ok,1914
26066,recent,
26067,ok,1909
26068,unknown,
26069,ok,1935
26070,ok,1922
26071,ok,1906
26072,ok,1920
26073,ok,1878
26074,ok,1936
26075,ok,1899
26076,unknown,
26077,unknown,
26079,unknown,
26080,ok,1934
26081,ok,1928
26082,ok,1891
26083,ok,1899
26084,unknown,
26085,ok,1921
26086,ok,1910
26087,ok,1924
26088,ok,1931
26089,unknown,
26090,ok,1902
26091,ok,1920
26092,ok,1881
26093,recent,
26094,ok,1893
26095,ok,1952
26097,ok,1751
26098,recent,
26101,ok,1879
26104,ok,1909
26105,unknown,
26106,unknown,
26107,ok,1950
26108,ok,1950
26109,recent,
26111,ok,1899
26112,ok,1942
26113,unknown,
26114,unknown,
26115,ok,1916
26116,ok,1711
26117,unknown,
26118,ok,1883
26119,unknown,
26120,unknown,
26121,unknown,
26122,ok,1924
26123,ok,1878
26124,ok,1803
26125,ok,1921
26126,ok,1919
26128,unknown,
26129,ok,1952
26130,recent,
26131,ok,1919
26132,ok,1954
26133,ok,1832
26134,ok,1888
26135,ok,1930
26136,ok,1914
26137,ok,1933
26138,unknown,
26139,unknown,
26140,unknown,
26142,ok,1909
26144,ok,1939
26145,unknown,
26146,recent,
26147,unknown,
26149,ok,1944
26150,ok,1865
26151,ok,1949
26152,ok,1860
26153,ok,1930
26154,ok,1930
26155,ok,1898
26156,ok,1901
26157,ok,1925
26158,ok,1924
26159,ok,1881
26160,ok,1930
26162,recent,
26163,ok,1953
26164,unknown,
26165,unknown,
26167,unknown,
26168,recent,
26170,ok,1888
26172,ok,1905
26173,ok,1940
26174,recent,
26175,ok,1898
26176,ok,1932
26177,recent,
26178,ok,1820
26180,unknown,
26181,unknown,
26182,ok,1930
26183,unknown,
26184,unknown,
26185,unknown,
26186,unknown,
26187,ok,1916
26189,ok,1940
26190,unknown,
26191,recent,
26192,ok,1934
26193,ok,1930
26194,ok,1915
26195,unknown,
26196,unknown,
26197,ok,1912
26198,unknown,
26199,unknown,
26204,ok,1761
26205,unknown,
26206,recent,
26207,ok,1944
26208,ok,1926
26209,ok,1909
26210,ok,1916
26211,ok,1891
26215,ok,1931
26216,ok,1915
26217,ok,1934
26218,ok,1930
26232,unknown,
26233,recent,
26234,ok,1955
26235,ok,1921
26236,ok,1915
26237,ok,1915
26238,ok,1915
26239,ok,1940
26240,ok,1946
26241,recent,
26242,ok,1929
26243,ok,1786
26244,ok,1940
26254,unknown,
26255,ok,1912
26256,recent,
26257,unknown,
26258,ok,1918
26259,ok,1899
26260,ok,1935
26262,ok,1931
26275,ok,1925
26276,ok,1897
26277,recent,
26278,unknown,
26279,unknown,
26280,ok,1923
26282,ok,1901
26283,ok,1944
26292,recent,
26294,unknown,
26295,ok,1898
26306,ok,1944
26307,ok,1910
26308,ok,1843
26309,ok,1946
26310,ok,1921
26311,ok,1889
26312,ok,1944
26313,ok,1927
26315,ok,1929
26316,ok,1945
26317,ok,1899
26318,ok,1913
26319,ok,1926
26320,recent,
26321,ok,1940
26322,ok,1921
26323,unknown,
26324,ok,1935
26327,ok,1909
26328,unknown,
26329,recent,
26330,ok,1925
26331,ok,1935
26332,recent,
26333,ok,1919
26334,ok,1903
26335,ok,1943
26398,ok,1926
26336,ok,1838
26337,unknown,
26339,unknown,
26340,unknown,
26341,ok,1946
26342,ok,1917
26344,recent,
26345,ok,1932
26346,ok,1937
26348,unknown,
26350,ok,1912
26351,ok,1615
26352,ok,1893
26353,ok,1893
26354,unknown,
26355,ok,1899
26356,ok,1945
26357,unknown,
26358,ok,1899
26360,ok,1853
26361,unknown,
26362,ok,1917
26363,ok,1900
26364,ok,1932
26365,ok,1938
26366,ok,1905
26598,unknown,
26367,ok,1923
26368,unknown,
26369,unknown,
26370,ok,1869
26372,recent,
26373,ok,1954
26374,unknown,
26375,ok,1835
26376,unknown,
26377,unknown,
26378,ok,1910
26379,unknown,
26380,ok,1941
26381,ok,1922
26382,ok,1883
26383,ok,1922
26384,ok,1905
26385,unknown,
26386,ok,1923
26388,ok,1943
26389,ok,1910
26390,ok,1928
26391,ok,1948
26392,unknown,
26393,unknown,
26394,unknown,
26396,ok,1936
26397,ok,1920
26399,recent,
26400,ok,1650
26401,ok,1899
26405,recent,
26407,unknown,
26408,ok,1944
26409,ok,1914
26410,unknown,
26412,unknown,
26413,unknown,
26414,ok,1950
26415,unknown,
26416,ok,1934
26417,ok,1929
26418,ok,1874
26419,ok,1928
26420,ok,1952
26421,ok,1942
26422,ok,1942
26423,ok,1942
26424,ok,1942
26425,ok,1665
26426,ok,1899
26427,ok,1922
26429,ok,1908
26430,unknown,
26431,ok,1942
26432,unknown,
26433,unknown,
26434,ok,1919
26435,ok,1508
26436,ok,75
26437,unknown,
26438,ok,1917
26439,unknown,
26440,ok,1861
26441,ok,1880
26442,ok,1905
26445,ok,1903
26446,ok,1914
26447,ok,1928
26448,ok,1938
26449,ok,1866
26450,ok,1935
26451,ok,1887
26454,unknown,
26455,ok,1930
26456,unknown,
26457,ok,1831
26473,unknown,
26474,recent,
26475,unknown,
26476,ok,1870
26477,ok,1747
26478,ok,1919
26481,ok,1930
26482,unknown,
26484,unknown,
26485,ok,1924
26486,ok,1917
26487,ok,1901
26488,ok,1887
26489,ok,1935
26490,ok,1939
26491,ok,1875
26492,ok,1918
26493,ok,1928
26494,ok,1900
26495,ok,1873
26496,unknown,
26497,ok,1893
26498,ok,1918
26499,ok,1939
26500,ok,1868
26501,ok,1863
26504,ok,1888
26505,ok,1917
26507,ok,1915
26509,ok,1894
26510,ok,1942
26511,ok,1942
26512,ok,1921
26513,ok,1897
26514,ok,1950
26515,ok,1879
26516,recent,
26517,recent,
26518,unknown,
26519,ok,1933
26520,ok,1954
26521,recent,
26522,ok,1911
26523,ok,1937
26524,ok,1904
26526,ok,1921
26527,ok,1947
26528,ok,1946
26529,ok,1905
26531,ok,1917
26532,recent,
26533,recent,
26534,unknown,
26535,ok,1940
26536,recent,
26537,recent,
26538,unknown,
26539,ok,1930
26540,ok,1940
26541,ok,1882
26599,ok,1916
36167,ok,1855
26542,unknown,
26543,recent,
26544,unknown,
26548,recent,
26549,unknown,
26550,ok,1952
26551,unknown,
26552,ok,1930
26553,ok,1904
26556,ok,1888
26557,recent,
26558,unknown,
26560,unknown,
26561,ok,1934
26562,ok,1814
26563,ok,1907
26565,ok,1944
26566,unknown,
26567,ok,1395
26568,ok,1902
26569,recent,
26571,ok,1915
26572,ok,1900
26593,ok,1932
26595,ok,1942
26596,ok,1946
26597,ok,1875
26600,unknown,
26601,ok,1940
26602,unknown,
26603,ok,1944
26604,ok,1895
26606,unknown,
26607,ok,1817
26608,ok,1431
26609,ok,1822
26610,ok,1951
26611,ok,1885
26612,unknown,
26613,unknown,
26614,ok,1876
26615,unknown,
26616,ok,1893
26617,ok,1893
26618,ok,1893
26619,ok,1893
26620,ok,1893
26621,unknown,
26622,ok,1929
26623,recent,
26624,ok,1919
26625,unknown,
26626,ok,1883
26627,unknown,
26628,ok,1852
26629,recent,
26630,ok,1899
26631,ok,1940
26632,unknown,
26633,ok,1929
26634,ok,1848
26635,recent,
26637,ok,1927
26638,ok,1940
26639,ok,1863
26640,ok,1891
26641,recent,
26642,recent,
26643,ok,1945
26644,ok,1938
26645,unknown,
26646,unknown,
26647,ok,1891
26648,ok,1949
26649,recent,
26650,unknown,
26651,ok,1933
26652,ok,1923
26653,ok,1897
26654,ok,1937
26656,unknown,
26657,ok,1925
26658,ok,1933
26659,ok,1910
26660,ok,1939
26661,ok,1939
26662,ok,1939
26663,ok,1939
26664,ok,1939
26665,ok,1939
26666,ok,1939
26667,ok,1895
26668,ok,1895
26669,ok,1895
26670,unknown,
26671,ok,1864
26672,ok,1945
26673,ok,1911
26674,ok,1922
26675,ok,1927
26677,ok,1926
26678,ok,1931
26679,ok,1723
26680,ok,1676
26681,ok,1889
26682,unknown,
26683,ok,1944
26684,ok,1918
26685,ok,1925
26687,ok,1942
26688,ok,1882
26690,ok,1932
26691,ok,1944
26692,ok,1954
26693,unknown,
26695,ok,1897
26697,recent,
26698,ok,1939
26699,ok,1939
26700,unknown,
26702,ok,1947
26703,ok,1933
26704,unknown,
26705,ok,1918
26706,ok,1941
26707,recent,
26708,unknown,
26709,ok,1917
26710,ok,1878
26711,unknown,
26712,unknown,
26713,recent,
26714,unknown,
26715,ok,1929
26716,ok,1900
26718,ok,1926
26719,ok,1944
26720,ok,1848
26721,ok,1848
26723,recent,
26725,ok,1922
26726,ok,1897
26727,ok,1936
26728,ok,1935
26730,recent,
26732,ok,1951
26733,ok,1946
26734,ok,1879
26735,ok,1904
26736,ok,1904
26740,ok,1900
26741,recent,
26742,ok,1930
26743,recent,
26744,ok,1905
26745,unknown,
26747,ok,1930
26749,ok,1926
26750,ok,1891
26751,unknown,
26752,ok,1632
26753,unknown,
26754,unknown,
26755,ok,1924
26757,ok,1874
26758,ok,1874
26759,ok,1874
26760,ok,1895
26761,unknown,
26762,ok,1874
26763,ok,1874
26764,ok,1874
26765,ok,1874
26766,ok,1874
26767,unknown,
26768,ok,1935
26769,unknown,
26804,ok,1806
26770,unknown,
26772,recent,
26774,ok,1926
26775,ok,1923
26778,ok,1917
26779,ok,1889
26780,ok,1918
26781,unknown,
26782,recent,
26783,unknown,
26785,recent,
26787,ok,1937
26788,ok,1937
26789,ok,1937
26790,ok,1937
26791,ok,1937
26792,ok,1937
26793,ok,1937
26794,unknown,
26795,recent,
26796,ok,1911
26797,recent,
26798,ok,1937
26799,ok,1827
26800,ok,1935
26801,ok,1898
26802,ok,1937
26803,ok,1937
26805,ok,1937
26806,ok,1857
26807,ok,1791
26808,ok,1791
26809,ok,1791
26810,ok,1835
26811,ok,1807
26812,ok,1880
26813,ok,1950
26814,ok,1828
26815,ok,1890
26816,ok,1890
26817,ok,1890
26818,ok,1805
26819,ok,1832
26820,ok,1828
26821,ok,1890
26822,ok,1755
26823,ok,1905
26824,ok,1890
26825,ok,1824
26826,ok,1921
26827,ok,1901
26828,ok,1885
26829,ok,1885
26830,ok,1885
26831,ok,1937
26832,ok,1937
26833,ok,1937
26834,ok,1937
26835,recent,
26836,ok,1856
26837,ok,1945
26838,ok,1933
26839,ok,1925
26840,ok,1924
26841,unknown,
26842,ok,1952
26843,recent,
26844,ok,1855
26847,ok,1908
26849,ok,1865
26851,ok,1896
26852,ok,1953
26853,ok,1934
26854,recent,
26855,recent,
26856,ok,1937
26857,recent,
26858,ok,1921
26859,ok,1874
26860,ok,1955
26861,ok,1802
26862,ok,1935
26863,ok,1876
26864,unknown,
26865,ok,1916
26867,recent,
26868,ok,1925
26869,unknown,
26870,ok,1783
26874,ok,1778
26875,unknown,
26952,ok,1931
26878,ok,1919
26879,unknown,
26880,ok,1916
26881,recent,
26882,unknown,
26883,unknown,
26884,recent,
26885,ok,1791
26889,ok,1951
26890,recent,
26891,ok,1935
26892,ok,1943
26893,ok,1916
26894,ok,1920
26895,ok,1902
26896,unknown,
26897,unknown,
26898,unknown,
26899,unknown,
26900,unknown,
26901,recent,
26902,ok,1930
26903,unknown,
26905,ok,1932
26906,recent,
26907,unknown,
26908,ok,1858
26909,ok,1930
26910,recent,
26911,ok,1954
26912,recent,
26916,ok,1900
26917,unknown,
26918,recent,
26919,recent,
26923,unknown,
26924,ok,1953
26925,ok,1917
26928,ok,1923
26930,unknown,
26933,recent,
26934,ok,1942
26935,ok,1952
26936,recent,
26937,recent,
26938,ok,1933
26939,ok,1879
26940,ok,1731
26941,recent,
26942,ok,1935
26943,ok,1899
26944,recent,
26945,unknown,
26946,ok,1897
26948,ok,1922
26950,ok,1935
26951,ok,1942
26953,ok,1898
26954,ok,1820
26955,unknown,
26956,unknown,
26957,recent,
26958,ok,1924
26960,ok,1943
26962,ok,1874
26963,unknown,
26965,ok,1859
26966,recent,
26967,recent,
26968,recent,
26969,unknown,
26973,ok,1918
26974,unknown,
26975,ok,1935
26977,ok,1937
26978,ok,1875
26980,unknown,
26981,ok,1920
26982,unknown,
26984,recent,
26985,ok,1931
26986,ok,1951
26987,ok,1925
26989,recent,
26990,ok,1917
26991,unknown,
26992,unknown,
26993,ok,1930
26994,ok,1931
26995,ok,1921
26996,unknown,
26998,ok,1937
26999,ok,1937
27000,ok,1894
27001,ok,1955
27002,ok,1824
27003,unknown,
27004,unknown,
27005,unknown,
27006,unknown,
27007,unknown,
27008,unknown,
27009,unknown,
27010,unknown,
27011,unknown,
27012,ok,1915
27013,recent,
27014,unknown,
27015,ok,1929
27018,ok,1825
27019,recent,
27063,recent,
27020,unknown,
27021,ok,1924
27022,recent,
27024,unknown,
27025,ok,1914
27027,unknown,
27028,unknown,
27029,unknown,
27030,unknown,
27031,unknown,
27032,unknown,
27033,unknown,
27035,unknown,
27036,unknown,
27037,unknown,
27038,unknown,
27039,unknown,
27040,unknown,
27041,unknown,
27042,unknown,
27043,unknown,
27044,unknown,
27045,unknown,
27046,unknown,
27047,unknown,
27050,ok,1607
27051,ok,1942
27052,unknown,
27053,recent,
27055,unknown,
27056,ok,1877
27057,ok,1920
27058,ok,1897
27061,ok,1935
27065,ok,1858
27066,unknown,
27067,ok,1882
27068,recent,
27069,recent,
27070,unknown,
27071,ok,1932
27072,unknown,
27074,unknown,
27075,recent,
27076,unknown,
27077,ok,1951
27078,unknown,
27079,recent,
27080,ok,1918
27083,ok,1873
27085,recent,
27086,ok,1880
27089,recent,
27090,ok,1936
27093,unknown,
27094,unknown,
27095,unknown,
27096,unknown,
27097,unknown,
27098,unknown,
27099,ok,1927
27101,ok,1889
27102,ok,1952
27103,ok,1902
27106,recent,
27109,ok,1820
27110,recent,
27111,ok,1931
27112,ok,1898
27113,unknown,
27114,ok,1894
27115,ok,1945
27116,ok,1930
27117,unknown,
27118,unknown,
27125,ok,1916
27126,ok,1941
27127,ok,1939
27128,ok,1904
27129,ok,1920
27130,unknown,
27131,ok,1866
27132,ok,1866
27133,ok,1866
27134,ok,1866
27135,unknown,
27136,unknown,
27137,recent,
27138,ok,1820
27139,unknown,
27141,unknown,
27143,unknown,
27144,ok,1881
27146,unknown,
27147,ok,1927
27149,unknown,
27150,unknown,
27151,ok,1856
27152,ok,1939
27153,ok,1882
27154,ok,1944
27157,ok,1902
27160,unknown,
27161,unknown,
27162,ok,1905
27163,recent,
27164,unknown,
27168,ok,1902
27169,unknown,
27173,ok,1777
27174,recent,
27175,ok,1953
27176,ok,1953
27177,ok,1939
27179,unknown,
27180,ok,1941
27181,unknown,
27182,ok,1953
27183,ok,1950
27186,ok,1918
27187,ok,1946
27188,ok,1947
27189,ok,1936
27190,ok,1924
27191,ok,1874
27192,ok,1883
27193,unknown,
27194,ok,1950
27195,unknown,
27196,ok,1873
27197,ok,1903
27198,recent,
27199,ok,1950
27201,ok,1953
27202,ok,1879
27203,ok,1926
27209,ok,1926
27210,unknown,
27211,recent,
27212,ok,1944
27213,ok,1942
27215,ok,1870
27221,ok,1803
27222,ok,1899
27223,ok,1905
27224,ok,1947
27225,ok,1913
27226,ok,1783
27228,unknown,
27229,unknown,
27269,ok,1760
27230,ok,1907
27231,ok,1916
27232,ok,1916
27233,ok,1925
27234,ok,1896
27235,ok,1892
27237,ok,1882
27238,unknown,
27239,ok,1899
27240,ok,1879
27243,ok,1952
27244,ok,1939
27245,unknown,
27246,recent,
27248,recent,
27250,ok,1936
27251,ok,1943
27252,recent,
27253,ok,1901
27256,recent,
27257,ok,1947
27258,ok,1941
27259,unknown,
27260,ok,1922
27261,recent,
27262,unknown,
27264,recent,
27265,recent,
27266,ok,1872
27267,ok,1857
27268,ok,1900
27270,ok,1916
27271,ok,1929
27272,ok,1950
27273,ok,1948
27274,ok,1902
27275,unknown,
27277,ok,1918
27278,unknown,
27279,ok,1936
27280,unknown,
27281,ok,1891
27282,ok,1686
27283,ok,1934
27284,ok,1934
27285,ok,1912
27286,unknown,
27287,unknown,
27288,ok,1898
27289,ok,1928
27293,ok,1928
27296,ok,1926
27297,recent,
27298,unknown,
27299,ok,1875
27300,ok,1899
27303,ok,1940
27304,ok,1940
27305,ok,1932
36336,ok,1902
27306,ok,1858
27307,ok,1918
27308,unknown,
27312,ok,1879
27313,ok,1894
27314,ok,1869
27316,ok,1899
27317,ok,1937
27318,unknown,
27320,ok,1933
27321,ok,1906
27322,ok,1847
27323,ok,1933
27324,unknown,
27325,ok,1944
27327,unknown,
27333,unknown,
27336,ok,1919
27337,ok,1921
27338,recent,
27339,ok,1932
27340,ok,1915
27341,unknown,
27342,ok,1933
27343,recent,
27344,ok,1895
27345,ok,1857
27346,unknown,
27347,ok,1932
27348,unknown,
27349,ok,1912
27351,ok,1942
27352,ok,1920
27353,ok,1946
27354,ok,1877
27355,ok,1928
27356,ok,1955
27357,recent,
27360,unknown,
27362,ok,1929
27363,ok,1915
27365,ok,1946
27366,ok,1868
27367,ok,1942
27368,unknown,
27370,ok,1910
27371,ok,1866
27372,ok,1866
27373,ok,1885
27374,ok,1933
27375,ok,1928
27377,recent,
27378,ok,1913
27379,ok,1914
27380,ok,1877
27381,ok,1877
27382,ok,1928
27383,unknown,
27384,ok,1888
27437,ok,1952
27385,ok,1888
27386,ok,1905
27391,unknown,
27392,unknown,
27393,recent,
27394,ok,1858
27395,ok,1935
27396,ok,1937
27400,ok,1896
27401,ok,1909
27404,recent,
27405,ok,1937
27406,ok,1937
27407,ok,1937
27408,ok,1937
27409,ok,1937
27410,ok,1867
27411,ok,1955
27421,unknown,
27422,unknown,
27423,ok,1934
27424,ok,1953
27425,unknown,
27426,recent,
27427,ok,1852
27430,ok,1901
27431,ok,1866
27432,ok,1939
27434,ok,1930
27435,ok,1921
27436,ok,1954
27438,recent,
27439,ok,1944
27440,unknown,
27441,ok,1896
27442,ok,1953
27444,unknown,
27445,ok,1931
27447,ok,1954
27448,ok,1939
27449,ok,1928
27450,ok,1933
27451,ok,1911
27452,ok,1921
27453,recent,
27454,ok,1942
27455,unknown,
27456,unknown,
27457,ok,1880
27458,ok,1856
27461,recent,
27462,recent,
27463,unknown,
27464,recent,
27465,ok,1918
27466,ok,1935
27467,unknown,
27468,unknown,
27469,unknown,
27471,recent,
27472,ok,1907
27473,ok,1937
27474,ok,1937
27475,ok,1934
27476,ok,1914
27477,unknown,
27478,unknown,
27479,unknown,
27480,unknown,
27481,unknown,
27482,unknown,
27484,ok,1857
27485,ok,1915
27488,ok,1934
27491,recent,
27492,recent,
27493,unknown,
27494,ok,1892
27495,unknown,
27496,unknown,
27499,unknown,
27500,recent,
27501,unknown,
27502,unknown,
27503,ok,1933
27504,ok,1945
27505,ok,1938
27506,ok,1883
27507,ok,1934
27508,unknown,
27509,unknown,
27510,ok,1924
27511,unknown,
27513,ok,1945
27514,recent,
27515,ok,1945
27516,ok,1887
27517,unknown,
27518,ok,1927
27519,recent,
27520,unknown,
27521,ok,1943
27522,recent,
27523,ok,1936
27524,ok,1929
27525,ok,1932
27526,unknown,
27527,unknown,
27528,unknown,
27529,unknown,
27530,ok,1940
27531,ok,1893
27533,ok,1882
27534,ok,1922
27537,ok,1880
27538,unknown,
27547,ok,1919
27548,unknown,
27549,ok,1927
27550,ok,1916
27551,ok,1879
27552,ok,1854
27553,ok,1927
27554,ok,1933
27556,unknown,
27557,recent,
27558,unknown,
27559,unknown,
27560,unknown,
27561,ok,1918
27562,unknown,
27563,ok,1893
27564,unknown,
27566,ok,1920
27567,ok,1888
27568,ok,1886
27569,recent,
27570,ok,1899
27571,ok,1883
27572,unknown,
27573,ok,1899
27574,ok,1884
27575,ok,1880
27576,unknown,
27577,ok,1920
27578,ok,1949
27579,ok,1913
27580,ok,1928
27583,ok,1931
27584,recent,
41714,recent,
27585,unknown,
27586,ok,1943
27587,ok,1930
27588,recent,
27589,unknown,
27591,ok,1937
27594,ok,1896
27595,recent,
27597,ok,1904
27600,ok,1802
27601,ok,1945
27602,ok,1912
27603,ok,1912
27604,ok,1917
27605,unknown,
27606,recent,
27607,ok,1943
27609,recent,
27610,ok,1799
27611,unknown,
27612,ok,1916
27613,ok,1910
27614,unknown,
27615,ok,1947
27616,ok,1926
27617,ok,1952
27618,ok,1885
27619,ok,1952
27620,ok,1906
27621,ok,1897
27622,ok,1897
42255,recent,
27623,unknown,
27624,ok,1897
27625,ok,1699
27626,ok,1952
27627,unknown,
27629,ok,1945
27630,ok,1936
27631,unknown,
27632,unknown,
27633,unknown,
27635,ok,1930
27638,unknown,
27639,unknown,
27641,ok,1781
27642,ok,1954
27643,recent,
27644,ok,1854
27645,recent,
27646,ok,1869
27647,unknown,
27648,ok,1899
27649,ok,1914
27650,ok,1926
27651,ok,1860
27654,ok,1536
27660,recent,
27661,ok,1911
27662,unknown,
27663,ok,1809
27665,unknown,
27666,ok,1897
27667,unknown,
27669,unknown,
27670,ok,1933
27673,recent,
27674,unknown,
27675,unknown,
27676,unknown,
27677,ok,1894
27678,ok,1905
27679,ok,1922
27680,ok,1922
27681,ok,1851
27682,ok,1928
27683,recent,
27684,recent,
27687,ok,1932
27688,ok,1918
27690,ok,1940
27692,ok,1879
27693,unknown,
27694,ok,1848
27696,unknown,
27697,ok,1895
27698,ok,1899
27699,unknown,
27700,ok,1932
27701,unknown,
27702,ok,1912
27703,ok,1899
27704,ok,1861
27705,ok,1927
27706,ok,1936
27707,ok,1936
27709,ok,1920
27710,ok,1904
27711,ok,1896
27712,ok,1882
27713,ok,1944
27714,unknown,
27716,recent,
27717,ok,1899
27718,unknown,
27722,ok,1936
27724,ok,1933
27726,ok,1950
27727,ok,1954
27728,ok,1941
27730,ok,1945
27731,recent,
27732,ok,1928
27733,unknown,
27735,ok,1941
27737,unknown,
27739,ok,1888
27740,ok,1844
27741,ok,1915
27742,ok,1894
27743,ok,1940
27744,ok,1768
27745,ok,1915
27746,unknown,
27747,ok,1872
27748,ok,1802
27749,ok,1924
27750,ok,1914
27751,unknown,
27752,ok,1877
27754,unknown,
27755,ok,1945
27756,recent,
27758,ok,1899
27759,ok,1939
27761,ok,1868
27763,ok,1846
27764,ok,1932
27765,unknown,
27766,ok,1922
27767,ok,1862
27770,ok,1906
27771,recent,
27772,ok,1894
27773,ok,1917
27774,ok,1921
27776,recent,
27777,ok,1924
27778,ok,1954
42536,ok,1949
27779,ok,1917
27780,ok,1894
27781,ok,1897
27782,ok,1923
27784,ok,1901
27785,ok,1901
27786,ok,1930
27787,recent,
27789,recent,
27790,ok,1874
27792,ok,1934
27793,ok,1932
27794,recent,
27795,ok,1945
27796,ok,1899
27797,unknown,
27798,unknown,
27799,ok,1934
27801,ok,1944
27802,ok,1879
27804,unknown,
27805,ok,1932
27806,ok,1887
27807,ok,1917
27808,ok,1758
27809,ok,1758
27810,ok,1900
27811,ok,1909
27812,ok,1899
27813,ok,1944
27814,ok,1944
27815,unknown,
27817,ok,1907
27818,unknown,
27819,unknown,
27821,ok,1939
27823,unknown,
27824,recent,
27826,ok,1912
27828,ok,1912
27829,ok,1921
27830,ok,1943
27831,ok,1889
27832,unknown,
27834,recent,
27837,ok,1836
27838,ok,1897
27839,ok,1897
27840,ok,1914
27842,recent,
27843,ok,1857
27844,ok,1886
27848,ok,1925
27849,ok,1897
27850,ok,1923
27851,ok,1898
27852,unknown,
27853,unknown,
27854,ok,1944
27855,unknown,
27856,unknown,
27857,ok,1909
27860,ok,1952
27861,unknown,
27862,ok,1899
27863,ok,1925
27864,unknown,
27865,ok,1939
27866,ok,1952
27867,unknown,
27868,ok,1921
27869,ok,1877
27870,ok,1936
27872,ok,1933
27873,ok,1935
27874,ok,1895
27876,ok,1819
27877,unknown,
27878,ok,1712
27879,ok,1866
27880,ok,1920
27881,ok,1928
27882,ok,1941
27884,unknown,
27885,unknown,
27886,ok,1921
27887,ok,1946
27888,ok,1937
27889,ok,1905
27890,recent,
27893,unknown,
27894,unknown,
27897,ok,1909
27901,ok,1909
27902,ok,1918
27903,ok,1924
27904,unknown,
27905,ok,1874
27906,ok,1922
27907,ok,1909
27908,ok,1909
27909,ok,1922
27910,ok,1922
27911,ok,1883
27912,ok,1910
27913,ok,1883
27916,ok,1923
27917,ok,1940
27918,ok,1880
27920,ok,1931
27921,recent,
27922,unknown,
27923,ok,1909
27924,ok,1911
27925,ok,1923
27926,unknown,
27929,ok,1936
27930,ok,1897
27931,ok,1820
42845,ok,1874
27932,unknown,
27933,ok,1913
27934,ok,1953
27935,ok,1925
27936,unknown,
27939,ok,1935
27942,ok,1873
27943,unknown,
27944,unknown,
27947,unknown,
27948,ok,1943
27949,ok,1885
27950,ok,1922
27951,ok,1919
27952,unknown,
27953,ok,1948
27954,unknown,
27957,unknown,
27958,ok,1893
27962,ok,1893
27963,ok,1928
27965,ok,1935
27966,ok,1932
27967,unknown,
27968,recent,
27969,recent,
27970,ok,1907
27971,ok,1898
27975,ok,1893
27976,ok,1852
27977,ok,1901
27978,ok,1929
27980,ok,1883
27981,ok,1883
27982,ok,1883
27983,ok,1897
27984,ok,1912
27985,ok,1931
27986,ok,1943
27987,ok,1943
27988,unknown,
27990,ok,1924
27991,unknown,
27993,ok,1883
27995,ok,1901
27996,ok,1883
27997,ok,1906
27998,ok,1946
27999,ok,1910
28000,unknown,
28001,unknown,
28003,unknown,
28004,ok,1916
28006,ok,1897
28007,unknown,
28008,ok,1952
28010,recent,
28011,ok,1922
28012,unknown,
28013,ok,1885
28015,unknown,
28016,recent,
28017,ok,1947
28019,ok,1912
28020,ok,1906
28021,unknown,
28022,unknown,
28023,unknown,
28024,unknown,
28025,ok,1907
28026,recent,
28027,ok,1937
28028,ok,1911
28030,recent,
28031,recent,
28032,ok,1932
28033,ok,1883
28034,ok,1905
28036,ok,1899
28037,ok,1932
28038,ok,1897
28039,ok,1906
28040,ok,1893
28041,ok,1936
28043,recent,
28045,recent,
28046,ok,1859
28047,recent,
28048,unknown,
28050,unknown,
28051,recent,
28052,ok,1917
28053,ok,1834
28056,ok,1892
28057,ok,1955
28058,ok,1950
28059,ok,1932
28060,unknown,
28062,recent,
28063,recent,
28064,ok,1893
28065,recent,
28066,unknown,
28067,ok,1926
28069,ok,1922
28070,ok,1925
28071,ok,1945
28072,ok,1918
28073,unknown,
28074,ok,1881
28075,unknown,
28076,recent,
28077,ok,1888
28078,ok,1830
28079,unknown,
28080,ok,1881
28081,ok,1881
28082,ok,1881
28084,ok,1923
28087,ok,1915
28088,ok,1943
28089,ok,1933
28090,unknown,
28091,ok,1946
28092,unknown,
28093,ok,1941
28094,ok,1894
28096,ok,1912
28097,ok,1936
28098,ok,1904
28099,ok,1953
28101,ok,1937
28102,ok,1937
28103,unknown,
28104,ok,1622
28105,unknown,
28106,recent,
28107,ok,1937
28108,ok,1653
28109,ok,1923
28110,recent,
28111,recent,
28112,ok,1895
28113,ok,1951
28114,unknown,
28115,ok,1919
28116,ok,1931
28117,ok,1916
28118,recent,
28119,recent,
28123,unknown,
28124,ok,1926
28125,unknown,
28126,unknown,
28129,unknown,
28130,unknown,
28131,unknown,
28132,unknown,
28133,unknown,
28134,unknown,
28135,unknown,
28136,unknown,
28137,unknown,
28138,unknown,
28139,unknown,
28140,unknown,
28141,unknown,
28142,unknown,
28143,unknown,
28145,recent,
28146,unknown,
28176,ok,1845
28177,ok,1942
28147,ok,1853
28148,ok,1892
28149,ok,1900
28150,ok,1874
28151,ok,1874
28152,unknown,
28156,recent,
28157,ok,1902
28158,unknown,
28160,unknown,
28161,ok,1946
28162,ok,1945
28163,recent,
28164,ok,1926
28165,unknown,
28166,unknown,
28167,unknown,
28168,ok,1926
28169,ok,1874
28170,unknown,
28171,ok,1936
28172,ok,1816
28173,recent,
28174,ok,1946
28178,unknown,
28179,ok,1897
28180,unknown,
28183,unknown,
28184,ok,1951
28185,unknown,
28186,unknown,
28187,ok,1936
28188,ok,1580
28189,unknown,
28190,ok,1902
28191,unknown,
28192,ok,1937
28193,ok,1937
28194,unknown,
28196,unknown,
28197,unknown,
28198,ok,1928
28199,ok,1877
28200,ok,1912
28203,ok,1888
28204,ok,1937
28205,recent,
28208,ok,1933
28209,unknown,
28210,ok,1908
28211,ok,1902
28340,unknown,
28213,unknown,
28214,unknown,
28215,recent,
28216,recent,
28217,ok,1876
28218,recent,
28219,ok,1873
28221,ok,1910
28222,ok,1895
28223,ok,1937
28225,ok,1913
28226,ok,1922
28227,ok,1893
28228,ok,1914
28229,ok,1928
28230,ok,1835
28232,recent,
28234,recent,
28235,recent,
28236,ok,1940
28237,ok,1926
28239,ok,1933
28240,ok,1952
28241,ok,1950
28242,ok,1880
28244,ok,1933
28245,ok,1918
28246,unknown,
28247,ok,1907
28248,ok,1856
28249,ok,1837
28250,unknown,
28251,unknown,
28252,ok,1904
28253,ok,1953
28254,ok,1910
28255,ok,1941
28256,unknown,
28257,recent,
28258,ok,1910
28260,ok,1859
28261,unknown,
28262,ok,1933
28263,unknown,
28264,ok,1914
28265,unknown,
28266,ok,1936
28267,ok,1928
28268,ok,1935
28269,unknown,
28270,ok,1928
28271,recent,
28272,ok,1793
28273,ok,1887
28274,ok,1913
45278,unknown,
28275,unknown,
28276,recent,
28277,unknown,
28278,ok,1929
28282,ok,1916
28283,ok,1879
28284,ok,1940
28285,unknown,
28286,ok,1914
28287,ok,1910
28288,ok,1950
28289,ok,1888
28291,ok,1910
28292,unknown,
28293,ok,1949
28294,ok,1890
28295,ok,1933
28297,unknown,
28298,unknown,
28299,ok,1924
28300,unknown,
28301,recent,
28302,ok,1937
28303,ok,1909
28304,unknown,
28305,ok,1920
28306,ok,1952
28307,ok,1949
28308,recent,
28309,recent,
28311,unknown,
28312,recent,
28313,unknown,
28314,ok,1912
28315,ok,1945
28316,ok,1953
28318,unknown,
28319,unknown,
28320,ok,1870
28322,ok,1898
28323,ok,1823
28324,unknown,
28326,ok,1950
28327,ok,1930
28328,ok,1877
28329,ok,1875
28330,ok,1922
28331,ok,1916
28332,ok,1951
28333,recent,
28334,ok,1927
28335,unknown,
28336,unknown,
28337,ok,1927
28338,ok,1555
28339,unknown,
28342,unknown,
28344,unknown,
28345,ok,1917
28346,recent,
28347,unknown,
28349,ok,1906
28350,unknown,
28351,ok,1929
28352,unknown,
28353,unknown,
28356,ok,1940
28357,ok,1902
28358,ok,1940
28359,recent,
28360,unknown,
28361,ok,1948
28362,unknown,
28363,unknown,
28365,ok,1946
28366,ok,1909
28367,ok,1889
28369,ok,1916
28370,ok,1905
28373,ok,1845
28375,ok,1954
28376,ok,1885
28377,ok,1914
28378,recent,
28407,ok,1916
28379,ok,1909
28380,ok,1891
28381,ok,1899
28382,unknown,
28383,recent,
28384,unknown,
28385,ok,1885
28386,ok,1907
28387,ok,1921
28388,ok,1859
28389,ok,1937
28390,unknown,
28391,ok,1915
28392,unknown,
28393,ok,1952
28394,ok,1919
28395,unknown,
28396,ok,1924
28397,ok,1899
28398,ok,1864
28399,ok,1950
28400,unknown,
28401,ok,1763
28402,ok,1949
28404,unknown,
28405,unknown,
28406,recent,
28409,unknown,
28410,unknown,
28412,ok,1892
28413,unknown,
28415,unknown,
28416,ok,1919
28417,unknown,
28418,recent,
28419,ok,1897
28420,ok,1955
28421,ok,1955
28422,ok,1955
28423,unknown,
28424,unknown,
28425,ok,1937
28426,ok,1937
28427,ok,1901
28428,unknown,
28429,ok,1845
28431,ok,1937
28432,ok,1934
28433,ok,1879
28434,unknown,
28435,ok,1880
28436,ok,1888
28437,recent,
28438,recent,
28439,ok,1947
28440,ok,1933
28441,ok,1916
28442,unknown,
28443,ok,1948
28444,ok,1955
28445,ok,1877
28446,ok,1917
28447,unknown,
28448,unknown,
28449,ok,1922
28450,unknown,
28451,recent,
28452,unknown,
28453,recent,
28454,ok,1953
28455,ok,1942
28456,ok,1942
28457,unknown,
28458,ok,1908
28459,ok,1934
28460,recent,
28461,ok,1946
28462,recent,
28463,ok,1909
28464,ok,1929
28465,ok,1933
28466,unknown,
28467,ok,1926
28468,unknown,
28470,unknown,
28471,ok,1922
28472,recent,
28474,unknown,
28475,unknown,
28476,unknown,
28477,unknown,
28478,unknown,
28479,ok,1925
28480,ok,1941
28481,unknown,
28482,ok,1940
28483,ok,1913
28484,ok,1871
28485,ok,1811
28486,recent,
28488,unknown,
28489,ok,1930
28490,unknown,
28491,unknown,
28492,ok,1940
28493,ok,1894
28495,ok,1952
28496,recent,
28497,ok,1929
28498,unknown,
28499,unknown,
28500,ok,1945
28501,unknown,
28502,ok,1904
28503,ok,1917
28504,ok,1937
28505,ok,1942
28506,ok,1900
28507,ok,1895
28508,unknown,
28509,ok,1910
28510,unknown,
28511,recent,
28512,ok,1928
28513,ok,1728
28514,ok,1950
28515,recent,
28516,recent,
28517,ok,1915
28518,recent,
28519,unknown,
28521,unknown,
28522,unknown,
28523,ok,1899
28524,ok,1885
28527,recent,
28528,unknown,
28529,unknown,
28530,ok,1943
28531,unknown,
28532,unknown,
28533,ok,1923
28565,ok,1914
28566,ok,1914
28534,ok,1881
28535,recent,
28536,ok,1928
28537,ok,1936
28538,ok,1916
28540,ok,1847
28541,unknown,
28543,unknown,
28544,ok,1915
28545,ok,1915
28546,ok,1886
28547,ok,1895
28548,ok,1895
28549,ok,1789
28550,recent,
28551,ok,1940
28552,ok,1919
28553,ok,1934
28554,recent,
28555,recent,
28556,ok,1906
28557,ok,1886
28558,ok,1741
28559,unknown,
28561,ok,1879
28562,ok,1922
28563,ok,1875
28564,ok,1914
28567,ok,1940
28568,ok,1874
28569,ok,1930
28570,ok,1908
28571,ok,1896
28572,unknown,
28573,unknown,
28574,recent,
28575,unknown,
28576,ok,1947
28577,ok,1954
28578,ok,1894
28579,recent,
28580,ok,1917
28583,recent,
28585,ok,1939
28586,ok,1955
28587,ok,1891
28589,ok,1914
28590,ok,1928
28591,ok,1918
28593,ok,1928
28594,unknown,
28595,ok,1950
28596,unknown,
28597,ok,1941
28598,ok,1915
28599,unknown,
28600,ok,1909
28601,unknown,
28670,recent,
28602,ok,1876
28603,ok,1876
28604,ok,1876
28605,ok,1876
28607,ok,1927
28608,unknown,
28609,ok,1953
28612,ok,1866
28613,ok,1940
28614,ok,1909
28615,ok,1946
28616,ok,1899
28617,unknown,
28618,ok,1898
28619,ok,1921
28621,unknown,
28622,ok,1881
28623,ok,1876
28624,ok,1845
28625,unknown,
28627,ok,1864
28628,unknown,
28629,ok,1897
28630,unknown,
28631,ok,1935
28632,ok,1944
28633,ok,1944
28634,recent,
28635,ok,1928
28636,ok,1865
28637,ok,1897
28638,ok,1941
28641,ok,1884
28642,unknown,
28643,recent,
28644,recent,
28645,unknown,
28646,unknown,
28647,unknown,
28648,ok,1916
28649,ok,1930
28650,recent,
28651,ok,1909
28652,ok,1955
28653,ok,1924
28654,ok,1930
28655,unknown,
28656,ok,1891
28657,ok,1905
28659,ok,1931
28660,unknown,
28662,ok,1902
28663,ok,1916
28665,recent,
28666,recent,
28667,ok,1879
28668,unknown,
28669,unknown,
28671,ok,1888
28672,unknown,
28673,unknown,
28674,ok,1920
28675,ok,1938
28676,ok,1882
28677,unknown,
28678,unknown,
28679,ok,1938
28680,ok,1916
28681,ok,1827
28682,ok,1893
28683,recent,
28684,ok,1922
28686,unknown,
28687,unknown,
28688,recent,
28689,recent,
28690,ok,1934
28693,ok,1916
28694,ok,1923
28695,ok,1924
28696,ok,1898
28697,ok,1912
28698,recent,
28699,recent,
28700,ok,1947
28701,recent,
28702,ok,1953
28703,ok,1894
28935,ok,1933
28704,ok,1900
28705,recent,
28706,ok,1951
28708,ok,1849
28709,ok,1849
28710,unknown,
28711,ok,1934
28712,unknown,
28713,ok,1925
28716,ok,1894
28717,ok,1909
28718,ok,1814
28719,unknown,
28720,ok,1916
28721,ok,1916
28722,ok,1894
28723,unknown,
28724,ok,1905
28725,ok,1924
28726,unknown,
28727,ok,1920
28728,unknown,
28729,ok,1848
28730,recent,
28735,recent,
28736,ok,1950
28740,unknown,
49214,ok,1940
28741,ok,1923
28742,ok,1930
28743,ok,1910
28744,ok,1939
28745,ok,1879
28747,recent,
28748,ok,1926
28749,ok,1947
28750,recent,
28752,ok,1929
28757,ok,1910
28758,unknown,
28760,recent,
28763,ok,1920
28764,ok,1948
28765,recent,
28766,ok,1821
28767,recent,
28768,ok,1828
28769,unknown,
28770,ok,1937
28771,ok,1937
28772,ok,1937
28773,ok,1933
28774,ok,1937
28775,recent,
28776,ok,1879
28777,unknown,
28778,unknown,
28780,unknown,
28783,ok,1955
28784,ok,1937
28787,ok,1845
28788,ok,79
28789,ok,1897
28790,unknown,
28791,ok,1940
28796,ok,1929
28802,ok,1894
28803,recent,
28804,ok,1924
28805,ok,1910
28812,ok,1921
28813,recent,
28814,ok,1937
28815,ok,1891
28816,ok,1937
28817,ok,1937
28818,ok,1937
28819,ok,1914
28820,ok,1929
28821,recent,
28822,recent,
28823,recent,
28824,ok,1937
28825,ok,1937
28826,ok,1937
28827,ok,1876
28828,ok,1881
28829,ok,1845
28830,ok,1937
28831,unknown,
28832,recent,
28833,unknown,
28834,ok,1937
28835,ok,1937
28846,recent,
28847,ok,1908
28848,ok,1950
28849,recent,
28850,recent,
28851,ok,1910
28852,recent,
28853,ok,1955
28854,ok,1947
28855,ok,1954
28856,ok,1905
28857,ok,1902
28858,recent,
28859,recent,
28860,recent,
28861,ok,1930
28862,ok,1914
28864,recent,
28870,ok,1906
28871,recent,
28873,ok,1932
28874,recent,
28875,ok,1929
28876,recent,
28877,ok,1923
28878,unknown,
28879,recent,
28880,ok,1885
28881,unknown,
28882,unknown,
28883,recent,
28884,unknown,
28885,ok,1921
28886,ok,1944
28887,ok,1925
28889,ok,1937
28890,unknown,
28891,unknown,
28892,recent,
28893,recent,
28894,recent,
28895,unknown,
28896,recent,
28897,ok,1882
28898,recent,
28899,ok,1939
28900,ok,1918
28901,ok,1904
28903,recent,
28905,recent,
28906,ok,1942
28915,ok,1905
28921,recent,
28922,unknown,
28923,unknown,
28924,recent,
28925,ok,1909
28926,ok,1866
28930,ok,1907
28931,ok,1935
28932,ok,1933
28933,recent,
28934,ok,1949
28936,ok,1943
28937,ok,1874
28948,ok,1930
28950,recent,
28951,ok,1909
28952,unknown,
28953,unknown,
28954,recent,
28955,unknown,
28956,recent,
28957,unknown,
28958,ok,1936
28959,recent,
28960,ok,1943
28961,ok,1928
28964,unknown,
28966,ok,1926
28969,recent,
28970,recent,
28972,recent,
28973,unknown,
28974,ok,1947
28975,unknown,
28976,recent,
28977,ok,1876
28979,ok,1928
28980,ok,1904
29052,unknown,
28981,ok,1862
28982,ok,1926
28983,ok,1945
28984,unknown,
28985,ok,1937
28986,ok,1937
28987,recent,
28988,ok,1945
28989,ok,1951
28990,ok,1927
28991,recent,
28992,ok,1888
28994,ok,1914
28996,ok,1893
28997,ok,1942
28998,unknown,
28999,ok,1940
29000,ok,1882
29001,ok,1943
29002,unknown,
29003,ok,1943
29004,recent,
29005,ok,1918
29007,unknown,
29008,ok,1900
29009,unknown,
29010,ok,1942
29012,ok,1845
29013,ok,1921
29016,unknown,
29018,ok,1923
29019,recent,
29020,ok,1904
29021,ok,1942
29022,ok,1949
29023,recent,
29024,recent,
29025,unknown,
29026,unknown,
29027,recent,
29028,ok,1940
29029,recent,
29030,ok,1874
29031,ok,1914
29033,ok,1923
29034,unknown,
29038,recent,
29041,recent,
29042,ok,1898
29043,unknown,
29045,recent,
29046,ok,1946
29047,ok,1869
29048,unknown,
29049,ok,1897
29050,unknown,
29051,ok,1844
29053,recent,
29054,ok,1888
29055,ok,1760
29056,ok,1908
29057,ok,1869
29058,ok,1678
29059,recent,
29060,ok,1945
29063,ok,1831
29064,unknown,
29065,unknown,
29066,unknown,
29067,ok,1930
29068,ok,1535
29069,recent,
29070,unknown,
29071,unknown,
29072,unknown,
29073,recent,
29074,unknown,
29076,ok,1923
29077,unknown,
29080,unknown,
29083,ok,1933
29084,ok,1849
29085,ok,1897
29086,ok,1914
51392,ok,1936
29087,unknown,
29088,ok,1938
29089,ok,1947
29090,ok,1920
29091,ok,1920
29092,ok,1920
29093,ok,1919
29094,ok,1857
29096,ok,1941
29098,ok,1917
29099,unknown,
29100,ok,1928
29103,ok,1937
29104,ok,1945
29106,ok,1947
29107,ok,1879
29108,unknown,
29109,unknown,
29110,unknown,
29111,unknown,
29112,ok,1917
29113,unknown,
29114,unknown,
29115,unknown,
29116,unknown,
29117,ok,1908
29118,recent,
29119,ok,1940
29121,ok,1902
29122,recent,
29123,ok,1937
29124,ok,1928
29125,ok,1840
29128,unknown,
29129,ok,1903
29130,ok,1916
29131,ok,1954
29132,recent,
29133,unknown,
29134,unknown,
29135,ok,1936
29136,unknown,
29138,recent,
29139,recent,
29140,unknown,
29141,recent,
29142,recent,
29143,ok,1894
29145,ok,1924
29146,unknown,
29147,recent,
29148,unknown,
29149,recent,
29150,unknown,
29151,ok,1928
29152,unknown,
29153,ok,1939
29154,unknown,
29155,ok,1945
29156,recent,
29157,unknown,
29158,unknown,
29159,recent,
29160,unknown,
29162,ok,1946
29163,unknown,
29164,ok,1951
29165,unknown,
29166,ok,1921
29167,ok,1932
29168,recent,
29169,ok,1922
29170,recent,
29171,ok,1924
29172,ok,1877
29173,ok,1927
29174,unknown,
29175,ok,1807
29177,recent,
29178,unknown,
29179,ok,1909
29180,unknown,
29181,unknown,
29183,ok,1945
29184,unknown,
29185,unknown,
29186,unknown,
29187,unknown,
29224,ok,1934
29188,ok,1735
29189,unknown,
29190,ok,1949
29191,ok,1883
29193,recent,
29194,unknown,
29195,recent,
29196,recent,
29197,ok,1911
29198,unknown,
29199,ok,1946
29200,unknown,
29201,recent,
29202,recent,
29203,unknown,
29204,recent,
29205,unknown,
29206,recent,
29207,ok,1938
29209,recent,
29210,unknown,
29211,unknown,
29212,ok,1903
29214,ok,1923
29215,ok,1851
29217,unknown,
29218,unknown,
29219,ok,1891
29220,ok,1941
29221,ok,1934
29222,ok,1934
29223,ok,1934
29225,ok,1934
29226,ok,1934
29227,ok,1934
29228,ok,1934
29229,ok,1934
29230,ok,1934
29231,ok,1934
29232,ok,1861
29233,unknown,
29234,recent,
29236,unknown,
29237,ok,1774
29238,unknown,
29239,unknown,
29240,recent,
29241,ok,1942
29242,recent,
29244,ok,1913
29245,ok,1909
29246,unknown,
29247,ok,1891
29248,unknown,
29249,unknown,
29250,unknown,
29251,unknown,
29252,ok,1934
29253,ok,1923
29254,ok,1897
29255,unknown,
29256,ok,1934
29257,ok,1940
29258,recent,
29259,ok,1952
29260,ok,1929
29261,ok,1892
29262,unknown,
29263,unknown,
29264,ok,1866
29265,recent,
29266,ok,1945
29268,ok,1903
29269,unknown,
29270,recent,
29271,recent,
29272,unknown,
29273,ok,1890
29274,ok,1914
29276,ok,1935
29277,recent,
29278,recent,
29279,ok,1568
29280,unknown,
29281,ok,1807
29282,ok,1854
29283,recent,
29284,ok,1945
29285,recent,
29286,ok,1933
29287,ok,1935
29288,unknown,
29290,recent,
29291,ok,1848
29292,ok,1947
29293,recent,
29294,ok,1912
29295,ok,1921
29296,ok,1917
29297,ok,1880
29298,unknown,
29299,ok,1955
29300,ok,1915
29302,ok,1896
29303,recent,
29304,ok,1935
29305,unknown,
29306,ok,1913
29307,unknown,
29308,recent,
29309,recent,
29310,unknown,
29311,ok,1904
29312,ok,1921
29313,ok,1924
29314,ok,1933
29315,unknown,
29316,ok,1920
29317,unknown,
29353,recent,
29318,unknown,
29319,recent,
29321,recent,
29322,ok,1949
29323,ok,1835
29324,unknown,
29326,recent,
29328,unknown,
29329,ok,1937
29331,ok,1932
29332,ok,1874
29333,ok,1917
29334,unknown,
29335,ok,1934
29337,ok,1928
29338,ok,1952
29339,recent,
29340,recent,
29341,recent,
29343,ok,1931
29344,unknown,
29345,recent,
29346,ok,1939
29348,unknown,
29349,ok,1917
29350,ok,1840
29351,unknown,
29352,ok,1942
29355,recent,
29356,unknown,
29357,unknown,
29358,ok,1896
29360,ok,1840
29361,ok,1950
29362,unknown,
29363,ok,1933
29364,ok,1952
29365,ok,1926
29366,ok,1948
29367,unknown,
29368,ok,1900
29370,unknown,
29372,ok,1832
29373,recent,
29374,ok,1939
29375,unknown,
29378,ok,1934
29379,ok,1934
29380,ok,1921
29381,recent,
29382,unknown,
29383,unknown,
29384,recent,
29385,recent,
29386,unknown,
29387,ok,1915
29388,unknown,
29389,recent,
29390,recent,
29391,ok,1924
29393,ok,1938
29395,unknown,
29397,ok,1928
29398,ok,1906
29399,ok,1934
29400,recent,
29401,recent,
29402,unknown,
29403,ok,1916
29404,ok,1943
29405,ok,1950
29406,ok,1927
29407,ok,1927
29408,recent,
29410,recent,
29411,unknown,
29412,ok,1868
29413,ok,1905
29414,ok,1823
29415,ok,1943
29416,recent,
29418,recent,
29456,ok,1889
29419,unknown,
29420,ok,1947
29421,unknown,
29422,unknown,
29423,unknown,
29424,unknown,
29425,ok,1925
29426,ok,1951
29427,ok,1951
29430,recent,
29431,recent,
29432,recent,
29433,ok,1882
29434,recent,
29437,recent,
29438,ok,1866
29439,ok,1925
29440,ok,1881
29441,recent,
29443,unknown,
29444,ok,1910
29445,recent,
29446,recent,
29447,ok,1944
29448,recent,
29449,ok,1928
29450,ok,1928
29451,ok,1928
29452,ok,1916
29453,ok,1931
29454,unknown,
29458,recent,
29459,recent,
29460,ok,1894
29461,unknown,
29462,ok,1950
29463,ok,1883
29466,recent,
29467,recent,
29468,recent,
29469,ok,1937
29471,recent,
29472,ok,1946
29473,unknown,
29475,recent,
29476,ok,1829
29477,unknown,
29478,recent,
29479,ok,1943
29480,ok,1925
29481,ok,1932
29482,ok,1937
29483,unknown,
29485,ok,1914
29486,ok,1913
29487,recent,
29488,recent,
29489,ok,1937
29491,unknown,
29492,recent,
29493,ok,1934
29494,ok,1877
29496,ok,1950
29498,ok,1943
29499,ok,1953
29500,ok,1955
29501,recent,
29502,ok,1942
29503,recent,
29504,recent,
29505,ok,1863
29508,ok,1942
29509,recent,
29510,ok,1835
29512,recent,
29513,ok,1835
29515,ok,1936
29516,unknown,
29517,unknown,
29518,unknown,
29519,ok,1904
29521,ok,1939
29522,unknown,
29523,ok,1938
29524,ok,1926
29525,recent,
29527,ok,1917
29528,unknown,
29531,ok,1945
29532,ok,1946
29533,ok,1950
29534,ok,1906
29535,unknown,
29536,unknown,
29537,unknown,
29538,unknown,
29539,unknown,
29540,ok,1934
29541,ok,1912
29542,recent,
29543,recent,
29544,ok,1924
29545,ok,1923
29546,recent,
29547,unknown,
29548,recent,
29549,ok,1885
29551,unknown,
29552,ok,1451
29554,ok,1899
29555,unknown,
29556,unknown,
29557,ok,1945
29558,unknown,
29559,recent,
29560,ok,1925
29561,recent,
29562,ok,1947
29563,recent,
29564,ok,1912
29565,ok,1923
29566,ok,1926
29568,ok,1950
29569,unknown,
29570,ok,1936
29571,ok,1937
29572,ok,1937
29573,ok,1912
29574,unknown,
29575,unknown,
29577,ok,1944
29578,recent,
29579,recent,
29580,ok,1940
29581,ok,1934
29582,ok,1792
29583,ok,1881
29586,unknown,
29587,ok,1953
29588,ok,1948
29589,unknown,
29591,unknown,
29593,unknown,
29594,unknown,
29595,unknown,
29596,unknown,
29597,unknown,
29598,unknown,
29599,unknown,
51639,ok,1947
29600,ok,1937
29601,unknown,
29602,ok,1934
29603,ok,1877
29604,ok,1952
29605,unknown,
29606,ok,1866
29607,unknown,
29608,ok,1913
29609,ok,1915
29611,recent,
29612,ok,1883
29613,ok,1866
29614,recent,
29615,ok,1925
29616,ok,1925
29617,ok,1942
29618,recent,
29619,recent,
29620,recent,
29621,ok,1947
29622,unknown,
29623,unknown,
29624,ok,1933
29625,recent,
29626,unknown,
29628,ok,1943
29629,recent,
29630,ok,1950
29631,ok,1866
29632,recent,
29633,recent,
29634,ok,1953
29635,ok,1952
29637,ok,1942
29638,ok,1943
29639,ok,1944
29641,ok,1947
29642,ok,1940
29643,recent,
29644,ok,1950
29646,ok,1925
29647,ok,1940
29649,ok,1937
29650,ok,1945
29651,ok,1883
29652,unknown,
29653,recent,
29654,ok,1945
29655,unknown,
29656,ok,1937
29657,ok,1942
29658,ok,1942
29659,ok,1951
29660,ok,1905
29662,recent,
29664,unknown,
29665,unknown,
29666,recent,
29667,ok,1916
29668,recent,
29669,unknown,
29670,unknown,
29671,ok,1933
29672,ok,1909
29673,unknown,
29674,unknown,
29675,unknown,
29676,unknown,
29678,ok,1875
29679,unknown,
29680,recent,
29681,ok,1935
29682,recent,
29683,unknown,
29684,unknown,
29685,recent,
29686,unknown,
29687,ok,1894
29688,unknown,
29689,unknown,
29690,ok,1955
29691,unknown,
29692,ok,1950
29693,ok,1916
29694,ok,1934
29695,ok,1943
29696,ok,1916
29697,ok,1930
29698,recent,
29699,ok,1885
29700,ok,1903
29701,ok,1898
29702,recent,
29704,ok,1936
29705,recent,
29710,ok,1938
29711,ok,1933
29713,ok,1937
29714,ok,1953
29715,ok,1933
29716,unknown,
29717,recent,
29718,unknown,
29720,recent,
29721,ok,1937
29722,ok,1892
29723,ok,1908
29724,ok,1908
29725,unknown,
29726,ok,1922
29727,unknown,
29728,unknown,
29729,ok,1899
29730,ok,1904
29732,ok,1889
29733,ok,1944
29734,ok,1804
29735,unknown,
29736,unknown,
29737,ok,1926
29739,ok,1942
29741,unknown,
29743,ok,1906
29744,ok,1918
29745,ok,1951
29747,ok,1895
29748,recent,
29749,unknown,
29750,recent,
29751,ok,1921
29752,ok,1919
29753,ok,1952
29754,ok,1915
29755,ok,1845
29756,ok,1902
29757,ok,1892
29758,ok,1894
29759,ok,1924
29760,ok,1945
29761,unknown,
29762,unknown,
29763,ok,1929
29764,ok,1929
29765,unknown,
29766,ok,1946
29767,unknown,
29768,unknown,
29771,recent,
29772,ok,1828
29773,unknown,
29774,recent,
29775,ok,1953
29776,ok,1924
29777,unknown,
29778,ok,1918
29779,ok,1935
29781,unknown,
29782,ok,1944
29783,ok,1940
29784,recent,
29785,ok,1954
29786,ok,1926
29787,ok,1910
29788,recent,
29789,recent,
29790,unknown,
29791,recent,
29792,ok,1904
29793,recent,
29794,recent,
29795,ok,1914
29797,ok,1878
29798,ok,1905
29800,recent,
29801,unknown,
29802,unknown,
29805,ok,1893
29807,unknown,
29808,ok,1938
29809,unknown,
29851,ok,1930
29810,unknown,
29811,ok,1894
29812,ok,1894
29813,ok,1894
29815,ok,1945
29816,ok,1920
29817,unknown,
29818,ok,1942
29820,unknown,
29821,ok,1913
29822,unknown,
29823,ok,1932
29824,ok,1885
29825,unknown,
29826,ok,1807
29827,unknown,
29828,ok,1882
29829,ok,1885
29832,recent,
29838,recent,
29839,ok,1943
29840,ok,1940
29841,ok,1920
29842,unknown,
29843,ok,1885
29844,ok,1885
29847,ok,1921
29848,unknown,
29849,ok,1896
29850,unknown,
29852,ok,1943
29853,ok,1943
29854,ok,1948
29855,ok,1919
29857,ok,1899
29858,unknown,
29859,ok,1930
29860,ok,1931
29861,ok,1951
29862,ok,1886
29863,ok,1893
29865,recent,
29866,ok,1899
29867,unknown,
29868,ok,1923
29869,ok,1903
29870,ok,1931
29875,ok,1926
29876,recent,
29877,ok,1947
29878,ok,1931
29879,ok,1848
29880,ok,1933
29881,ok,1940
29882,unknown,
29883,unknown,
29885,ok,1936
29886,ok,1936
29887,ok,1953
29888,ok,1898
29889,recent,
29890,ok,1897
29891,ok,1897
29892,ok,1916
29893,ok,1916
29894,ok,1924
29895,ok,1944
29896,ok,1940
29897,recent,
29899,unknown,
29900,ok,1918
29902,recent,
29903,ok,1940
29904,recent,
29906,ok,1900
29907,ok,1900
29908,recent,
29909,ok,1919
29910,recent,
29911,unknown,
29912,ok,1918
29913,ok,1917
29914,ok,1952
29915,ok,1953
29916,ok,1835
29917,ok,1880
29918,ok,1914
29919,unknown,
29921,unknown,
29922,unknown,
29923,unknown,
29924,unknown,
29925,unknown,
29926,ok,1901
29927,recent,
29928,recent,
29929,ok,1894
29930,unknown,
29931,recent,
29932,ok,1950
29933,unknown,
29934,recent,
29936,recent,
29937,ok,1895
29938,unknown,
29939,ok,1930
29940,recent,
29942,ok,1888
29943,unknown,
29945,ok,1933
29947,unknown,
29948,recent,
29949,ok,1919
29950,unknown,
29951,unknown,
29952,ok,1954
29953,ok,1951
29954,recent,
29956,unknown,
29958,ok,1943
29959,unknown,
29962,recent,
29963,unknown,
29964,recent,
29965,recent,
29966,ok,1955
29969,unknown,
29970,unknown,
29971,ok,1948
29972,ok,1936
29973,recent,
29975,unknown,
29976,unknown,
29978,recent,
29980,ok,1941
29981,ok,1928
29982,ok,1889
29983,unknown,
29984,ok,1894
29985,unknown,
29986,unknown,
29987,recent,
29988,unknown,
29989,recent,
29990,recent,
29991,ok,1917
29992,unknown,
29994,recent,
30000,ok,1912
30001,recent,
30002,recent,
30003,unknown,
30004,unknown,
30006,ok,1947
30007,ok,1926
30008,ok,1934
30009,ok,1934
30010,unknown,
30011,unknown,
30012,ok,1944
30013,ok,1852
30014,recent,
30015,recent,
30016,recent,
30017,unknown,
30018,unknown,
30019,recent,
30020,unknown,
30021,ok,1883
30022,ok,1907
30023,ok,1920
30024,ok,1935
30025,unknown,
30026,ok,1936
30028,ok,1941
30029,recent,
30031,ok,1924
30033,unknown,
30034,unknown,
30035,recent,
30036,ok,1940
30037,ok,1937
30038,ok,1921
30039,ok,1944
30040,ok,1955
30041,ok,1924
30044,recent,
30045,recent,
30046,unknown,
30047,ok,1934
30048,unknown,
30050,unknown,
30051,ok,1931
30054,unknown,
30055,recent,
30056,unknown,
30057,ok,1947
30058,unknown,
30059,ok,1916
30061,ok,1899
30062,unknown,
30063,recent,
30064,ok,1934
30065,unknown,
30066,unknown,
30109,unknown,
30067,ok,1881
30072,ok,1933
30073,unknown,
30074,ok,1910
30075,unknown,
30076,unknown,
30081,unknown,
30082,ok,1951
30083,unknown,
30085,unknown,
30086,recent,
30087,ok,1937
30088,unknown,
30089,ok,1907
30090,recent,
30092,recent,
30093,recent,
30094,unknown,
30095,ok,1943
30096,ok,1921
30098,ok,1915
30099,ok,1775
30100,ok,1882
30101,unknown,
30103,unknown,
30105,unknown,
30106,ok,1909
30107,ok,1933
30108,ok,1920
30110,ok,1904
30112,unknown,
30113,ok,1943
30114,recent,
30115,ok,1935
30116,unknown,
30117,ok,1914
30118,unknown,
30119,ok,1877
30120,ok,1900
30121,unknown,
30123,unknown,
30124,unknown,
30125,ok,1934
30126,ok,1955
30127,recent,
30128,ok,1928
30129,ok,1874
30130,ok,1895
30131,ok,1916
30132,ok,1898
30133,unknown,
30134,ok,1953
30135,ok,1931
30136,ok,1909
30137,ok,1924
30138,recent,
30139,unknown,
30140,recent,
30141,unknown,
30142,unknown,
30143,ok,1902
30144,ok,1849
30145,ok,1946
30146,ok,1885
30147,ok,1885
30148,ok,1885
30149,ok,1885
30150,unknown,
30151,unknown,
30152,unknown,
30153,unknown,
30154,unknown,
30155,unknown,
30157,unknown,
30158,unknown,
30159,ok,1731
30160,ok,1933
30162,unknown,
30166,unknown,
30167,ok,1924
30168,recent,
30169,unknown,
30170,recent,
30172,ok,1858
30173,ok,1900
30174,unknown,
30177,unknown,
30178,unknown,
30179,recent,
30180,ok,1940
30181,ok,1914
30182,unknown,
30183,ok,1946
30184,ok,1918
30185,ok,1925
30186,unknown,
30187,unknown,
30188,ok,1939
30189,unknown,
30190,ok,1926
30191,ok,1938
30192,ok,1900
30193,ok,1952
30194,ok,1946
30195,unknown,
30196,unknown,
30197,ok,1930
30198,ok,1943
30199,recent,
30200,unknown,
30201,ok,1536
30202,ok,1915
30203,ok,1915
30204,ok,1915
30205,ok,1915
30206,ok,1891
30207,ok,1925
30208,ok,1899
30209,ok,1915
30210,ok,1915
30211,unknown,
30212,ok,1916
30214,recent,
30215,ok,1923
30216,ok,1907
30217,recent,
30218,unknown,
30219,recent,
30220,unknown,
30221,unknown,
30222,unknown,
30223,ok,1910
30224,ok,1915
30225,ok,1943
30226,ok,1910
30227,recent,
30228,recent,
30230,ok,1912
30231,ok,1894
30233,ok,1920
30234,recent,
30235,ok,1925
30236,ok,1905
30238,ok,1875
30239,unknown,
30240,recent,
30241,ok,1928
30242,recent,
30243,ok,1852
51780,ok,1937
30244,ok,1945
30245,ok,1886
30246,ok,1921
30247,ok,1886
30248,ok,1922
30249,ok,1921
30250,recent,
30251,recent,
30252,unknown,
30253,ok,1939
30254,unknown,
30255,recent,
30256,ok,1919
30257,ok,1955
30258,ok,1955
30259,recent,
30260,recent,
30261,unknown,
30262,ok,1946
30263,ok,1911
30264,ok,1954
30265,unknown,
30266,unknown,
30267,recent,
30268,ok,1904
30269,ok,1900
30270,unknown,
30271,ok,1821
30272,ok,1929
30273,unknown,
30274,ok,1789
30276,recent,
30278,recent,
30279,ok,1894
30282,ok,1894
30283,unknown,
30284,recent,
30285,unknown,
30286,ok,1955
30287,unknown,
30288,recent,
30290,ok,1953
30291,recent,
30292,unknown,
30293,unknown,
30294,recent,
30295,unknown,
30296,unknown,
30297,recent,
30298,ok,1923
30299,ok,1945
30300,unknown,
30301,ok,1928
30302,ok,1941
30303,unknown,
30304,recent,
30305,unknown,
30306,ok,1954
30307,unknown,
30308,recent,
30309,ok,1931
30310,unknown,
30311,recent,
30312,recent,
30313,ok,1946
30314,ok,1928
30315,ok,1950
30316,recent,
30317,ok,1896
30318,ok,1940
30319,ok,1923
30320,unknown,
30321,unknown,
30322,recent,
30323,ok,1869
30324,recent,
30325,ok,1900
30326,ok,1925
30327,unknown,
30328,ok,1930
30329,recent,
30330,recent,
30332,ok,1896
30333,ok,1914
30334,recent,
30335,ok,1916
30336,ok,1904
30337,recent,
30338,recent,
30339,recent,
30340,ok,1946
30342,ok,1921
30343,recent,
30344,ok,1731
30347,ok,1862
30348,recent,
30349,ok,1924
30350,ok,1939
30351,recent,
30352,ok,1913
30353,unknown,
30354,ok,1924
30356,ok,1936
30357,ok,1910
30358,unknown,
30361,unknown,
30362,ok,1890
30363,ok,1867
30364,ok,1829
30365,ok,1947
30366,ok,1929
30367,unknown,
30368,ok,1870
30370,unknown,
30371,recent,
30372,ok,1899
54322,recent,
30373,ok,1938
30374,unknown,
30375,ok,1938
30376,ok,1864
30377,ok,1936
30378,recent,
30379,unknown,
30380,recent,
30381,unknown,
30382,unknown,
30383,recent,
30384,ok,1926
30385,unknown,
30386,recent,
30387,ok,1899
30388,unknown,
30389,ok,1924
30390,unknown,
30391,recent,
30392,ok,1887
30393,ok,1894
30394,ok,1930
30395,ok,1849
30396,unknown,
30397,ok,1939
30398,recent,
30399,recent,
30400,ok,1955
30401,recent,
30402,ok,1924
30403,unknown,
30405,unknown,
30406,ok,1877
30408,recent,
30409,ok,1748
30410,unknown,
30411,unknown,
30412,ok,1921
30414,unknown,
30415,unknown,
30416,recent,
30417,ok,1906
30418,ok,1882
30419,ok,1917
30420,ok,1930
30421,ok,1911
30422,unknown,
30423,unknown,
30426,unknown,
30427,recent,
30428,ok,1915
30429,ok,1896
30431,ok,1936
30432,ok,1932
30433,unknown,
30434,recent,
30435,ok,1919
30436,ok,1916
30437,unknown,
30438,recent,
30439,ok,1943
30440,recent,
30441,ok,1909
30442,unknown,
30443,unknown,
30444,unknown,
30445,ok,1938
30446,ok,1932
30447,ok,1914
30448,ok,1904
30449,ok,1899
30450,unknown,
30451,ok,1936
30452,unknown,
30453,recent,
30454,unknown,
30455,ok,1933
30457,ok,1902
30458,recent,
30459,unknown,
30463,ok,1903
30464,ok,1907
30466,ok,1954
30468,unknown,
30469,unknown,
30470,ok,1933
30471,unknown,
30472,ok,1888
30474,recent,
30475,unknown,
30476,unknown,
30477,ok,1927
30478,ok,1859
30479,recent,
30480,ok,1854
30481,unknown,
30482,ok,1926
30483,ok,1955
30484,unknown,
30485,recent,
30486,ok,1855
30487,unknown,
30488,ok,1939
30489,ok,1858
30490,ok,1935
30491,recent,
30492,unknown,
30493,recent,
30494,ok,1887
30495,ok,1944
30496,recent,
30497,recent,
30498,ok,1947
30499,ok,1905
30500,unknown,
30501,recent,
30502,ok,1948
30503,unknown,
30504,unknown,
30505,ok,1718
30506,ok,1918
30507,ok,1934
30508,unknown,
30509,ok,1941
30511,unknown,
30512,unknown,
30513,ok,1859
30514,ok,1859
30515,ok,1859
30516,ok,1859
30517,unknown,
30518,unknown,
30519,unknown,
30520,unknown,
30521,unknown,
30522,unknown,
30523,unknown,
30524,ok,1833
30526,ok,1827
30527,ok,1912
30528,unknown,
30529,unknown,
30530,ok,1946
30531,ok,1872
30532,unknown,
30533,unknown,
30534,unknown,
30537,recent,
30538,ok,1946
30539,unknown,
30540,ok,1911
30541,ok,1872
30542,ok,1946
30545,unknown,
30546,ok,1935
30547,ok,1921
30548,ok,1923
30549,ok,1930
30550,ok,1952
30551,ok,1906
30552,unknown,
30553,ok,1925
30554,unknown,
30555,ok,1911
30556,ok,1942
30557,unknown,
30558,recent,
30559,ok,1925
30560,recent,
30561,unknown,
30562,ok,1951
30563,ok,1937
30564,unknown,
30565,ok,1922
30567,recent,
30568,ok,1946
30569,unknown,
30572,ok,1940
30573,ok,1933
30574,ok,1940
30575,unknown,
30576,unknown,
30577,ok,1940
30578,ok,1940
30579,recent,
30580,recent,
30581,unknown,
30582,ok,1857
30583,recent,
30584,ok,1797
30585,ok,1914
30586,recent,
30587,ok,1893
30588,ok,1925
30589,ok,1906
30590,ok,1895
30591,ok,1895
30593,unknown,
30594,unknown,
30595,unknown,
30596,recent,
30597,ok,1916
30598,ok,1894
30599,recent,
30600,ok,1918
30601,recent,
30602,ok,1874
30603,ok,1877
30604,ok,1893
30606,ok,1882
30607,ok,1915
30608,unknown,
30609,ok,1918
30610,ok,1931
30611,unknown,
30612,ok,1893
30617,ok,1887
30618,recent,
30619,ok,1929
30620,unknown,
30621,ok,1933
30622,ok,1933
30623,recent,
30624,ok,1879
30625,unknown,
30626,unknown,
30627,ok,1944
30629,unknown,
30630,unknown,
30661,ok,1911
30632,unknown,
30633,unknown,
30634,ok,1948
30635,ok,1950
30636,ok,1884
30637,unknown,
30638,ok,1883
30639,recent,
30640,ok,1924
30641,unknown,
30642,recent,
30643,ok,1894
30644,unknown,
30645,ok,1791
30646,ok,1914
30647,recent,
30648,recent,
30649,unknown,
30650,ok,1894
30651,ok,1915
30652,ok,1939
30653,ok,1765
30654,ok,1849
30656,ok,1951
30657,ok,1899
30659,ok,1894
30660,ok,1566
30662,ok,1896
30664,ok,1890
30665,ok,1911
30666,unknown,
30667,ok,1949
30668,ok,1907
30669,ok,1922
30670,unknown,
30671,ok,1942
30672,ok,1907
30673,recent,
30674,ok,1919
30675,unknown,
30676,ok,1952
30677,unknown,
30678,unknown,
30679,recent,
30680,unknown,
30681,unknown,
30682,ok,1902
30683,recent,
30684,ok,1912
30685,unknown,
30686,unknown,
30687,recent,
30688,ok,1948
30689,ok,1934
30690,ok,1925
30691,unknown,
30692,ok,1897
30693,ok,1935
30694,unknown,
30696,ok,1897
30697,ok,1927
30698,unknown,
30700,ok,1894
30701,ok,1945
30702,ok,1935
30703,ok,1923
30704,ok,1952
30705,unknown,
30706,ok,1897
30707,ok,1879
30708,ok,1906
30709,ok,1928
30710,ok,1913
30711,ok,1874
30712,recent,
30713,unknown,
30714,ok,1927
30715,recent,
30717,ok,1898
30718,ok,1925
30720,unknown,
30721,ok,1930
30722,unknown,
30723,ok,1946
30724,unknown,
30726,ok,1918
30727,unknown,
30728,recent,
30729,ok,1894
30730,ok,1907
30731,ok,1938
30732,unknown,
30733,ok,1939
30734,ok,1899
30736,ok,1938
30737,ok,1856
30739,unknown,
30740,ok,1899
30742,recent,
30743,ok,1878
30744,ok,1894
30745,ok,1881
30746,unknown,
30747,unknown,
30749,ok,1839
30750,recent,
30752,ok,1908
30754,ok,1900
30755,ok,1900
30756,ok,1900
30758,ok,1937
30759,ok,1947
30760,ok,1933
30761,recent,
30763,unknown,
30764,recent,
30765,recent,
30767,recent,
30768,ok,1899
30769,unknown,
30770,recent,
30799,unknown,
58282,ok,1945
30772,unknown,
30773,recent,
30775,ok,1813
30776,ok,1946
30778,recent,
30779,ok,1715
30780,unknown,
30781,ok,1879
30782,ok,1879
30783,ok,1879
30784,ok,1879
30785,ok,1879
30786,ok,1879
30787,ok,1879
30788,ok,1879
30789,ok,1879
30791,recent,
30792,ok,1881
30794,unknown,
30795,ok,1882
30796,recent,
30797,recent,
30798,recent,
30800,ok,1953
30802,ok,1780
30803,ok,1940
30804,recent,
30807,ok,1894
30808,ok,1916
30809,ok,1901
30810,ok,1915
30811,ok,1946
30812,ok,1916
30813,unknown,
30815,recent,
30816,recent,
30817,ok,1955
30818,unknown,
30819,ok,1882
30820,unknown,
30822,ok,1919
30823,ok,1923
30824,unknown,
30825,recent,
30826,ok,1946
30827,ok,1927
30828,recent,
30829,unknown,
30830,ok,1914
30831,ok,1876
30832,recent,
30833,recent,
30834,unknown,
30835,ok,1897
30836,ok,1933
30837,unknown,
30838,ok,1951
30840,unknown,
30841,ok,1930
30842,recent,
30844,unknown,
30845,ok,1921
30846,recent,
30847,ok,1940
30848,ok,1902
30849,ok,1944
30850,unknown,
30851,ok,1944
30852,ok,1919
30853,ok,1922
30854,ok,1932
30855,ok,1946
30860,ok,1895
30861,unknown,
30862,unknown,
30863,ok,1880
30864,ok,1930
30865,ok,1939
30866,ok,1926
30867,unknown,
30868,ok,1942
30869,recent,
30901,recent,
30870,ok,1894
30871,ok,1955
30872,ok,1826
30873,ok,1900
30874,unknown,
30875,ok,1877
30876,ok,1897
30877,unknown,
30879,unknown,
30880,unknown,
30881,ok,1942
30882,ok,1924
30884,recent,
30885,recent,
30887,ok,1923
30888,unknown,
30889,ok,1920
30891,ok,1935
30893,ok,1930
30894,ok,1894
30895,recent,
30896,ok,1917
30897,ok,1923
30898,recent,
30899,ok,1952
30900,recent,
30902,recent,
30904,ok,1855
30905,ok,1950
30906,ok,1912
30907,ok,1933
30908,unknown,
30909,ok,1931
30910,ok,1926
30911,recent,
30912,ok,1866
30913,ok,1901
30914,unknown,
30915,ok,1921
30916,recent,
30917,ok,1869
30918,ok,1869
30922,ok,1855
30923,ok,1921
30924,ok,1901
30925,unknown,
30927,unknown,
30930,ok,1871
30931,ok,1888
30932,recent,
30934,ok,1685
30935,unknown,
30937,unknown,
30938,unknown,
30939,ok,1894
30940,ok,1932
30941,recent,
30942,recent,
30943,unknown,
30944,ok,1891
30948,unknown,
30949,ok,1870
30950,unknown,
30951,unknown,
30952,ok,1929
30953,ok,1916
30954,ok,1947
30955,unknown,
30956,ok,1942
30957,unknown,
30958,unknown,
30959,unknown,
30960,recent,
30961,unknown,
30962,ok,1754
30963,recent,
30964,recent,
30965,unknown,
30966,ok,1921
30967,unknown,
30968,ok,1910
30969,unknown,
30970,ok,1899
30971,recent,
30972,recent,
30973,ok,1885
30974,ok,1951
30975,unknown,
30976,unknown,
30977,ok,1842
30978,ok,1842
30979,ok,1949
30980,ok,1924
30981,ok,1931
30982,recent,
30983,ok,1916
30985,ok,1945
30987,unknown,
30988,unknown,
30989,ok,1935
30990,ok,1894
30991,ok,1916
30992,ok,1916
30993,ok,1948
30994,ok,1881
30995,unknown,
30997,unknown,
30998,recent,
30999,unknown,
31003,ok,1864
31004,ok,1877
31005,recent,
31006,ok,1902
31007,ok,1921
31008,recent,
31009,unknown,
31011,recent,
31012,ok,1894
31015,ok,1861
31016,recent,
31017,ok,1921
31018,ok,1952
31019,ok,1921
31020,recent,
31021,ok,1933
31022,ok,1794
31023,unknown,
31024,recent,
31025,unknown,
31026,ok,1928
31027,ok,1917
31028,unknown,
31029,recent,
31031,ok,1865
31032,ok,1938
31033,ok,1912
31034,ok,1891
31035,recent,
31036,unknown,
31037,ok,1947
31038,unknown,
31039,unknown,
31040,unknown,
31041,ok,1941
31042,ok,1906
31043,recent,
31044,recent,
31045,ok,1900
31046,recent,
31048,ok,1929
31049,ok,1905
31050,recent,
31051,unknown,
31053,ok,1731
31054,ok,1873
31055,ok,1950
31056,ok,1938
31057,ok,1951
31061,ok,1930
31062,recent,
31063,recent,
31064,unknown,
31065,ok,1897
31067,ok,1877
31068,ok,1913
31069,ok,1871
31070,ok,1895
31071,unknown,
31072,ok,1933
31073,unknown,
31075,ok,1951
31076,ok,1934
31078,ok,1881
31081,ok,1930
31082,ok,1908
31083,ok,1944
31084,recent,
31085,unknown,
31086,ok,1939
31087,ok,1866
31088,recent,
31089,unknown,
31090,ok,1888
31091,ok,1869
31092,ok,1942
31094,recent,
31095,unknown,
31096,ok,1880
31097,ok,1934
31098,ok,1934
31099,ok,1949
31100,recent,
31101,ok,1890
31102,unknown,
31103,ok,1875
31104,unknown,
31105,ok,1898
31106,ok,1904
31108,ok,1942
31109,recent,
31110,ok,1945
31111,ok,1955
31112,unknown,
31113,ok,1896
31115,unknown,
31116,recent,
31117,ok,1846
31118,unknown,
31119,unknown,
31121,ok,1924
31122,ok,1922
31123,unknown,
31124,recent,
31125,ok,1931
31127,recent,
31128,ok,1902
31130,ok,1952
31131,ok,1952
31132,ok,1937
31133,ok,1909
31134,unknown,
31135,unknown,
31136,recent,
31137,ok,1927
31138,ok,1929
31140,ok,1930
31141,unknown,
31142,ok,1844
31143,unknown,
31146,unknown,
31147,recent,
31148,recent,
31149,recent,
31151,ok,1932
31152,unknown,
31153,unknown,
31154,ok,1932
31155,unknown,
31156,unknown,
31157,ok,1925
31158,ok,1924
31159,ok,1938
31160,ok,1908
31161,ok,1953
31162,unknown,
31163,ok,1936
31165,unknown,
31167,ok,1921
31168,unknown,
31169,unknown,
31171,ok,1897
31172,unknown,
31173,ok,1924
31174,recent,
31175,recent,
31176,ok,1836
31177,ok,1908
31178,ok,1879
31179,recent,
31180,ok,1885
31181,unknown,
31183,recent,
31184,ok,1936
31185,ok,1895
31186,recent,
31187,unknown,
31188,ok,1933
31189,ok,1900
31191,ok,1857
31192,ok,1923
31193,ok,1895
31194,unknown,
31195,ok,1907
31196,ok,1900
31200,recent,
31201,ok,1912
31202,recent,
31203,unknown,
31205,unknown,
31206,ok,1905
31207,recent,
31209,unknown,
31210,ok,1851
31211,ok,1952
31212,ok,1876
31214,ok,1935
31215,recent,
31217,ok,1896
31219,unknown,
31220,unknown,
31221,recent,
31222,unknown,
31223,recent,
31224,recent,
31225,ok,1901
31226,ok,1919
31227,unknown,
31228,ok,1933
31229,recent,
31230,ok,1925
31231,ok,1943
31232,ok,1916
31234,ok,1921
31235,unknown,
31236,recent,
31237,ok,1918
31238,ok,1902
31240,unknown,
31241,recent,
31242,recent,
59258,recent,
31243,ok,1905
31244,ok,1926
31245,ok,1919
31246,ok,1925
31247,ok,1920
31248,ok,1951
31249,recent,
31250,ok,1943
31251,ok,1946
31252,ok,1915
31253,ok,1840
31254,recent,
31255,ok,1926
31256,ok,1924
31257,ok,1937
31258,ok,1901
31259,recent,
31260,ok,1910
31261,ok,1946
31262,recent,
31263,unknown,
31265,ok,1912
31266,ok,1937
31267,unknown,
31268,ok,1898
31269,ok,1918
31270,recent,
31271,ok,1907
31272,ok,1911
31273,ok,1899
31274,ok,1882
31275,unknown,
31277,ok,1924
31278,ok,1902
31279,ok,1939
31280,recent,
31282,recent,
31283,ok,1941
31286,recent,
31287,recent,
31288,unknown,
31289,unknown,
31290,ok,1930
31291,ok,1894
31292,ok,1921
31293,unknown,
31295,unknown,
31296,ok,1888
31298,ok,1860
31299,ok,1930
31300,ok,1945
31301,ok,1910
31302,ok,1883
31303,ok,1935
31304,ok,1935
31305,ok,1946
31306,unknown,
31307,recent,
31308,recent,
31311,unknown,
31312,unknown,
31313,recent,
31314,ok,1892
31315,ok,1930
31316,ok,1916
31317,ok,1930
31318,ok,1948
31319,ok,1939
31320,ok,1943
31322,ok,1941
31323,ok,1940
31324,ok,1906
31325,unknown,
31326,recent,
31327,recent,
31328,ok,1927
31329,unknown,
31330,ok,1930
31331,ok,1930
31332,ok,1946
31333,unknown,
31334,recent,
31335,ok,1940
31338,ok,1802
31339,ok,1891
31340,ok,1922
31341,ok,1844
31342,unknown,
31343,recent,
31344,ok,1951
31345,ok,1882
31349,unknown,
31350,ok,1928
31351,ok,1899
31352,ok,1955
31353,ok,1916
31354,ok,1949
31355,recent,
31356,recent,
31357,recent,
31358,unknown,
31359,unknown,
31360,ok,1899
31361,ok,1944
31362,unknown,
31363,ok,1952
31364,unknown,
31365,unknown,
31366,ok,1943
31367,ok,1946
31368,ok,1923
31369,ok,1955
31370,ok,1921
31371,ok,1932
31372,ok,1948
31373,ok,1921
31374,ok,1841
31375,ok,1904
31377,ok,1944
31378,unknown,
31380,unknown,
31381,ok,1934
31382,recent,
31383,recent,
31384,ok,1928
31385,ok,1930
31386,ok,1955
31387,ok,1944
31388,ok,1936
31389,ok,1917
31390,ok,1896
31391,ok,1931
31392,recent,
31393,recent,
31394,ok,1899
31395,unknown,
31396,unknown,
31397,ok,1821
31398,unknown,
31399,ok,1954
31406,ok,1916
31407,unknown,
31408,ok,1929
31409,unknown,
31410,ok,1883
31411,recent,
31412,ok,1876
31413,unknown,
31414,unknown,
31415,ok,1924
31416,ok,1946
31417,ok,1940
31418,ok,1899
31419,unknown,
31420,unknown,
31421,ok,1916
31422,recent,
31423,unknown,
31424,unknown,
31425,unknown,
31426,unknown,
31427,ok,1910
31428,ok,1910
31429,recent,
31430,unknown,
31431,unknown,
31432,ok,1840
31433,ok,1929
31439,ok,1944
31440,ok,1892
31441,ok,1863
31447,unknown,
31448,recent,
31449,unknown,
31451,ok,1944
31452,ok,1950
31453,ok,1936
31454,unknown,
31455,unknown,
31456,ok,1951
31457,ok,1936
31458,recent,
31462,ok,1916
31463,ok,1685
31466,unknown,
31467,unknown,
31468,ok,1926
31469,ok,1937
31470,ok,1925
31471,ok,1947
31472,ok,1928
31473,ok,1909
31474,recent,
31475,ok,1894
31476,unknown,
31477,unknown,
31478,ok,1946
31479,ok,1891
31480,ok,1935
31481,unknown,
31482,unknown,
31483,ok,1894
31484,ok,1894
31485,ok,1928
31486,unknown,
31487,unknown,
31488,ok,1900
31489,ok,1884
31490,ok,1871
31491,unknown,
31492,ok,1897
31493,recent,
31494,ok,1930
31495,recent,
31496,ok,1954
31497,recent,
31498,unknown,
31499,unknown,
31500,ok,1928
31501,recent,
31502,ok,1931
31503,unknown,
31504,ok,1920
31505,ok,1931
31506,unknown,
31507,ok,1947
31508,ok,1911
31510,ok,1921
31511,recent,
31512,ok,1942
31513,recent,
31514,unknown,
31515,unknown,
31516,recent,
31517,unknown,
31518,unknown,
31519,recent,
31520,ok,1925
31521,unknown,
31522,ok,1896
31523,recent,
31524,ok,1938
31525,ok,1904
31526,ok,1919
31528,unknown,
31529,ok,1932
31532,ok,1905
31534,ok,1941
31535,ok,1946
31540,ok,1936
31542,ok,1944
31543,unknown,
31545,ok,1912
31546,ok,1912
31547,recent,
31548,unknown,
31549,ok,1925
31550,ok,1929
31551,unknown,
31553,ok,1897
31554,ok,1942
31555,ok,1912
31556,ok,1912
31557,ok,1894
31558,ok,1882
31559,unknown,
31561,unknown,
31563,ok,1871
31565,recent,
31566,ok,1939
31567,ok,1834
31568,ok,1871
31569,unknown,
31570,recent,
31571,ok,1922
31572,ok,1898
31574,unknown,
31577,recent,
31578,ok,1935
31581,recent,
31582,unknown,
31583,recent,
31584,ok,1899
31585,recent,
31586,recent,
31587,recent,
31588,recent,
31589,recent,
31590,ok,1931
31591,ok,1901
31592,ok,1821
31593,ok,1874
31594,ok,1912
31595,ok,1946
31596,ok,1896
31597,unknown,
31598,recent,
31599,recent,
31600,ok,1920
31601,unknown,
31602,unknown,
31603,ok,1945
31604,ok,1932
31605,ok,1897
31606,unknown,
31607,ok,1943
31608,ok,1921
31609,unknown,
31610,ok,1899
31611,unknown,
59414,recent,
31612,unknown,
31615,unknown,
31616,ok,1915
31618,unknown,
31619,recent,
31620,ok,1909
31621,recent,
31622,recent,
31623,ok,1900
31624,unknown,
31626,recent,
31627,ok,1917
31628,ok,1899
31629,ok,1951
31630,unknown,
31632,unknown,
31634,unknown,
31635,ok,1928
31636,ok,1840
31639,unknown,
31640,ok,1939
31641,unknown,
31642,ok,1909
31643,unknown,
31644,recent,
31645,ok,1917
31646,ok,1936
31647,ok,1879
31648,recent,
31650,unknown,
31651,recent,
31652,recent,
31655,ok,1910
31659,ok,1946
31661,recent,
31662,recent,
31663,recent,
31664,recent,
31665,recent,
31666,ok,1854
31667,ok,1847
31668,ok,1895
31670,ok,1896
31671,ok,1885
31672,ok,1919
31673,ok,1911
31674,recent,
31675,unknown,
31676,ok,1922
31677,ok,1922
31678,ok,1945
31679,recent,
31680,unknown,
31681,ok,1935
31682,ok,1919
31683,recent,
31684,unknown,
31685,ok,1872
31686,recent,
31687,ok,1910
31688,ok,1938
31689,unknown,
31690,unknown,
31691,ok,1944
31692,unknown,
31697,ok,1833
31698,ok,1933
31699,recent,
31700,unknown,
31701,recent,
31703,recent,
31704,unknown,
31705,ok,1919
31706,unknown,
31708,ok,1921
31709,ok,1931
31710,ok,1917
31711,ok,1923
31712,ok,1914
31714,ok,1883
31715,ok,1912
31716,recent,
31717,ok,1875
31718,ok,1944
31719,unknown,
31720,ok,1840
31918,ok,1923
31721,unknown,
31722,unknown,
31723,ok,1909
31725,ok,1845
31726,ok,1887
31728,ok,1948
31729,unknown,
31730,recent,
31731,ok,1916
31732,ok,1947
31734,ok,1855
31735,unknown,
31736,recent,
31737,unknown,
31738,unknown,
31739,unknown,
31745,ok,1852
31746,ok,1877
31747,ok,1844
31748,ok,1952
31749,unknown,
31750,unknown,
31751,ok,1945
31752,ok,1914
31754,unknown,
31755,unknown,
31919,ok,1914
31756,recent,
31758,recent,
31759,ok,1914
31760,recent,
31761,ok,1874
31762,recent,
31763,ok,1939
31764,ok,1914
31765,ok,1941
31766,unknown,
31767,recent,
31768,ok,1929
31769,ok,1929
31770,ok,1929
31771,ok,1929
31772,ok,1929
31773,ok,1929
31774,ok,1929
31775,ok,1929
31776,ok,1929
31777,unknown,
31778,recent,
31779,ok,1952
31780,ok,1879
31781,ok,1954
31782,ok,1914
31783,ok,1905
31784,ok,1948
31785,unknown,
31786,ok,1932
31787,ok,1823
31788,unknown,
31789,ok,1932
31790,recent,
31791,unknown,
31792,ok,1945
31793,unknown,
31794,unknown,
31795,ok,1934
31796,ok,1893
31798,recent,
31799,ok,1934
31800,ok,1945
31801,ok,1922
31804,ok,1916
31805,ok,1830
31806,ok,1946
31807,ok,1732
31809,ok,1927
31810,unknown,
31811,ok,1922
31813,ok,1919
31814,unknown,
31815,recent,
31816,ok,1935
31817,ok,1890
32075,unknown,
31819,unknown,
31820,ok,1895
31821,recent,
31822,unknown,
31823,ok,1901
31824,ok,1945
31825,ok,1897
31826,unknown,
31827,ok,1948
31828,unknown,
31829,ok,1820
31830,unknown,
31831,ok,1915
31832,ok,1867
31833,recent,
31835,ok,1919
31836,ok,1924
31837,ok,1918
31838,unknown,
31839,ok,1895
31840,recent,
31841,recent,
31843,unknown,
31844,ok,1887
31845,ok,1955
31846,ok,1877
31847,ok,1927
31920,recent,
59900,ok,1930
31848,ok,1753
31851,unknown,
31855,unknown,
31857,ok,1909
31858,ok,1948
31859,unknown,
31860,unknown,
31861,ok,1908
31862,ok,1948
31863,ok,1923
31864,ok,1917
31866,ok,1862
31867,ok,1895
31868,ok,1901
31869,ok,1866
31870,unknown,
31871,ok,1941
31872,ok,1930
31873,ok,1853
31874,ok,1895
31875,ok,1936
31876,ok,1937
31877,ok,1943
31878,recent,
31879,ok,1833
31880,ok,1891
31881,ok,1857
31882,ok,1857
31883,ok,1857
31884,ok,1896
31982,ok,1908
31885,ok,1885
31886,ok,1909
31887,ok,1884
31888,ok,1908
31889,ok,1881
31890,ok,1943
31891,ok,1902
31892,recent,
31893,unknown,
31895,ok,1919
31896,ok,1914
31897,unknown,
31898,ok,1954
31899,ok,1921
31900,ok,1922
31901,ok,1872
31902,ok,1872
31903,ok,1940
31904,ok,1903
31907,ok,1933
31908,unknown,
31909,unknown,
31910,ok,1894
31912,ok,1875
31913,ok,1914
31914,ok,1931
31915,ok,1937
31916,ok,1894
31921,unknown,
31922,recent,
31923,ok,1895
31924,ok,1921
31925,ok,1898
31926,unknown,
31927,recent,
31928,unknown,
31929,recent,
31930,unknown,
31931,ok,1886
31932,recent,
31933,ok,1944
31934,ok,1927
31935,ok,1937
31936,unknown,
31937,unknown,
31938,ok,1955
31939,ok,1887
31940,ok,1936
31941,ok,1933
31942,ok,1904
31943,ok,1915
31944,unknown,
31945,unknown,
31946,unknown,
31947,ok,1857
31948,recent,
31949,ok,1928
31950,unknown,
32076,recent,
31951,unknown,
31952,ok,1901
31953,recent,
31955,ok,1925
31956,recent,
31957,unknown,
31959,ok,1939
31960,ok,1931
31961,unknown,
31962,unknown,
31963,ok,1883
31964,recent,
31965,unknown,
31966,ok,1955
31967,ok,1950
31968,unknown,
31969,ok,1924
31970,recent,
31972,ok,1917
31973,ok,1891
31974,ok,1887
31975,unknown,
31976,recent,
31977,ok,1931
31979,recent,
31980,unknown,
31981,recent,
31983,ok,1857
31984,ok,1904
31985,unknown,
31986,recent,
31987,ok,1940
31988,ok,1902
31989,ok,1930
31990,unknown,
31991,ok,1921
31992,ok,1938
31993,unknown,
31994,ok,1924
31995,recent,
31996,ok,1914
31997,ok,1927
31998,ok,1917
31999,unknown,
32000,ok,1952
32004,recent,
32005,ok,1912
32006,ok,1924
32007,ok,1884
32009,unknown,
32010,recent,
32011,recent,
32012,ok,1915
32013,ok,1928
32015,ok,1922
32016,ok,1932
32017,ok,1915
32018,unknown,
32019,unknown,
32021,ok,1913
32022,ok,1893
32023,ok,1916
32024,unknown,
32025,recent,
32026,recent,
32027,ok,1944
32028,unknown,
32029,recent,
32030,ok,1919
32031,ok,1896
32032,recent,
32033,ok,1916
32036,unknown,
32037,ok,1849
32038,recent,
32039,ok,1917
32040,recent,
32041,recent,
32042,recent,
32043,ok,1917
32044,ok,1945
32045,recent,
32046,ok,1889
32047,ok,1877
32048,recent,
32049,ok,1912
32050,recent,
32051,unknown,
32052,ok,1933
32053,recent,
32054,recent,
32055,recent,
32056,ok,1869
32057,ok,1930
32058,ok,1834
32059,recent,
32060,ok,1872
32061,ok,1872
32062,ok,1872
32063,unknown,
32064,ok,1827
32065,unknown,
32066,ok,1933
32067,recent,
32068,recent,
32069,ok,1885
32070,ok,1860
32071,ok,1849
32073,ok,1909
32074,recent,
32077,recent,
32078,recent,
32079,recent,
32080,unknown,
32081,unknown,
32082,ok,1872
32083,ok,1872
32084,unknown,
32085,ok,1919
32086,unknown,
32087,recent,
32088,recent,
32089,ok,1879
32090,recent,
32091,recent,
32092,recent,
32093,ok,1947
32094,ok,1919
32095,recent,
32097,unknown,
32098,ok,1938
32099,unknown,
32101,ok,1949
32102,unknown,
32103,ok,1909
32104,recent,
32105,unknown,
32106,unknown,
32107,ok,1928
32108,recent,
32109,unknown,
32110,ok,1948
32111,ok,1925
32112,recent,
32113,ok,1871
32114,recent,
32115,ok,1948
32116,ok,1953
32117,ok,1935
32118,ok,1949
32119,unknown,
32120,unknown,
32121,unknown,
32122,unknown,
32123,unknown,
32124,recent,
32125,ok,1898
32126,unknown,
32127,recent,
32128,recent,
32129,recent,
32131,recent,
32132,ok,1905
32133,recent,
32134,recent,
32135,ok,1919
32136,ok,1855
32137,ok,1914
32138,ok,1923
32139,ok,1731
32140,unknown,
32141,unknown,
32142,recent,
32143,unknown,
32144,ok,1919
32639,unknown,
32145,ok,1878
32146,ok,1867
32147,unknown,
32148,ok,1919
32149,recent,
32150,recent,
32151,ok,1894
32152,unknown,
32153,ok,1893
32154,recent,
32155,ok,1547
32157,ok,1874
32158,ok,1901
32159,recent,
32160,recent,
32161,recent,
32162,recent,
32163,ok,1909
32164,ok,1950
32165,unknown,
32166,ok,1935
32167,ok,1936
32168,recent,
32169,ok,1923
32170,ok,1924
32171,ok,1754
32172,ok,1899
32173,ok,1928
32175,recent,
32176,ok,1898
32177,unknown,
32178,ok,1869
32181,recent,
32182,unknown,
32183,ok,1923
32184,ok,1817
32185,ok,1912
32186,unknown,
32187,recent,
32188,ok,1662
32189,recent,
32190,ok,1900
32191,ok,1904
32192,ok,1849
32194,unknown,
32195,ok,1953
32196,ok,1953
32197,ok,1953
32198,ok,1914
32199,ok,1908
32200,ok,1901
32202,ok,1931
32203,ok,1935
32204,unknown,
32205,ok,1914
32206,unknown,
32207,unknown,
32208,unknown,
32209,recent,
32210,ok,1924
32212,recent,
32213,recent,
32216,unknown,
32217,ok,1944
32219,ok,1950
32220,ok,1916
32221,ok,1930
32222,ok,1916
32223,ok,1860
32224,ok,1896
32225,ok,1909
32226,ok,1927
32227,unknown,
32228,ok,1862
32229,unknown,
32230,recent,
32231,ok,1912
32232,unknown,
32233,ok,1939
32234,ok,1909
32236,ok,1936
32237,recent,
32238,recent,
32239,ok,1827
32240,ok,1917
32241,ok,1930
32242,ok,1864
32243,recent,
32244,ok,1884
32246,unknown,
32247,ok,1901
32248,ok,1919
32249,ok,1912
32250,unknown,
32251,unknown,
32252,ok,1935
32253,unknown,
32254,unknown,
32255,ok,1951
32256,recent,
32257,ok,1953
32258,ok,1930
32259,unknown,
32260,ok,1953
32261,ok,1903
32262,ok,1924
32266,recent,
32267,unknown,
32268,ok,1874
32269,recent,
32270,recent,
32271,unknown,
32272,recent,
32273,ok,1930
32274,ok,1898
32275,unknown,
32276,unknown,
32277,unknown,
32278,ok,1930
32279,ok,1940
32280,ok,1936
32281,unknown,
32282,unknown,
32283,unknown,
32284,unknown,
32285,ok,1923
32286,unknown,
32287,unknown,
32288,recent,
32289,ok,1950
32290,unknown,
32291,unknown,
32292,ok,1922
32293,unknown,
32294,unknown,
32297,ok,1921
32298,ok,1802
32299,ok,1953
32300,ok,1895
32301,ok,1945
32302,ok,1933
32303,unknown,
32307,ok,1934
32308,ok,1922
32309,recent,
32310,ok,1910
32311,ok,1933
32312,unknown,
32642,ok,1914
32313,ok,1916
32316,unknown,
32317,recent,
32318,ok,1925
32319,ok,1946
32320,ok,1897
32321,recent,
32322,recent,
32323,recent,
32324,recent,
32325,ok,1910
32326,ok,1912
32327,recent,
32328,ok,1944
32329,ok,1946
32330,unknown,
32331,recent,
32332,ok,1953
32333,ok,1902
32334,recent,
32335,ok,1916
32336,unknown,
32337,ok,1935
32338,ok,1946
32339,recent,
32340,ok,1872
32341,ok,1872
32342,ok,1872
32343,ok,1903
32344,recent,
32345,unknown,
32346,recent,
32347,recent,
32348,ok,1866
32349,ok,1866
32350,recent,
32351,recent,
32352,unknown,
32353,recent,
32354,ok,1917
32355,ok,1915
32356,ok,1943
32357,ok,1888
32359,recent,
32360,recent,
32361,recent,
32362,ok,1955
32363,ok,1939
32365,recent,
32367,ok,1954
32368,ok,1930
32369,unknown,
32370,ok,1898
32371,recent,
32372,ok,1870
32373,ok,1897
32374,recent,
32375,unknown,
32376,unknown,
32377,unknown,
32382,ok,1909
32383,ok,1954
32384,ok,1731
32388,unknown,
32389,unknown,
32390,recent,
32392,unknown,
32393,ok,1912
32394,unknown,
32395,recent,
32396,recent,
32397,ok,1873
32398,recent,
32399,ok,1893
32400,unknown,
32401,unknown,
32402,ok,1930
32403,recent,
32404,ok,1731
32405,ok,1731
32406,recent,
32407,unknown,
32408,ok,1942
32409,ok,1933
32410,recent,
32411,ok,1946
32412,recent,
32413,recent,
32414,unknown,
32415,ok,1889
32416,recent,
32417,ok,1940
32418,ok,1927
32419,ok,1821
32420,recent,
32421,ok,1940
32422,ok,1895
32423,unknown,
32424,ok,1872
32425,ok,1872
32426,recent,
32427,unknown,
32428,ok,1933
32429,ok,1924
32430,unknown,
32431,recent,
32432,ok,1948
32433,ok,1940
32434,unknown,
32435,unknown,
32436,recent,
32437,unknown,
32438,ok,1949
32439,ok,1935
32440,recent,
32442,unknown,
32443,unknown,
32444,ok,1877
32445,ok,1535
32446,ok,1904
32447,recent,
32448,unknown,
32449,ok,1918
32451,ok,1944
32452,unknown,
32453,ok,1913
32454,ok,1879
32455,ok,1909
32456,ok,1951
32457,unknown,
32458,ok,1940
32459,ok,1916
32460,ok,1917
32461,ok,1916
32462,recent,
32463,unknown,
32464,ok,1912
32465,ok,1945
32466,ok,1924
32467,unknown,
32468,unknown,
32469,recent,
32470,recent,
32471,recent,
32472,ok,1932
32473,recent,
32474,unknown,
32475,unknown,
32476,unknown,
32477,ok,1928
32478,ok,1877
32479,ok,1926
32640,ok,1876
32482,recent,
32483,ok,1882
32484,unknown,
32485,recent,
32486,recent,
32487,recent,
32488,ok,1936
32489,recent,
32490,ok,1877
32491,ok,1939
32492,unknown,
32493,recent,
32495,unknown,
32496,ok,1916
32497,ok,1927
32498,ok,1955
32499,recent,
32500,ok,1878
32501,ok,1932
32502,ok,1939
32503,unknown,
32504,unknown,
32505,unknown,
32506,unknown,
32507,recent,
32508,ok,1913
32509,ok,1881
32641,recent,
32510,ok,1923
32511,ok,1910
32512,ok,1921
32513,ok,1894
32514,recent,
32515,unknown,
32516,ok,1911
32517,ok,1907
32518,ok,1888
32520,ok,1943
32521,unknown,
32522,recent,
32523,ok,1938
32524,ok,1947
32525,recent,
32527,ok,1794
32528,ok,1788
32530,ok,1940
32531,unknown,
32532,recent,
32533,unknown,
32534,ok,1914
32535,recent,
32537,unknown,
32538,ok,1904
32539,ok,1858
32540,ok,1914
32541,recent,
32542,recent,
32543,ok,1901
32544,recent,
32545,ok,1943
32546,unknown,
32547,recent,
32548,unknown,
32550,unknown,
32551,recent,
32552,ok,1899
32553,recent,
32554,unknown,
32555,ok,1912
32556,ok,1910
32557,ok,1799
32558,ok,1901
32559,ok,1901
32560,ok,1872
32561,ok,1872
32562,unknown,
32563,recent,
32564,recent,
32565,ok,1914
32566,ok,1914
32567,ok,1914
32568,ok,1914
32569,ok,1914
32570,unknown,
32571,ok,1945
32572,ok,1945
60112,ok,1856
32573,ok,1876
32574,recent,
32575,ok,1947
32576,ok,1926
32577,unknown,
32578,ok,1955
32579,recent,
32580,recent,
32581,ok,1910
32582,recent,
32583,unknown,
32584,recent,
32587,recent,
32588,ok,1893
32589,unknown,
32590,recent,
32591,recent,
32592,recent,
32593,ok,1915
32594,recent,
32595,ok,1947
32596,recent,
32597,recent,
32598,unknown,
32600,ok,1859
32601,ok,1939
32602,unknown,
32603,ok,1910
32604,ok,1917
32605,unknown,
32606,ok,1910
32607,unknown,
32608,ok,1943
32609,ok,1914
32610,recent,
32611,ok,1891
32612,ok,1925
32613,recent,
32614,ok,1897
32615,recent,
32616,unknown,
32617,unknown,
32618,unknown,
32619,recent,
32620,recent,
32621,ok,1910
32622,unknown,
32623,unknown,
32624,recent,
32625,ok,1946
32626,ok,1924
32627,recent,
32628,ok,1939
32629,unknown,
32630,recent,
32631,unknown,
32632,ok,1851
32633,unknown,
32635,unknown,
32636,recent,
32637,recent,
32638,recent,
32643,ok,1926
32644,ok,1944
32648,ok,1912
32649,recent,
32650,ok,1899
32651,recent,
32652,recent,
32653,recent,
32654,recent,
32655,unknown,
32656,ok,77
32657,recent,
32658,unknown,
32659,ok,1699
32661,unknown,
32662,unknown,
32663,recent,
32664,recent,
32665,recent,
32667,recent,
32668,unknown,
32669,unknown,
32670,recent,
32671,ok,1938
32672,unknown,
32673,ok,1932
32674,ok,1932
32675,ok,1913
32676,recent,
32677,recent,
32712,recent,
32678,ok,1912
32679,recent,
32680,recent,
32681,ok,79
32682,unknown,
32683,recent,
32684,recent,
32685,recent,
32686,unknown,
32687,recent,
32688,recent,
32689,unknown,
32690,unknown,
32692,ok,1872
32693,ok,1872
32695,ok,1955
32696,recent,
32697,unknown,
32698,ok,1880
32699,ok,1946
32700,recent,
32701,ok,1947
32702,ok,1951
32703,ok,1951
32704,ok,1934
32705,recent,
32706,recent,
32707,ok,1894
32708,ok,1904
32709,recent,
32710,unknown,
32711,recent,
32713,ok,1933
32714,unknown,
32715,recent,
32716,recent,
32717,unknown,
32718,recent,
32719,recent,
32720,unknown,
32721,ok,1722
32722,ok,1926
32723,ok,1912
32724,recent,
32725,unknown,
32726,recent,
32727,ok,1940
32728,ok,1894
32730,ok,1947
32731,recent,
32732,ok,1946
32733,ok,1912
32734,unknown,
32735,recent,
32736,ok,1934
32737,recent,
32738,unknown,
32739,recent,
32742,ok,1955
32743,ok,1914
32744,unknown,
32745,recent,
32780,recent,
32746,ok,1949
32747,ok,1893
32748,recent,
32749,ok,1945
32750,recent,
32751,unknown,
32752,unknown,
32753,unknown,
32754,ok,1946
32755,ok,1941
32756,unknown,
32757,ok,1899
32758,unknown,
32759,ok,1936
32760,unknown,
32761,unknown,
32762,unknown,
32764,recent,
32765,unknown,
32767,ok,1896
32768,ok,1930
32769,ok,1915
32770,ok,1927
32771,ok,1898
32772,ok,1936
32773,ok,1898
32774,ok,1898
32775,recent,
32776,ok,1926
32777,ok,1930
32778,recent,
32779,recent,
32781,ok,1949
32782,unknown,
32783,unknown,
32784,recent,
32785,unknown,
32786,ok,1903
32787,ok,1897
32788,ok,1914
32795,ok,1935
32798,ok,1918
32800,ok,1888
32801,recent,
32802,recent,
32803,ok,1937
32804,unknown,
32805,recent,
32806,ok,1898
32807,ok,1898
32808,ok,1846
32809,ok,1926
32810,unknown,
32811,ok,1864
32812,ok,1895
32813,ok,1910
32817,unknown,
32818,ok,1887
32819,recent,
32820,recent,
32821,unknown,
32822,recent,
32823,ok,1834
32825,ok,1927
32826,ok,1936
32827,recent,
32828,recent,
32829,ok,1831
32830,ok,1871
32831,recent,
32832,recent,
32833,recent,
32835,recent,
32836,recent,
32837,recent,
32838,unknown,
32839,unknown,
32840,ok,1872
32841,ok,1729
32842,ok,1922
32843,ok,1910
32844,ok,1898
32845,ok,1936
32846,ok,1936
32847,recent,
32848,ok,1910
32849,ok,1921
32850,recent,
32853,unknown,
32854,ok,1941
32855,unknown,
32856,ok,1900
32857,ok,1948
32858,ok,1898
32859,unknown,
32860,unknown,
32861,unknown,
32862,ok,1874
32863,ok,1835
32864,recent,
32866,recent,
32867,ok,1897
32874,unknown,
32875,ok,1953
32876,unknown,
32877,ok,1904
32878,recent,
32879,unknown,
32880,recent,
32881,ok,1909
32882,ok,1917
32883,ok,1933
32884,ok,1939
32885,unknown,
32886,ok,1925
32887,ok,1936
32888,ok,1915
32889,recent,
32890,recent,
32891,ok,1946
32892,unknown,
32893,ok,1914
32894,ok,1914
32895,ok,1914
32896,ok,1914
32897,ok,1924
32898,ok,1944
32899,recent,
32900,ok,1944
32901,unknown,
32902,ok,1891
32903,recent,
32904,recent,
32905,recent,
32906,recent,
32907,recent,
32908,ok,1879
32909,unknown,
32910,recent,
32911,ok,1914
32912,unknown,
32913,ok,1904
32914,ok,1937
32915,ok,1909
32916,ok,1914
32917,ok,1909
32918,recent,
32919,ok,1914
32920,ok,1917
32921,unknown,
32922,ok,1914
32923,ok,1904
32924,ok,1909
32925,ok,1914
32926,ok,1914
32927,ok,1914
32928,ok,1914
32929,ok,1909
32930,recent,
32931,ok,1914
32932,ok,1909
32933,ok,1917
32934,ok,1902
32935,ok,1917
32936,ok,1917
32937,unknown,
32938,ok,1929
32939,ok,1916
32940,unknown,
32942,ok,1914
32943,unknown,
32944,ok,1916
32945,unknown,
32946,recent,
32947,unknown,
32948,ok,1922
32949,ok,1924
32950,ok,1946
32951,ok,1920
32952,unknown,
32953,recent,
32954,ok,1894
32955,ok,1925
32956,ok,1874
32957,unknown,
32958,unknown,
32959,recent,
32960,ok,1934
32961,unknown,
32962,unknown,
32963,ok,1921
32964,recent,
32965,recent,
32966,ok,1898
32967,unknown,
32968,ok,1923
32969,ok,1915
32970,unknown,
32971,unknown,
32972,ok,1945
32973,ok,1909
32974,ok,1941
32975,unknown,
32976,unknown,
32977,ok,1936
32979,recent,
32980,recent,
32981,ok,1888
32982,ok,1910
32983,unknown,
32984,ok,1887
32985,ok,1937
32986,ok,1920
32987,ok,1859
32988,ok,1939
32990,ok,1936
33020,ok,1937
32991,ok,1936
32992,ok,1955
32993,ok,1932
32994,recent,
32995,unknown,
32996,recent,
32997,unknown,
32998,ok,1936
32999,unknown,
33000,ok,1922
33001,recent,
33002,ok,1944
33004,ok,1905
33005,ok,1945
33006,unknown,
33007,ok,1902
33008,unknown,
33009,unknown,
33010,unknown,
33011,ok,1929
33012,recent,
33013,ok,1917
33014,ok,1899
33015,ok,1899
33016,unknown,
33018,unknown,
33019,ok,1943
33021,ok,1914
33022,unknown,
33023,ok,1877
33024,ok,1899
33025,unknown,
33027,ok,1922
33028,ok,1924
33029,unknown,
33030,unknown,
33031,unknown,
33032,ok,1903
33033,ok,1874
33034,unknown,
33035,ok,1904
33036,unknown,
33037,unknown,
33038,ok,1895
33039,recent,
33040,ok,1950
33042,unknown,
33043,recent,
33044,unknown,
33045,unknown,
33046,unknown,
33047,recent,
33048,unknown,
33049,ok,1899
33050,recent,
33051,unknown,
33052,unknown,
33053,ok,1921
33054,unknown,
33055,ok,1899
33058,ok,1908
33059,ok,1930
33060,recent,
33061,ok,1935
33062,ok,1933
33063,ok,1906
33064,recent,
33065,recent,
33066,ok,1944
33069,unknown,
33070,unknown,
33071,unknown,
33072,ok,1933
33073,unknown,
33074,ok,1945
33076,recent,
33077,ok,1910
33078,unknown,
33079,unknown,
33080,unknown,
33081,ok,1872
33082,ok,1872
33083,ok,1918
33084,unknown,
33115,unknown,
33116,unknown,
33085,ok,1950
33086,ok,1941
33087,ok,1939
33088,ok,1939
33089,ok,1912
33091,ok,1954
33092,unknown,
33093,ok,1558
33094,ok,1939
33095,ok,1928
33096,recent,
33097,unknown,
33098,ok,1926
33099,ok,1921
33101,ok,1951
33102,unknown,
33103,ok,1931
33104,unknown,
33105,ok,1907
33106,unknown,
33107,ok,1914
33108,unknown,
33109,ok,1908
33110,ok,1912
33111,recent,
33112,ok,1914
33113,ok,1894
33114,ok,1914
33117,ok,1947
33118,recent,
33119,unknown,
33120,ok,1952
33121,ok,1864
33122,unknown,
33123,ok,1921
33124,ok,1915
33125,unknown,
33126,unknown,
33127,unknown,
33128,unknown,
33129,ok,1852
33130,ok,1852
33131,ok,1941
33132,ok,1908
33133,unknown,
33134,ok,1929
33135,unknown,
33136,unknown,
33137,recent,
33139,ok,1874
33140,unknown,
33141,unknown,
33142,ok,1891
33143,ok,1894
33144,ok,1913
60991,unknown,
33145,ok,1942
33146,ok,1926
33147,unknown,
33148,unknown,
33149,unknown,
33150,unknown,
33151,ok,1923
33152,ok,1912
33153,ok,1919
33154,ok,1910
33155,unknown,
33156,ok,1878
33157,ok,1872
33158,unknown,
33160,recent,
33161,unknown,
33162,ok,1882
33163,ok,1882
33164,ok,1882
33165,ok,1915
33166,ok,1924
33167,ok,1885
33168,ok,1953
33169,unknown,
33170,unknown,
33171,ok,1914
33172,unknown,
33173,ok,1921
33174,ok,1949
33175,ok,1911
33176,unknown,
33177,unknown,
33178,ok,1954
33179,ok,1930
33180,ok,1892
33181,unknown,
33183,unknown,
33184,ok,1840
33185,ok,1917
33187,ok,1942
33188,unknown,
33189,unknown,
33190,unknown,
33191,ok,1894
33192,ok,1942
33193,ok,1922
33194,ok,1949
33195,ok,1919
33196,ok,1921
33197,unknown,
33198,recent,
33199,unknown,
33200,recent,
33201,ok,1923
33203,ok,1955
33204,recent,
33205,ok,1881
33206,recent,
33207,ok,1921
33208,ok,1947
33209,ok,1920
33210,unknown,
33211,ok,1918
33212,recent,
33213,ok,1923
33214,ok,1950
33215,ok,1914
33216,ok,1872
33217,ok,1872
33218,ok,1924
33219,ok,1882
33220,ok,1913
33221,ok,1916
33222,ok,1946
33223,ok,1896
33224,ok,1875
33225,ok,1893
33226,ok,1915
33228,ok,1924
33229,unknown,
33230,ok,1936
33231,ok,1944
33232,unknown,
33233,recent,
33234,ok,1945
33235,ok,1921
33236,ok,1934
33237,recent,
33239,unknown,
33240,ok,1885
33241,ok,1868
33242,ok,1912
33243,unknown,
33244,ok,1938
33246,unknown,
33247,unknown,
33248,ok,1926
33249,unknown,
33250,unknown,
33251,ok,1946
33252,ok,1924
33253,ok,1923
33255,ok,1926
33257,ok,1899
33258,ok,1891
33259,ok,1948
33260,ok,1912
33261,ok,1923
33262,unknown,
33263,ok,1947
33264,ok,1945
33265,ok,1923
33268,ok,1934
33269,ok,1893
33270,recent,
33271,ok,1914
33272,recent,
33273,ok,1860
33274,ok,1914
33277,ok,1923
33278,ok,1945
33279,unknown,
33280,ok,1935
33281,unknown,
33282,unknown,
33283,ok,1916
33285,ok,1903
33286,ok,1920
33287,ok,1888
33288,ok,1923
33289,recent,
33290,ok,1942
33291,unknown,
33292,unknown,
33293,ok,1933
63164,recent,
33294,ok,1904
33295,unknown,
33296,ok,1950
33298,ok,1927
33299,ok,1891
33300,unknown,
33301,ok,1935
33302,ok,1919
33303,ok,1933
33304,ok,1899
33305,ok,1935
33306,ok,1930
33309,ok,1921
33310,ok,1823
33311,ok,1936
33312,ok,1897
33313,ok,1943
33314,ok,1943
33315,ok,1861
33316,ok,1923
33318,ok,1925
33319,ok,1905
33320,unknown,
33321,ok,1939
33322,ok,1881
33323,unknown,
33324,unknown,
33325,ok,1916
33331,unknown,
33333,unknown,
33490,ok,1911
33334,ok,1909
33335,ok,1934
33336,ok,1881
33337,ok,1930
33338,ok,1939
33339,ok,1883
33340,ok,1899
33341,ok,1899
33342,ok,1883
33343,ok,1930
33344,ok,1932
33345,ok,1926
33346,ok,1955
33347,ok,1943
33348,ok,1939
33349,ok,1950
33350,ok,1922
33352,ok,1924
33353,ok,1923
33355,unknown,
33356,ok,1937
33357,ok,1920
33358,recent,
33359,ok,1926
33361,ok,1919
33362,ok,1861
33363,ok,1861
33364,recent,
33365,unknown,
33366,unknown,
33367,ok,1894
33368,ok,1878
33370,ok,1944
33371,unknown,
33372,ok,1859
33373,recent,
33374,unknown,
33375,unknown,
33376,unknown,
33378,ok,1920
33379,unknown,
33380,unknown,
33381,recent,
33382,recent,
33383,recent,
33384,ok,1933
33385,ok,1922
33386,ok,1941
33387,ok,1947
33388,ok,1832
33389,ok,1947
33390,ok,1947
33391,ok,1896
33392,recent,
33393,ok,1911
33394,ok,1933
33397,unknown,
33398,ok,1913
33399,ok,1930
33400,ok,1933
33401,ok,1903
33402,ok,1911
33403,ok,1946
33404,ok,1723
33405,ok,1901
33407,ok,1932
33408,unknown,
33409,recent,
33410,ok,1948
33411,recent,
33412,recent,
33413,unknown,
33414,ok,1880
33415,recent,
33416,ok,1903
33417,ok,1929
33419,ok,1889
33420,ok,1923
33421,ok,1920
33422,ok,1908
33423,ok,1941
33424,unknown,
33425,ok,1944
33426,unknown,
33427,unknown,
33428,unknown,
33429,ok,1873
33430,ok,1939
33489,unknown,
33431,ok,1890
33432,ok,1922
33433,unknown,
33434,ok,1878
33435,ok,1934
33436,unknown,
33437,unknown,
33438,recent,
33439,ok,1914
33440,unknown,
33441,unknown,
33443,ok,1914
33444,recent,
33445,ok,1923
33446,unknown,
33447,ok,1877
33448,ok,1909
33449,ok,1787
33450,recent,
33451,unknown,
33452,unknown,
33453,ok,1927
33454,ok,1857
33455,ok,1882
33456,unknown,
33457,unknown,
33458,ok,1940
33459,unknown,
33460,unknown,
33462,unknown,
33463,unknown,
33464,unknown,
33465,ok,1899
33466,ok,1936
33467,ok,1865
33468,ok,1872
33469,ok,1872
33470,ok,1943
33471,recent,
33472,unknown,
33473,unknown,
33475,ok,1923
33476,ok,1955
33477,unknown,
33478,ok,1870
33479,recent,
33480,ok,1933
33481,ok,1919
33482,recent,
33483,ok,1896
33484,ok,1908
33485,ok,1932
33486,ok,1911
33487,ok,1920
33488,unknown,
33492,ok,1930
33494,ok,1942
33496,unknown,
33497,unknown,
33498,ok,1934
33499,ok,1934
33500,ok,1882
33501,recent,
33502,unknown,
33503,ok,1912
33504,ok,1727
33505,ok,1939
33506,ok,1932
33507,unknown,
33508,recent,
33509,recent,
33510,ok,1858
33511,ok,1780
33512,ok,1935
33513,unknown,
33514,ok,1891
33515,ok,1884
33516,ok,1913
33517,ok,1893
33518,unknown,
33519,ok,1935
33520,ok,1899
33521,ok,1893
33522,ok,1893
33523,ok,1893
33556,ok,1872
33524,ok,1941
33525,ok,1941
33526,unknown,
33527,recent,
33528,ok,1945
33529,recent,
33530,unknown,
33531,ok,1939
33532,recent,
33533,unknown,
33534,ok,1932
33535,recent,
33536,unknown,
33537,ok,1925
33538,ok,1926
33539,ok,1869
33540,ok,1859
33542,ok,1928
33543,recent,
33544,ok,1921
33545,unknown,
33546,ok,1946
33547,ok,1912
33549,ok,1946
33550,unknown,
33551,ok,1940
33552,recent,
33553,recent,
33554,recent,
33555,ok,1940
33557,ok,1933
33558,unknown,
33559,ok,1930
33560,recent,
33564,ok,1911
33565,ok,1953
33566,recent,
33567,unknown,
33568,ok,1879
33569,unknown,
33570,ok,1944
33571,ok,1912
33573,ok,1920
33574,recent,
33575,ok,1934
33576,unknown,
33578,recent,
33579,ok,1900
33580,ok,1880
33582,ok,1898
33583,unknown,
33584,recent,
33585,unknown,
33586,ok,1936
33587,ok,1946
33589,ok,1933
33590,unknown,
33591,ok,1899
33593,ok,1930
33594,ok,1938
33595,unknown,
33596,ok,1945
33597,ok,1952
33599,ok,1919
33600,unknown,
33601,ok,1911
33602,ok,1914
33604,ok,1872
33605,unknown,
33606,ok,1940
33607,ok,1940
33608,ok,1920
33609,ok,1888
33610,ok,1905
33612,recent,
33613,unknown,
33614,unknown,
33615,ok,1930
33616,ok,1927
33617,ok,1928
33618,ok,1914
33619,ok,1902
33620,ok,1908
33621,ok,1939
33622,ok,1928
33623,ok,1922
33624,ok,1922
33625,ok,1883
33626,ok,1946
33627,unknown,
33628,recent,
33629,ok,1937
33630,unknown,
33631,ok,1913
33633,unknown,
33634,ok,1942
33635,ok,1952
33636,ok,1952
33637,ok,1952
33638,unknown,
33639,recent,
33642,recent,
33643,ok,1917
33644,recent,
33645,ok,1950
33646,unknown,
33647,ok,1866
33648,recent,
33649,ok,1917
33650,ok,1953
33651,ok,1921
33652,unknown,
33653,recent,
33654,unknown,
33655,unknown,
33656,recent,
33657,ok,1920
33658,recent,
33659,unknown,
33660,recent,
34055,ok,1943
33661,unknown,
33662,ok,1932
33663,recent,
33664,ok,1880
33665,ok,1929
33666,ok,1922
33667,ok,1922
33668,ok,1925
33669,unknown,
33670,ok,1928
33671,ok,1917
33672,ok,1876
33673,ok,1900
33674,ok,1921
33675,unknown,
33676,ok,1917
33677,ok,1916
33678,ok,1945
33679,ok,1924
33680,ok,1943
33681,unknown,
33682,ok,1936
33683,ok,1936
33684,ok,1936
33685,unknown,
33686,ok,1914
33687,ok,1860
33688,ok,1914
33823,recent,
33689,ok,1927
33691,unknown,
33692,ok,1924
33693,ok,1924
33694,unknown,
33695,ok,1935
33696,ok,1893
33697,ok,1914
33698,unknown,
33699,unknown,
33700,ok,1946
33701,ok,1869
33702,ok,1911
33703,unknown,
33704,ok,1914
33705,ok,1914
33706,ok,1933
33707,unknown,
33708,unknown,
33710,recent,
33711,unknown,
33712,ok,1928
33713,unknown,
33714,ok,1907
33715,ok,1919
33716,unknown,
33717,unknown,
33718,ok,1905
33721,recent,
33722,ok,1907
33723,ok,1904
33724,unknown,
33725,recent,
33727,recent,
33728,recent,
33729,recent,
33730,recent,
33731,ok,1938
33732,unknown,
33733,ok,1936
33734,ok,1874
33735,unknown,
33736,recent,
33737,unknown,
33738,ok,1902
33739,unknown,
33740,ok,1907
33741,recent,
33742,unknown,
33743,ok,1863
33744,ok,1881
33745,ok,1805
33746,ok,1887
33747,ok,1938
33748,unknown,
33750,unknown,
33751,ok,1900
33753,ok,1907
33754,ok,1907
33755,ok,1911
33854,recent,
33756,ok,1913
33757,ok,1888
33758,ok,1945
33759,recent,
33760,ok,1932
33761,ok,1952
33762,ok,1941
33763,ok,1949
33765,ok,1903
33766,recent,
33767,unknown,
33768,ok,1951
33769,ok,1925
33770,ok,1932
33771,unknown,
33772,recent,
33773,ok,1939
33774,recent,
33775,ok,1893
33776,unknown,
33777,ok,1905
33778,ok,1948
33779,recent,
33780,ok,1924
33785,recent,
33786,ok,1936
33787,ok,1917
33789,unknown,
33790,recent,
33792,ok,1939
33855,ok,1954
33793,ok,1952
33794,unknown,
33795,unknown,
33796,ok,1837
33797,recent,
33798,recent,
33799,recent,
33800,ok,1857
33801,ok,1857
33802,ok,1857
33803,ok,1857
33804,ok,1857
33805,ok,1857
33806,recent,
33807,ok,1852
33808,ok,1876
33810,ok,1916
33811,ok,1893
33812,recent,
33813,ok,1894
33814,ok,1937
33815,ok,1927
33816,ok,1937
33818,unknown,
33819,unknown,
33820,ok,1877
33824,ok,1949
33825,recent,
33826,recent,
33828,ok,1940
33829,unknown,
33830,ok,1930
33831,ok,1879
33832,ok,1852
33833,unknown,
33834,unknown,
33835,ok,1863
33836,ok,1824
33837,ok,1919
33838,ok,1879
33839,recent,
33840,unknown,
33841,unknown,
33842,recent,
33843,recent,
33844,ok,1916
33845,ok,1933
33846,ok,1937
33847,ok,1931
33848,ok,1931
33850,recent,
33851,unknown,
33852,ok,1904
33853,ok,1910
33856,ok,1904
33857,ok,1895
33858,ok,1676
33859,ok,1912
33860,ok,1921
33861,ok,1852
33862,ok,1939
33867,ok,1930
33868,ok,1914
33869,ok,1852
33870,ok,1942
33871,recent,
33872,recent,
33873,unknown,
33874,ok,1910
33875,ok,1852
33876,ok,1951
33877,recent,
33878,unknown,
33879,ok,1916
33880,ok,1885
33881,unknown,
33882,unknown,
33883,ok,1903
33884,ok,1951
33886,unknown,
33887,ok,1939
33888,unknown,
33889,ok,1946
33890,ok,1912
33891,ok,1940
33892,ok,1944
33893,ok,1897
33894,ok,1897
33895,ok,1897
33896,ok,1890
33897,ok,1925
33898,unknown,
33899,unknown,
33900,unknown,
33901,ok,1937
33902,ok,1915
33903,ok,1954
33904,ok,1670
33905,unknown,
33906,recent,
33907,recent,
33909,ok,1947
33910,ok,1947
33911,recent,
33912,unknown,
33913,ok,1946
33914,unknown,
33915,recent,
33916,unknown,
33917,ok,1911
33918,ok,1949
33919,recent,
33920,unknown,
33921,ok,1916
33922,ok,1926
33923,ok,1929
33924,ok,1909
33925,unknown,
33926,recent,
33927,ok,1905
33928,ok,1893
33929,unknown,
33930,ok,1940
33931,ok,1912
33932,unknown,
33933,recent,
33934,recent,
33935,ok,1917
33936,unknown,
33938,unknown,
33939,ok,1902
33940,ok,1914
33941,ok,1908
33942,ok,1908
33943,recent,
33944,ok,1876
33945,ok,1955
33946,unknown,
33947,ok,1937
33948,ok,1937
33950,unknown,
33951,unknown,
33952,ok,1925
33953,ok,1873
33955,ok,1926
33956,unknown,
33957,ok,1934
33958,ok,1926
33959,ok,1938
33960,ok,1915
33962,ok,1871
33963,recent,
33964,ok,1937
33965,unknown,
33966,recent,
33967,recent,
33968,unknown,
33969,recent,
33970,ok,1922
33971,ok,1921
33972,unknown,
33973,unknown,
33974,unknown,
33975,unknown,
33976,unknown,
33977,recent,
33978,recent,
33979,ok,1900
33980,ok,1927
33983,unknown,
33984,recent,
33985,ok,1942
34053,ok,1916
33986,ok,1893
33987,ok,1916
33988,ok,1946
33989,ok,1884
33990,recent,
33991,unknown,
33992,unknown,
33994,ok,1911
33995,ok,1933
33996,ok,1944
33997,recent,
33998,unknown,
33999,ok,1931
34000,ok,1882
34001,recent,
34002,ok,1922
34003,unknown,
34004,ok,1943
34005,ok,1911
34006,ok,1925
34007,ok,1940
34008,ok,1916
34009,ok,1930
34010,ok,1863
34011,unknown,
34012,ok,1926
34015,ok,1922
34016,ok,1922
34017,ok,1914
34018,unknown,
34019,ok,1942
34020,recent,
34021,ok,1923
34022,ok,1890
34023,ok,1937
34024,unknown,
34025,recent,
34026,unknown,
34027,ok,1914
34028,ok,1945
34029,unknown,
34030,recent,
34031,ok,1929
34034,ok,1942
34035,ok,1946
34036,ok,1895
34037,ok,1895
34038,ok,1859
34043,ok,1916
34044,unknown,
34045,ok,1921
34046,ok,1931
34047,unknown,
34049,ok,1955
34050,ok,1933
34051,ok,1882
34052,unknown,
64724,unknown,
34056,ok,1856
34057,recent,
34058,unknown,
34060,ok,1918
34061,unknown,
34063,ok,1930
34065,ok,1936
34067,ok,1942
34068,ok,1907
34069,unknown,
34070,ok,1840
34071,ok,1911
34072,ok,1911
34073,unknown,
34074,unknown,
34075,unknown,
34076,ok,1930
34077,ok,1932
34080,ok,1931
34081,ok,1920
34082,unknown,
34083,ok,1888
34085,ok,1916
34086,ok,1935
34088,ok,1917
34089,recent,
34092,ok,1889
34093,ok,1930
34094,unknown,
34096,ok,1937
34097,ok,1923
34098,unknown,
34100,ok,1945
34101,ok,1943
34102,ok,1949
34104,ok,1914
34105,unknown,
34106,ok,1935
34107,unknown,
34108,ok,1946
34109,ok,1925
34110,ok,1930
34111,unknown,
34112,unknown,
34113,ok,1936
34114,unknown,
34115,ok,1942
34116,unknown,
34117,ok,1942
34119,unknown,
34120,ok,1930
34121,ok,1854
34122,ok,1924
34251,ok,1914
34123,ok,1886
34124,ok,1929
34125,ok,1950
34127,unknown,
34128,unknown,
34129,ok,1951
34130,recent,
34131,unknown,
34134,ok,1928
34135,ok,1919
34136,ok,1952
34138,ok,1909
34139,ok,1909
34140,ok,1909
34141,ok,1909
34142,ok,1909
34143,ok,1909
34144,ok,1874
34145,ok,1874
34146,ok,1874
34147,ok,1874
34148,ok,1874
34149,ok,1874
34150,ok,1874
34151,ok,1874
34152,ok,1874
34153,ok,1874
34156,ok,1944
34157,ok,1749
34159,unknown,
34160,ok,1852
34161,recent,
34162,unknown,
34163,ok,1890
34164,ok,1949
34165,unknown,
34166,ok,1936
34167,unknown,
34168,unknown,
34170,unknown,
34171,ok,1922
34172,ok,1903
34173,unknown,
34175,ok,1869
34176,ok,1909
34177,recent,
34179,ok,1901
34180,ok,1882
34181,ok,1939
34184,unknown,
34185,unknown,
34186,unknown,
34187,ok,1887
34188,unknown,
34189,ok,1936
34190,ok,1940
34191,ok,1895
34192,ok,1893
34193,ok,1927
34194,ok,1916
34195,unknown,
34196,ok,1943
34197,ok,1923
34198,ok,1927
34199,ok,1923
34200,unknown,
34201,ok,1847
34202,ok,1917
34203,ok,1859
34204,ok,1876
34205,unknown,
34206,ok,1931
34207,ok,1937
34208,recent,
34209,unknown,
34210,unknown,
34211,ok,1887
34212,unknown,
34214,ok,1932
34215,ok,1904
34252,ok,1935
34216,ok,1913
34217,ok,1952
34218,ok,1943
34219,ok,1924
34220,unknown,
34221,ok,1901
34223,ok,1952
34224,ok,1922
34226,unknown,
34227,ok,1902
34228,unknown,
34229,ok,1930
34230,ok,1914
34231,unknown,
34232,ok,1914
34233,unknown,
34234,recent,
34235,ok,1925
34237,ok,1934
34238,ok,1835
34240,ok,1915
34242,unknown,
34243,ok,1932
34244,ok,1909
34245,ok,1909
34246,ok,1909
34247,unknown,
34248,ok,1909
34250,ok,1940
34253,ok,1948
34254,ok,1911
34255,ok,1911
34256,ok,1911
34257,ok,1916
34258,ok,1925
34259,unknown,
34262,unknown,
34263,recent,
34264,unknown,
34266,ok,1902
34267,ok,1926
34268,ok,1920
34269,unknown,
34270,ok,1943
34271,ok,1910
34273,unknown,
34277,ok,1928
34278,ok,1927
34279,unknown,
34280,ok,1922
34281,recent,
34282,ok,1894
34283,ok,1915
34284,ok,1915
34285,ok,1872
34294,unknown,
34295,recent,
34296,unknown,
34297,ok,1930
34298,ok,1873
34299,ok,1902
34300,ok,1948
34301,ok,1887
34302,ok,1931
34303,recent,
34304,unknown,
34305,ok,1857
34306,ok,1930
34307,recent,
34308,ok,1857
34309,recent,
34311,recent,
34312,unknown,
34313,ok,1918
34314,recent,
34315,recent,
34316,ok,1912
34317,unknown,
34318,unknown,
34319,unknown,
34320,unknown,
34321,unknown,
34322,unknown,
34323,unknown,
34324,unknown,
34325,unknown,
34326,recent,
34327,unknown,
34328,recent,
34332,ok,1861
34333,ok,1939
34334,ok,1920
34335,ok,1904
34337,recent,
34338,ok,1930
34339,ok,1905
34340,recent,
34341,ok,1936
34342,ok,1861
34343,ok,1949
34344,ok,1913
34345,ok,1857
34347,ok,1930
34348,ok,1896
34349,unknown,
34350,ok,1875
34351,ok,1896
34353,recent,
34354,ok,1887
34355,ok,1930
34356,unknown,
34357,recent,
34358,ok,1940
34359,ok,1928
34360,unknown,
34361,ok,1944
34362,ok,1952
34363,unknown,
34364,ok,1907
34365,ok,1937
34366,ok,1941
34367,ok,1930
34368,ok,1945
34369,recent,
34370,ok,1908
34371,recent,
34372,unknown,
34373,ok,1920
34375,unknown,
34376,ok,1935
34377,unknown,
34378,ok,1905
34379,unknown,
34381,ok,1945
34382,ok,1889
34383,ok,1944
34384,ok,1939
34385,unknown,
34389,unknown,
34390,ok,1914
34392,ok,1862
34393,ok,1851
34394,ok,1947
34395,recent,
34396,ok,1938
34397,ok,1911
34398,ok,1936
34399,ok,1946
34400,ok,1916
34401,ok,1921
34402,ok,1945
34403,recent,
34404,ok,1938
34405,unknown,
34406,ok,1936
34407,ok,1928
34408,ok,1922
34409,unknown,
34410,recent,
34411,recent,
34412,recent,
34413,ok,1936
34414,recent,
34415,ok,1945
34416,ok,1917
34417,ok,1899
34419,ok,1945
34420,recent,
34421,recent,
34422,ok,1926
34423,ok,1922
34425,ok,1945
34426,ok,1947
34427,ok,1945
34428,ok,1920
34429,unknown,
34430,ok,1885
34431,recent,
34432,ok,1871
34433,ok,1886
34435,ok,1924
34436,unknown,
34437,ok,1918
34438,ok,1938
34439,ok,1940
34440,recent,
34441,recent,
34442,unknown,
34443,unknown,
34444,recent,
34445,ok,1899
34446,ok,1918
34447,recent,
34448,recent,
34449,recent,
34450,recent,
34451,ok,1902
34452,ok,1914
34453,ok,1916
34454,ok,1943
34455,recent,
34456,unknown,
34457,recent,
34458,ok,1923
34459,unknown,
34460,ok,1930
34461,ok,1939
34462,ok,1938
34463,ok,1917
34464,ok,1955
34465,ok,1922
34466,recent,
34467,ok,1922
34468,ok,1922
34469,recent,
34470,ok,1869
34471,ok,1943
34472,unknown,
34473,unknown,
34474,ok,1932
34475,ok,1908
34476,ok,1926
34477,ok,1950
34478,recent,
34479,ok,1871
34480,ok,1911
34481,ok,1880
34482,ok,1909
34483,ok,1880
34484,ok,1880
34485,ok,1880
34486,ok,1880
34487,ok,1880
34488,ok,1880
34489,ok,1880
34490,ok,1909
34491,ok,1880
34492,ok,1909
34493,ok,1909
34494,ok,1909
34495,ok,1880
34496,ok,1945
34497,recent,
34498,ok,1908
34499,ok,1899
34500,ok,1886
34501,ok,1930
34502,ok,1923
34503,unknown,
34504,unknown,
34505,ok,1920
34506,ok,1946
34507,ok,1932
34508,ok,1892
34509,unknown,
34510,unknown,
34511,ok,1945
34512,ok,1947
34513,ok,1898
34515,unknown,
34516,unknown,
34520,unknown,
34522,ok,1942
34523,unknown,
34524,ok,1943
34525,ok,1919
34526,ok,1936
34527,unknown,
34528,ok,1902
34529,ok,1854
34530,ok,1854
34531,ok,1914
34532,recent,
34533,unknown,
34534,ok,1943
34535,ok,1880
34536,unknown,
34537,ok,1909
34538,ok,1945
34539,ok,1915
34540,ok,1915
34541,ok,1915
34542,ok,1915
34543,ok,1948
34544,unknown,
34545,ok,1921
34546,recent,
34547,unknown,
34548,ok,1940
34549,ok,1892
34550,recent,
34551,ok,1922
34552,recent,
34553,ok,1922
34554,recent,
34556,recent,
34557,unknown,
34558,ok,1912
34559,ok,1887
34560,ok,1844
34561,ok,1803
34562,unknown,
34563,ok,1931
34564,ok,1915
34566,ok,1926
34567,unknown,
34568,recent,
34569,ok,1901
34570,ok,1930
34571,unknown,
34572,unknown,
34573,ok,1860
34574,ok,1927
34575,unknown,
34576,ok,1948
34578,ok,1894
34579,ok,1948
34580,recent,
34692,ok,1883
34582,recent,
34583,unknown,
34585,ok,1871
34586,ok,1916
34587,ok,1887
34588,ok,1936
34589,ok,1935
34591,recent,
34592,recent,
34593,unknown,
34594,unknown,
34595,ok,1888
34596,unknown,
34597,ok,1945
34598,ok,1911
34599,ok,1911
34600,ok,1927
34601,ok,1803
34602,unknown,
34603,ok,1895
34604,recent,
34605,unknown,
34606,ok,1902
34607,ok,1890
34608,ok,1861
34609,ok,1909
34610,ok,1918
34611,ok,1926
34612,unknown,
34693,ok,1883
34613,unknown,
34614,unknown,
34615,ok,1940
34616,ok,1876
34617,unknown,
34618,ok,1923
34619,ok,1931
34620,ok,1852
34627,ok,1930
34628,ok,1919
34629,unknown,
34630,ok,1949
34632,ok,1927
34633,ok,1935
34634,ok,1939
34637,ok,1860
34645,ok,1871
34646,ok,1895
34647,unknown,
34648,ok,1913
34649,ok,1903
34650,ok,1906
34651,unknown,
34653,ok,1941
34654,ok,1952
34655,ok,1917
34656,ok,1936
34657,unknown,
34658,unknown,
34659,unknown,
34660,ok,1947
34661,recent,
34662,ok,1873
34663,ok,1909
34664,ok,1909
34665,ok,1909
34666,ok,1909
34667,ok,1883
34668,ok,1883
34669,ok,1943
34670,ok,1943
34671,ok,1943
34672,ok,1943
34673,ok,1943
34674,unknown,
34675,unknown,
34676,ok,1949
34677,ok,1911
34678,ok,1927
34679,unknown,
34680,ok,1871
34681,ok,1916
34682,recent,
34683,ok,1904
34684,ok,1903
34685,ok,1938
34686,ok,1938
34688,ok,1860
34689,recent,
34690,ok,1932
34691,recent,
34697,recent,
34698,ok,1895
34700,recent,
34701,unknown,
34702,unknown,
34703,recent,
34704,ok,1883
34705,ok,1909
34706,ok,1929
34708,ok,1932
34709,ok,1949
34710,ok,1935
34711,unknown,
34713,recent,
34715,ok,1930
34716,ok,1901
34720,recent,
34721,ok,1952
34724,recent,
34725,ok,1923
34727,ok,1900
34728,unknown,
34729,recent,
34730,ok,1899
34731,unknown,
34732,ok,1942
34733,ok,1890
34736,ok,1879
34737,recent,
34738,ok,1901
34740,ok,1931
34741,ok,1926
34743,ok,1887
34744,ok,1899
34745,ok,1947
34748,ok,1911
34749,unknown,
34751,unknown,
34752,ok,1903
34753,ok,1905
34754,ok,1901
34757,ok,1941
34758,ok,1941
34761,ok,1923
34762,ok,1867
34763,unknown,
34764,unknown,
34765,ok,1907
34766,ok,1946
34768,unknown,
34769,ok,1938
34770,ok,1948
34771,ok,1909
34772,ok,1936
34773,unknown,
34774,unknown,
34775,recent,
34776,ok,1936
34777,ok,1916
34778,ok,1934
64864,unknown,
34779,unknown,
34780,unknown,
34781,ok,1939
34783,unknown,
34787,recent,
34790,ok,1936
34791,ok,1943
34792,ok,1930
34793,ok,1902
34794,ok,1888
34795,ok,1941
34796,ok,1864
34797,ok,1930
34799,ok,1912
34800,unknown,
34801,recent,
34802,ok,1913
34803,ok,1881
34804,ok,1927
34805,unknown,
34807,ok,1912
34808,ok,1818
34810,ok,1933
34812,ok,1924
34813,ok,1951
34814,unknown,
34815,ok,1916
34816,ok,1879
34817,ok,1914
34818,ok,1936
34819,ok,1897
34821,unknown,
34822,ok,1903
34823,ok,1949
34824,unknown,
34825,ok,1932
34826,unknown,
34827,ok,1877
34828,ok,1880
34829,recent,
34830,ok,1893
34831,recent,
34832,recent,
34834,ok,1934
34835,ok,1932
34836,recent,
34837,unknown,
34838,ok,1928
34839,unknown,
34840,ok,1916
34841,ok,1799
34842,ok,1924
34843,ok,1896
34844,unknown,
34845,unknown,
34846,unknown,
34847,ok,1946
34848,unknown,
34849,ok,1874
34850,recent,
34852,recent,
34853,recent,
34854,unknown,
34855,ok,1934
34856,ok,1928
34857,ok,1955
34858,ok,1947
34859,ok,1917
34860,recent,
34861,unknown,
34862,ok,1857
34863,ok,1893
34864,ok,1931
34865,ok,1876
34866,ok,1852
34867,ok,1852
34868,ok,1912
34869,ok,1954
34870,ok,1929
34871,unknown,
34872,ok,1924
34873,ok,1926
34875,ok,1907
34876,ok,1935
34877,ok,1946
34878,unknown,
34882,ok,1872
34883,ok,1872
34884,ok,1872
34885,ok,1926
34886,ok,1902
34887,ok,1923
34888,recent,
34889,ok,1892
34890,recent,
34891,ok,1892
34892,ok,1908
34893,unknown,
34894,unknown,
34895,ok,1887
34897,ok,1926
34900,ok,1929
34902,ok,1927
34903,ok,1942
34904,ok,1910
34905,unknown,
34906,ok,1888
34907,ok,1946
34909,ok,1952
34910,ok,1949
34911,unknown,
34912,ok,1921
34915,ok,1895
34916,ok,1851
64964,ok,1924
34917,ok,1908
34918,ok,1891
34919,ok,1933
34920,ok,1888
34922,ok,1863
34923,ok,1929
34924,unknown,
34925,ok,1900
34926,recent,
34927,recent,
34928,recent,
34929,recent,
34930,ok,1950
34931,ok,1941
34932,unknown,
34933,unknown,
34934,ok,1931
34935,ok,1943
34936,ok,1953
34937,recent,
34938,ok,1942
34939,ok,1941
34940,ok,1929
34941,ok,1908
34942,unknown,
34943,unknown,
34944,ok,1926
34945,ok,1946
34946,recent,
34947,unknown,
34948,ok,1935
34949,recent,
34950,unknown,
34953,ok,1908
34954,recent,
34956,unknown,
34957,ok,1932
34959,ok,1909
34962,ok,1946
34965,ok,1910
34966,ok,1935
34967,ok,1882
34968,unknown,
34970,ok,1891
34971,unknown,
34973,ok,1884
34974,ok,1652
34975,recent,
34976,unknown,
34977,ok,1935
34978,ok,1934
34979,ok,1909
34981,unknown,
34982,unknown,
34984,unknown,
34985,recent,
34986,ok,1929
34987,ok,1914
34988,ok,1946
34989,ok,1853
34990,ok,1940
34991,ok,1837
34992,unknown,
34994,unknown,
34995,ok,1908
34996,ok,1939
34997,unknown,
34998,unknown,
34999,unknown,
35000,ok,1625
35001,unknown,
35002,unknown,
35003,ok,1935
35004,unknown,
35005,ok,1926
35006,unknown,
35007,unknown,
35008,ok,1942
35009,unknown,
35010,ok,1837
35012,ok,1902
35013,recent,
35014,unknown,
35015,unknown,
35016,ok,1887
65322,unknown,
35017,ok,1922
35019,ok,1870
35021,unknown,
35022,ok,1942
35023,unknown,
35024,recent,
35025,ok,1938
35026,unknown,
35027,ok,1949
35028,unknown,
35029,recent,
35031,recent,
35032,unknown,
35033,ok,1921
35034,ok,1945
35035,ok,1880
35036,unknown,
35037,ok,1926
35038,ok,1949
35039,ok,1786
35040,ok,1907
35041,ok,1936
35042,ok,1925
35043,recent,
35044,unknown,
35045,unknown,
35046,ok,1912
35047,ok,1893
35049,unknown,
35050,ok,1930
35051,ok,1936
35052,ok,1952
35053,unknown,
35054,ok,1877
35055,ok,1925
35057,unknown,
35058,unknown,
35059,ok,1936
35060,ok,1919
35061,unknown,
35062,ok,1946
35063,ok,1939
35064,ok,1852
35066,unknown,
35067,ok,1914
35068,ok,1937
35069,unknown,
35070,recent,
35071,ok,1917
35072,ok,1941
35074,ok,1928
35075,unknown,
35076,ok,1926
35077,recent,
35078,ok,1949
35079,ok,1942
35080,ok,1900
35081,ok,1910
35082,recent,
35083,recent,
35084,unknown,
35119,unknown,
35086,unknown,
35087,ok,1949
35088,ok,1905
35089,ok,1873
35090,recent,
35091,recent,
35092,unknown,
35093,ok,1920
35094,recent,
35095,ok,1942
35096,unknown,
35097,recent,
35098,ok,1944
35099,ok,1934
35100,unknown,
35101,recent,
35103,ok,1926
35104,unknown,
35105,ok,1917
35106,ok,1934
35107,unknown,
35108,ok,1940
35109,ok,1934
35110,ok,1890
35112,unknown,
35113,ok,1925
35115,ok,1936
35116,ok,1918
35117,ok,1947
35118,unknown,
35120,recent,
35121,unknown,
35122,ok,1877
35123,unknown,
35124,ok,1916
35125,unknown,
35126,ok,1937
35127,ok,1945
35128,recent,
35129,ok,1852
35132,ok,1951
35133,ok,1860
35134,ok,1871
35135,unknown,
35136,unknown,
35138,unknown,
35139,unknown,
35140,ok,1931
35141,ok,1948
35142,unknown,
35143,ok,1872
35144,ok,1872
35145,ok,1872
35146,ok,1932
35147,recent,
35148,ok,1928
35149,ok,1860
35150,unknown,
35151,ok,1832
35215,ok,1953
35152,ok,1864
35153,ok,1947
35154,unknown,
35155,ok,1873
35156,ok,1860
35157,recent,
35158,recent,
35159,unknown,
35160,ok,1933
35161,ok,1912
35162,ok,1933
35163,ok,1832
35164,recent,
35165,ok,1915
35166,unknown,
35167,ok,1871
35168,ok,1918
35169,unknown,
35170,recent,
35171,recent,
35172,ok,1955
35173,recent,
35174,ok,1938
35175,ok,1864
35177,unknown,
35178,ok,1924
35179,ok,1933
35180,ok,1934
35182,ok,1878
65669,recent,
35183,ok,1857
35184,ok,1941
35185,ok,1952
35186,ok,1905
35187,ok,1932
35188,ok,1924
35189,ok,1908
35190,unknown,
35191,ok,1923
35193,ok,1844
35194,ok,1933
35195,ok,1883
35196,ok,1883
35197,ok,1883
35198,recent,
35199,unknown,
35200,ok,1922
35201,ok,1918
35203,ok,1938
35204,recent,
35205,ok,1947
35206,ok,1897
35207,ok,1926
35208,ok,1903
35209,unknown,
35210,ok,1941
35211,unknown,
35212,unknown,
35213,ok,1883
35214,ok,1883
35216,ok,1893
35217,unknown,
35218,ok,1948
35221,unknown,
35222,ok,1874
35223,ok,1896
35224,ok,1860
35225,ok,1901
35226,unknown,
35227,ok,1896
35228,ok,1897
35229,ok,1918
35231,ok,1926
35232,ok,1924
35233,ok,1933
35234,ok,1886
35235,unknown,
35236,unknown,
35237,ok,1951
35238,ok,1926
35239,ok,1934
35240,ok,1932
35241,ok,1932
35242,unknown,
35243,ok,1927
35244,ok,1950
35245,ok,1947
35246,unknown,
35247,recent,
35248,unknown,
35249,ok,1928
35251,unknown,
35252,unknown,
35253,unknown,
35254,ok,1942
35255,recent,
35256,ok,1939
35258,unknown,
35259,ok,1948
35260,ok,1883
35261,ok,1939
35262,ok,76
35265,ok,1902
35266,ok,1902
35267,unknown,
35268,ok,1933
35269,recent,
35270,unknown,
35271,unknown,
35272,unknown,
35273,unknown,
35274,unknown,
35275,unknown,
35276,ok,1916
35277,ok,1905
35278,ok,1901
35279,recent,
35472,recent,
35281,ok,1943
35282,ok,1941
35283,unknown,
35284,unknown,
35285,unknown,
35286,unknown,
35287,ok,1845
35288,unknown,
35289,ok,1917
35290,ok,1901
35291,ok,1901
35293,ok,1796
35294,ok,1853
35295,ok,1883
35296,ok,1872
35297,ok,1872
35298,ok,1919
35299,ok,1935
35300,ok,1924
35302,ok,1922
35303,ok,1922
35304,unknown,
35305,ok,1934
35306,unknown,
35307,ok,1873
35308,ok,1873
35309,unknown,
35310,ok,1921
35311,ok,1926
35313,ok,1909
35314,ok,1921
35315,ok,1904
35316,ok,1909
35317,ok,1915
35319,ok,1865
35322,unknown,
35326,recent,
35329,ok,1939
35330,ok,1594
35331,ok,1923
35332,ok,1901
35333,ok,1931
35334,unknown,
35335,ok,1928
35336,ok,1950
35337,ok,1926
35338,ok,1946
35341,ok,1939
35342,unknown,
35343,unknown,
35344,unknown,
35345,unknown,
35346,ok,1896
35349,ok,1925
35350,unknown,
35351,ok,1908
35352,ok,1954
35353,unknown,
35354,recent,
35535,ok,1898
35355,ok,1921
35356,ok,1928
35357,unknown,
35358,ok,1919
35359,ok,1940
35360,ok,1933
35361,ok,1946
35362,recent,
35363,recent,
35364,ok,1942
35365,ok,1927
35366,ok,1874
35367,ok,1909
35368,ok,1909
35369,ok,1848
35370,ok,1909
35371,unknown,
35372,unknown,
35373,unknown,
35374,ok,1922
35375,ok,1895
35376,unknown,
35377,ok,1864
35378,recent,
35379,unknown,
35380,unknown,
35381,unknown,
35409,ok,1852
35382,ok,1860
35383,unknown,
35384,ok,1897
35385,ok,1934
35386,ok,1921
35387,recent,
35388,ok,1938
35389,ok,1929
35390,ok,1878
35391,ok,1939
35392,ok,1935
35393,ok,1928
35394,ok,1913
35395,ok,1921
35396,unknown,
35397,ok,1859
35398,unknown,
35399,recent,
35400,ok,1912
35401,ok,1948
35402,ok,1909
35403,recent,
35404,ok,1874
35406,unknown,
35408,ok,1864
35440,ok,1895
35410,unknown,
35411,unknown,
35412,ok,1859
35413,recent,
35414,ok,1911
35415,unknown,
35416,ok,1860
35417,recent,
35418,unknown,
35419,ok,1928
35420,ok,1873
35421,ok,1873
35422,unknown,
35423,ok,1922
35424,ok,1935
35425,recent,
35426,ok,1932
35427,ok,1916
35428,ok,1913
35429,ok,1913
35430,ok,1913
35431,ok,1915
35432,unknown,
35433,ok,1803
35434,ok,1912
35436,unknown,
35437,recent,
35438,ok,1907
35439,unknown,
35441,ok,1872
35442,ok,1872
35443,ok,1883
35444,ok,1897
35445,ok,1914
35446,unknown,
35447,ok,1946
35448,unknown,
35449,unknown,
35450,ok,1906
35451,recent,
35452,ok,1937
35454,ok,1934
35455,ok,1899
35456,ok,1945
35457,recent,
35458,unknown,
35459,ok,1905
35460,ok,1933
35461,ok,1946
35462,ok,1880
35463,ok,1928
35464,unknown,
35465,unknown,
35466,ok,1922
35467,ok,1873
35468,ok,1873
35469,ok,1873
35470,ok,1857
35471,unknown,
35473,unknown,
35474,ok,1835
35475,recent,
35476,ok,1941
35477,ok,1942
35478,recent,
35479,ok,1904
35480,ok,1902
35481,ok,1881
35482,unknown,
35483,unknown,
35484,ok,1930
35485,ok,1915
35486,ok,1944
35487,recent,
35488,ok,1906
35489,ok,1916
35490,ok,1910
35491,unknown,
35492,unknown,
35493,recent,
35494,ok,1944
35495,unknown,
35496,ok,1919
35497,ok,1898
35498,ok,1916
35499,ok,1912
35500,ok,1872
35501,ok,1912
35502,ok,1934
35503,ok,1930
35504,ok,1930
35505,ok,1931
35506,unknown,
35507,ok,1928
35508,unknown,
35509,ok,1936
35510,unknown,
35511,ok,1945
35512,ok,1948
35513,ok,1943
35514,ok,1933
35515,recent,
35516,ok,1923
35517,ok,1947
35518,ok,1931
35519,ok,1921
35520,ok,1908
35521,ok,1878
35523,ok,1920
35524,recent,
35525,ok,1889
35526,ok,1893
35527,ok,1909
35528,ok,1922
35529,recent,
35530,ok,1936
35531,ok,1934
35532,ok,1944
35533,ok,1893
35534,ok,1920
35536,ok,1904
35537,unknown,
35538,ok,1895
35539,ok,1927
35540,ok,1950
35541,ok,1934
35542,ok,1918
35543,ok,1921
35544,unknown,
35545,ok,1932
35546,ok,1894
35548,ok,1920
35550,ok,1940
35551,unknown,
35552,unknown,
35553,ok,79
35554,ok,1857
35555,ok,1936
35556,ok,1933
35557,unknown,
35558,ok,1931
35559,ok,1916
35561,unknown,
35562,ok,1952
35563,ok,1940
35564,ok,1905
35565,ok,1906
35566,ok,1897
35567,ok,1897
35568,ok,1917
35570,ok,1902
35571,unknown,
35572,ok,1922
35573,ok,1902
35574,ok,1913
35575,ok,1905
35576,ok,1930
35577,unknown,
35578,ok,1879
35579,unknown,
35580,ok,1921
35581,ok,1905
35582,unknown,
35583,unknown,
35584,ok,1915
35586,ok,1886
35587,ok,1883
35588,ok,1938
35589,ok,1903
35590,unknown,
35591,ok,1939
35592,ok,1935
35593,recent,
35594,unknown,
35595,ok,1778
35596,recent,
35597,unknown,
35598,unknown,
35599,ok,1924
35600,ok,1932
35601,recent,
35602,ok,1871
35606,unknown,
35607,ok,1953
35608,ok,1928
35609,ok,1893
35610,unknown,
35611,ok,1947
35612,ok,1952
35613,ok,1919
35614,ok,1947
35615,ok,1930
35616,recent,
35617,ok,1947
35618,ok,1919
35619,ok,1922
35620,ok,1883
35621,unknown,
35622,unknown,
35623,unknown,
35624,unknown,
35625,unknown,
35626,unknown,
35627,unknown,
35628,unknown,
35629,unknown,
35715,ok,1947
35630,unknown,
35631,ok,1910
35632,unknown,
35633,recent,
35634,unknown,
35637,ok,1947
35638,ok,1849
35639,unknown,
35640,ok,1946
35641,ok,1921
35642,ok,1933
35643,ok,1881
35644,ok,1903
35645,ok,1846
35646,ok,1874
35647,ok,1888
35648,unknown,
35649,ok,1883
35650,ok,1820
35652,ok,1930
35653,unknown,
35654,unknown,
35657,ok,1914
35658,ok,1820
35659,ok,1820
35661,ok,1946
35662,ok,1861
35663,ok,1886
35664,ok,1883
35665,unknown,
35666,unknown,
35667,recent,
35668,ok,1930
35669,ok,1897
35670,ok,1883
35671,ok,1952
35672,unknown,
35673,ok,1934
35674,ok,1903
35675,ok,1947
35676,ok,1933
35677,ok,1905
35678,recent,
35679,ok,1939
35680,ok,1898
35681,ok,1927
35682,ok,1933
35683,ok,1935
35684,ok,1921
35685,recent,
35686,ok,1884
35687,ok,1886
35688,recent,
35689,recent,
35690,ok,1935
35691,ok,1928
35692,ok,1923
35693,ok,1896
35694,unknown,
35695,ok,1934
35696,ok,1872
35697,ok,1913
35698,ok,1927
35699,ok,1833
35700,ok,1887
35702,ok,1883
35703,unknown,
35704,recent,
35705,ok,1893
35706,ok,1919
35707,ok,1889
35708,ok,1695
35709,unknown,
35710,ok,1916
35711,ok,1930
35712,ok,1921
35713,unknown,
35714,ok,1924
35717,ok,1872
35718,ok,1890
35719,ok,1776
35720,unknown,
35721,ok,1919
35722,ok,1943
35723,ok,1904
35724,recent,
35725,ok,1902
35726,recent,
35727,ok,1934
35728,unknown,
35729,unknown,
35730,unknown,
35731,unknown,
35732,ok,1840
35733,unknown,
35734,unknown,
35735,ok,1933
35736,ok,1916
35737,unknown,
35738,ok,1955
35739,unknown,
35740,ok,1921
35742,ok,1929
35744,recent,
35928,ok,1940
35745,recent,
35746,ok,1893
35747,unknown,
35748,unknown,
35749,recent,
35750,ok,1842
35751,ok,1842
35752,unknown,
35753,recent,
35754,ok,1871
35755,ok,1872
35756,ok,1872
35757,unknown,
35759,recent,
35760,ok,1946
35761,ok,1928
35763,ok,1906
35764,ok,1955
35765,ok,1894
35766,ok,1900
35768,ok,1877
35769,unknown,
35770,unknown,
35771,ok,1922
35772,unknown,
35773,ok,1898
35774,ok,1731
35775,ok,1944
35776,ok,1943
35777,ok,1883
35778,ok,1950
35779,ok,1934
35780,recent,
35781,ok,1931
35782,ok,1919
35783,unknown,
35784,ok,1883
35785,ok,1919
35786,ok,1931
35787,ok,1930
35788,unknown,
35790,ok,1920
35791,ok,1921
35792,ok,1893
35793,ok,1939
35796,recent,
35798,unknown,
35805,ok,1940
35807,recent,
35808,unknown,
35809,ok,1900
35810,ok,1860
35811,ok,1909
35812,unknown,
35813,ok,1928
35814,unknown,
35815,ok,1909
35816,unknown,
35818,ok,1942
35819,unknown,
35820,unknown,
35821,ok,1930
35822,ok,1918
35823,ok,1945
35824,unknown,
35825,ok,1869
35827,unknown,
35828,ok,1923
35829,unknown,
35830,unknown,
35831,unknown,
35833,recent,
35834,ok,1945
35835,ok,1886
35836,recent,
35837,unknown,
35838,recent,
35839,ok,1877
35840,ok,1895
35841,ok,1936
35842,ok,1920
35843,unknown,
35844,unknown,
35845,unknown,
35846,ok,1911
35847,ok,1911
35848,ok,1903
35849,unknown,
35850,unknown,
35851,unknown,
35852,ok,1891
35853,unknown,
35854,ok,1923
35855,ok,1910
35856,ok,1933
35857,unknown,
35858,unknown,
35859,ok,1919
35860,ok,1925
35861,ok,1924
35862,ok,1916
35863,recent,
35864,ok,1937
35865,ok,1937
35866,recent,
35867,unknown,
35870,ok,1878
35871,unknown,
35872,ok,1915
35873,ok,1919
35874,unknown,
35875,unknown,
35876,unknown,
35877,recent,
35878,ok,1930
35879,recent,
35880,unknown,
35883,ok,1937
35884,ok,1939
35888,ok,1682
35889,ok,1874
35890,ok,1801
35891,ok,1944
35892,ok,1876
35893,unknown,
35894,ok,1931
35895,ok,1919
35896,ok,1931
35897,unknown,
35898,ok,1900
35899,ok,1949
35900,ok,1898
35901,ok,1909
35902,ok,1937
35903,ok,1941
35904,recent,
35906,ok,1901
35907,ok,1941
35908,unknown,
35909,ok,1953
35910,ok,1880
35911,ok,1883
35912,ok,1883
35913,ok,1883
35915,ok,1933
35916,ok,1903
35918,ok,1936
35919,ok,1902
35920,ok,1946
35921,ok,1918
35922,ok,1907
35925,unknown,
35926,recent,
35927,ok,1901
35929,unknown,
35930,ok,1887
35931,ok,1880
35932,ok,1873
35933,ok,1893
35934,ok,1933
35935,ok,1933
35936,unknown,
35937,ok,1928
35938,unknown,
35940,ok,1934
35941,ok,1936
35942,ok,1947
35943,ok,1913
35944,ok,1913
35945,ok,1913
35946,ok,1898
35948,unknown,
35949,unknown,
35950,ok,1916
35951,ok,1870
35952,ok,1947
35953,ok,1936
35954,ok,1922
35955,unknown,
35956,recent,
35957,unknown,
35958,ok,1881
35959,ok,1821
35960,ok,1935
35961,ok,1821
35962,unknown,
35963,ok,1943
35964,unknown,
35965,ok,1947
35966,ok,1911
35968,recent,
35969,ok,1715
35971,ok,1519
35972,ok,1947
35973,ok,1926
35974,ok,1933
35975,unknown,
35976,ok,1911
35977,ok,1781
35979,ok,1887
35980,ok,1892
35983,ok,1915
35984,unknown,
35985,ok,1926
35986,ok,1927
35987,recent,
35988,unknown,
35989,ok,1921
35990,recent,
35991,ok,1950
35992,ok,1914
35993,ok,1718
35994,ok,1938
35995,ok,1909
35996,recent,
35997,ok,1936
35998,unknown,
36000,ok,1917
36001,ok,1865
36002,ok,1920
36003,ok,1924
36004,unknown,
36005,unknown,
36006,unknown,
36007,ok,1942
36008,ok,1945
36009,unknown,
36010,ok,1942
36011,ok,1899
36012,ok,1940
36013,unknown,
36014,ok,1904
36015,ok,1921
36016,ok,1932
36017,recent,
36018,ok,1913
36020,unknown,
36021,recent,
36022,unknown,
36023,ok,1945
36024,ok,1906
36025,ok,1881
36026,ok,1922
36027,ok,1886
36028,unknown,
36029,ok,1909
36030,ok,1860
36031,unknown,
36032,recent,
36033,ok,1933
36034,ok,1946
36035,unknown,
36036,unknown,
36037,unknown,
36038,ok,1936
36039,ok,1950
36040,ok,1912
36041,ok,1860
36042,ok,1934
36043,ok,1901
36044,unknown,
36045,ok,1943
36046,ok,1913
36047,unknown,
36048,unknown,
36050,ok,1930
36051,recent,
36052,recent,
36053,recent,
36054,unknown,
36055,ok,1909
36057,ok,1939
36094,ok,1919
36058,ok,1873
36059,unknown,
36064,unknown,
36065,ok,1936
36066,unknown,
36067,ok,1905
36068,ok,1906
36069,ok,1935
36071,ok,1883
36072,ok,1954
36073,unknown,
36074,ok,1888
36075,recent,
36078,ok,1908
36079,ok,1947
36080,ok,1947
36081,ok,1909
36082,recent,
36083,ok,1922
36084,ok,1898
36085,ok,1947
36086,ok,1899
36087,ok,1883
36089,ok,1913
36090,ok,1892
36091,unknown,
36092,unknown,
36093,unknown,
36098,recent,
36099,recent,
36100,unknown,
36101,recent,
36103,ok,1902
36104,unknown,
36105,ok,1896
36106,ok,1887
36107,ok,1888
36108,ok,1888
36110,ok,1954
36111,ok,1941
36112,ok,1938
36113,ok,1858
36114,unknown,
36115,ok,1921
36118,ok,1905
36119,unknown,
36120,ok,1946
36121,ok,1921
36122,recent,
36123,ok,1917
36124,unknown,
36126,ok,1945
36127,ok,1924
36128,unknown,
36130,unknown,
36131,unknown,
36132,ok,1919
36133,ok,1926
36134,ok,1940
36135,ok,1882
36136,ok,1936
36137,unknown,
36138,ok,1936
36139,unknown,
36140,unknown,
36141,unknown,
36142,unknown,
36143,ok,1901
36144,ok,1901
36145,ok,1887
36146,ok,1927
36147,ok,1899
36148,ok,1901
36149,ok,1950
36150,ok,1895
36151,unknown,
36152,ok,1896
36153,ok,1926
36154,ok,1928
36155,ok,1927
36156,ok,1906
36157,ok,1877
36158,ok,1877
36159,ok,1885
36160,ok,1877
36161,ok,1887
36162,ok,1932
36164,ok,1895
36166,unknown,
36168,ok,1939
36170,ok,1943
36171,unknown,
36173,ok,1912
36174,ok,1920
36175,ok,1868
36176,unknown,
36177,ok,1949
36178,ok,1849
36179,ok,1930
36181,unknown,
36182,ok,1945
36183,ok,1892
36184,ok,1939
36185,ok,1926
36187,unknown,
36188,ok,1912
36189,ok,1919
36192,ok,1942
36193,ok,1944
36195,unknown,
36196,ok,1922
36197,unknown,
36198,ok,1919
36199,unknown,
36200,unknown,
36201,recent,
36202,unknown,
36203,unknown,
36204,ok,1904
36206,ok,1940
36207,ok,1873
36208,ok,1888
36209,ok,1900
36210,unknown,
36211,ok,1937
36213,unknown,
36214,unknown,
36215,ok,1935
36216,ok,1945
36218,unknown,
36219,ok,1895
36220,ok,1952
36221,ok,1888
36222,ok,1931
36223,recent,
36224,recent,
36226,unknown,
36228,ok,1901
36229,recent,
36230,ok,1913
36232,recent,
36233,ok,1941
36234,ok,1723
36235,ok,1919
36236,ok,1902
36237,ok,1937
36268,ok,1891
36238,ok,1941
36240,ok,1898
36241,ok,1953
36242,unknown,
36243,ok,1927
36244,ok,1913
36245,ok,1939
36246,ok,1934
36247,ok,1942
36249,ok,1946
36250,unknown,
36251,unknown,
36252,ok,1912
36254,ok,1890
36255,unknown,
36256,ok,1833
36257,ok,1833
36258,recent,
36259,unknown,
36260,ok,1873
36261,ok,1899
36264,ok,1934
36265,ok,1891
36266,ok,1891
36267,ok,1891
36269,ok,1891
36270,ok,1898
36271,unknown,
36272,ok,1891
36273,unknown,
36274,ok,1939
36276,recent,
36277,ok,1888
36279,ok,1932
36280,unknown,
36281,ok,1933
36282,ok,1946
36283,unknown,
36285,unknown,
36286,unknown,
36287,ok,1921
36288,ok,1866
36289,ok,1810
36290,ok,1810
36291,ok,1810
36292,ok,1944
36293,unknown,
36295,ok,1941
36296,ok,1951
36297,recent,
36298,ok,1881
36299,unknown,
36301,ok,1862
36302,unknown,
36303,ok,1940
36304,ok,1830
36305,ok,1936
36306,unknown,
36307,ok,1938
36308,ok,1898
36309,ok,1875
36311,ok,1923
36312,ok,1887
36313,ok,1922
36314,recent,
36315,ok,1934
36316,ok,1835
36320,unknown,
36321,ok,1936
36322,ok,1925
36323,unknown,
36324,ok,1903
36325,ok,1931
36327,ok,1887
36329,recent,
36330,ok,1925
36331,unknown,
36332,ok,1847
36333,ok,1937
36334,ok,1895
36335,recent,
36337,ok,1936
36338,ok,1790
36339,ok,1679
36340,unknown,
36341,ok,1943
36342,ok,1893
36343,ok,1953
36344,ok,1936
36345,ok,1941
36346,ok,1932
36347,ok,1907
36348,ok,1901
36350,unknown,
36351,ok,1901
36352,ok,1929
36353,ok,1883
36354,ok,1919
36355,ok,1952
36356,ok,1927
36357,unknown,
36359,ok,1902
36360,unknown,
36361,unknown,
36364,unknown,
36365,ok,1944
36366,unknown,
36367,ok,1865
36368,ok,1948
36369,unknown,
36370,ok,1908
36371,ok,1844
36372,unknown,
36373,ok,1938
36374,ok,1886
36375,ok,1915
36376,ok,1825
36377,ok,1930
36378,ok,1925
36380,unknown,
36383,ok,1936
36384,ok,1935
36385,ok,1896
36386,ok,1955
36387,recent,
36388,unknown,
36390,ok,1919
36391,unknown,
36393,ok,1920
36394,ok,1825
36395,unknown,
36396,unknown,
36397,unknown,
36398,unknown,
36399,unknown,
36400,unknown,
65742,unknown,
36401,ok,1920
36402,unknown,
36403,ok,1883
36405,unknown,
36406,ok,1851
36407,unknown,
36409,unknown,
36410,ok,1929
36411,unknown,
36412,ok,1924
36413,unknown,
36414,ok,1922
36415,recent,
36416,ok,1887
36417,ok,1903
36419,ok,1943
36420,ok,1943
36421,ok,1943
36422,ok,1943
36423,ok,1925
36424,unknown,
36425,unknown,
36426,unknown,
36427,unknown,
36428,ok,1955
36429,unknown,
36431,ok,1921
36432,recent,
36433,ok,1896
36434,unknown,
36435,ok,1929
36436,unknown,
36437,ok,1935
36438,unknown,
36439,ok,1902
36441,unknown,
36442,recent,
36443,unknown,
36444,ok,1930
36445,ok,1933
36446,ok,1946
36447,ok,1825
36448,ok,1893
36449,unknown,
36450,ok,1942
36451,ok,1916
36452,unknown,
36454,unknown,
36455,ok,1910
36456,ok,1931
36457,ok,1897
36458,unknown,
36460,ok,1913
36461,unknown,
36462,ok,1952
36463,unknown,
37043,ok,1929
36464,unknown,
36465,unknown,
36467,unknown,
36468,unknown,
36469,unknown,
36470,ok,1900
36471,ok,1897
36472,ok,1936
36473,unknown,
36474,ok,1901
36475,ok,1921
36476,ok,1942
36477,ok,1924
36478,ok,1928
36479,ok,1927
36480,ok,1919
36481,ok,1882
36482,ok,1920
36483,ok,1881
36484,ok,1925
36485,recent,
36486,ok,1870
36487,unknown,
36489,ok,1910
36490,ok,1919
36491,unknown,
36492,ok,1905
36493,ok,1886
36494,ok,1858
36495,ok,1925
36496,unknown,
36497,recent,
36498,recent,
36499,recent,
36500,recent,
36501,ok,1865
36502,ok,1933
36503,ok,1921
36504,ok,1924
36505,ok,1883
36506,unknown,
36507,ok,1938
36508,recent,
36509,ok,1922
36510,ok,1873
36511,ok,1935
36512,ok,1878
36513,ok,1940
36514,ok,1939
36515,ok,1836
36516,unknown,
36517,unknown,
36518,ok,1955
36519,ok,1899
36520,ok,1882
36521,ok,1942
36676,unknown,
36522,ok,1943
36523,recent,
36524,unknown,
36525,ok,1940
36528,ok,1953
36529,ok,1949
36530,unknown,
36531,ok,1928
36532,ok,1912
36533,unknown,
36534,unknown,
36535,ok,1919
36536,unknown,
36537,unknown,
36538,ok,1919
36539,ok,1926
36540,ok,1906
36541,ok,1900
36542,ok,1918
36543,ok,1936
36544,ok,1861
36545,unknown,
36547,ok,1913
36548,ok,1891
36549,ok,1891
36550,unknown,
36551,ok,1943
36552,ok,1933
37148,ok,1915
36553,ok,1950
36554,ok,1940
36555,ok,1894
36556,ok,1885
36557,ok,1904
36559,unknown,
36561,ok,1863
36562,ok,1863
36563,ok,1863
36564,unknown,
36565,recent,
36566,ok,1915
36567,unknown,
36568,ok,1876
36569,unknown,
36570,ok,1821
36571,unknown,
36572,unknown,
36574,unknown,
36575,ok,1821
36576,ok,1879
36577,unknown,
36578,ok,1928
36579,ok,1935
36580,ok,1935
36581,unknown,
36582,unknown,
36583,ok,1916
36584,ok,1878
36585,ok,1916
65777,ok,1942
36587,ok,1731
36588,ok,1914
36589,ok,1943
36590,ok,1941
36591,ok,1897
36592,ok,1914
36593,ok,1914
36595,unknown,
36596,unknown,
36597,unknown,
36598,unknown,
36599,ok,1914
36600,ok,1925
36601,ok,1943
36602,ok,1925
36603,ok,1883
36604,ok,1883
36605,ok,1914
36606,ok,1914
36607,ok,1836
36609,ok,1943
36610,ok,1934
36611,unknown,
36612,ok,1905
36613,ok,1846
36614,ok,1878
36615,unknown,
36616,unknown,
36617,ok,1943
36618,ok,1943
36677,ok,1888
36619,ok,1953
36620,recent,
36621,ok,1836
36623,ok,1914
36624,ok,1909
36625,ok,1938
36626,unknown,
36627,ok,1943
36628,ok,1731
36629,unknown,
36630,unknown,
36631,unknown,
36632,unknown,
36633,unknown,
36634,unknown,
36635,ok,1915
36636,ok,1943
36637,ok,1903
36638,ok,1924
36639,ok,1913
36640,ok,1932
36641,ok,1917
36642,ok,1909
36643,ok,1841
36644,ok,1881
36645,ok,1924
36675,ok,1864
36646,ok,1899
36647,unknown,
36648,ok,1847
36649,unknown,
36650,unknown,
36651,ok,1833
36653,unknown,
36654,ok,1925
36655,ok,1899
36656,ok,1731
36657,ok,1915
36658,unknown,
36659,ok,1951
36660,ok,1934
36661,ok,1928
36662,ok,1930
36663,ok,1909
36664,ok,1951
36665,unknown,
36666,ok,1946
36667,unknown,
36668,ok,1933
36669,unknown,
36670,ok,1906
36671,ok,1913
36672,ok,1913
36673,ok,1930
36674,unknown,
36678,ok,1888
36679,unknown,
36681,ok,1731
36682,ok,1919
36683,ok,1898
36684,ok,1913
36685,unknown,
36686,ok,1863
36687,ok,1953
36689,unknown,
36690,recent,
36691,unknown,
36692,ok,1923
36694,ok,1731
36695,ok,1929
36696,ok,1911
36697,ok,1931
36698,ok,1899
36699,unknown,
36700,ok,1939
36701,unknown,
36702,ok,1936
36703,ok,1934
36704,unknown,
36705,ok,1945
36706,unknown,
36707,ok,1825
36708,ok,1897
36907,ok,1916
36709,ok,1916
36710,recent,
36711,unknown,
36712,ok,1936
36713,ok,1899
36714,ok,1924
36715,ok,1951
36717,ok,1913
36719,unknown,
36720,ok,1911
36721,ok,1923
36722,ok,1888
36723,ok,1909
36724,ok,1909
36725,ok,1916
36726,ok,1921
36728,ok,1928
36729,ok,1912
36730,ok,1942
36731,ok,1914
36732,unknown,
36733,ok,1913
36734,ok,1916
36735,unknown,
36736,ok,1913
36737,unknown,
36738,unknown,
36739,ok,1934
36740,ok,1932
36741,ok,1929
36742,unknown,
36743,unknown,
36744,ok,1932
36745,unknown,
36746,ok,1934
36747,unknown,
36748,unknown,
36749,unknown,
36750,unknown,
36751,unknown,
36752,ok,1904
36753,ok,1846
36754,ok,1945
36755,unknown,
36756,ok,1935
36757,unknown,
36758,ok,1935
36759,ok,1898
36760,ok,1898
36761,unknown,
36762,recent,
36763,unknown,
36764,ok,1899
36765,ok,1937
36767,ok,1895
36768,ok,1880
36769,ok,1731
36770,recent,
36771,ok,1922
36772,ok,1917
36773,ok,1935
36774,ok,1933
36775,unknown,
36776,ok,1904
36777,unknown,
36778,ok,1830
36780,ok,1953
36781,recent,
36782,ok,1936
36783,ok,1939
36784,unknown,
36785,ok,1949
36786,unknown,
36788,ok,1908
36789,ok,1916
36790,ok,1929
36791,unknown,
36794,ok,1912
36795,ok,1906
36796,ok,1906
36797,ok,1906
36798,ok,1906
36799,ok,1906
36800,ok,1874
36801,ok,1906
36802,ok,1935
36803,ok,1927
36804,ok,1945
36806,unknown,
36807,unknown,
36808,ok,1898
36809,ok,1898
36810,ok,1898
36811,ok,1927
36812,ok,1870
36814,ok,1923
36815,unknown,
36816,unknown,
36817,unknown,
36818,ok,1860
36819,ok,1860
36820,ok,1860
36821,ok,1863
36822,unknown,
36823,ok,1931
36825,ok,1888
36826,ok,1799
36827,unknown,
36828,ok,1902
36829,ok,1916
36830,ok,1939
36831,recent,
36832,recent,
36833,recent,
36835,unknown,
36836,ok,1943
36837,recent,
36838,unknown,
36840,recent,
36841,unknown,
36842,unknown,
36843,ok,1852
36844,ok,1900
36846,ok,1932
36847,ok,1896
36848,ok,1912
36849,unknown,
36851,ok,1931
36852,ok,1909
36853,ok,1914
36854,unknown,
36855,unknown,
36856,unknown,
36857,ok,1945
36858,unknown,
36859,unknown,
36860,unknown,
36861,ok,1921
36864,ok,1925
36865,ok,1939
36866,unknown,
36867,recent,
36868,unknown,
36869,ok,1930
36870,unknown,
36872,unknown,
36873,ok,1909
36874,ok,1917
36875,ok,1909
36876,ok,1933
36877,unknown,
36878,ok,1860
36879,unknown,
36880,unknown,
36881,ok,1953
36882,ok,1954
36883,unknown,
36884,ok,1864
36885,unknown,
36886,unknown,
36887,recent,
36888,unknown,
36889,unknown,
36890,ok,1931
36891,ok,1925
36892,ok,1905
36893,ok,1909
36894,ok,1873
36895,ok,1900
36896,ok,1946
36897,ok,1946
36898,ok,1925
36899,ok,1925
36900,ok,1925
36902,unknown,
36903,ok,1896
36904,unknown,
36906,ok,1931
36908,ok,1952
36909,ok,1854
36910,ok,1854
36911,ok,1854
36912,recent,
36913,ok,1935
36914,recent,
36915,unknown,
36916,unknown,
36917,ok,1923
36919,recent,
36921,unknown,
36922,recent,
36923,ok,1938
36924,ok,1916
36925,unknown,
36926,ok,1919
36928,ok,1866
36929,ok,1939
36930,recent,
36931,ok,1927
36932,ok,1927
36934,ok,1951
36935,recent,
36936,unknown,
36937,unknown,
36938,ok,1881
36939,unknown,
36941,ok,1885
36943,ok,1937
36945,ok,1914
36946,ok,1895
36947,ok,1904
36948,ok,1887
36949,ok,1887
36950,unknown,
36951,ok,1931
36952,ok,1915
36953,unknown,
36954,ok,1912
36955,ok,1925
36956,unknown,
36957,ok,1904
36958,ok,1945
36959,unknown,
36960,unknown,
36961,ok,1936
36962,ok,1940
36963,ok,1895
36964,unknown,
36965,ok,1936
36966,ok,1950
36967,recent,
36968,ok,1930
36969,ok,1907
36970,ok,1928
36971,ok,1903
37042,ok,1937
36972,ok,1886
36974,ok,1931
36975,ok,1902
36977,unknown,
36978,ok,1869
36979,ok,1911
36980,ok,1878
36981,unknown,
36983,unknown,
36984,unknown,
36985,unknown,
36987,unknown,
36988,ok,1882
36989,ok,1915
36991,ok,1938
36992,ok,1936
36993,ok,1911
36994,ok,1936
36995,unknown,
36996,ok,1916
36998,ok,1916
36999,unknown,
37000,ok,1789
37002,unknown,
37003,ok,1900
37004,ok,1929
37005,ok,1858
37006,unknown,
37007,ok,1949
37009,ok,1947
37010,ok,1924
37011,ok,1930
37012,ok,1821
37013,ok,1876
37015,unknown,
37016,ok,1901
37017,ok,1947
37019,unknown,
37020,ok,1923
37021,ok,1944
37022,ok,1943
37024,recent,
37025,ok,1925
37027,ok,1916
37029,ok,1929
37030,ok,1947
37031,ok,1896
37032,ok,1942
37034,ok,1916
37035,ok,1823
37036,ok,1925
37038,ok,1916
37039,unknown,
37040,unknown,
37041,unknown,
37044,unknown,
37046,ok,1887
37047,unknown,
37048,unknown,
37049,unknown,
37050,ok,1919
37051,ok,1896
37052,ok,1916
37053,ok,1877
37055,unknown,
37056,recent,
37057,ok,1844
37058,ok,1874
37059,ok,1874
37060,recent,
37062,ok,1921
37063,ok,1941
37064,unknown,
37068,ok,1930
37072,ok,1919
37073,unknown,
37074,ok,1916
37075,ok,1869
37076,ok,1869
37078,unknown,
37079,ok,1887
37080,ok,1951
37081,ok,1905
37082,ok,1822
37083,ok,1941
37084,unknown,
37085,ok,1924
37086,recent,
37087,recent,
37088,ok,1952
37089,ok,1935
37090,recent,
37091,ok,1936
37092,ok,1917
37096,ok,1918
37097,unknown,
37100,ok,1865
37101,unknown,
37102,unknown,
37103,unknown,
37104,unknown,
37105,ok,1934
37106,ok,1888
37107,ok,1914
37109,ok,1942
37110,unknown,
37111,ok,1925
37112,unknown,
37113,ok,1952
37114,ok,1893
37115,unknown,
37116,ok,1821
37118,ok,1926
37119,unknown,
37120,ok,1923
37121,ok,1870
37122,ok,1938
37124,unknown,
37125,unknown,
37126,ok,1899
37127,ok,1941
37129,recent,
37130,ok,1953
37132,ok,1940
37133,ok,1918
37135,unknown,
37136,unknown,
37137,ok,1700
37138,ok,1889
37140,ok,1922
37141,unknown,
37142,unknown,
37143,ok,1925
37144,ok,1844
37145,unknown,
37146,ok,1912
37147,ok,1916
37149,ok,1885
37151,unknown,
37152,ok,1943
37153,ok,1932
37154,ok,1939
37155,ok,1913
37156,ok,1916
37157,ok,1942
37158,ok,1935
37159,ok,1933
37160,unknown,
37161,ok,1947
37164,recent,
37165,unknown,
37166,ok,1949
37167,unknown,
37168,ok,1886
37169,ok,1935
37170,ok,1898
37171,ok,1898
37172,ok,1873
37173,ok,1873
37174,ok,1873
37175,ok,1917
37176,ok,1931
37177,unknown,
37178,ok,1908
37179,ok,1935
37180,ok,1935
37181,ok,1943
37182,unknown,
37183,ok,1899
37184,ok,1899
37185,ok,1904
37186,ok,1924
37187,unknown,
37188,ok,1908
37189,recent,
37190,ok,1947
37191,ok,1929
37193,unknown,
37194,ok,1907
37195,ok,1821
37197,recent,
37198,ok,1916
37199,recent,
37201,unknown,
37203,ok,1903
37204,ok,1942
37205,recent,
37206,ok,1930
37207,recent,
37208,ok,1924
37209,ok,1944
37210,unknown,
37211,unknown,
37212,ok,1944
37213,ok,1950
37214,ok,1950
37215,unknown,
37216,unknown,
37217,ok,1874
37218,recent,
37219,ok,1878
37220,recent,
37221,ok,1945
37222,ok,1905
37223,ok,1931
37224,ok,1884
37225,ok,1914
37226,ok,1908
37227,recent,
37228,unknown,
37230,ok,1898
37231,ok,1907
37232,ok,1907
37233,ok,1907
37234,ok,1933
37235,ok,1934
37236,ok,1913
37237,unknown,
37238,unknown,
37239,ok,1927
37240,unknown,
37242,unknown,
37243,ok,1947
37244,ok,1933
37245,ok,1923
37246,unknown,
37248,unknown,
37249,ok,1930
37250,recent,
37251,ok,1910
37252,ok,1910
37253,ok,1910
37254,ok,1901
37255,ok,1901
37256,ok,1880
37257,ok,1936
37258,ok,1936
37259,ok,1936
37260,ok,1931
37261,unknown,
37262,unknown,
37263,unknown,
37264,unknown,
37265,unknown,
37268,ok,1880
37269,unknown,
37270,ok,1923
37271,recent,
37272,ok,1911
37273,unknown,
37274,ok,1896
37275,ok,1908
37276,unknown,
37277,ok,1947
37278,ok,1925
37308,ok,1916
37280,ok,1936
37281,unknown,
37282,unknown,
37283,unknown,
37284,ok,1935
37285,unknown,
37286,ok,1909
37287,ok,1918
37288,recent,
37289,ok,1913
37290,unknown,
37291,unknown,
37292,ok,1899
37293,ok,1932
37294,ok,1947
37295,recent,
37296,unknown,
37298,ok,1952
37299,ok,1941
37300,recent,
37301,unknown,
37302,ok,1718
37303,unknown,
37304,unknown,
37305,ok,1887
37306,ok,1944
37307,unknown,
65778,ok,1944
37309,unknown,
37310,unknown,
37311,ok,1954
37313,ok,1930
37314,ok,1917
37315,unknown,
37317,unknown,
37319,unknown,
37320,ok,1921
37321,ok,1776
37322,ok,1941
37323,unknown,
37324,ok,1923
37325,ok,1910
37326,ok,1910
37327,ok,1910
37328,ok,1910
37329,ok,1910
37330,ok,1910
37331,ok,1921
37332,ok,1924
37333,ok,1933
37335,ok,1926
37336,ok,1874
37337,ok,1921
37338,ok,1921
37339,ok,1909
37340,ok,1936
37341,ok,1917
37342,ok,1923
37343,ok,1944
37344,ok,1836
37345,ok,1923
37346,ok,1945
37347,ok,1936
37348,ok,1920
37350,recent,
37351,ok,1915
37353,unknown,
37354,ok,1898
37355,ok,1925
37356,ok,1929
37357,ok,1910
37358,ok,1954
37359,unknown,
37360,ok,1934
37361,ok,1916
37362,unknown,
37363,ok,1937
37364,ok,1936
37365,ok,1913
37366,ok,1913
37367,ok,1913
37368,ok,1941
37369,ok,1870
37370,ok,1897
37371,ok,1914
37372,unknown,
37373,ok,1939
37374,ok,1891
37375,ok,1881
37376,ok,1930
37378,unknown,
37379,unknown,
37380,ok,1878
37381,ok,1863
37383,unknown,
37384,ok,1936
37385,unknown,
37386,unknown,
37387,ok,1942
37388,unknown,
37389,unknown,
37390,ok,1954
37391,unknown,
37392,recent,
37394,ok,1932
37396,unknown,
37398,recent,
37399,ok,1914
37400,ok,1741
37401,ok,1738
37403,unknown,
37404,ok,1902
37405,ok,1932
37406,ok,1916
37407,unknown,
37408,ok,1950
37409,ok,1908
37410,ok,1922
37411,ok,1933
37412,ok,1928
37413,ok,1927
37414,ok,1900
37415,ok,1933
37416,ok,1895
37417,unknown,
37418,unknown,
37419,ok,1924
37420,recent,
37421,ok,1932
37422,unknown,
37423,ok,1952
37424,unknown,
37425,ok,1916
37426,ok,1947
37427,ok,1894
37428,unknown,
37429,ok,1932
37430,ok,1949
37431,ok,1924
37432,unknown,
37433,unknown,
37434,unknown,
37437,ok,1840
37438,ok,1840
37439,ok,1840
68040,ok,1915
37440,ok,1840
37441,ok,1840
37443,unknown,
37444,unknown,
37445,unknown,
37446,ok,1948
37447,ok,1934
37448,recent,
37449,ok,1934
37450,recent,
37451,recent,
37452,ok,1861
37453,unknown,
37454,unknown,
37455,ok,1938
37456,unknown,
37457,ok,1936
37458,ok,1932
37459,ok,1932
37460,unknown,
37461,unknown,
37462,ok,1920
37463,ok,1945
37464,ok,1940
37465,unknown,
37466,ok,1912
37467,ok,1907
37468,ok,1935
37469,recent,
37470,ok,1927
37471,ok,1876
37472,unknown,
37473,unknown,
37475,unknown,
37476,ok,1907
37477,ok,1922
37478,ok,1939
37479,recent,
37480,ok,1933
37481,ok,1947
37482,ok,1944
37483,unknown,
37484,unknown,
37485,recent,
37486,unknown,
37487,ok,1940
37488,unknown,
37489,ok,1700
37490,recent,
37491,ok,1784
37492,ok,1920
37493,unknown,
37494,ok,1907
37495,ok,1925
37496,unknown,
37497,ok,1923
37498,unknown,
37529,unknown,
37499,unknown,
37501,ok,1918
37502,ok,1946
37503,ok,1916
37504,unknown,
37505,unknown,
37506,unknown,
37507,ok,1906
37508,unknown,
37509,ok,1913
37510,ok,1923
37511,unknown,
37512,unknown,
37513,ok,1936
37514,ok,1831
37515,ok,1913
37516,unknown,
37517,unknown,
37518,unknown,
37519,unknown,
37520,ok,1898
37521,unknown,
37523,unknown,
37524,ok,1884
37526,unknown,
37527,ok,1889
37528,ok,1933
37530,unknown,
37531,ok,1934
37532,unknown,
37533,ok,1818
37534,ok,1869
37535,ok,1923
37536,unknown,
37537,unknown,
37538,ok,1914
37539,ok,1955
37540,ok,1880
37542,ok,1748
37543,ok,1748
37544,ok,1941
37545,ok,1946
37546,unknown,
37547,unknown,
37548,unknown,
37549,ok,1935
37550,ok,1916
37551,ok,1919
37552,unknown,
37553,unknown,
37554,unknown,
37555,unknown,
37556,ok,1953
37557,ok,1950
37558,ok,1941
37559,unknown,
37560,unknown,
37561,recent,
37562,unknown,
37563,ok,1911
37564,unknown,
37565,ok,1951
37566,unknown,
37567,ok,1869
37568,unknown,
37569,ok,1890
37570,ok,1846
37571,ok,1846
37572,unknown,
37573,ok,1858
37574,unknown,
37575,unknown,
37576,ok,1927
37577,unknown,
37578,ok,1923
37580,unknown,
37581,ok,1870
37582,ok,1945
37583,unknown,
37584,recent,
37586,unknown,
37587,unknown,
37588,ok,1910
37589,ok,1929
37591,ok,1923
37592,ok,1874
37593,unknown,
37595,unknown,
37596,ok,1883
37597,ok,1934
37598,ok,1921
37599,ok,1951
37600,recent,
37601,ok,1887
37602,unknown,
37603,ok,1946
37604,ok,1869
37606,unknown,
37607,ok,1935
37608,ok,1869
37609,recent,
37610,unknown,
37611,ok,1878
37612,ok,1930
37613,ok,1940
37614,recent,
37615,ok,1905
69584,recent,
37616,ok,1869
37617,ok,1869
37618,ok,1925
37619,ok,1922
37621,unknown,
37622,ok,1887
37623,unknown,
37624,unknown,
37625,ok,1864
37627,ok,1916
37628,unknown,
37630,ok,1869
37631,ok,1854
37632,unknown,
37633,recent,
37634,ok,1832
37635,ok,1909
37636,unknown,
37638,unknown,
37639,unknown,
37640,ok,1882
37642,ok,1916
37643,ok,1916
37644,ok,1916
37645,ok,1832
37646,unknown,
37647,ok,1912
37648,ok,1880
37649,ok,1898
37650,unknown,
37681,ok,1944
37651,ok,1923
37652,recent,
37653,recent,
37654,ok,1898
37655,unknown,
37656,ok,1919
37657,ok,1856
37658,unknown,
37659,ok,1935
37660,ok,1945
37661,unknown,
37662,ok,1938
37664,ok,1942
37665,ok,1914
37666,unknown,
37667,recent,
37668,unknown,
37669,ok,1907
37670,unknown,
37671,ok,1948
37672,ok,1933
37673,unknown,
37674,unknown,
37675,unknown,
37676,ok,1931
37677,recent,
37678,unknown,
37679,unknown,
37680,ok,1911
37682,ok,1804
37683,ok,1923
37684,unknown,
37685,ok,1934
37686,unknown,
37687,ok,1910
37688,ok,1933
37690,unknown,
37691,ok,1934
37692,ok,1951
37693,ok,1889
37694,ok,1789
37695,ok,1848
37696,unknown,
37697,ok,1933
37698,ok,1947
37699,ok,1899
37700,ok,1868
37701,ok,1907
37702,ok,1907
37703,ok,1899
37704,ok,1899
37705,ok,1848
37706,unknown,
37707,ok,1892
37708,unknown,
37709,ok,1912
37710,recent,
37711,unknown,
37712,ok,1930
37713,unknown,
37714,ok,1940
37715,unknown,
37717,unknown,
37718,ok,1931
37722,unknown,
37723,ok,1903
37724,ok,1903
37725,unknown,
37726,unknown,
37727,unknown,
37728,ok,1935
37729,unknown,
37730,unknown,
37731,ok,1945
37732,unknown,
37733,ok,1872
37734,ok,1912
37735,ok,1921
37736,unknown,
37737,unknown,
37738,ok,1896
37739,ok,1940
37740,unknown,
37741,unknown,
37742,recent,
37743,ok,1904
37744,ok,1895
37745,ok,1883
37746,unknown,
37748,ok,1932
37750,ok,1882
37751,recent,
37752,recent,
37753,recent,
37754,ok,1916
37755,unknown,
37756,ok,1946
37758,recent,
37759,ok,1894
37760,unknown,
37761,ok,1945
37762,ok,1870
37764,recent,
37765,unknown,
37766,ok,1955
37767,unknown,
37769,unknown,
37770,ok,1923
37771,ok,1870
37772,unknown,
37773,ok,1900
37774,ok,1833
37775,ok,1936
37777,ok,1894
37778,unknown,
37779,unknown,
37780,ok,1923
37781,ok,1925
37782,ok,1947
37784,recent,
37785,unknown,
37786,ok,1909
37787,ok,1922
37788,ok,1898
37792,ok,1928
37793,ok,1935
37794,ok,1893
37795,ok,1908
37796,unknown,
37797,unknown,
37798,unknown,
37799,unknown,
37800,ok,1932
37801,unknown,
37802,unknown,
37839,ok,1895
37803,ok,1938
37804,ok,1930
37805,ok,1905
37806,unknown,
37807,ok,1888
37808,recent,
37809,unknown,
37810,ok,1909
37811,recent,
37812,recent,
37813,ok,1905
37814,ok,1905
37815,recent,
37817,ok,1833
37818,ok,1884
37820,ok,1945
37821,ok,1909
37823,recent,
37824,recent,
37825,ok,1926
37826,unknown,
37827,ok,1952
37829,recent,
37831,ok,1875
37832,ok,1875
37833,ok,1875
37834,ok,1913
37836,ok,1874
37837,unknown,
37838,recent,
37840,ok,1889
37841,unknown,
37842,ok,1914
37843,unknown,
37844,unknown,
37845,ok,1939
37846,ok,1929
37848,ok,1884
37850,ok,1889
37851,unknown,
37852,recent,
37853,ok,1904
37854,ok,1914
37855,recent,
37856,ok,1917
37857,ok,1915
37858,ok,1946
37859,unknown,
37860,recent,
37861,recent,
37862,recent,
37863,unknown,
37864,ok,1904
37865,ok,1893
37866,ok,1926
37867,unknown,
37870,ok,1941
37871,unknown,
37872,unknown,
37873,ok,1924
37874,unknown,
37876,ok,1936
37877,unknown,
37878,ok,1952
37880,unknown,
37881,recent,
37882,ok,1949
37883,ok,1915
37884,unknown,
37886,unknown,
37887,ok,1879
37888,ok,1905
37889,ok,1852
37890,ok,1910
37891,unknown,
37892,ok,1921
37893,ok,1910
37894,recent,
37896,ok,1854
37897,ok,1941
37898,ok,1866
37899,unknown,
37901,ok,1929
37903,unknown,
37904,unknown,
37905,unknown,
37906,ok,1945
37907,ok,1897
37908,ok,1853
37909,unknown,
37910,unknown,
37911,unknown,
37912,unknown,
37913,recent,
37914,ok,1876
37915,ok,1896
37916,unknown,
37917,ok,1940
37918,unknown,
37919,recent,
37920,ok,1912
37921,ok,1943
37922,ok,1916
37923,ok,1754
37924,unknown,
37925,ok,1836
37926,ok,1915
37927,unknown,
37928,unknown,
37929,unknown,
37930,ok,1918
37937,ok,1938
37938,unknown,
37939,unknown,
37941,unknown,
37942,unknown,
37943,ok,1952
37974,ok,1925
37944,ok,1946
37946,unknown,
37947,ok,1852
37948,ok,1905
37949,ok,1951
37950,ok,1912
37951,ok,1944
37952,recent,
37953,ok,1923
37954,ok,1941
37955,ok,1922
37956,ok,1922
37957,ok,1882
37958,ok,1876
37959,ok,1929
37960,ok,1954
37961,recent,
37962,recent,
37963,ok,1915
37964,ok,1938
37965,recent,
37966,ok,1915
37967,recent,
37968,ok,1896
37969,ok,1938
37970,unknown,
37971,unknown,
37972,ok,1913
37973,ok,1925
37975,ok,1925
37976,ok,1919
37977,ok,1916
37978,ok,1916
37979,ok,1935
37980,unknown,
37981,ok,1888
37982,unknown,
37983,unknown,
37984,unknown,
37985,ok,1945
37987,ok,76
37988,ok,1858
37989,ok,1876
37990,ok,1937
37992,ok,1731
37993,ok,1946
37995,unknown,
37996,unknown,
37997,ok,1868
37998,unknown,
37999,ok,1904
38000,ok,1920
38001,ok,1871
38002,unknown,
38003,ok,1945
38004,unknown,
38160,ok,1915
38005,ok,1934
38006,ok,1926
38007,ok,1896
38008,ok,1905
38009,ok,1946
38010,ok,1895
38011,ok,1907
38013,ok,1929
38014,ok,1938
38015,recent,
38016,recent,
38017,ok,1913
38018,ok,1932
38019,unknown,
38020,ok,1904
38021,recent,
38022,ok,1891
38023,ok,1916
38024,ok,1943
38025,ok,1939
38026,ok,1930
38027,recent,
38028,ok,1906
38029,unknown,
38030,ok,1954
38031,ok,1935
38032,ok,1949
70107,ok,1955
38034,ok,1922
38035,recent,
38036,unknown,
38037,ok,1896
38038,ok,1921
38039,ok,1928
38040,unknown,
38041,ok,1914
38042,unknown,
38043,ok,1916
38044,ok,1911
38045,unknown,
38046,recent,
38047,ok,1949
38048,ok,1936
38049,ok,1904
38050,unknown,
38051,recent,
38052,recent,
38053,unknown,
38054,ok,1915
38056,ok,1919
38057,ok,1857
38058,ok,1857
38059,ok,1857
38060,recent,
38061,ok,1941
38062,ok,1949
38063,ok,1954
38064,unknown,
38065,ok,1898
38066,unknown,
38067,unknown,
38068,ok,1943
38069,ok,1945
38070,unknown,
38071,ok,1930
38072,ok,1943
38073,recent,
38074,ok,1918
38075,ok,1904
38076,ok,1936
38077,ok,1922
38078,ok,1928
38079,ok,1947
38081,ok,1907
38083,ok,1926
38084,ok,1926
38085,ok,1926
38086,unknown,
38087,ok,1945
38088,ok,1945
38089,unknown,
38090,unknown,
38091,ok,1947
38092,ok,1915
38093,ok,1899
38127,ok,1910
38094,unknown,
38095,ok,1899
38096,ok,1899
38097,ok,1915
38098,ok,1899
38099,ok,1899
38100,ok,1876
38101,ok,1899
38102,ok,1789
38103,ok,1899
38104,ok,1906
38105,ok,1899
38106,unknown,
38107,ok,1899
38108,ok,1949
38109,unknown,
38110,unknown,
38111,ok,1896
38112,ok,1944
38114,unknown,
38115,unknown,
38116,ok,1890
38117,recent,
38118,ok,1896
38120,ok,1920
38122,ok,1887
38123,unknown,
38128,ok,1875
38129,recent,
38130,ok,1946
38131,unknown,
38132,unknown,
38134,unknown,
38135,recent,
38136,ok,1921
38137,ok,1913
38138,ok,1873
38139,ok,1931
38141,unknown,
38142,ok,1857
38143,unknown,
38144,ok,1945
38145,ok,1949
38146,ok,1949
38147,ok,1903
38148,ok,1949
38149,recent,
38150,ok,1893
38152,unknown,
38153,ok,1946
38154,ok,1925
38155,unknown,
38156,ok,1915
38159,unknown,
38161,ok,1915
38162,ok,1900
38164,unknown,
38165,unknown,
38166,ok,1852
38167,ok,1917
38168,ok,1937
38169,ok,1914
38170,unknown,
38171,unknown,
38172,recent,
38173,ok,1947
38174,ok,1947
38175,ok,1899
38176,unknown,
38177,recent,
38178,ok,1816
38179,ok,1876
38180,recent,
38181,ok,1915
38182,ok,1908
38183,unknown,
38184,ok,1873
38185,ok,1933
38186,ok,1936
38187,ok,1947
38188,ok,1915
38261,unknown,
38189,ok,1873
38190,ok,1924
38191,unknown,
38193,unknown,
38194,ok,1821
38195,ok,1939
38196,ok,1897
38197,ok,1897
38198,ok,1897
38199,ok,1910
38201,ok,1929
38202,unknown,
38203,ok,1910
38205,ok,1938
38206,recent,
38207,ok,1913
38208,ok,1912
38209,ok,1901
38210,unknown,
38212,ok,1897
38214,ok,1935
38215,unknown,
38219,ok,1939
38222,recent,
38223,ok,1909
38225,ok,1866
38226,unknown,
38227,unknown,
38228,ok,1942
38230,ok,1852
38231,unknown,
38232,ok,1839
38233,ok,1918
38234,recent,
38235,unknown,
38236,ok,1910
38237,ok,1922
38238,ok,1925
38240,ok,1916
38241,ok,1934
38242,ok,1820
38243,ok,1912
38244,ok,1912
38245,recent,
38246,ok,1931
38247,recent,
38248,ok,1946
38249,recent,
38250,ok,1916
38251,ok,1923
38252,ok,1949
38253,ok,1903
38254,unknown,
38255,ok,1932
38256,ok,1803
38257,ok,1803
38258,ok,1803
38262,ok,1910
38263,ok,1910
38264,ok,1930
38265,ok,1904
38266,ok,1893
38267,ok,1927
38268,ok,1939
38269,ok,1954
38270,unknown,
38271,unknown,
38273,ok,1933
38274,ok,1908
38275,unknown,
38276,ok,1910
38277,ok,1910
38279,ok,1904
38280,recent,
38282,unknown,
38283,ok,1935
38284,ok,1916
38286,ok,1945
38287,recent,
38288,ok,1946
38289,ok,1933
38290,unknown,
38291,ok,1929
38292,ok,1929
38293,ok,1938
38294,unknown,
38296,ok,1910
38297,ok,1901
38299,unknown,
38300,unknown,
38301,unknown,
38302,recent,
38303,unknown,
38304,unknown,
38305,unknown,
38306,ok,1916
38307,unknown,
38308,unknown,
38309,ok,1928
38310,unknown,
38311,recent,
38312,ok,1933
38313,ok,1218
38314,unknown,
38315,ok,1929
38316,ok,1889
38317,ok,1916
38318,ok,1953
38319,unknown,
38320,unknown,
38321,ok,1949
38323,ok,1916
38324,unknown,
38325,recent,
38326,unknown,
38327,unknown,
38328,unknown,
38329,unknown,
38330,ok,1897
38331,ok,1871
38332,ok,1871
38334,ok,1870
38335,ok,1936
38337,unknown,
38339,unknown,
38340,unknown,
38341,unknown,
38342,unknown,
38343,ok,1945
38345,ok,1921
38346,ok,1933
38347,ok,1935
38348,ok,1912
38349,ok,1939
38350,unknown,
38351,ok,1922
38352,ok,1899
38353,ok,1909
38354,ok,1823
38355,unknown,
38356,recent,
38357,ok,1923
38358,unknown,
38359,unknown,
38361,ok,1874
38362,ok,1873
38363,ok,1952
38364,ok,1944
38365,ok,1877
38366,recent,
38367,ok,1873
38368,ok,1952
38369,unknown,
38370,ok,1913
38371,ok,1941
38372,ok,1843
38373,ok,1908
38374,ok,1919
38375,unknown,
38376,unknown,
38377,ok,1843
38378,ok,1919
38379,ok,1843
38380,unknown,
38381,ok,1943
38382,ok,1799
38383,ok,1924
38384,ok,1928
38385,ok,1890
38386,unknown,
38387,ok,1940
38388,ok,1921
38389,ok,1931
38390,ok,1877
38391,ok,1935
38392,unknown,
38393,ok,1938
38394,ok,1938
38398,recent,
38399,unknown,
38400,ok,1887
38401,unknown,
38403,unknown,
38404,recent,
38405,unknown,
38406,ok,1945
38407,unknown,
38408,ok,1874
38409,unknown,
38410,recent,
38411,ok,1938
38412,ok,1939
38413,ok,1926
38442,unknown,
70145,unknown,
38415,unknown,
38416,ok,1896
38417,ok,1892
38418,ok,1904
38419,ok,1914
38420,ok,1928
38421,ok,1922
38423,ok,1925
38424,ok,1916
38425,unknown,
38427,unknown,
38428,unknown,
38429,ok,1945
38430,ok,1919
38431,unknown,
38432,ok,1939
38433,unknown,
38434,ok,1945
38435,ok,1857
38436,recent,
38437,unknown,
38438,ok,1927
38439,unknown,
38440,recent,
38441,recent,
38443,ok,1930
38444,unknown,
38445,ok,1954
38446,ok,1901
38447,unknown,
38448,ok,1898
38450,unknown,
38452,ok,1929
38453,unknown,
38454,unknown,
38455,ok,1951
38456,ok,1903
38457,ok,1924
38458,ok,1940
38460,ok,1873
38462,ok,1903
38463,ok,1895
38464,ok,1900
38466,unknown,
38467,unknown,
38468,ok,1936
38469,ok,1860
38470,ok,1933
38471,ok,1949
38472,ok,1949
38474,ok,1949
38475,ok,1950
38477,ok,1945
38478,ok,1903
38479,ok,1880
38480,unknown,
38481,unknown,
38482,unknown,
38483,ok,1930
38484,ok,1930
38485,unknown,
38486,ok,1882
38487,ok,1932
38488,ok,1894
38489,recent,
38490,ok,1937
38491,unknown,
38492,ok,1944
38493,ok,1925
38495,ok,1775
38497,ok,1898
38498,recent,
38499,unknown,
38500,ok,1931
38501,ok,1775
38503,recent,
38504,ok,1936
38507,ok,1775
38508,ok,1948
38510,ok,1818
38511,unknown,
38512,recent,
38513,ok,1627
38514,unknown,
38516,ok,1949
38517,ok,1894
38519,ok,1775
38520,ok,1935
38521,ok,1948
38523,ok,1925
38525,ok,1806
38526,ok,1945
38621,ok,1889
38527,ok,1949
38528,unknown,
38529,ok,1950
38530,ok,1955
38531,ok,1899
38532,ok,1903
38534,ok,1906
38535,recent,
38536,unknown,
38537,ok,1903
38538,ok,1923
38539,unknown,
38540,ok,1952
38542,ok,1913
38543,unknown,
38544,ok,1949
38545,ok,1863
38548,ok,1886
38549,ok,1899
38550,ok,1899
38551,ok,1935
38552,unknown,
38553,ok,1946
38554,ok,1892
38555,unknown,
38556,ok,1913
38557,unknown,
70929,ok,1926
38558,recent,
38559,recent,
38560,unknown,
38561,ok,1930
38562,ok,1929
38564,unknown,
38565,unknown,
38566,ok,1890
38567,ok,1888
38569,ok,1945
38570,ok,1950
38571,ok,1934
38572,ok,1942
38573,unknown,
38574,unknown,
38575,ok,1899
38576,unknown,
38577,ok,1943
38579,ok,1917
38580,unknown,
38581,ok,1933
38582,ok,1914
38583,ok,1932
38584,ok,1878
38585,unknown,
38586,ok,1949
38587,ok,1949
38588,ok,1867
38589,ok,1908
38590,unknown,
38591,ok,1841
38592,ok,1934
38593,ok,1866
38594,unknown,
38595,ok,1944
38596,ok,1906
38597,unknown,
38599,recent,
38600,ok,1883
38601,unknown,
38602,recent,
38603,ok,1925
38604,ok,1931
38606,unknown,
38607,ok,1889
38608,ok,1954
38609,unknown,
38610,ok,1945
38611,ok,1943
38612,ok,1866
38613,unknown,
38614,ok,1955
38615,unknown,
38616,ok,1935
38617,unknown,
38618,ok,1912
38619,ok,1947
38620,unknown,
38622,unknown,
38623,ok,1887
38624,ok,1887
38625,ok,1887
38626,unknown,
38627,ok,1909
38629,ok,1925
38630,unknown,
38631,ok,1876
38632,ok,1876
38633,ok,1876
38634,unknown,
38635,ok,1945
38636,unknown,
38639,unknown,
38640,unknown,
38642,ok,1866
38643,ok,1890
38644,ok,1843
38645,recent,
38646,ok,1934
38647,ok,1934
38648,ok,1948
38649,ok,1899
38652,ok,1915
38653,ok,1821
38654,recent,
38655,ok,1899
38691,ok,1944
38656,unknown,
38657,ok,1934
38658,ok,1912
38659,unknown,
38660,ok,1843
38661,ok,1874
38662,ok,1926
38663,ok,1948
38664,ok,1948
38665,ok,1948
38666,ok,1891
38670,ok,1945
38671,unknown,
38672,unknown,
38674,ok,1905
38675,ok,1943
38676,unknown,
38677,ok,1901
38678,ok,1948
38679,ok,1948
38680,ok,1942
38681,unknown,
38682,unknown,
38683,ok,1949
38684,ok,1948
38685,ok,1948
38687,ok,1913
38688,ok,1913
38689,ok,1948
38690,ok,1945
38693,ok,1948
38694,ok,1934
38695,unknown,
38696,ok,1852
38699,ok,1923
38700,ok,1923
38701,unknown,
38702,ok,1942
38703,recent,
38704,ok,1900
38705,ok,1859
38706,ok,1859
38709,unknown,
38710,ok,1911
38711,ok,1933
38712,ok,1935
38713,ok,1908
38714,unknown,
38715,unknown,
38716,ok,1909
38718,ok,1948
38719,ok,1948
38721,ok,1949
38722,ok,1912
38723,ok,1945
38724,ok,1834
38725,unknown,
38726,unknown,
38727,ok,1822
38729,unknown,
38730,ok,1933
38731,unknown,
38732,ok,1934
38733,ok,1952
38734,ok,1931
38735,ok,1931
38736,ok,1869
38737,unknown,
38738,recent,
38739,recent,
38740,ok,1878
38741,ok,1854
38742,unknown,
38743,unknown,
38745,unknown,
38746,ok,1952
38747,ok,1945
38748,ok,1939
38749,ok,1936
38750,unknown,
38751,unknown,
38752,ok,1946
38753,recent,
38756,ok,1890
38757,ok,1918
38758,ok,1934
38759,ok,1821
38760,unknown,
38761,ok,1921
38762,ok,1943
38763,ok,1891
38764,ok,1902
38766,ok,1913
38767,ok,1929
38768,unknown,
38769,ok,1947
38770,recent,
38771,ok,1914
38773,unknown,
38774,ok,1867
38775,ok,1952
38776,recent,
38777,ok,1942
38778,unknown,
38779,ok,1881
38781,ok,1940
38782,ok,1925
38783,ok,1939
38784,ok,1913
38785,ok,1872
38786,unknown,
38787,unknown,
38816,recent,
38788,unknown,
38789,unknown,
38790,recent,
38791,ok,1908
38792,ok,1894
38793,ok,1953
38794,unknown,
38795,unknown,
38796,ok,1933
38797,ok,1884
38798,ok,1885
38799,unknown,
38801,ok,1899
38802,ok,1899
38803,ok,1899
38804,ok,1899
38805,ok,1899
38806,ok,1899
38807,ok,1899
38808,ok,1899
38809,ok,1899
38810,ok,1899
38811,ok,1899
38812,ok,1899
38813,recent,
38815,unknown,
38817,unknown,
38818,ok,1930
38819,ok,1933
38820,unknown,
38821,ok,1914
38822,ok,1877
38823,unknown,
38824,unknown,
38825,unknown,
38826,ok,1939
38827,ok,1904
38828,ok,1904
38829,ok,1925
38830,ok,1933
38831,ok,1874
38832,ok,1887
38833,ok,1937
38834,unknown,
38835,ok,1947
38837,ok,1860
38838,ok,1853
38839,ok,1926
38840,ok,1917
38841,unknown,
38842,unknown,
38843,ok,1933
38844,ok,1947
38874,ok,1926
38845,unknown,
38846,ok,1930
38847,ok,1705
38848,ok,1950
38849,ok,1949
38850,ok,1910
38853,ok,1891
38854,ok,1891
38855,ok,1911
38856,ok,1950
38857,ok,1950
38858,ok,1898
38859,ok,1921
38860,ok,1929
38861,ok,1891
38862,ok,1891
38863,ok,1891
38864,unknown,
38865,ok,1891
38866,ok,1890
38867,ok,1887
38868,unknown,
38869,ok,1907
38870,unknown,
38871,ok,1928
38872,ok,1928
38873,ok,1927
38875,ok,1891
38876,ok,1925
38877,ok,1939
38879,ok,1877
38880,unknown,
38881,unknown,
38883,unknown,
38884,recent,
38886,ok,1947
38887,unknown,
38888,unknown,
38889,ok,1915
38890,ok,1915
38891,ok,1925
38892,unknown,
38893,ok,1945
38894,ok,1949
38895,ok,1884
38896,ok,1937
38897,recent,
38898,ok,1916
38899,unknown,
38900,unknown,
38901,ok,1823
38902,ok,1908
38903,unknown,
38904,unknown,
38905,ok,1908
38906,ok,1882
38907,ok,1895
38909,recent,
38910,ok,1928
38911,ok,1928
38912,unknown,
38913,ok,1854
38916,ok,1940
38917,recent,
38918,ok,1929
38921,ok,1948
38922,ok,1885
38923,ok,1900
38925,ok,1919
38926,unknown,
38927,ok,1944
38928,ok,1909
38929,unknown,
38931,ok,1723
38932,recent,
38933,ok,1946
38934,recent,
38935,unknown,
38936,unknown,
38938,ok,1909
38939,ok,1931
38940,ok,1918
38941,ok,1905
38942,ok,1897
38943,ok,1925
38944,unknown,
38945,ok,1938
38946,unknown,
38948,ok,1884
38949,ok,1862
38950,ok,1928
38951,ok,1876
38952,unknown,
38953,ok,1902
38954,ok,1896
38955,unknown,
38956,ok,1922
38957,ok,1922
38958,ok,1933
38959,unknown,
38960,ok,1901
38961,ok,1865
38962,recent,
38963,ok,1950
38964,unknown,
38965,ok,1940
38966,unknown,
71182,ok,1877
38967,ok,1871
38968,ok,1930
38969,unknown,
38970,unknown,
38971,ok,1857
38973,unknown,
38974,ok,1832
38976,ok,1907
38977,ok,1924
38978,ok,1909
38981,ok,1912
38982,ok,1940
38983,recent,
38984,ok,1920
38985,ok,1928
38987,unknown,
38989,ok,1928
38990,ok,1928
38991,recent,
38992,unknown,
38993,recent,
38994,unknown,
38995,ok,1874
38996,unknown,
38997,ok,1863
38998,ok,1894
38999,unknown,
71259,ok,1832
39000,ok,1940
39001,ok,1924
39002,ok,1933
39003,ok,1912
39005,ok,1890
39006,ok,1901
39009,ok,1859
39010,unknown,
39011,ok,1906
39012,ok,1916
39013,ok,1888
39014,ok,1930
39015,ok,1866
39016,unknown,
39017,ok,1947
39018,ok,1946
39019,ok,1945
39020,unknown,
39021,ok,1948
39022,recent,
39023,recent,
39024,ok,1857
39025,ok,1932
39026,ok,1936
39055,ok,1849
39027,unknown,
39028,ok,1872
39029,unknown,
39030,ok,1933
39031,ok,1873
39032,ok,1933
39033,ok,1937
39036,ok,1942
39037,ok,1862
39038,ok,1604
39040,unknown,
39041,ok,1871
39042,ok,1937
39044,ok,1797
39045,ok,1934
39047,ok,1921
39048,ok,1909
39049,ok,1911
39050,unknown,
39051,unknown,
39052,ok,1789
39053,ok,1909
39054,ok,1939
39221,ok,1891
39056,recent,
39060,ok,1833
39061,unknown,
39062,unknown,
39063,unknown,
39064,ok,1897
39065,ok,1917
39066,ok,1929
39067,ok,1894
39068,ok,1949
39070,ok,1924
39071,ok,1884
39072,ok,1939
39074,ok,1862
39075,unknown,
39076,unknown,
39077,unknown,
39078,ok,1954
39079,ok,1883
39080,ok,1867
39081,ok,1942
39082,ok,1925
39083,unknown,
39084,ok,1914
39087,ok,1879
39088,ok,1871
39089,ok,1942
39090,ok,1931
39091,unknown,
39092,ok,1943
39093,ok,1870
39094,unknown,
39095,unknown,
39097,ok,1920
39098,unknown,
39100,ok,1938
39101,ok,1876
39102,ok,1955
39103,ok,1947
39104,ok,1887
39105,ok,1892
39106,ok,1906
39108,ok,1935
39109,ok,1936
39110,unknown,
39111,ok,1903
39112,ok,1894
39114,ok,1875
39115,ok,1877
39116,ok,1921
39117,unknown,
39118,ok,1933
39119,ok,1915
39120,ok,1915
39121,ok,1908
39122,recent,
39123,ok,1906
39124,ok,1915
39125,unknown,
39127,unknown,
39128,recent,
39129,unknown,
39130,ok,1916
39131,ok,1922
39132,ok,1888
39133,ok,1885
39134,unknown,
39135,unknown,
39136,ok,1928
39137,ok,1928
39138,ok,1928
39139,ok,1863
39140,recent,
39141,recent,
39142,ok,1939
39143,recent,
39144,ok,1926
39145,ok,1942
39148,recent,
39149,unknown,
39150,unknown,
39151,unknown,
39152,ok,1881
39153,unknown,
39715,unknown,
39154,ok,1929
39155,unknown,
39156,ok,1913
39157,ok,1925
39158,ok,1939
39159,ok,1919
39160,ok,1949
39161,unknown,
39162,ok,1946
39163,ok,1875
39164,recent,
39165,unknown,
39166,ok,1951
39167,ok,1921
39168,ok,1928
39169,unknown,
39170,ok,1894
39171,ok,1929
39172,ok,1952
39173,ok,1905
39176,ok,1864
39178,ok,1937
39179,ok,1867
39180,unknown,
39183,unknown,
39184,recent,
39185,ok,1943
39187,ok,1752
39188,ok,1893
39190,unknown,
39192,ok,1887
39193,ok,1887
39194,unknown,
39195,ok,1939
39196,ok,1923
39197,unknown,
39198,ok,1897
39199,ok,1937
39200,ok,1881
39201,ok,76
39202,unknown,
39203,ok,1937
39204,ok,1939
39205,ok,1893
39206,ok,1937
39207,recent,
39210,ok,1946
39211,recent,
39212,ok,1899
39214,ok,1928
39215,ok,1928
39216,ok,1928
39217,ok,1928
39218,ok,1937
39219,ok,1908
39220,ok,1614
39222,recent,
39223,ok,1940
39225,unknown,
39226,unknown,
39227,ok,1951
39228,unknown,
39229,ok,1949
39230,unknown,
39231,ok,1931
39232,unknown,
39233,unknown,
39234,ok,1943
39235,unknown,
39236,unknown,
39237,ok,1951
39238,ok,1951
39240,unknown,
39241,unknown,
39242,unknown,
39243,unknown,
39244,ok,1909
39245,ok,1870
39246,unknown,
39248,recent,
39249,ok,1625
39250,ok,1929
39252,ok,1950
39253,ok,1893
39254,ok,1943
39255,ok,1943
39256,ok,1891
39257,ok,1898
39258,unknown,
39259,ok,1921
39260,ok,1906
39262,unknown,
39263,ok,1910
39264,unknown,
39265,ok,1911
39266,ok,1891
39267,ok,1840
39268,unknown,
39269,ok,1830
39270,ok,1933
39271,unknown,
39272,ok,1924
39273,ok,1903
39274,unknown,
39275,ok,1895
39278,ok,1886
39279,ok,1925
39280,ok,1939
39281,unknown,
39282,ok,1952
39283,ok,1900
39284,ok,1898
39285,ok,1889
39286,ok,1866
39288,ok,1932
39290,ok,1894
39291,ok,1950
39292,unknown,
39293,unknown,
39294,ok,1928
39295,ok,1928
39296,ok,1928
39297,ok,1928
39298,ok,1912
39300,ok,1949
39301,ok,1947
39302,ok,1947
39303,ok,1947
39304,ok,1947
39305,ok,1947
39306,ok,1947
39307,unknown,
39308,ok,1903
39309,ok,1942
39310,ok,1921
39311,ok,1857
39313,ok,1894
39314,ok,1874
39315,unknown,
39316,unknown,
39318,ok,1931
39320,ok,1715
39321,ok,1953
39322,ok,1908
39323,ok,1945
39324,ok,1924
39325,unknown,
39326,ok,1877
39327,unknown,
39328,ok,1893
39329,unknown,
39330,recent,
39331,ok,1838
39332,unknown,
39333,ok,1860
39334,ok,1918
39335,ok,1874
39338,unknown,
39339,ok,1942
39340,ok,1914
39341,unknown,
39342,unknown,
39343,unknown,
39344,ok,1866
39345,ok,1887
39346,ok,1890
39347,ok,1891
39348,ok,1913
39349,ok,1945
39351,unknown,
39353,unknown,
39355,unknown,
39356,recent,
39357,unknown,
39358,ok,1915
39359,unknown,
39360,ok,1921
39361,ok,1883
39362,unknown,
39363,ok,1852
39364,recent,
39366,ok,1939
39367,unknown,
39368,ok,1897
39369,ok,1897
39370,unknown,
39371,unknown,
39372,recent,
39373,ok,1925
39374,ok,1902
39375,ok,1921
39376,ok,1860
39377,ok,1887
39378,recent,
39379,unknown,
39380,ok,1916
39381,unknown,
39383,ok,1942
39384,ok,1878
39385,ok,1931
39387,ok,1943
39388,ok,1920
39392,ok,1936
39393,unknown,
39394,ok,1923
39395,ok,1923
39396,unknown,
39397,ok,1904
39398,ok,1937
39399,ok,1943
39400,recent,
39401,ok,1883
39402,recent,
39403,ok,1926
39405,unknown,
39406,recent,
39407,recent,
39408,ok,1953
39410,ok,1873
39411,ok,1860
39412,ok,1860
39413,ok,1860
39414,unknown,
39415,unknown,
39416,unknown,
39417,ok,1935
39420,unknown,
39421,recent,
39422,recent,
39423,ok,1888
39424,unknown,
39425,unknown,
39426,unknown,
39427,ok,1923
39428,ok,66
39429,ok,1929
39431,ok,1903
39432,ok,1928
39433,ok,1945
39434,ok,1929
39435,unknown,
39436,unknown,
39437,unknown,
39438,unknown,
39439,ok,1897
39440,ok,1897
39442,unknown,
39443,ok,1948
39445,ok,1919
39447,ok,1937
39448,unknown,
39449,ok,1875
39451,ok,1909
39452,ok,1930
39453,ok,1945
39454,unknown,
39455,ok,1943
39456,ok,1926
39457,recent,
39458,ok,1909
39459,unknown,
39461,ok,1886
39463,unknown,
39464,unknown,
39465,ok,1902
39466,recent,
39467,recent,
39468,recent,
39470,ok,1902
39471,ok,1855
39472,ok,1855
39473,ok,1931
39474,ok,1907
39475,unknown,
39477,ok,1855
39478,unknown,
39479,ok,1915
39481,unknown,
39482,recent,
39483,ok,1940
39484,recent,
39485,ok,1876
39486,ok,1922
39487,ok,1945
39488,recent,
39489,recent,
39490,recent,
39492,ok,1935
39494,recent,
39495,unknown,
39496,unknown,
39497,ok,1907
39498,ok,1928
39499,ok,1757
39500,ok,1908
39501,unknown,
39502,ok,1933
39503,unknown,
39504,unknown,
39505,unknown,
39508,ok,1932
39509,unknown,
39511,ok,1946
39512,ok,1866
39513,ok,1866
39514,ok,1908
39515,ok,1938
39516,recent,
39517,unknown,
39518,ok,1932
39519,ok,1860
39520,ok,1860
39521,unknown,
39522,ok,1916
39523,unknown,
39525,ok,1925
39526,ok,1930
39527,recent,
39528,recent,
39531,ok,1860
39532,ok,1908
39533,unknown,
39535,ok,1903
39537,ok,1940
39538,unknown,
39539,ok,1882
39540,ok,1927
39542,ok,1937
39543,ok,1937
39544,unknown,
39546,ok,1939
39547,ok,1933
39548,ok,1951
39549,ok,1921
39550,ok,1935
39551,ok,1952
39552,ok,1906
39554,ok,1921
39555,ok,1887
39556,recent,
39558,ok,1943
39559,unknown,
39560,ok,1895
39563,recent,
39564,unknown,
39566,ok,1938
39567,ok,1921
39568,ok,1923
39569,ok,1891
39570,unknown,
39571,ok,1906
39572,recent,
39574,recent,
39576,ok,1954
39577,unknown,
39578,unknown,
39580,ok,1909
39581,ok,1931
39582,recent,
39583,unknown,
39584,ok,1949
39585,ok,1946
39586,unknown,
39587,ok,1934
39588,recent,
39589,unknown,
39590,unknown,
39591,ok,1931
39592,unknown,
39593,ok,1931
39594,ok,1931
39595,ok,1934
39596,ok,1931
39597,unknown,
39598,ok,1931
39599,ok,1931
39602,ok,1901
39603,ok,1891
39604,recent,
39605,ok,1922
39606,unknown,
39607,ok,1864
39608,ok,1903
39609,ok,1948
39610,ok,1919
71555,ok,1906
39611,ok,1906
39612,ok,1922
39614,ok,1944
39615,ok,1875
39616,ok,1902
39617,ok,1904
39620,ok,1915
39621,unknown,
39622,ok,1943
39625,unknown,
39626,ok,1927
39627,ok,1896
39628,ok,1926
39629,ok,1926
39630,unknown,
39631,ok,1919
39632,unknown,
39634,unknown,
39635,ok,1941
39637,ok,1949
39638,unknown,
39639,unknown,
39640,ok,1878
39641,ok,1931
39642,ok,1942
39643,ok,1917
39644,ok,1900
39645,ok,1886
39646,ok,1954
39647,unknown,
39648,unknown,
39651,recent,
39652,ok,1922
39653,unknown,
39654,ok,1883
39655,ok,1894
39656,ok,1943
39657,ok,1948
39659,unknown,
39660,recent,
39661,ok,1906
39662,ok,1921
39663,unknown,
39664,ok,1934
39665,unknown,
39666,ok,1923
39668,ok,1922
39670,ok,1904
39671,ok,1944
39672,ok,1917
39673,ok,1884
39674,unknown,
39675,ok,1867
39676,unknown,
39677,unknown,
39679,ok,1871
39680,ok,1860
39681,recent,
39682,ok,1922
39683,ok,1921
39684,ok,1925
39685,recent,
39686,ok,1887
39687,ok,1944
39688,recent,
39689,recent,
39690,unknown,
39691,unknown,
39692,ok,1887
39693,ok,1887
39694,ok,1932
39695,unknown,
39696,ok,1931
39698,ok,1945
39700,unknown,
39701,ok,1855
39702,ok,1868
39703,ok,1536
39705,ok,1914
39706,recent,
39707,ok,1949
39708,recent,
39709,ok,1922
39710,ok,1863
39711,ok,1859
39712,unknown,
39713,ok,1922
39714,unknown,
39716,ok,1954
39718,ok,1930
39719,unknown,
39720,ok,1919
39721,unknown,
39723,ok,1894
39724,ok,1911
39725,ok,1936
39726,ok,1815
39727,ok,1921
39728,ok,1910
39729,ok,1910
39730,ok,1933
39731,ok,1905
39732,ok,1937
39733,ok,1888
39734,ok,1907
39735,unknown,
39738,ok,1876
39739,ok,1899
39740,ok,1920
39741,ok,1943
39742,ok,1951
39743,ok,1925
39744,ok,1936
39745,ok,1908
39746,ok,1914
39747,ok,1842
39748,ok,1921
39749,ok,1904
39750,ok,1921
39751,recent,
39752,ok,1854
39753,unknown,
39754,ok,1921
39755,ok,1951
39757,ok,1922
39758,ok,1852
39759,ok,1874
39760,unknown,
39761,unknown,
39765,ok,1870
39766,ok,1896
39767,ok,1942
39768,ok,1893
39769,ok,1936
39770,unknown,
39771,ok,1937
39772,ok,1933
39773,unknown,
39774,ok,1947
39775,unknown,
39776,ok,1835
39777,ok,1921
39778,ok,1922
39779,ok,1954
39780,ok,1926
39781,ok,1911
39782,ok,1920
39815,ok,1906
39783,recent,
39784,unknown,
39785,unknown,
39786,ok,1947
39787,ok,1947
39788,ok,1906
39789,unknown,
39790,ok,1919
39791,unknown,
39794,ok,1929
39795,ok,1929
39796,ok,1926
39797,ok,1926
39798,ok,1926
39799,unknown,
39800,unknown,
39801,unknown,
39802,recent,
39803,unknown,
39804,ok,1843
39805,ok,1896
39806,ok,1925
39807,unknown,
39808,ok,1913
39810,ok,1929
39811,ok,1820
39812,ok,1921
39813,ok,1929
39814,recent,
72037,recent,
39817,ok,1906
39818,unknown,
39819,ok,1942
39820,ok,1922
39821,ok,1929
39822,ok,1940
39823,ok,1903
39824,ok,1907
39825,ok,1857
39826,recent,
39827,ok,1882
39828,recent,
39829,ok,1939
39830,unknown,
39831,ok,1916
39832,ok,1929
39833,ok,1921
39834,unknown,
39835,unknown,
39836,unknown,
39837,unknown,
39838,ok,1948
39839,unknown,
39840,ok,1916
39841,ok,1916
39842,ok,1916
39843,unknown,
39844,ok,1896
39845,ok,1944
39846,unknown,
39847,ok,1929
39848,ok,1929
39850,ok,1949
39851,ok,1926
39852,unknown,
39853,ok,1915
39854,unknown,
39855,ok,1920
39856,ok,1930
39857,ok,1929
39858,ok,1896
39860,ok,1933
39861,ok,1872
39862,ok,1882
39863,recent,
39864,ok,1911
39865,ok,1929
39866,ok,1944
39867,ok,1944
39868,ok,1919
39869,unknown,
39870,unknown,
39871,ok,1922
39872,ok,1835
39873,ok,1903
72476,unknown,
39874,ok,1928
39875,ok,1903
39876,ok,1874
39877,ok,1874
39878,ok,1903
39879,ok,1903
39880,ok,1858
39881,ok,1903
39882,ok,1902
39883,ok,1930
39884,unknown,
39885,ok,1869
39886,ok,1939
39887,ok,1950
39888,unknown,
39889,ok,1874
39890,ok,1841
39891,ok,1950
39892,ok,1907
39893,ok,1927
39894,ok,1877
39895,unknown,
39896,ok,1950
39897,ok,1894
39898,ok,1864
39899,ok,1932
39900,ok,1950
39901,unknown,
39903,unknown,
39904,ok,1952
39905,ok,1934
39906,ok,1905
39907,recent,
39908,unknown,
39909,ok,1950
39910,ok,1888
39911,ok,1916
39912,unknown,
39913,ok,1923
39914,ok,1935
39915,ok,1919
39916,unknown,
39917,ok,1893
39918,ok,1875
39920,unknown,
39921,ok,1857
39922,ok,1934
39923,ok,1944
39924,ok,1927
39925,ok,1919
39926,ok,1906
39927,ok,1913
39928,ok,1913
39929,unknown,
39932,ok,1947
39933,ok,1947
39967,ok,1939
39968,ok,1914
39934,ok,1889
39935,ok,1924
39936,ok,1916
39937,ok,1932
39940,ok,1951
39941,ok,1923
39942,ok,1923
39943,ok,1933
39944,ok,1872
39945,ok,1922
39946,ok,1937
39949,ok,1929
39950,recent,
39951,unknown,
39952,unknown,
39953,ok,1872
39954,ok,1932
39955,unknown,
39956,ok,1923
39957,unknown,
39958,recent,
39959,ok,1835
39960,ok,1924
39961,ok,1924
39962,ok,1924
39964,recent,
39965,unknown,
39966,ok,1894
39969,ok,1948
39970,ok,1927
39971,ok,1907
39972,ok,1896
39973,ok,1953
39974,recent,
39975,ok,1925
39976,ok,1876
39977,ok,1903
39978,ok,1918
39979,ok,1925
39980,ok,1932
39981,ok,1932
39982,unknown,
39983,unknown,
39984,ok,1933
39985,ok,1929
39986,ok,1946
39987,ok,1929
39989,ok,1920
39991,ok,1929
39993,unknown,
39994,ok,1950
39995,ok,1934
39996,ok,1871
39997,ok,1912
39998,ok,1904
39999,ok,1923
40000,ok,1937
40032,ok,1910
40001,ok,1913
40002,ok,1932
40003,unknown,
40004,recent,
40005,recent,
40006,unknown,
40008,unknown,
40009,unknown,
40010,ok,1909
40011,unknown,
40013,ok,1911
40014,ok,1940
40015,ok,1951
40016,recent,
40017,recent,
40018,ok,1925
40019,ok,1915
40020,ok,1955
40021,ok,1826
40022,ok,1826
40023,unknown,
40024,ok,1947
40025,ok,1820
40026,unknown,
40027,ok,1953
40028,ok,1941
40029,ok,1943
40030,unknown,
40031,ok,1875
40033,recent,
40034,ok,1942
40035,recent,
40036,ok,1907
40037,unknown,
40038,recent,
40040,unknown,
40041,recent,
40042,recent,
40043,recent,
40044,ok,1945
40045,ok,1929
40046,ok,1910
40047,unknown,
40048,unknown,
40049,ok,1893
40050,ok,1937
40051,ok,1890
40052,ok,1890
40053,unknown,
40054,unknown,
40055,ok,1822
40056,ok,1902
40057,ok,1919
40058,ok,1919
40059,ok,1936
40060,recent,
40062,unknown,
40063,ok,1950
40064,ok,1919
40065,unknown,
40067,unknown,
40068,unknown,
40069,ok,1948
40071,unknown,
40072,unknown,
40073,recent,
40074,unknown,
40075,ok,1857
40076,ok,1865
40077,ok,1949
40078,ok,1945
40079,ok,1921
40080,unknown,
40081,ok,1899
40082,ok,1902
40083,ok,1909
40084,unknown,
40085,ok,1925
40086,ok,1873
40087,ok,1948
40089,ok,1952
40090,unknown,
40091,ok,1912
40159,ok,1881
40092,unknown,
40095,ok,1874
40096,unknown,
40097,unknown,
40099,unknown,
40100,ok,1954
40101,unknown,
40102,ok,1937
40103,ok,1931
40104,ok,1930
40105,recent,
40106,ok,1722
40107,unknown,
40108,recent,
40109,ok,1937
40110,unknown,
40111,ok,1898
40112,unknown,
40113,ok,1909
40114,ok,1886
40116,ok,1947
40118,unknown,
40119,ok,1909
40120,unknown,
40121,ok,1899
40122,unknown,
40124,unknown,
40125,ok,1948
40126,ok,1873
40127,ok,1750
40128,unknown,
40129,ok,1925
40130,ok,1936
40131,ok,1877
40132,ok,1908
40133,ok,1871
40134,ok,1953
40135,ok,1897
40136,ok,1929
40137,ok,1944
40140,ok,1929
40141,ok,1929
40142,ok,1929
40143,ok,1893
40144,ok,1918
40145,unknown,
40146,ok,1928
40147,unknown,
40148,ok,1946
40149,ok,1918
40151,ok,1885
40152,ok,1907
40153,unknown,
40154,unknown,
40155,unknown,
40156,unknown,
40157,recent,
40158,ok,1881
40160,ok,1881
40161,ok,1901
40162,unknown,
40163,ok,1913
40164,ok,1906
40166,unknown,
40167,ok,1940
40168,ok,1931
40170,unknown,
40171,unknown,
40172,ok,1885
40173,ok,1931
40175,unknown,
40176,ok,1943
40177,ok,1913
40178,ok,1913
40179,ok,1913
40180,ok,1853
40181,ok,1909
40183,ok,1906
40184,ok,1945
40186,ok,1928
40187,ok,1934
40188,ok,1779
40189,ok,1874
40190,ok,1884
40191,ok,1885
40192,ok,1902
40253,ok,1945
40193,ok,1913
40194,ok,1878
40195,ok,1869
40196,ok,1947
40197,ok,1954
40198,unknown,
40199,unknown,
40200,recent,
40201,ok,1928
40202,unknown,
40203,unknown,
40204,unknown,
40205,ok,1879
40206,ok,1898
40207,ok,1898
40208,ok,1843
40209,ok,1929
40210,ok,1919
40211,ok,1843
40212,ok,1843
40213,ok,1941
40214,ok,1922
40215,ok,1904
40216,ok,1864
40219,ok,1883
40220,unknown,
40223,unknown,
40254,unknown,
40224,ok,1933
40225,unknown,
40226,ok,1911
40227,ok,1164
40229,ok,1902
40232,ok,1948
40233,ok,1916
40234,unknown,
40235,ok,1920
40236,ok,1790
40237,ok,1921
40238,ok,1892
40239,ok,1885
40240,ok,1859
40241,ok,1947
40242,ok,1948
40243,ok,1933
40244,unknown,
40245,recent,
40246,ok,1923
40247,ok,1852
40248,ok,1852
40249,ok,1925
40250,ok,1915
40251,ok,1924
40252,unknown,
40255,unknown,
40256,ok,1921
40257,ok,1940
40259,ok,1862
40260,ok,1936
40262,ok,1945
40263,ok,1872
40264,recent,
40265,ok,1923
40266,ok,1868
40267,unknown,
40268,unknown,
40269,ok,1903
40270,ok,1908
40271,ok,1931
40272,ok,1898
40273,ok,1940
40274,ok,1955
40275,unknown,
40276,ok,1909
40277,ok,1937
40278,ok,1925
40279,ok,1881
40280,ok,1876
40281,ok,1876
72522,recent,
40282,unknown,
40283,ok,1875
40284,recent,
40285,ok,1944
40286,unknown,
40287,unknown,
40288,ok,1905
40289,ok,1882
40290,ok,1925
40292,recent,
40293,unknown,
40295,ok,1860
40297,ok,1911
40300,ok,1910
40301,unknown,
40302,unknown,
40303,ok,1930
40305,recent,
40306,unknown,
40307,ok,1947
40308,unknown,
40309,ok,1888
40311,unknown,
40312,ok,1918
40315,unknown,
40316,unknown,
40318,recent,
40319,unknown,
40320,ok,1949
40321,ok,1924
40322,ok,1926
40323,unknown,
40324,unknown,
40325,unknown,
40330,unknown,
40331,unknown,
40332,unknown,
40333,unknown,
40334,ok,1922
40335,ok,1871
40336,recent,
40337,recent,
40338,ok,1889
40339,unknown,
40340,ok,1954
40341,unknown,
40342,ok,1946
40343,ok,1931
40344,ok,1954
40345,ok,1952
40346,ok,1913
40347,ok,1915
40348,ok,1915
40349,ok,1915
40350,recent,
40352,unknown,
40353,ok,1915
40354,ok,1915
40355,ok,1908
40356,ok,1951
40357,recent,
40359,ok,1934
40360,recent,
40361,ok,1923
40362,ok,1917
40363,unknown,
40364,unknown,
40365,ok,1932
40366,ok,1931
40367,ok,1951
40368,ok,1943
40369,recent,
40370,unknown,
40371,unknown,
40372,unknown,
40373,unknown,
40374,ok,1891
40375,recent,
40376,unknown,
40379,ok,1954
40380,recent,
40381,ok,1952
40383,ok,1882
40384,ok,1882
40385,ok,1925
40386,ok,1909
40387,ok,1905
40388,ok,1927
40389,ok,1927
40390,unknown,
40393,recent,
40394,ok,1892
40395,ok,1927
40396,ok,1937
40397,unknown,
40398,ok,1934
40399,unknown,
40400,ok,1894
40401,unknown,
40402,ok,1907
40403,unknown,
40404,ok,1944
40405,ok,1869
40406,ok,1869
40407,ok,1869
40408,ok,1925
40410,ok,1904
40411,ok,1934
40412,unknown,
40413,ok,1915
40414,ok,1933
40415,unknown,
40416,unknown,
40418,ok,1887
40419,ok,1862
40447,recent,
40421,ok,1862
40422,ok,1915
40423,ok,1911
40424,ok,1913
40425,ok,1942
40426,ok,1916
40427,ok,1875
40428,ok,1887
40429,ok,1898
40430,ok,1897
40431,ok,1894
40432,ok,1894
40433,ok,1894
40434,ok,1927
40435,ok,1871
40436,ok,1871
40437,ok,1871
40438,ok,1871
40439,ok,1871
40440,ok,1889
40441,ok,1936
40442,ok,1892
40443,unknown,
40444,ok,1790
40445,ok,1927
40446,unknown,
40448,recent,
40449,ok,1915
40450,ok,1915
40451,ok,1915
40452,ok,1915
40453,ok,1915
40454,ok,1915
40455,ok,1946
40456,ok,1905
40457,ok,1931
40458,ok,1921
40459,ok,1894
40460,ok,1930
40461,ok,1948
40462,ok,1931
40463,ok,1931
40464,ok,1946
40465,ok,1911
40467,recent,
40468,unknown,
40469,ok,1868
40470,ok,1921
40471,ok,1906
40472,unknown,
40473,unknown,
40474,ok,1841
40475,ok,1864
40476,recent,
40477,ok,1933
40479,ok,1923
40480,ok,1919
40481,ok,1935
40482,recent,
40483,ok,1931
40484,recent,
40485,ok,1890
40487,ok,1952
40488,ok,1939
40489,ok,1917
40490,ok,1947
40491,ok,1891
40492,unknown,
40493,ok,1928
40495,unknown,
40496,ok,1897
40497,ok,1938
40498,ok,1876
40499,unknown,
40500,ok,1947
40501,recent,
40502,ok,1924
40503,ok,1859
40504,ok,1872
40505,ok,1933
40507,recent,
40508,ok,1932
40509,unknown,
40510,ok,1873
40511,recent,
40513,ok,1864
40514,unknown,
40515,ok,1896
40516,ok,1914
40517,ok,1933
40518,ok,1871
40519,ok,1932
40520,ok,1923
40521,ok,1838
40522,ok,1893
40525,ok,1916
40526,ok,1940
40527,ok,1931
40528,ok,1898
40529,ok,1898
40530,ok,1908
40531,ok,1922
40532,ok,1942
40533,ok,1927
40534,unknown,
40535,ok,1949
40536,unknown,
40537,ok,1860
40538,unknown,
40539,ok,1923
72618,ok,1896
40540,ok,1918
40541,ok,1901
40542,unknown,
40545,ok,1955
40546,unknown,
40547,ok,1937
40548,ok,1937
40549,ok,1912
40550,unknown,
40551,unknown,
40552,ok,1900
40553,ok,1940
40554,ok,1861
40555,unknown,
40556,ok,1896
40558,unknown,
40559,ok,1899
40560,unknown,
40562,unknown,
40563,recent,
40565,ok,1938
40566,ok,1925
40567,ok,1946
40569,ok,1945
40570,ok,1933
40571,ok,1923
40572,ok,1955
40573,ok,1955
40574,ok,1899
40575,ok,1896
40576,unknown,
40578,ok,1926
40579,unknown,
40580,ok,1731
40581,ok,1923
40582,unknown,
40583,ok,1933
40584,ok,1904
40585,unknown,
40586,unknown,
40587,ok,1925
40588,ok,1922
40589,ok,1895
40590,ok,1901
40591,ok,1915
40592,ok,1937
40593,ok,1931
40594,ok,1934
40596,ok,1896
40597,unknown,
40598,ok,1925
40599,unknown,
40600,ok,1919
40602,ok,1883
40603,ok,1935
40604,ok,1914
40605,ok,1922
40606,ok,1929
40607,recent,
40608,ok,1937
40609,ok,1878
40610,ok,1896
40611,ok,1931
40612,unknown,
40613,unknown,
40614,ok,1950
40615,ok,1914
40616,ok,1884
40617,unknown,
40618,unknown,
40619,ok,1840
40620,ok,1927
40621,ok,1937
40622,ok,1912
40623,unknown,
40624,unknown,
40625,ok,1894
40626,unknown,
40628,unknown,
40629,unknown,
40630,ok,1922
40631,ok,1924
40633,ok,1951
40634,ok,1951
40635,unknown,
40636,unknown,
40638,ok,1930
40639,ok,1758
40640,ok,1921
40641,unknown,
40642,unknown,
40643,unknown,
40644,unknown,
40645,unknown,
40646,ok,1951
40647,recent,
40648,ok,1908
40649,unknown,
40650,ok,1935
40651,ok,1923
40652,ok,1897
40653,unknown,
40654,ok,1860
40655,ok,1951
40656,ok,1932
40657,ok,1952
40658,unknown,
40659,ok,1926
40660,ok,1878
40661,ok,1938
40662,unknown,
40663,ok,1933
40664,ok,1937
40665,ok,1952
40666,recent,
40667,recent,
40668,recent,
40670,ok,1916
40671,ok,1879
40672,ok,1909
40673,ok,1909
40674,ok,1909
40675,ok,1909
40676,ok,1909
40677,ok,1926
40678,unknown,
40679,ok,1894
40680,ok,1895
40681,ok,1895
40682,ok,1888
40683,ok,1888
40684,ok,1925
40686,ok,1907
40688,ok,1880
40689,ok,1880
40690,ok,1880
40691,ok,1880
40692,ok,1880
40693,ok,1880
40694,ok,1889
40695,ok,76
40696,ok,1933
40697,ok,1933
40698,unknown,
40699,ok,1935
40700,ok,1934
40701,ok,1890
40702,ok,1907
40703,ok,1825
40704,ok,1911
40705,ok,1913
40706,unknown,
40707,ok,1890
40708,ok,1911
40709,ok,1869
40710,ok,1893
40711,unknown,
40712,ok,1871
40713,ok,1948
40716,unknown,
40717,recent,
40718,recent,
40719,ok,1940
40720,unknown,
40721,recent,
40722,recent,
40723,ok,1870
40725,recent,
40726,recent,
40727,ok,1907
40759,ok,1953
40728,ok,1914
40729,ok,1935
40730,unknown,
40731,ok,1933
40732,ok,1861
40734,ok,1923
40735,ok,1933
40736,ok,1934
40738,unknown,
40741,ok,1871
40742,unknown,
40743,unknown,
40744,ok,1952
40745,ok,1881
40746,ok,1831
40747,ok,1925
40749,ok,1907
40750,ok,1915
40751,unknown,
40752,unknown,
40753,unknown,
40754,unknown,
40755,unknown,
40756,unknown,
40757,unknown,
40758,ok,1895
40760,ok,1886
40762,ok,1940
40763,ok,1877
40764,ok,1924
40765,ok,1940
40766,ok,1941
40767,ok,1915
40768,ok,1877
40769,unknown,
40770,ok,1797
40772,unknown,
40773,unknown,
40774,ok,1949
40775,ok,1923
40776,ok,1950
40777,ok,1934
40778,ok,1934
40779,unknown,
40780,unknown,
40781,ok,1942
40782,unknown,
40783,ok,1925
40784,ok,1914
40785,ok,1847
40786,ok,1900
40791,ok,1936
40792,unknown,
40793,ok,1940
40794,ok,1952
40795,ok,1940
40796,ok,1955
40797,ok,1940
40798,ok,1914
40799,unknown,
40800,ok,1923
40802,recent,
40803,unknown,
40804,unknown,
40806,ok,1937
40807,ok,1947
40811,ok,1923
40812,ok,1902
40813,ok,1946
40814,ok,1872
40815,ok,1917
40816,unknown,
40821,unknown,
40822,ok,1944
40823,recent,
40824,unknown,
40825,unknown,
40826,ok,1938
40828,ok,1927
40829,ok,1927
40890,ok,1923
40830,unknown,
40831,ok,1927
40832,ok,1927
40833,ok,1927
40834,ok,1927
40835,ok,1927
40836,ok,1927
40837,ok,1927
40838,unknown,
40839,ok,1914
40840,ok,1864
40841,ok,1890
40842,ok,1929
40843,unknown,
40844,ok,1909
40845,ok,1887
40846,ok,1923
40847,ok,1905
40848,ok,1930
40849,unknown,
40850,ok,1929
40851,unknown,
40852,recent,
40853,recent,
40855,ok,1871
40856,ok,1937
40857,ok,1929
40858,ok,1929
40859,ok,1939
41222,ok,1870
40860,ok,1846
40861,unknown,
40862,ok,1871
40863,unknown,
40864,ok,1901
40865,recent,
40866,recent,
40868,unknown,
40869,ok,1931
40870,unknown,
40871,ok,1929
40872,ok,1902
40873,ok,1933
40874,ok,1894
40875,recent,
40877,ok,1931
40878,ok,1901
40879,recent,
40880,ok,1921
40881,unknown,
40882,ok,1880
40883,ok,1878
40884,ok,1948
40886,ok,1878
40887,recent,
40888,ok,1899
40889,recent,
40891,ok,1827
40892,unknown,
40893,ok,1943
40894,ok,1937
40895,unknown,
40896,ok,1911
40897,unknown,
40898,ok,1937
40899,unknown,
40900,ok,1920
40901,ok,1865
40902,ok,1897
40903,unknown,
40904,ok,1916
40905,unknown,
40906,ok,1935
40907,ok,1923
40908,unknown,
40909,unknown,
40910,unknown,
40911,ok,1940
40912,ok,1928
40913,ok,1871
40914,ok,1941
40915,ok,1887
40916,ok,1923
40918,ok,1889
40919,ok,1950
40921,recent,
40922,ok,1909
40923,ok,1912
40924,ok,1930
40925,ok,1933
40926,ok,1937
40927,ok,1931
40928,ok,1887
40929,recent,
40930,ok,1871
40931,ok,1929
40932,ok,1933
40933,unknown,
40934,ok,1931
40935,unknown,
40936,ok,1887
40937,ok,1916
40938,ok,1882
40939,unknown,
40940,ok,1887
40941,ok,1911
40943,ok,1858
40944,unknown,
40945,unknown,
40946,unknown,
40947,ok,1925
40948,ok,1907
40949,ok,1942
40950,ok,1938
40951,ok,1887
40952,ok,1935
40953,recent,
40954,recent,
40955,ok,1835
40956,unknown,
40957,ok,1952
40958,ok,1882
40959,ok,1871
40960,ok,1901
40961,recent,
40962,unknown,
40963,ok,1887
40964,recent,
40965,recent,
40966,ok,1935
40967,ok,1935
40968,recent,
40969,recent,
40970,recent,
40971,unknown,
40972,ok,1893
40973,ok,1914
40974,ok,1836
40975,ok,1930
40977,ok,1893
40978,ok,1886
40979,unknown,
40980,unknown,
40981,ok,1815
40982,ok,1769
40983,unknown,
40984,unknown,
40986,unknown,
40987,unknown,
40988,ok,1938
40989,ok,1912
40990,unknown,
40991,unknown,
40992,recent,
40993,recent,
40994,ok,1927
40995,ok,1927
40996,ok,1927
40997,ok,1927
40998,ok,1927
40999,ok,1927
41000,ok,1927
41001,ok,1927
41002,ok,1927
41003,ok,1927
41004,ok,1927
41005,ok,1927
41006,ok,1872
41007,unknown,
41008,ok,1933
41009,ok,1909
41010,unknown,
41011,ok,1909
41012,unknown,
41013,ok,1927
41014,ok,1857
41015,ok,1937
41016,unknown,
41017,unknown,
41018,ok,1909
41019,ok,1882
41020,ok,1900
41021,ok,1900
41022,ok,1900
41023,unknown,
41024,ok,1912
41025,ok,1885
41026,ok,1931
41027,recent,
41028,ok,1944
41029,unknown,
41030,ok,1933
41031,ok,1937
41032,unknown,
41033,ok,1914
41034,ok,1911
41035,ok,1953
41036,ok,1950
41037,unknown,
41038,unknown,
41039,unknown,
41040,ok,1881
41041,ok,1933
41042,ok,1917
41043,ok,1944
41044,ok,1896
41046,ok,1919
41047,ok,1919
41048,unknown,
41049,recent,
41050,ok,1919
41052,ok,1931
41054,ok,1869
41055,unknown,
41056,ok,1869
41057,ok,1891
41058,ok,1895
41059,unknown,
41061,ok,1955
41062,recent,
41063,ok,1731
41064,recent,
41065,ok,1913
41066,ok,1855
41067,ok,1933
41068,recent,
41069,unknown,
41070,ok,1918
41071,ok,1932
41073,ok,1918
41074,ok,1864
41075,ok,1879
41076,unknown,
41077,ok,1902
41078,ok,1927
41079,ok,1869
41080,ok,1869
41081,ok,1912
41082,ok,1941
41083,ok,1871
41084,recent,
41085,ok,1882
41086,ok,1897
41087,ok,1893
41089,ok,1927
41090,ok,1927
41091,ok,1927
41092,ok,1927
41093,ok,1927
41094,ok,1952
41095,unknown,
41096,unknown,
41097,ok,1952
41098,ok,1910
41099,ok,76
41100,ok,1923
41101,ok,1893
41102,ok,1939
41103,ok,1933
41104,unknown,
41105,unknown,
41107,recent,
41108,ok,1952
41109,ok,1949
41110,ok,1931
41111,unknown,
41112,ok,1893
41113,ok,1887
41114,ok,1893
41115,ok,1907
41116,ok,1913
41117,ok,1910
41118,ok,1933
41119,ok,1935
41121,ok,1838
41122,ok,1953
41123,ok,1846
41124,ok,1846
41125,ok,1918
41126,ok,1945
41127,ok,1888
41128,unknown,
41129,ok,1927
41130,ok,1927
41131,ok,1927
41132,ok,1927
72849,ok,1930
41133,unknown,
41134,ok,1889
41135,unknown,
41136,ok,1914
41137,ok,1914
41138,unknown,
41139,ok,1923
41140,ok,1930
41141,ok,1918
41142,ok,1919
41143,ok,1933
41144,unknown,
41145,ok,1863
41146,ok,1875
41147,ok,1914
41148,ok,1874
41149,unknown,
41150,ok,1844
41151,unknown,
41152,ok,1933
41153,ok,1935
41154,ok,1929
41155,ok,1943
41156,unknown,
41158,ok,1946
41159,ok,1953
41160,ok,1934
41162,recent,
41715,recent,
41163,ok,1839
41164,ok,1879
41165,recent,
41166,unknown,
41167,ok,1933
41168,unknown,
41169,ok,1917
41170,ok,1936
41171,unknown,
41172,ok,1883
41173,ok,1873
41174,ok,1926
41175,ok,1879
41176,recent,
41177,ok,1909
41178,ok,1923
41179,ok,1933
41180,ok,1929
41181,unknown,
41182,ok,1933
41183,unknown,
41184,ok,1927
41185,ok,1927
41186,ok,1927
41187,ok,1927
41188,ok,1943
41189,ok,1918
41190,ok,1920
41191,unknown,
41192,unknown,
41223,unknown,
41194,ok,1928
41195,unknown,
41196,ok,1818
41199,ok,1927
41200,ok,1916
41201,ok,1928
41202,ok,1939
41203,ok,1733
41204,unknown,
41205,unknown,
41206,recent,
41207,ok,1937
41208,ok,1883
41209,ok,1935
41210,ok,1902
41211,ok,1850
41212,ok,1878
41213,unknown,
41214,ok,1948
41215,ok,1948
41216,ok,1944
41217,unknown,
41218,ok,1906
41219,ok,1941
41220,unknown,
41221,ok,1904
41224,ok,1870
41225,ok,1871
41226,ok,76
41227,ok,1926
41228,ok,1873
41229,ok,1873
41230,ok,1929
41231,ok,1898
41232,recent,
41233,ok,1911
41234,ok,1911
41235,ok,1914
41236,ok,1932
41237,unknown,
41241,unknown,
41242,ok,1940
41243,ok,1949
41244,ok,1917
41245,ok,1885
41246,ok,1942
41247,ok,1877
41248,ok,1947
41249,ok,1936
41250,ok,1944
41251,ok,1869
41252,ok,1941
41253,unknown,
41716,recent,
41254,unknown,
41256,ok,1843
41258,ok,1870
41259,recent,
41260,recent,
41261,recent,
41262,recent,
41263,ok,1928
41264,unknown,
41265,ok,1917
41266,ok,1901
41267,ok,1931
41268,unknown,
41269,ok,1905
41270,unknown,
41271,ok,1931
41272,ok,1944
41273,ok,1902
41274,ok,1775
41275,unknown,
41276,unknown,
41278,ok,1896
41279,ok,1932
41280,ok,1902
41282,ok,1913
41283,unknown,
41284,ok,1915
41285,recent,
41286,ok,1897
41288,unknown,
41289,ok,1942
41290,unknown,
41291,ok,1948
41292,ok,1857
41295,unknown,
41296,ok,1947
41297,ok,1944
41298,ok,1924
41299,ok,1871
41300,ok,1913
41302,ok,1938
41303,ok,1932
41304,ok,1936
41307,ok,1902
41308,recent,
41309,ok,1864
41310,ok,1890
41311,recent,
41313,ok,1911
41314,ok,1911
41315,ok,1911
41316,ok,1864
41317,ok,1880
41319,ok,1927
41321,unknown,
41322,ok,1876
41323,ok,1903
41324,unknown,
41326,ok,1914
41327,unknown,
41328,ok,1947
41329,ok,1901
41330,ok,1901
41331,ok,1901
41332,ok,1877
41333,ok,1923
41334,ok,1906
41335,ok,1920
41336,ok,1789
41338,ok,1938
41339,ok,1915
41340,ok,1915
41341,ok,1915
41343,unknown,
41344,unknown,
41345,ok,1917
41346,unknown,
41347,recent,
41348,recent,
41349,ok,1946
41350,ok,1932
41351,ok,1931
41352,unknown,
41354,ok,1924
41355,ok,1906
41356,recent,
41357,ok,1913
41358,ok,1932
41359,ok,1941
41360,unknown,
41361,ok,1927
41362,ok,1872
41364,ok,1934
41365,ok,1935
41366,unknown,
41368,ok,1864
41369,ok,1914
41370,ok,1915
41372,unknown,
41373,ok,1922
41374,ok,1915
41375,ok,1915
41376,ok,1915
41378,recent,
41380,unknown,
41381,ok,1864
41383,unknown,
41385,unknown,
41386,ok,1952
41387,unknown,
41388,ok,1903
41391,ok,1930
41392,ok,1864
41393,ok,1913
41394,unknown,
41395,ok,1937
41396,ok,1911
41397,ok,1939
41398,unknown,
41399,unknown,
41400,ok,1948
41401,unknown,
41402,ok,1946
41403,ok,1955
41404,recent,
41405,recent,
41406,unknown,
41407,ok,1893
41408,recent,
41409,ok,1904
41410,recent,
41411,unknown,
41412,ok,1895
41413,ok,1906
41414,ok,1940
41415,ok,1947
41417,ok,1910
41418,ok,1878
41481,recent,
41419,unknown,
41420,ok,1946
41421,ok,1678
41422,unknown,
41423,unknown,
41424,ok,1915
41425,recent,
41426,ok,1895
41428,ok,1927
41430,unknown,
41431,unknown,
41432,ok,1923
41433,ok,1937
41434,ok,1916
41435,ok,1928
41436,unknown,
41437,unknown,
41438,ok,1933
41440,ok,1934
41443,unknown,
41444,ok,1943
41446,unknown,
41447,ok,1941
41448,ok,1952
41450,unknown,
41451,ok,1948
72984,ok,1941
41452,ok,1927
41453,ok,1927
41454,ok,1927
41455,ok,1927
41456,ok,1927
41457,unknown,
41458,ok,1927
41459,ok,1927
41460,ok,1915
41461,ok,1927
41462,ok,1927
41463,ok,1917
41464,ok,1912
41465,unknown,
41466,recent,
41467,recent,
41468,recent,
41470,ok,1929
41471,ok,1912
41472,unknown,
41474,ok,1947
41475,ok,1930
41476,unknown,
41477,recent,
41478,ok,1932
41479,unknown,
41480,ok,1885
41483,unknown,
41484,unknown,
41485,ok,1925
41486,ok,1874
41487,recent,
41488,unknown,
41489,unknown,
41490,ok,1942
41491,unknown,
41492,ok,1935
41493,unknown,
41495,ok,1921
41496,ok,1917
41497,recent,
41498,ok,1886
41499,ok,1944
41500,ok,1933
41501,ok,1932
41502,ok,1896
41505,ok,1952
41506,unknown,
41507,ok,1905
41508,unknown,
41509,unknown,
41510,ok,1932
41511,unknown,
41512,ok,1951
41513,unknown,
41514,ok,1942
41515,ok,1902
41516,ok,1875
41518,recent,
41519,ok,1932
41520,ok,1950
41521,ok,1923
41524,ok,1922
41525,ok,1947
41526,ok,1916
41527,ok,1877
41528,ok,1917
41529,ok,1936
41530,ok,1939
41532,ok,1904
41533,ok,1871
41534,recent,
41535,unknown,
41536,unknown,
41537,unknown,
41538,ok,1921
41540,unknown,
41541,recent,
41542,ok,1872
41544,ok,1931
41545,ok,1901
41546,ok,1924
41547,ok,1941
41548,ok,1932
41549,ok,1930
41550,ok,1881
72985,ok,1939
41552,ok,1898
41553,ok,1898
41554,ok,1898
41556,ok,1942
41557,ok,1910
41558,unknown,
41559,ok,1950
41560,ok,1955
41561,ok,1923
41562,recent,
41563,ok,1930
41564,unknown,
41565,recent,
41566,ok,1891
41567,unknown,
41568,ok,1947
41569,unknown,
41570,ok,1895
41571,ok,1896
41572,ok,1941
41573,ok,1909
41574,ok,1952
41576,unknown,
41577,ok,1844
41578,ok,1888
41579,ok,1904
41580,ok,1897
41581,unknown,
41582,ok,1945
41583,ok,1939
41584,ok,1896
41586,recent,
41588,unknown,
41589,ok,1934
41590,ok,1949
41591,ok,1920
41592,ok,1934
41593,ok,1929
41594,unknown,
41595,unknown,
41597,ok,1942
41598,ok,1944
41599,ok,1933
41602,ok,1930
41603,ok,1943
41604,ok,1931
41605,ok,1943
41606,ok,1895
41607,ok,1918
41608,ok,1917
41609,ok,1869
41610,ok,1920
41611,ok,1858
41613,unknown,
41614,unknown,
41615,ok,1895
41616,ok,1951
41617,ok,1928
41649,ok,1929
41618,ok,1888
41619,recent,
41620,ok,1899
41621,ok,1927
41622,recent,
41623,ok,1951
41624,recent,
41625,ok,1905
41627,recent,
41628,ok,1922
41629,unknown,
41630,recent,
41631,ok,1926
41632,ok,1903
41633,ok,1691
41634,ok,1911
41635,ok,1904
41636,ok,1876
41637,recent,
41638,ok,1933
41639,ok,1906
41640,ok,1866
41641,ok,1905
41642,ok,1874
41643,ok,1911
41644,ok,76
41645,ok,1871
41646,ok,1806
41647,ok,1914
41648,ok,1939
41650,ok,1943
41651,unknown,
41652,ok,1941
41653,ok,1932
41654,recent,
41655,ok,1937
41656,ok,1954
41657,ok,1926
41658,ok,1921
41659,ok,1880
41660,ok,1901
41661,ok,1922
41662,recent,
41663,unknown,
41664,ok,1917
41665,recent,
41666,ok,1914
41667,ok,1919
41668,ok,1931
41669,unknown,
41671,recent,
41672,ok,1880
41673,ok,1897
41674,ok,1931
41676,ok,1947
41677,ok,1942
41678,unknown,
41679,unknown,
41680,ok,1932
41681,unknown,
41682,ok,1946
41685,unknown,
41687,unknown,
41688,ok,1927
41689,unknown,
41690,recent,
41691,unknown,
41692,ok,1883
41693,ok,1924
41694,ok,1927
41695,ok,1952
41696,ok,1936
41697,unknown,
41698,ok,1897
41700,recent,
41701,ok,1946
41702,ok,1953
41703,unknown,
41704,ok,1949
41705,ok,1920
41707,ok,1938
41708,ok,1912
41709,unknown,
41710,ok,1947
41711,ok,1912
41712,recent,
41713,ok,1904
41717,ok,1921
41718,recent,
41719,recent,
41720,ok,1949
41721,recent,
41722,ok,1948
41723,recent,
41725,recent,
41726,ok,1955
41727,ok,1938
41728,ok,1938
41729,ok,1927
41730,ok,1946
41731,ok,1854
41732,ok,1953
41733,ok,1918
41734,ok,1945
41735,ok,1898
41736,ok,1898
41737,unknown,
41738,ok,1933
41739,ok,1870
41740,ok,1902
41741,unknown,
41742,ok,1910
41743,ok,1942
41744,ok,1936
41747,ok,1901
41748,ok,1901
41749,ok,1934
41750,ok,1934
41751,ok,1913
41752,ok,1933
41753,recent,
41754,ok,1914
41755,ok,1911
41756,recent,
41757,recent,
41758,recent,
41759,ok,1951
41760,ok,1869
41761,ok,1881
41762,ok,1895
41764,ok,1918
41765,ok,1919
41766,ok,1925
41767,recent,
41768,unknown,
41769,ok,1916
41770,unknown,
41771,unknown,
41772,recent,
41773,unknown,
41774,recent,
41775,ok,1924
41776,ok,1910
41777,ok,1916
41778,unknown,
73348,ok,1930
41779,recent,
41781,ok,1865
41782,unknown,
41783,ok,1913
41784,ok,1916
41785,unknown,
41787,unknown,
41788,unknown,
41790,ok,1915
41791,recent,
41792,ok,1940
41793,unknown,
41794,ok,1947
41795,ok,1928
41796,ok,1835
41797,recent,
41798,unknown,
41799,unknown,
41800,ok,1938
41801,ok,1918
41802,ok,1915
41803,ok,1914
41804,ok,1858
41805,ok,1945
41806,ok,1927
41807,ok,1944
41808,unknown,
41809,ok,1937
41810,recent,
41811,ok,1868
41941,unknown,
41812,unknown,
41813,ok,1917
41814,unknown,
41815,unknown,
41816,ok,1935
41817,ok,1922
41819,ok,1928
41820,unknown,
41822,ok,1933
41823,unknown,
41824,ok,1927
41825,ok,1936
41826,ok,1914
41827,ok,1945
41828,ok,1878
41829,ok,1923
41830,ok,1949
41831,ok,1909
41832,ok,1941
41833,ok,1866
41834,unknown,
41835,unknown,
41836,unknown,
41837,recent,
41838,ok,1932
41839,ok,1900
41840,ok,1898
41843,ok,1851
41844,ok,1942
41846,unknown,
42254,ok,1936
41847,recent,
41848,ok,1947
41849,ok,1894
41850,ok,1923
41851,ok,1946
41852,ok,1938
41854,ok,1948
41855,ok,1937
41856,ok,1949
41857,unknown,
41858,recent,
41859,ok,1928
41860,ok,1928
41861,recent,
41862,ok,1933
41863,unknown,
41864,ok,1862
41865,unknown,
41866,ok,1945
41867,ok,1937
41869,ok,1955
41870,ok,1930
41871,unknown,
41872,ok,1933
41873,ok,1872
41875,ok,1905
41876,ok,1905
41877,ok,1940
41878,ok,1944
41879,ok,1945
41880,ok,1950
41881,ok,1945
41885,ok,1933
41886,ok,1935
41887,ok,1935
41888,unknown,
41889,ok,1940
41890,ok,1946
41891,unknown,
41892,ok,1932
41893,ok,1923
41894,ok,1927
41895,ok,1933
41896,unknown,
41897,unknown,
41898,recent,
41899,ok,1858
41900,ok,1935
41901,ok,1924
41902,unknown,
41903,ok,1940
41905,unknown,
41906,ok,1911
41908,ok,1704
41909,recent,
41910,ok,1942
41940,unknown,
41911,ok,1946
41912,ok,1928
41913,ok,1862
41914,unknown,
41915,unknown,
41916,ok,1892
41917,ok,1935
41918,ok,1924
41919,ok,1911
41920,unknown,
41921,ok,1947
41922,ok,1911
41923,ok,1941
41924,ok,1893
41925,unknown,
41926,ok,1955
41927,unknown,
41928,unknown,
41929,ok,1909
41930,ok,1913
41932,ok,1884
41934,ok,1950
41935,ok,1923
41936,ok,1905
41937,unknown,
41938,unknown,
41939,unknown,
41942,ok,1905
41943,ok,1867
41944,ok,1940
41945,unknown,
41946,unknown,
41947,ok,1928
41949,unknown,
41950,ok,1908
41951,unknown,
41952,unknown,
41953,ok,1951
41954,ok,1948
41955,ok,1913
41957,ok,1888
41958,unknown,
41959,recent,
41960,ok,1935
41961,ok,1908
41962,recent,
41963,ok,1943
41964,recent,
41965,ok,1877
41966,unknown,
41967,ok,1874
41968,ok,1942
41969,ok,1874
41970,ok,1858
41971,unknown,
41972,ok,1922
41973,unknown,
41974,unknown,
41975,ok,1861
41976,ok,1936
41977,ok,1935
41978,ok,1936
41979,unknown,
41981,unknown,
41982,unknown,
41983,ok,1837
41984,ok,1919
41985,unknown,
41986,ok,1885
41987,unknown,
41988,ok,1916
41989,ok,1872
41990,ok,1903
41991,ok,1901
41992,ok,1912
41993,ok,1881
41994,ok,1917
41995,ok,1867
41996,ok,1945
41997,ok,1912
41998,ok,1933
41999,unknown,
42000,ok,1915
42001,unknown,
42002,unknown,
42003,unknown,
42004,unknown,
42005,unknown,
42006,unknown,
42007,unknown,
42008,unknown,
42009,ok,1885
42010,ok,1928
42011,ok,1924
42012,ok,1935
42013,ok,1897
42014,recent,
42015,unknown,
42016,recent,
42017,unknown,
42018,unknown,
42019,unknown,
42021,ok,1912
42022,unknown,
42024,unknown,
42025,ok,1927
42026,unknown,
42027,ok,1923
42029,unknown,
42030,ok,1922
42032,ok,1955
42033,ok,1933
42034,recent,
42035,unknown,
42036,ok,1925
42037,unknown,
42038,unknown,
42039,unknown,
42040,recent,
42041,ok,1925
42042,ok,1922
42043,recent,
42044,ok,1897
42045,ok,1897
42046,ok,1918
42048,unknown,
42049,ok,1945
42050,ok,1954
42051,recent,
42052,recent,
42053,ok,1916
42055,ok,1932
42056,ok,1932
42057,ok,1916
42058,recent,
42059,ok,1897
42060,ok,1859
42061,unknown,
42062,ok,1854
42063,ok,1926
42064,ok,1943
42096,unknown,
42066,ok,1908
42067,ok,1941
42068,ok,1921
42069,unknown,
42072,ok,1902
42073,unknown,
42074,unknown,
42075,unknown,
42076,ok,1924
42077,ok,1917
42078,ok,1905
42079,ok,1936
42080,ok,1896
42081,ok,1832
42082,ok,1920
42083,ok,1894
42084,ok,1942
42085,ok,1955
42086,ok,1917
42087,unknown,
42088,ok,1851
42089,ok,1901
42090,ok,1913
42091,unknown,
42092,ok,1927
42093,ok,1933
42095,ok,1878
42097,unknown,
42098,ok,1910
42099,ok,1915
42100,ok,1937
42101,ok,1915
42102,ok,1917
42103,unknown,
42104,ok,1900
42105,recent,
42106,unknown,
42108,ok,1873
42109,ok,1935
42110,ok,1947
42111,recent,
42112,ok,1917
42113,ok,1915
42114,ok,1935
42115,ok,1883
42117,ok,1883
42118,ok,1928
42119,ok,1883
42120,unknown,
42121,unknown,
42122,unknown,
42123,unknown,
42124,unknown,
42125,ok,1901
42126,ok,1894
42127,ok,1930
42128,unknown,
42129,unknown,
42130,recent,
42131,ok,1778
42132,ok,1915
42133,recent,
42134,ok,1938
42135,recent,
42136,ok,1955
42137,recent,
42138,ok,1942
42139,ok,1943
42140,unknown,
42141,ok,1874
42142,ok,1930
42144,ok,1929
42145,ok,1885
42146,ok,1878
42147,ok,1942
42148,unknown,
42149,unknown,
42150,unknown,
42151,ok,1885
42152,ok,1933
42153,ok,1955
42154,ok,1858
42155,ok,1950
42156,unknown,
42157,unknown,
42158,unknown,
42159,unknown,
42160,unknown,
42161,unknown,
42162,recent,
42163,unknown,
42164,ok,1948
42165,ok,1885
42166,unknown,
42167,ok,1912
42168,ok,1912
42169,ok,1912
42170,ok,1929
42171,ok,1944
42172,ok,1899
42173,unknown,
42174,ok,1885
42175,ok,1930
42176,recent,
42177,ok,1891
42179,ok,1859
42180,ok,1901
42181,unknown,
42182,ok,1936
42183,ok,1936
42184,ok,1950
42185,ok,1935
42186,ok,1874
42187,unknown,
42188,ok,1936
42189,ok,1934
42190,ok,1915
42191,unknown,
42192,unknown,
42193,ok,1950
42194,ok,1935
42195,ok,1917
42196,ok,1936
42197,ok,1912
42199,ok,1929
42200,ok,1887
42201,unknown,
42202,unknown,
42203,ok,1935
42204,ok,1936
42205,ok,1910
42206,recent,
42208,ok,1952
42209,ok,1936
42210,unknown,
42211,unknown,
42212,ok,1692
42214,unknown,
42215,ok,1922
42216,ok,1930
42217,ok,1922
42218,ok,1893
42220,ok,1947
42221,recent,
42222,ok,1933
42223,ok,1929
42224,unknown,
42225,recent,
42226,ok,1933
42227,ok,1936
42228,ok,1916
42229,unknown,
42230,ok,1932
42231,ok,1906
42232,ok,1870
42233,ok,1935
42234,ok,1731
42235,ok,1947
42236,ok,1936
42238,ok,1933
42239,ok,1912
42240,ok,1912
42241,recent,
42243,ok,1936
42245,unknown,
42246,ok,1943
42247,ok,1849
42248,recent,
42249,ok,1915
42250,recent,
42251,ok,1923
42252,ok,1931
42256,ok,1938
42257,ok,1943
42258,ok,1923
42259,ok,1936
42265,ok,1948
42266,ok,1930
42267,unknown,
42268,ok,1923
42270,ok,1926
42273,ok,1923
42274,ok,1947
42275,ok,1937
42276,ok,1902
42277,ok,1922
42278,ok,1954
42279,ok,1942
42280,ok,1894
42281,ok,1944
42282,ok,1922
42283,ok,1948
42284,ok,1950
42285,ok,1923
42287,recent,
42288,ok,1894
42289,ok,1945
42290,recent,
42291,unknown,
42292,ok,1901
42296,ok,1879
42297,ok,1884
42298,ok,1877
42299,ok,1823
42300,ok,1878
42301,ok,1867
42303,ok,1923
42304,unknown,
42305,unknown,
42306,ok,1948
42307,ok,1915
42308,ok,1920
42309,ok,1910
42310,ok,1922
42312,ok,1929
42313,ok,1929
42314,ok,1935
42315,ok,1889
42317,ok,1946
42318,ok,1896
42319,ok,1923
42320,ok,1884
42322,ok,1913
42324,ok,1851
42327,ok,1912
42328,ok,1925
42329,ok,1925
42330,ok,1944
42331,unknown,
42332,ok,1924
42333,unknown,
42334,ok,1923
42336,ok,1941
42340,ok,1893
42341,ok,1789
42342,unknown,
42343,ok,1896
42344,ok,1932
42345,ok,1899
42346,recent,
42348,unknown,
42350,unknown,
42351,recent,
42352,ok,1907
42353,unknown,
42354,ok,1923
42355,ok,1866
42356,unknown,
42357,ok,1933
42358,ok,1915
42359,ok,1868
42360,ok,1895
42361,unknown,
42362,ok,1915
42363,recent,
42364,unknown,
42365,ok,1954
42366,ok,1924
42367,unknown,
42368,ok,1863
42369,ok,1921
42370,recent,
42371,unknown,
42374,recent,
42375,ok,1948
42377,ok,1846
42378,unknown,
42380,ok,1894
42381,ok,1922
42382,ok,1939
42383,ok,1954
42384,unknown,
42385,unknown,
42386,ok,1937
42388,ok,1926
42389,ok,1912
42390,ok,1955
42391,recent,
42392,unknown,
42393,ok,1878
42394,unknown,
42395,recent,
42396,ok,1939
42398,ok,1952
42399,ok,1939
42400,ok,1949
42401,ok,1854
42402,unknown,
42403,recent,
42405,ok,1922
42407,ok,1936
42408,ok,1900
42409,ok,1920
42410,ok,1862
42412,unknown,
42413,ok,1866
42414,ok,1946
42415,unknown,
42417,unknown,
42419,ok,1833
42420,unknown,
42421,ok,1921
42422,ok,1941
42423,ok,1936
42425,unknown,
42426,ok,1908
42427,recent,
42428,ok,1935
42429,ok,1952
42430,ok,1933
42431,recent,
42432,ok,76
42434,unknown,
42435,ok,1901
42437,ok,1934
42438,ok,1922
42439,unknown,
42441,recent,
42442,ok,1874
42444,ok,1929
42445,ok,1923
42446,recent,
42447,ok,1905
42449,recent,
42450,ok,1912
42451,ok,1941
42452,ok,1923
42455,ok,1912
42457,ok,1943
42458,ok,1939
42459,ok,1942
42460,ok,1938
42461,unknown,
42462,ok,1947
42463,ok,1878
42464,ok,1880
42466,ok,1899
42467,recent,
42496,ok,1898
42468,unknown,
42469,unknown,
42472,ok,1922
42473,unknown,
42474,ok,1916
42475,ok,1879
42476,unknown,
42477,unknown,
42478,unknown,
42479,ok,1859
42480,unknown,
42481,unknown,
42482,ok,1845
42483,ok,1879
42484,ok,1894
42485,unknown,
42486,ok,1916
42487,unknown,
42488,ok,1923
42490,ok,1920
42491,ok,1872
42492,ok,1872
42493,ok,1872
42494,ok,1912
42495,unknown,
42497,ok,1874
42498,ok,1898
42499,ok,1898
42500,ok,1862
42501,ok,1929
42504,ok,1916
42506,ok,1601
42507,unknown,
42508,ok,1911
42514,ok,1898
42515,ok,1869
42517,ok,1952
42518,ok,1892
42519,ok,1949
42520,recent,
42521,ok,1952
42522,ok,1855
42523,ok,1891
42524,ok,1859
42525,ok,1802
42526,ok,1911
42527,ok,1955
42528,recent,
42529,ok,1900
42530,unknown,
42531,recent,
42532,ok,1883
42533,recent,
42534,recent,
42535,ok,1883
42537,recent,
42538,ok,1835
42539,ok,1893
42540,ok,1778
42542,ok,1945
42543,unknown,
42544,ok,1858
42545,ok,1954
42546,unknown,
42547,ok,1920
42548,unknown,
42549,ok,1933
42550,ok,1870
42551,ok,1859
42552,unknown,
42553,ok,1862
42554,ok,1869
42555,ok,1931
42556,ok,1914
42557,ok,1892
42558,ok,1892
42559,ok,1922
42560,recent,
42561,ok,1926
42562,ok,1924
42563,ok,1900
42564,ok,1933
42566,ok,1908
42567,ok,1952
42568,unknown,
42569,ok,1954
42571,ok,1907
42572,unknown,
42573,ok,1939
42574,recent,
42575,ok,1941
42576,ok,1930
42578,ok,1937
42579,ok,1923
42580,ok,1955
42581,ok,1907
42582,ok,1916
42583,unknown,
42584,ok,1927
42585,ok,1886
42586,ok,1795
42587,ok,1945
42589,ok,1914
42590,unknown,
42591,ok,1944
42592,ok,1893
42593,ok,1950
42594,ok,1854
42595,ok,1898
42596,ok,1898
42597,ok,1898
42599,ok,1898
42600,ok,1898
42601,ok,1924
42602,ok,1859
42603,ok,1911
42604,recent,
42605,ok,1899
42606,recent,
42607,ok,1599
42611,ok,1915
42612,ok,1872
42613,unknown,
42614,ok,1929
42615,ok,1873
42616,ok,1896
42618,ok,1901
42619,unknown,
42620,ok,1910
42621,ok,1843
42622,unknown,
42623,ok,1931
42624,ok,1916
42625,ok,1939
42626,unknown,
42627,unknown,
42628,ok,1928
42629,unknown,
42630,unknown,
42631,unknown,
42632,ok,1937
42633,unknown,
42634,ok,1937
42635,ok,1803
42636,ok,1913
42637,ok,1913
42638,unknown,
42639,ok,1923
42640,ok,1925
42641,recent,
42644,ok,1859
42645,ok,1919
42647,ok,1906
42648,ok,1745
42650,unknown,
42652,unknown,
42653,ok,1944
42654,recent,
42655,ok,1935
42656,unknown,
42657,ok,1892
42658,ok,1929
42659,ok,1858
42660,ok,1926
42661,ok,1941
42662,ok,1874
42663,ok,1838
42664,ok,1936
42665,ok,1935
42666,ok,1905
42667,ok,1926
42668,ok,1926
42671,recent,
42672,unknown,
42674,unknown,
42675,ok,1887
42676,recent,
42677,recent,
42678,recent,
42679,recent,
42680,unknown,
42681,ok,1947
42682,ok,1952
42683,unknown,
42685,ok,1891
42686,ok,1927
42687,unknown,
42688,recent,
42689,recent,
42690,ok,1947
42691,ok,1943
42692,recent,
42693,unknown,
42694,ok,1874
42695,ok,1846
42696,unknown,
42699,ok,1947
42701,ok,1913
42702,ok,1945
42703,ok,1945
42704,ok,1945
42706,ok,1918
42707,ok,1955
42708,ok,1931
42709,ok,1921
42710,recent,
42711,unknown,
42712,unknown,
42713,ok,1951
42714,ok,1942
42715,ok,1927
42716,ok,1897
42717,unknown,
42718,ok,1918
42719,ok,1884
42720,unknown,
42721,unknown,
42722,unknown,
42723,ok,1926
42724,ok,1920
42725,unknown,
42726,unknown,
42728,recent,
42729,ok,1898
42730,ok,1898
42731,ok,1898
43620,ok,1913
42732,ok,1902
42733,unknown,
42734,unknown,
42735,ok,1904
42736,unknown,
42737,ok,1940
42739,ok,1933
42740,ok,1935
42741,ok,1899
42742,ok,1883
42743,ok,1881
42744,ok,1874
42747,ok,1914
42748,unknown,
42749,ok,1891
42750,ok,1898
42751,ok,1898
42752,ok,1898
42753,ok,1923
42754,unknown,
42755,recent,
42756,ok,1898
42757,ok,1947
42758,ok,1934
42759,ok,1945
42760,ok,1915
42761,ok,1914
42763,ok,1950
42764,ok,1932
42765,ok,1876
42766,unknown,
42767,unknown,
42768,ok,1916
42769,ok,1884
42770,ok,1903
42771,recent,
42772,recent,
42773,ok,1918
42779,unknown,
42780,unknown,
42781,unknown,
42782,unknown,
42783,unknown,
42784,unknown,
42785,unknown,
42786,unknown,
42787,unknown,
42788,unknown,
42789,unknown,
42790,unknown,
43553,ok,1933
42791,unknown,
42792,unknown,
42793,unknown,
42794,unknown,
42795,unknown,
42796,recent,
42797,ok,1955
42798,ok,1890
42799,ok,1912
42800,recent,
42801,ok,1939
42802,unknown,
42803,ok,1923
42804,ok,1942
42805,ok,1789
42806,ok,1883
42807,ok,1905
42808,ok,1918
42809,unknown,
42810,unknown,
42811,ok,1936
42812,ok,1936
42813,unknown,
42816,unknown,
42817,recent,
42844,ok,1881
42818,unknown,
42819,unknown,
42820,unknown,
42821,unknown,
42822,ok,1924
42823,ok,1946
42824,ok,1901
42825,ok,1880
42826,ok,1853
42827,ok,1946
42828,ok,1919
42829,ok,1891
42830,unknown,
42831,ok,1918
42832,ok,1851
42833,unknown,
42834,ok,1883
42835,ok,1945
42836,unknown,
42837,ok,1878
42838,ok,1940
42839,unknown,
42840,recent,
42841,unknown,
42842,ok,1910
42843,ok,1881
42850,ok,1889
42852,recent,
42853,unknown,
42854,unknown,
42855,ok,1906
42856,ok,1916
42857,ok,1916
42859,unknown,
42860,ok,1950
42862,recent,
42863,unknown,
42864,unknown,
42865,ok,1916
42866,unknown,
42868,unknown,
42869,ok,1952
42870,ok,1909
42871,ok,1929
42872,ok,1910
42874,recent,
42875,ok,1891
42876,unknown,
42877,unknown,
42879,unknown,
42880,recent,
42917,ok,1900
42918,ok,1919
42884,ok,1939
42886,ok,1930
42887,unknown,
42888,unknown,
42889,unknown,
42890,ok,1863
42891,ok,1923
42892,ok,1897
42893,unknown,
42894,ok,1911
42895,ok,1890
42896,ok,1920
42897,unknown,
42899,unknown,
42901,recent,
42902,ok,1921
42904,ok,1918
42905,ok,1903
42906,ok,1903
42907,ok,1903
42908,ok,1925
42909,ok,1907
42910,ok,1912
42911,unknown,
42913,ok,1940
42914,recent,
42915,ok,1917
42916,ok,1880
42985,ok,1948
42919,ok,1933
42920,ok,1924
42921,ok,1861
42922,unknown,
42923,ok,1925
42924,ok,1854
42925,ok,1947
42926,ok,1943
42930,ok,1940
42931,ok,1940
42932,ok,1940
42933,ok,1940
42934,ok,1932
42936,ok,1926
42938,ok,1942
42939,unknown,
42940,ok,1925
42941,unknown,
42943,unknown,
42944,ok,1908
42945,unknown,
42946,ok,1910
42947,ok,1866
42948,ok,1859
42949,unknown,
42950,ok,1925
42951,unknown,
42952,unknown,
42953,unknown,
42954,unknown,
42955,unknown,
42956,ok,1893
42957,ok,1905
42958,ok,1950
42959,ok,1917
42960,recent,
42961,ok,1922
42963,ok,1911
42964,ok,1889
42965,ok,1935
42967,ok,1934
42968,ok,1955
42969,ok,1951
42970,ok,1929
42971,unknown,
42972,ok,1903
42973,ok,1903
42974,ok,1903
42975,recent,
42977,unknown,
42978,unknown,
42979,recent,
42980,unknown,
42981,unknown,
42982,ok,1903
42983,unknown,
42984,ok,1922
42986,ok,1927
42987,recent,
42988,unknown,
42989,ok,1946
42990,ok,1928
42991,unknown,
42992,unknown,
42993,unknown,
42994,unknown,
42995,unknown,
42996,unknown,
42997,unknown,
42998,unknown,
42999,unknown,
43001,ok,1950
43002,ok,1927
43003,unknown,
43004,ok,1895
43005,ok,1923
43006,recent,
43008,ok,1938
43011,ok,1950
43012,unknown,
43013,ok,1955
43015,ok,1946
43016,ok,1912
43019,ok,1856
43020,ok,1946
43621,unknown,
43021,recent,
43025,recent,
43026,recent,
43027,ok,1904
43028,ok,1951
43031,ok,1948
43032,unknown,
43035,recent,
43036,ok,1923
43037,ok,1937
43038,unknown,
43039,unknown,
43040,ok,1946
43041,recent,
43042,ok,1944
43043,ok,1924
43044,ok,1924
43045,ok,1924
43046,recent,
43047,ok,1893
43048,recent,
43049,ok,1941
43050,unknown,
43051,recent,
43052,ok,1898
43053,ok,1898
43054,ok,1898
43055,unknown,
43056,ok,1891
43057,ok,1891
43058,ok,1942
43059,ok,1939
43060,unknown,
43061,ok,1915
43062,ok,1906
43063,recent,
43064,recent,
43065,ok,1820
43066,ok,1922
43067,ok,1902
43068,ok,1950
43069,ok,1939
43070,ok,1942
43071,ok,1928
43073,ok,1940
43074,unknown,
43075,ok,1931
43076,ok,1896
43077,ok,1932
43079,ok,1916
43080,ok,1909
43081,recent,
43082,ok,1946
43083,ok,1933
43084,ok,1937
43085,ok,1937
43086,ok,1949
43087,unknown,
43088,ok,1948
43089,ok,1912
43090,unknown,
43091,ok,1888
43092,ok,1889
43093,ok,1881
43094,ok,1933
43095,recent,
43096,ok,1950
43097,ok,1912
43098,ok,1950
43099,unknown,
43100,recent,
43101,unknown,
43102,recent,
43103,recent,
43106,ok,1921
43107,ok,1921
43108,ok,1921
43109,ok,1921
43110,ok,1921
43111,ok,1870
43112,ok,1921
43113,unknown,
43114,ok,1937
43116,ok,1820
43117,ok,1921
43118,ok,1914
43119,ok,1914
43120,ok,1914
43121,ok,1921
43122,ok,1921
43123,ok,1918
43124,ok,1954
43125,ok,1921
43126,ok,1921
43127,ok,1921
43128,ok,1921
43129,ok,1921
43130,ok,1921
43131,ok,1921
43132,ok,1921
43133,ok,1921
43134,ok,1921
43135,unknown,
43136,ok,1914
43137,ok,1914
43138,ok,1914
43139,ok,1914
43140,ok,1914
43141,ok,1914
43142,ok,1914
43143,ok,1914
43144,ok,1914
43145,ok,1914
43146,ok,1914
43147,ok,1914
43148,ok,1921
43149,ok,1921
43150,ok,1921
43151,ok,1923
43152,ok,1923
43153,ok,1923
43154,ok,1923
43155,ok,1923
43156,ok,1923
43157,ok,1923
43158,ok,1921
43159,ok,1923
43160,ok,1910
43162,ok,1921
43166,unknown,
43167,ok,1952
43168,ok,1921
43169,ok,1921
43170,ok,1923
43177,recent,
43185,unknown,
43186,recent,
43187,ok,1932
43188,ok,1932
43189,ok,1932
43190,ok,1903
43192,ok,1907
43195,ok,1912
43196,ok,1908
43197,ok,1950
43198,ok,1903
43199,ok,1903
43200,unknown,
43201,ok,1894
43202,ok,1894
43203,unknown,
43204,unknown,
43205,ok,1946
43206,ok,1915
43207,ok,1870
43208,ok,1946
43209,ok,1949
43210,ok,1947
43211,recent,
43212,unknown,
43214,ok,1915
43216,ok,1904
43218,ok,1916
43219,ok,1929
43221,unknown,
43222,unknown,
43223,ok,1929
43224,unknown,
43225,unknown,
43227,unknown,
43229,ok,1858
43230,recent,
43231,unknown,
43232,ok,1947
43233,ok,1934
43234,unknown,
43235,recent,
43237,ok,1881
43238,unknown,
43239,unknown,
43240,ok,1943
43241,ok,1914
43242,ok,1914
43245,ok,1879
43246,recent,
43247,ok,1920
43248,unknown,
43249,ok,1922
43250,ok,1935
43251,ok,1936
43252,ok,1936
43253,unknown,
43254,unknown,
43255,ok,1906
43256,recent,
43257,ok,1929
43259,unknown,
43261,ok,1869
43262,ok,1869
43263,recent,
43264,ok,1947
43265,ok,1947
43266,unknown,
43267,unknown,
43268,unknown,
43269,unknown,
43270,unknown,
43271,ok,1900
43272,recent,
43273,recent,
43274,recent,
43277,ok,1937
43399,ok,1947
43278,ok,1910
43280,unknown,
43281,ok,1900
43282,unknown,
43283,ok,1908
43284,recent,
43286,ok,1917
43287,unknown,
43288,ok,1932
43289,ok,1921
43291,ok,1949
43292,unknown,
43293,recent,
43294,ok,1890
43296,ok,1909
43297,recent,
43298,unknown,
43299,recent,
43300,ok,1942
43301,ok,1904
43302,ok,1946
43303,unknown,
43304,recent,
43305,ok,1884
43306,ok,1867
43307,ok,1874
43308,ok,1874
43309,ok,1913
43310,ok,1913
43311,ok,1874
43312,ok,1877
43313,ok,1877
43314,ok,1934
43315,ok,1878
43317,ok,1942
43318,unknown,
43319,ok,1885
43320,ok,1914
43321,ok,1874
43323,unknown,
43325,ok,1935
43326,ok,1888
43327,recent,
43328,ok,1914
43329,ok,1887
43330,unknown,
43331,ok,1892
43334,unknown,
43336,ok,1943
43337,ok,1891
43340,ok,1905
43341,ok,1874
43342,unknown,
43343,ok,1888
43344,unknown,
43345,ok,1902
43346,ok,1902
43347,ok,1944
43348,ok,1912
43349,ok,1937
43350,ok,1927
43351,ok,1942
43352,ok,1915
43353,ok,1920
43354,unknown,
43355,ok,1949
43357,unknown,
43358,ok,1864
43359,ok,1894
43362,recent,
43363,ok,1925
43364,recent,
43365,ok,1863
43366,ok,1922
43367,unknown,
43368,unknown,
43369,ok,1905
43431,unknown,
43370,unknown,
43371,ok,1930
43372,ok,1939
43373,ok,1896
43374,ok,1938
43375,unknown,
43376,recent,
43377,unknown,
43378,ok,1872
43379,ok,1907
43380,ok,1951
43381,ok,1946
43382,unknown,
43383,unknown,
43384,unknown,
43385,unknown,
43386,unknown,
43387,unknown,
43389,unknown,
43390,ok,1893
43391,unknown,
43393,ok,1908
43394,recent,
43395,ok,1905
43396,ok,1891
43397,ok,1889
43402,ok,1930
43403,ok,1900
43404,ok,1897
43405,unknown,
43406,ok,1944
43407,unknown,
43408,ok,1887
43409,ok,1928
43410,recent,
43411,unknown,
43412,unknown,
43413,unknown,
43414,recent,
43415,ok,1904
43416,unknown,
43417,ok,1884
43418,unknown,
43419,unknown,
43420,ok,1912
43421,ok,1929
43422,recent,
43423,ok,1955
43424,unknown,
43425,ok,1930
43426,unknown,
43427,unknown,
43428,ok,1930
43429,ok,1910
43433,ok,1941
43434,unknown,
43435,ok,1924
43436,unknown,
43437,ok,1766
43439,unknown,
43440,ok,1922
43441,ok,1936
43442,ok,1901
43444,ok,1898
43445,ok,1898
43446,ok,1898
43447,ok,1949
43448,unknown,
43449,ok,1935
43450,ok,1919
43451,ok,1726
43452,ok,1921
43453,ok,1806
43454,unknown,
43455,recent,
43456,ok,1926
43457,ok,1703
43461,unknown,
43462,ok,1936
43463,unknown,
43464,ok,1875
43465,ok,79
43466,ok,1943
43467,ok,1937
43468,unknown,
43469,ok,1920
43470,ok,1932
43471,ok,1937
43472,ok,1947
43473,ok,1883
43474,unknown,
43475,ok,1954
43476,ok,1883
43477,ok,1954
43480,ok,1891
43481,ok,1901
43482,recent,
43483,ok,1910
43484,ok,1935
43485,ok,1905
43487,unknown,
43488,ok,1950
43489,ok,1880
43490,ok,1940
43491,ok,1948
43492,ok,1935
43494,ok,1897
43495,unknown,
43496,ok,1876
73349,ok,1899
43497,ok,1952
43498,unknown,
43499,unknown,
43500,unknown,
43501,ok,1846
43502,ok,1952
43503,ok,1937
43504,ok,1893
43505,ok,1914
43506,ok,1901
43507,unknown,
43508,ok,1922
43509,unknown,
43510,ok,1888
43513,unknown,
43514,ok,1942
43515,unknown,
43516,unknown,
43517,ok,1943
43518,unknown,
43519,unknown,
43520,ok,1933
43522,recent,
43523,ok,1917
43524,unknown,
43525,ok,1924
43526,ok,1911
43527,ok,1915
43528,unknown,
43529,ok,1840
43530,ok,1918
43531,unknown,
43533,ok,1947
43534,unknown,
43535,ok,1873
43536,unknown,
43537,ok,1907
43538,ok,1952
43539,ok,1933
43540,ok,1868
43541,ok,1929
43542,recent,
43543,ok,1878
43544,ok,1865
43545,unknown,
43546,ok,1935
43548,ok,1936
43549,ok,1952
43550,unknown,
43551,ok,1932
43552,ok,1906
43554,ok,1887
43555,unknown,
43556,ok,1929
43557,ok,1908
43558,unknown,
43559,unknown,
43561,ok,1814
43562,ok,1913
43563,ok,1880
43565,recent,
43566,ok,1834
43567,ok,1928
43568,ok,1925
43569,recent,
43571,ok,1912
43572,recent,
43573,ok,1939
43574,unknown,
43576,ok,1860
43577,ok,1860
43578,ok,1860
43579,ok,1860
43580,ok,1914
43581,ok,1935
43582,unknown,
43583,unknown,
43584,unknown,
43585,ok,1936
43586,ok,1845
43587,ok,1929
43588,ok,1910
43589,ok,1918
43590,ok,1918
43591,ok,1923
43592,ok,1923
43593,ok,1923
43594,ok,1951
43595,ok,1913
43596,recent,
43597,unknown,
43598,recent,
43599,unknown,
43600,ok,1888
43601,ok,1924
43602,ok,1916
43604,ok,1946
43605,ok,1941
43606,ok,1927
43607,ok,1952
43608,ok,1918
43609,unknown,
43611,ok,1939
43612,unknown,
43614,ok,1907
43615,ok,1935
43616,ok,1946
43617,ok,1846
43618,unknown,
43622,unknown,
43623,ok,1931
43624,ok,1929
43625,unknown,
43626,ok,1908
43627,ok,1935
43628,ok,1935
43629,ok,1935
43630,unknown,
43631,unknown,
43632,unknown,
43633,ok,1947
43634,ok,1908
43635,unknown,
43636,ok,1936
43637,unknown,
43638,recent,
43639,ok,1936
43640,ok,1913
43641,ok,1896
43642,unknown,
43643,unknown,
43644,recent,
43645,unknown,
43646,ok,1900
43647,ok,1900
43648,unknown,
43750,ok,1936
43649,ok,1939
43650,ok,1923
43651,ok,1950
43652,ok,1855
43654,ok,1904
43655,ok,1904
43656,ok,1784
43657,ok,1912
43658,unknown,
43659,ok,1916
43660,ok,1877
43661,ok,1877
43662,ok,1955
43663,unknown,
43665,ok,1939
43666,ok,1951
43667,ok,1947
43668,ok,1947
43669,ok,1878
43670,ok,1952
43671,ok,1927
43672,ok,1942
43673,unknown,
43674,ok,1935
43675,ok,1916
43676,ok,1933
43677,recent,
43678,ok,1912
43680,ok,1947
43681,ok,1923
43682,ok,1923
43683,unknown,
43684,ok,1891
43685,ok,1937
43686,ok,1894
43688,ok,1899
43691,ok,1893
43692,ok,1915
43693,ok,1864
43695,unknown,
43696,ok,1929
43697,unknown,
43698,ok,1910
43699,unknown,
43700,unknown,
43701,ok,1928
43702,ok,1933
43703,ok,1933
43705,ok,1872
43706,ok,1900
43707,unknown,
43708,unknown,
43709,unknown,
43710,unknown,
43711,ok,1935
43712,ok,1884
43713,unknown,
43714,ok,1912
43715,ok,1895
43716,ok,1883
43718,ok,1561
43719,recent,
43720,ok,1952
43721,unknown,
43722,unknown,
43723,ok,1775
43726,ok,1907
43727,ok,1907
43728,unknown,
43729,ok,1930
43730,unknown,
43731,ok,1930
43732,ok,1930
43734,unknown,
43735,ok,1912
43736,unknown,
43737,recent,
43738,unknown,
43739,ok,1927
43741,ok,1928
43742,ok,1939
43743,ok,1816
43745,unknown,
43748,ok,1932
43749,ok,1932
43751,ok,1913
43752,ok,1884
43753,ok,1951
43754,ok,1917
43755,unknown,
43756,ok,1836
43757,recent,
43758,unknown,
43760,ok,1926
43761,ok,1936
43762,unknown,
43763,ok,1885
43764,ok,1912
43765,ok,1898
43766,ok,1912
43767,ok,1896
43768,unknown,
43769,ok,1916
43770,ok,1938
43771,ok,1938
43772,ok,1884
43773,recent,
43774,ok,1899
43775,ok,1899
43813,ok,1930
43776,ok,1899
43780,ok,1929
43782,ok,1905
43784,ok,1947
43785,ok,1930
43786,unknown,
43787,ok,1932
43789,ok,1937
43790,ok,1897
43791,ok,1943
43792,ok,1909
43793,unknown,
43794,ok,1926
43795,ok,1913
43796,unknown,
43797,ok,1925
43799,ok,1869
43800,ok,1691
43805,unknown,
43806,ok,1912
43807,unknown,
43808,unknown,
43809,ok,1912
43810,ok,1935
43811,ok,1897
43812,unknown,
43814,unknown,
43816,ok,1951
43817,unknown,
43818,unknown,
43819,ok,1944
43820,ok,1935
43822,ok,1918
43823,ok,1918
43824,recent,
43825,ok,1896
43826,ok,1927
43827,ok,1923
43828,ok,1898
43829,ok,1898
43830,ok,1898
43831,ok,1935
43832,ok,1936
43833,ok,1936
43834,ok,1921
43835,ok,1925
43837,recent,
43838,ok,1889
43839,unknown,
43840,ok,1943
43841,ok,1873
43842,unknown,
43843,ok,1952
43844,ok,1856
43845,unknown,
43846,ok,1929
43847,ok,1942
43848,ok,1903
43849,ok,1913
43851,ok,1850
43852,unknown,
43853,recent,
43854,ok,1793
43855,ok,1790
43856,ok,1918
43857,unknown,
43858,ok,1831
43862,ok,1933
43863,ok,1911
43864,unknown,
43865,ok,1943
43866,ok,1943
43867,unknown,
43868,ok,1859
43869,ok,1859
43870,unknown,
43871,ok,1933
43872,ok,1925
43873,unknown,
43874,unknown,
43971,ok,1946
43875,ok,1918
43876,recent,
43877,ok,1851
43878,ok,1921
43879,unknown,
43880,ok,1941
43881,ok,1941
43882,unknown,
43883,unknown,
43884,unknown,
43885,ok,1936
43886,ok,1916
43887,ok,1900
43888,ok,1925
43889,ok,1876
43893,ok,1889
43894,ok,1909
43895,ok,1895
43896,ok,1944
43897,ok,1912
43898,ok,1943
43900,ok,1891
43901,ok,1696
43904,recent,
43905,recent,
43906,ok,1946
43972,ok,1953
43907,unknown,
43908,ok,1936
43909,recent,
43910,unknown,
43911,ok,1937
43912,recent,
43915,unknown,
43916,ok,1922
43917,ok,1917
43918,ok,1891
43921,ok,1911
43922,recent,
43923,ok,1883
43924,ok,1946
43925,ok,1883
43926,ok,1890
43927,ok,1874
43928,unknown,
43929,ok,1878
43930,unknown,
43934,unknown,
43935,ok,1904
43936,ok,1919
43937,unknown,
43938,ok,1927
43970,ok,1936
43939,ok,1932
43940,recent,
43942,unknown,
43943,ok,1938
43944,ok,1927
43945,ok,1955
43946,ok,1903
43947,ok,1927
43951,ok,1914
43952,recent,
43954,ok,1932
43955,ok,1919
43956,ok,1846
43957,unknown,
43958,unknown,
43959,unknown,
43960,ok,1913
43961,ok,1912
43963,ok,1933
43964,unknown,
43965,ok,1942
43966,ok,1925
43967,ok,1691
43968,ok,1932
43969,unknown,
44127,ok,1921
43973,ok,1939
43974,ok,1939
43975,ok,1944
43976,recent,
43977,ok,1953
43979,unknown,
43980,ok,1922
43981,unknown,
43982,ok,1912
43983,ok,1928
43984,ok,1898
43985,ok,1924
43986,ok,1939
43988,recent,
43989,ok,1919
43990,ok,1909
43991,ok,1932
43992,ok,1932
43993,ok,1913
43994,ok,1921
43995,ok,1860
43996,unknown,
43997,ok,1864
43998,recent,
43999,unknown,
44000,ok,1914
44001,unknown,
44002,unknown,
44003,unknown,
44004,unknown,
44005,unknown,
44006,unknown,
44007,unknown,
44008,unknown,
44009,unknown,
44010,unknown,
44011,unknown,
44012,unknown,
44013,unknown,
44014,ok,1900
44015,unknown,
44016,unknown,
44017,unknown,
44018,unknown,
44019,ok,1763
44020,unknown,
44021,ok,1928
44022,ok,1900
44023,ok,1932
44024,ok,1915
44025,recent,
44026,unknown,
44027,ok,1923
44028,ok,1880
44029,ok,1932
44030,ok,1924
44031,unknown,
44032,ok,1928
44033,ok,1935
44034,recent,
44035,ok,1921
44037,ok,1916
44038,ok,1950
44039,ok,1925
44040,unknown,
44041,unknown,
44043,unknown,
44044,unknown,
44045,unknown,
44046,ok,1950
44048,ok,1916
44050,ok,1832
44052,unknown,
44053,unknown,
44054,ok,1838
44055,recent,
44056,ok,1855
44057,ok,1855
44058,ok,1855
44059,unknown,
44060,unknown,
44061,unknown,
44062,recent,
44063,recent,
44064,ok,1757
44065,ok,1757
44066,ok,1924
44068,ok,1914
44070,unknown,
44071,ok,1625
44072,ok,1896
44073,ok,1911
44074,unknown,
44075,ok,1836
44076,unknown,
44077,ok,1927
44078,ok,1929
44079,recent,
44080,ok,1897
44081,ok,1898
44082,ok,1909
44083,ok,1931
44085,ok,1922
44089,ok,1797
44090,unknown,
44091,ok,1905
44092,recent,
44094,ok,1929
44095,unknown,
44096,ok,1946
44097,unknown,
44098,ok,1934
44099,unknown,
44100,ok,1912
44101,ok,1922
44102,recent,
44103,ok,1903
44104,ok,1918
44105,unknown,
44106,unknown,
44107,ok,1941
44108,ok,1941
44109,ok,1941
44111,recent,
44112,unknown,
44113,unknown,
44114,ok,1918
44115,ok,1893
44116,ok,1900
44117,ok,1938
44118,ok,1941
44119,unknown,
44121,unknown,
44122,unknown,
44123,ok,1901
44124,ok,1886
44125,unknown,
44126,unknown,
44129,ok,1912
44132,ok,1933
44133,unknown,
44134,unknown,
44135,unknown,
44138,unknown,
44139,ok,1917
44140,ok,1859
44141,unknown,
44142,ok,1870
44143,ok,1942
44144,ok,1850
44145,ok,1891
44146,ok,1937
44147,ok,1937
44148,ok,1937
44149,ok,1937
44150,ok,1937
44151,ok,1937
44152,ok,1937
44153,ok,1937
44154,ok,1937
44155,ok,1937
44156,ok,1891
44157,unknown,
44159,ok,1836
44160,ok,1872
44161,ok,1935
44162,ok,1475
44163,unknown,
44164,unknown,
44165,recent,
44166,unknown,
44167,ok,1928
44171,unknown,
44172,ok,1950
44175,unknown,
44176,unknown,
44177,ok,1905
44178,unknown,
44179,unknown,
44180,ok,1872
44181,ok,1918
44182,ok,1934
44183,unknown,
44184,unknown,
44185,ok,1953
44186,unknown,
44187,ok,1926
44188,ok,1946
44189,ok,1885
44190,unknown,
44191,ok,1920
44192,unknown,
44193,ok,1786
44194,unknown,
44195,ok,1926
44196,ok,1883
44198,ok,1863
44199,ok,1863
44200,ok,1941
44201,ok,1819
44202,ok,1912
44205,ok,1913
44206,ok,1925
44208,ok,1932
44209,ok,1909
44210,ok,1940
44212,unknown,
44213,unknown,
44214,unknown,
44215,ok,1941
44219,ok,1937
44220,ok,1937
44221,ok,1937
44222,ok,1944
44223,ok,1944
44224,ok,1944
44225,ok,1944
44226,ok,1944
44227,recent,
44228,ok,1941
44229,ok,1912
44230,ok,1927
44231,ok,1865
44232,unknown,
44233,ok,1951
44234,unknown,
44235,recent,
44236,ok,1932
44237,recent,
44240,ok,1929
44241,unknown,
44242,ok,1903
44244,ok,1939
44245,ok,1924
44247,ok,1912
44249,ok,1955
44252,ok,1860
44253,ok,1860
44254,ok,1860
44255,ok,1910
44256,unknown,
44257,unknown,
44259,ok,1907
44260,ok,1939
44261,unknown,
44262,ok,1913
44263,unknown,
44264,ok,1878
44266,ok,1910
44267,ok,1944
44268,ok,1864
44269,ok,1930
44270,ok,1925
44273,unknown,
44274,unknown,
44276,ok,1807
44277,unknown,
44278,ok,1905
44279,unknown,
44280,ok,1889
44281,ok,1936
44282,unknown,
44284,ok,1869
44285,ok,1884
44286,ok,1922
44287,ok,1874
44288,ok,1703
44289,ok,1886
44290,ok,1932
44291,ok,1946
44292,ok,1952
44293,unknown,
44294,recent,
44295,ok,1940
44296,ok,1933
44297,unknown,
44299,recent,
44300,ok,1927
44301,ok,1517
44302,ok,1951
44303,ok,1939
44304,ok,1898
44306,ok,1876
44307,ok,1924
44308,ok,1946
44310,unknown,
44311,ok,1909
44312,ok,1931
44314,unknown,
44315,ok,1918
44316,unknown,
44317,ok,1917
44318,unknown,
44319,unknown,
44320,ok,1899
44321,unknown,
44322,ok,1936
44323,ok,1918
44324,recent,
44325,recent,
44326,recent,
44327,recent,
44328,recent,
44329,ok,1900
44330,ok,1854
44331,recent,
44332,unknown,
44333,ok,1907
44334,unknown,
44367,ok,1916
74184,ok,1926
44335,ok,1826
44336,ok,1950
44337,ok,1870
44338,unknown,
44340,ok,1947
44341,ok,1916
44342,unknown,
44343,unknown,
44344,unknown,
44345,unknown,
44346,recent,
44347,unknown,
44348,ok,1947
44349,ok,1949
44350,ok,1889
44351,recent,
44352,recent,
44353,recent,
44354,unknown,
44356,ok,1920
44357,unknown,
44359,ok,1912
44360,ok,1940
44361,unknown,
44362,unknown,
44490,ok,1935
44369,unknown,
44370,unknown,
44371,unknown,
44373,ok,1846
44374,unknown,
44375,ok,1883
44376,ok,1866
44377,ok,1866
44378,unknown,
44379,ok,1915
44380,ok,1883
44381,ok,1800
44382,unknown,
44384,recent,
44385,ok,1923
44387,ok,1953
44388,ok,1941
44390,recent,
44391,unknown,
44392,unknown,
44393,unknown,
44394,ok,1918
44395,unknown,
44396,ok,1953
44397,recent,
44398,ok,1882
44399,ok,1883
44400,unknown,
44401,unknown,
44402,ok,1902
44403,unknown,
44404,ok,1933
44406,unknown,
44407,ok,1815
44408,ok,1824
44409,ok,1930
44410,ok,1859
44411,ok,1953
44412,ok,1911
44413,ok,1949
44414,ok,1913
44415,ok,1916
44416,ok,1843
44417,ok,1953
44418,ok,1928
44419,recent,
44420,ok,1953
44421,ok,1883
44422,ok,1875
44425,ok,1893
44426,unknown,
44427,ok,1848
44428,ok,1893
44429,ok,1907
44430,ok,1898
44431,unknown,
44432,unknown,
44433,ok,1888
44434,unknown,
44435,ok,1890
44437,ok,1930
44438,ok,1930
44439,ok,1953
44440,ok,1933
44441,ok,1953
44443,ok,1900
44444,ok,1865
44445,ok,1901
44447,ok,1874
44448,ok,1883
44449,ok,1846
44450,ok,1953
44451,ok,1932
44453,ok,1892
44454,ok,1883
44455,ok,1924
44456,unknown,
44457,unknown,
44458,ok,1929
44459,recent,
44582,ok,1926
44460,ok,1901
44461,unknown,
44462,ok,1930
44463,ok,1893
44464,ok,1893
44465,ok,1939
44466,ok,1954
44467,ok,1915
44468,ok,1939
44469,ok,1871
44470,ok,1907
44471,ok,1901
44472,unknown,
44473,unknown,
44475,recent,
44476,ok,1912
44477,unknown,
44478,ok,1944
44479,unknown,
44480,unknown,
44481,ok,1935
44483,ok,1923
44484,recent,
44485,ok,1950
44486,ok,1940
44487,recent,
44488,ok,1938
44491,unknown,
44492,ok,1898
44493,ok,1862
44494,ok,1862
44495,ok,1862
44496,recent,
44497,ok,1911
44498,ok,1911
44499,ok,1911
44500,ok,1939
44501,recent,
44502,ok,1944
44503,ok,1917
44504,ok,1894
44505,unknown,
44508,ok,1945
44509,ok,1892
44511,recent,
44514,ok,1883
44515,ok,1931
44516,unknown,
44517,unknown,
44518,unknown,
44519,unknown,
44520,ok,1842
74358,recent,
44521,ok,1882
44522,ok,1882
44523,ok,1882
44524,unknown,
44525,ok,1919
44526,ok,1919
44527,ok,1919
44530,ok,1925
44531,unknown,
44533,unknown,
44534,ok,1927
44535,ok,1932
44536,ok,1909
44538,ok,1930
44539,unknown,
44541,ok,1928
44543,unknown,
44544,unknown,
44546,ok,1911
44547,ok,1922
44548,ok,1902
44550,unknown,
44551,ok,1946
44552,ok,1948
44553,ok,1920
44554,ok,1920
44555,ok,1921
44556,unknown,
44557,ok,1887
44558,unknown,
44559,ok,1891
44560,ok,1838
44561,ok,1873
44562,ok,1857
44563,ok,1908
44564,ok,1928
44566,ok,1877
44567,ok,1838
44568,unknown,
44569,ok,1928
44570,ok,1931
44571,unknown,
44572,unknown,
44573,ok,1839
44574,ok,1889
44576,unknown,
44577,unknown,
44578,unknown,
44579,ok,1929
44581,ok,1938
44583,ok,1876
44585,ok,1924
44586,ok,1939
44587,ok,1903
44588,ok,1903
44589,unknown,
44590,ok,1911
44591,unknown,
44592,unknown,
44593,ok,1944
44594,unknown,
44595,unknown,
44596,unknown,
44597,unknown,
44599,unknown,
44600,ok,1912
44601,unknown,
44603,unknown,
44604,unknown,
44605,ok,1888
44606,recent,
44607,ok,1937
44608,ok,1929
44609,unknown,
44613,ok,1887
44614,unknown,
44615,unknown,
44616,ok,1912
44617,ok,1874
44618,unknown,
44619,ok,1923
44620,ok,1873
44621,unknown,
44622,ok,1927
44623,recent,
44624,ok,1942
44625,recent,
44626,unknown,
44627,ok,1923
44628,ok,1888
44629,ok,1943
44630,unknown,
44631,ok,1944
44632,recent,
44633,ok,1924
44634,unknown,
44635,ok,1925
44636,ok,1876
44637,recent,
44638,unknown,
44640,ok,1949
44641,unknown,
44643,ok,1930
44644,ok,1887
44645,ok,1726
44646,ok,1915
44648,unknown,
44649,ok,1925
44650,unknown,
44651,ok,1912
44652,unknown,
44653,ok,1910
44654,unknown,
44655,ok,1691
44656,ok,1954
44658,unknown,
44659,ok,1937
44660,unknown,
44661,ok,1864
44662,ok,1864
44663,ok,1864
44664,ok,1838
44665,unknown,
44669,ok,1913
44670,unknown,
44671,ok,1938
44672,ok,1883
44673,unknown,
44675,ok,1877
44676,ok,1838
44678,recent,
44679,recent,
44680,ok,1909
44681,ok,1943
44682,unknown,
44683,ok,1901
44684,ok,1924
44685,ok,1889
44686,ok,1931
44688,unknown,
44689,ok,1913
44690,unknown,
44691,ok,1942
44692,unknown,
44693,recent,
44694,unknown,
44695,ok,1934
44696,unknown,
44697,ok,1891
44700,ok,1601
44701,ok,1908
44702,ok,1937
44703,ok,1862
44704,ok,1949
44705,recent,
44706,unknown,
44707,unknown,
44708,unknown,
44709,unknown,
44710,ok,1913
44712,unknown,
44713,unknown,
44715,ok,1883
44716,recent,
44717,recent,
44718,ok,1928
44720,ok,1939
44721,ok,1901
44723,ok,1902
44724,ok,1912
44725,unknown,
44726,ok,1938
44727,unknown,
44728,ok,1922
44729,ok,1943
44730,ok,1940
44731,ok,1935
44732,unknown,
44733,ok,1911
44734,unknown,
44735,unknown,
44736,ok,1842
44738,unknown,
44739,unknown,
44740,ok,1616
44741,ok,1884
44742,ok,1884
44743,unknown,
44744,unknown,
44745,ok,1887
44746,ok,1907
44747,ok,1950
44748,unknown,
44749,ok,1796
44750,unknown,
44751,ok,1950
44752,ok,1950
44753,unknown,
44754,unknown,
44755,unknown,
44756,unknown,
44759,unknown,
44760,unknown,
44761,unknown,
44762,ok,1921
44764,ok,1934
44765,ok,1932
44766,unknown,
44767,ok,1937
44768,unknown,
44769,ok,1871
44770,ok,1901
44771,unknown,
44772,ok,1941
44773,ok,1917
44774,ok,1901
44805,ok,1904
45106,ok,1926
44776,ok,1872
44777,ok,1872
44778,ok,1896
44779,unknown,
44780,ok,1901
44782,unknown,
44783,ok,1867
44785,ok,1914
44786,recent,
44787,unknown,
44788,unknown,
44789,ok,1876
44790,unknown,
44791,ok,1896
44792,unknown,
44794,ok,1955
44795,ok,1842
44796,ok,1950
44798,ok,1909
44799,unknown,
44800,ok,1850
44801,unknown,
44802,ok,1889
44803,ok,1937
44804,unknown,
44806,ok,1889
44807,ok,1939
44808,unknown,
44809,unknown,
44810,unknown,
44812,unknown,
44813,recent,
44815,ok,1791
44816,ok,1910
44818,ok,1940
44819,ok,1937
44820,ok,1899
44822,ok,1864
44823,ok,1862
44824,recent,
44827,ok,1927
44828,ok,1920
44829,recent,
44833,ok,1912
44835,unknown,
44836,unknown,
44837,ok,1858
44838,ok,1930
44841,ok,1942
44842,ok,1925
44843,ok,1946
44844,ok,1954
44846,unknown,
44847,unknown,
44848,unknown,
44849,ok,1927
44850,unknown,
44851,ok,1858
44852,unknown,
44853,ok,1927
44854,unknown,
44855,ok,1933
44860,ok,1856
44861,unknown,
44862,unknown,
44864,ok,1941
44865,ok,1869
44866,ok,1904
44867,ok,1946
44870,unknown,
44872,ok,1942
44873,recent,
44874,ok,1887
44875,ok,1835
44876,ok,1835
44877,ok,1715
44878,ok,1929
44879,ok,1939
44880,unknown,
44881,ok,1876
44882,ok,1917
44883,ok,1929
45202,unknown,
44884,unknown,
44885,unknown,
44886,unknown,
44887,unknown,
44888,ok,1938
44889,ok,1921
44890,ok,1906
44891,ok,1680
44894,unknown,
44895,ok,1718
44896,ok,1897
44897,ok,1894
44898,unknown,
44900,ok,1860
44901,ok,1847
44902,ok,1847
44903,ok,1847
44904,ok,1857
44905,ok,1934
44906,ok,1894
44907,ok,1881
44908,ok,1927
44909,ok,1918
44910,ok,1924
44911,ok,1935
44912,unknown,
44913,unknown,
44914,unknown,
44915,unknown,
44916,ok,1950
44917,recent,
44919,ok,1888
44920,ok,1909
44922,ok,1911
44923,recent,
44924,ok,1893
44925,unknown,
44926,unknown,
44927,unknown,
44928,ok,1932
44929,unknown,
44930,ok,1875
44931,ok,1926
44932,recent,
44933,unknown,
44934,ok,1931
44935,ok,1929
44939,ok,1916
44941,ok,1887
44942,unknown,
44943,unknown,
44947,ok,1951
44948,unknown,
44949,ok,1937
44950,ok,1897
44951,unknown,
44952,ok,1940
44953,unknown,
44954,ok,1901
44955,ok,1883
44958,ok,1873
44959,ok,1836
44960,ok,1921
44962,unknown,
44963,ok,1901
44964,unknown,
44965,ok,1862
44966,ok,1919
44968,ok,1915
44969,ok,1896
44970,ok,1930
44973,ok,1906
44974,ok,1803
44975,ok,1955
44976,unknown,
44977,ok,1899
44978,ok,1899
44979,ok,1932
44980,ok,1947
44981,unknown,
44982,recent,
45045,ok,1916
44983,ok,1953
44984,ok,1942
44985,ok,1940
44986,ok,1937
44987,ok,1926
44988,unknown,
44989,ok,1940
44990,unknown,
44991,ok,1901
44992,ok,1882
44993,unknown,
44994,unknown,
44995,unknown,
44996,ok,1836
44997,ok,1919
44998,recent,
45001,ok,1839
45002,ok,1891
45003,ok,1944
45004,unknown,
45005,ok,1881
45006,ok,1844
45010,ok,1902
45011,ok,1911
45012,ok,1869
45013,ok,1869
45014,ok,1877
45015,ok,1877
45016,ok,1907
45018,ok,1913
45019,ok,1913
45020,ok,1888
45021,ok,1889
45022,ok,1899
45023,ok,1872
45024,ok,1901
45025,ok,1922
45026,ok,1926
45027,ok,1912
45028,ok,1917
45029,recent,
45030,ok,1919
45031,ok,1628
45032,recent,
45033,unknown,
45034,ok,1887
45035,ok,1934
45036,ok,1921
45037,ok,1914
45038,ok,1900
45039,unknown,
45040,ok,1919
45041,ok,1874
45042,unknown,
45044,unknown,
45047,ok,1947
45048,ok,1955
45049,ok,1901
45050,ok,1666
45051,recent,
45053,unknown,
45054,recent,
45057,ok,1864
45058,ok,1905
45059,unknown,
45060,ok,1850
45061,unknown,
45063,ok,1905
45064,unknown,
45065,ok,1905
45066,ok,1897
45067,unknown,
45068,ok,1943
45069,ok,1949
45070,unknown,
45071,ok,1896
45072,unknown,
45074,unknown,
45075,ok,1916
45076,ok,1850
45077,unknown,
45078,unknown,
45079,unknown,
45080,unknown,
45081,ok,1892
45082,ok,1846
45083,ok,1919
45084,unknown,
45085,ok,1891
45086,ok,1942
45087,unknown,
45088,unknown,
45089,unknown,
45090,unknown,
45092,ok,1950
45093,unknown,
45094,unknown,
45095,unknown,
45096,unknown,
45097,ok,1885
45098,ok,1934
45099,ok,1916
45100,ok,1916
45101,ok,1939
45102,ok,1941
45103,recent,
45104,unknown,
45105,unknown,
45107,ok,1923
45108,unknown,
45110,ok,1895
45111,ok,1917
45112,recent,
45113,ok,1932
45114,recent,
45115,unknown,
45116,unknown,
45117,ok,1925
45118,ok,1897
45119,ok,1893
45121,ok,1874
45122,unknown,
45124,ok,1869
45125,recent,
45128,ok,1914
45129,ok,1877
45130,ok,1935
45131,ok,1935
45132,ok,1892
45133,ok,1930
45134,unknown,
45240,unknown,
45135,recent,
45136,unknown,
45137,ok,1955
45138,ok,1875
45139,unknown,
45140,ok,1944
45141,ok,1930
45142,ok,1944
45143,ok,1923
45144,unknown,
45146,unknown,
45148,ok,1950
45149,ok,1933
45150,ok,1867
45152,unknown,
45153,ok,1893
45154,unknown,
45155,recent,
45156,ok,1947
45157,ok,1928
45158,recent,
45159,recent,
45160,ok,1872
45162,ok,1896
45164,unknown,
45165,ok,1860
45166,ok,1918
45167,ok,1902
45168,ok,1863
45169,ok,1944
45170,ok,1899
45172,ok,1872
45173,ok,1912
45174,unknown,
45175,ok,1914
45176,ok,1927
45177,ok,1942
45178,ok,1920
45179,unknown,
45181,ok,1919
45182,ok,1917
45184,ok,1925
45185,ok,1951
45187,ok,1930
45188,ok,1925
45190,unknown,
45192,ok,1916
45193,unknown,
45194,unknown,
45195,unknown,
45196,unknown,
45198,ok,1944
45199,recent,
45200,ok,1905
45201,ok,1932
45204,recent,
45205,ok,1829
45206,ok,1949
45207,ok,1907
45208,unknown,
45209,ok,1920
45210,unknown,
45211,ok,1877
45212,ok,1881
45213,ok,1881
45214,ok,1938
45228,unknown,
45229,unknown,
45230,ok,1904
45231,unknown,
45232,ok,1940
45233,ok,1907
45234,ok,1948
45235,ok,1949
45236,recent,
45237,unknown,
45238,ok,1920
45239,ok,1916
45241,ok,1932
45242,ok,1932
45243,ok,1932
45244,ok,1932
45245,ok,1948
45247,unknown,
45248,unknown,
45249,ok,1918
45251,unknown,
45253,recent,
45255,unknown,
45256,ok,1913
45259,ok,1940
45260,unknown,
45261,unknown,
45262,ok,1917
45264,ok,1943
45265,ok,1943
45266,unknown,
45267,unknown,
45268,ok,1918
45269,ok,1937
45270,ok,1942
45272,recent,
45273,ok,1897
45274,ok,1903
45275,ok,1846
45276,unknown,
45277,ok,1930
45279,unknown,
45280,ok,1894
45281,ok,1934
45282,unknown,
45283,ok,1921
45285,unknown,
45287,unknown,
45288,ok,1928
45289,unknown,
45290,unknown,
45291,ok,1919
45292,ok,1945
45293,ok,1943
45294,unknown,
45295,unknown,
45299,ok,1928
45300,ok,1930
45301,ok,1906
45302,ok,1898
45303,ok,1933
45304,ok,1909
45305,ok,1909
45306,unknown,
45307,ok,1921
45308,recent,
45309,ok,1906
45310,unknown,
45311,ok,1929
45312,ok,1893
45313,ok,1925
45314,unknown,
45315,ok,1827
45316,ok,1944
45317,ok,1851
45318,unknown,
45320,ok,1944
45321,ok,1908
45322,unknown,
45323,ok,1894
45324,unknown,
45325,unknown,
45326,unknown,
45327,unknown,
45328,ok,1943
45329,unknown,
45331,ok,1941
45332,ok,1896
45336,ok,1935
45337,unknown,
45338,unknown,
45339,unknown,
45341,ok,1858
45342,unknown,
45343,recent,
45344,ok,1916
45345,unknown,
45346,ok,1920
45347,ok,1919
45348,unknown,
45349,ok,1944
45350,unknown,
45351,recent,
45353,ok,1946
45354,ok,1952
45356,ok,1900
45357,ok,1946
45359,unknown,
45360,unknown,
45361,unknown,
45362,ok,1923
45363,ok,1912
45365,ok,1885
45366,ok,1874
45367,unknown,
45368,recent,
45369,unknown,
45370,unknown,
45372,unknown,
45374,ok,1896
45375,ok,1951
45376,ok,1925
45377,unknown,
45379,ok,1919
45380,ok,1897
45381,unknown,
45416,ok,1919
45382,unknown,
45383,ok,1872
45384,ok,1902
45385,ok,1859
45386,unknown,
45387,ok,1943
45388,ok,1910
45389,unknown,
45390,unknown,
45391,ok,1921
45394,ok,1856
45395,ok,1856
45396,recent,
45397,ok,1933
45398,ok,1947
45399,unknown,
45400,unknown,
45401,ok,1889
45402,ok,1883
45403,ok,1889
45405,ok,1940
45406,unknown,
45407,unknown,
45408,unknown,
45409,unknown,
45410,ok,1922
45411,ok,1884
45412,ok,1946
45413,ok,1938
45414,ok,1937
45415,ok,1896
45417,unknown,
45419,ok,1938
45420,ok,1747
45421,ok,1924
45422,recent,
45423,ok,1892
45424,ok,1870
45425,recent,
45426,ok,1898
45427,ok,1914
45428,ok,1897
45429,unknown,
45430,ok,1876
45432,ok,1949
45433,unknown,
45435,ok,1892
45436,ok,1916
45437,unknown,
45439,unknown,
45440,unknown,
45441,ok,1929
45442,recent,
45443,ok,1938
45444,ok,1927
45446,ok,1942
45447,unknown,
45449,ok,1927
45450,ok,1872
45451,ok,1927
45452,recent,
45454,ok,1951
45455,unknown,
45456,ok,1873
45457,unknown,
45458,ok,1884
45462,recent,
45463,ok,1892
45464,ok,1939
45465,unknown,
45466,unknown,
45467,unknown,
45468,ok,1916
45469,ok,1917
45470,recent,
45471,ok,1816
45473,ok,1874
45474,ok,1941
45475,ok,1943
45476,ok,1913
45477,unknown,
45478,unknown,
45479,ok,1943
45480,ok,1881
45481,ok,1943
45482,unknown,
45483,ok,1943
45484,ok,1849
45485,recent,
45489,ok,1951
45490,unknown,
45491,recent,
45492,unknown,
45493,ok,1927
45494,unknown,
45495,ok,1914
45496,ok,1889
45497,ok,1954
45498,ok,1913
45501,unknown,
45502,ok,1914
45503,ok,1931
45504,ok,1923
45505,ok,1823
45506,ok,1926
45507,ok,1925
45510,unknown,
45511,recent,
45512,ok,1852
45513,ok,1874
45514,ok,1928
74598,recent,
45515,ok,1790
45516,unknown,
45517,ok,1930
45518,ok,1926
45519,unknown,
45520,unknown,
45521,ok,1916
45522,ok,1880
45523,unknown,
45524,ok,1900
45525,ok,1903
45526,ok,1580
45528,ok,1932
45529,unknown,
45530,unknown,
45531,ok,1889
45532,ok,1873
45533,unknown,
45535,unknown,
45536,ok,1930
45537,ok,1930
45538,unknown,
45539,recent,
45540,ok,1942
45541,ok,1942
45542,recent,
45543,ok,1916
45545,ok,1942
45546,unknown,
45547,unknown,
45549,unknown,
45550,ok,1907
45551,unknown,
45552,ok,1900
45553,ok,1900
45554,ok,1863
45555,ok,1904
45556,ok,1934
45557,recent,
45558,ok,1893
45559,unknown,
45560,unknown,
45561,unknown,
45563,recent,
45564,ok,1915
45567,ok,1928
45568,ok,1922
45570,unknown,
45571,unknown,
45572,unknown,
45573,ok,1902
45575,unknown,
45576,unknown,
45577,ok,1942
45578,unknown,
45580,ok,1898
45581,ok,1919
45582,unknown,
45583,unknown,
45584,ok,1864
45585,ok,1929
45586,unknown,
45587,unknown,
45588,unknown,
45590,ok,1916
45591,unknown,
45592,ok,1776
45593,ok,1580
45596,ok,1894
45597,unknown,
45598,unknown,
45599,ok,1920
45601,ok,1926
45602,unknown,
45603,ok,1910
45604,ok,1924
45605,unknown,
45606,ok,1931
45607,unknown,
45608,ok,1907
45609,ok,1911
45610,unknown,
45611,ok,1580
45613,unknown,
45614,ok,1580
45616,unknown,
45617,ok,1902
45618,ok,1885
45619,ok,1888
45620,ok,1924
45621,ok,1929
45622,ok,1942
45623,ok,1926
45624,unknown,
45625,recent,
45626,ok,1914
45627,unknown,
45628,ok,1891
45629,unknown,
45630,ok,1912
45631,ok,1863
45632,unknown,
45633,ok,1887
45634,ok,1921
45636,ok,1946
45637,ok,1874
45639,unknown,
45640,ok,1940
45641,unknown,
45642,unknown,
45643,recent,
45645,ok,1948
45646,unknown,
45648,ok,1942
45650,unknown,
45651,ok,1909
45652,ok,1929
45654,ok,1918
45655,ok,1628
45656,unknown,
45657,recent,
45658,unknown,
45659,ok,1914
45660,ok,1885
45662,ok,1947
45663,recent,
45666,ok,1931
45667,ok,1917
45671,ok,1909
45673,unknown,
45674,unknown,
45675,unknown,
45676,ok,1912
45677,ok,1880
45678,unknown,
45679,ok,1881
45680,unknown,
45681,ok,1580
45682,recent,
45683,recent,
45684,ok,1911
45685,ok,1935
45686,unknown,
45687,ok,1898
45947,unknown,
45688,ok,1943
45689,ok,1944
45690,ok,1938
45691,unknown,
45692,ok,1924
45693,unknown,
45694,unknown,
45695,unknown,
45699,ok,1948
45700,ok,1949
45701,unknown,
45703,unknown,
45704,unknown,
45705,ok,1906
45706,ok,1839
45708,ok,1912
45709,ok,1911
45710,unknown,
45711,recent,
45712,ok,1921
45714,ok,1924
45715,unknown,
45716,unknown,
45717,ok,1946
45718,ok,1955
45719,ok,1940
45720,ok,1938
45721,ok,1936
45722,unknown,
45723,recent,
45724,ok,1912
45727,ok,1917
45728,ok,1934
45729,unknown,
45730,unknown,
45731,unknown,
45732,ok,1921
45733,ok,1922
45734,ok,1901
45735,unknown,
45736,ok,1898
45737,unknown,
45738,ok,1843
45740,unknown,
45741,unknown,
45742,ok,1940
45743,ok,1943
45744,unknown,
45745,recent,
45746,recent,
45747,ok,1942
45748,ok,1949
45749,ok,1933
45750,ok,1930
45751,ok,1901
45752,ok,1901
45753,ok,1876
45754,unknown,
45755,ok,1942
45756,unknown,
45757,ok,1931
45758,recent,
45759,ok,1925
45760,ok,1943
45761,ok,1887
45762,ok,1907
45763,unknown,
45764,unknown,
45765,unknown,
45766,ok,1926
45768,unknown,
45769,ok,1917
45771,unknown,
45772,ok,1946
45773,ok,1625
45774,unknown,
45775,unknown,
45776,unknown,
45777,ok,1948
45778,ok,1832
45779,unknown,
45780,ok,1922
45781,ok,1922
45782,ok,1947
45784,ok,1878
45785,unknown,
45786,ok,1940
45787,unknown,
45788,ok,1930
45789,unknown,
45790,ok,1924
45791,ok,1942
45792,ok,1903
45793,unknown,
45794,ok,1913
45795,unknown,
45796,ok,1896
45797,unknown,
45799,ok,1944
45800,ok,1940
45801,ok,1940
45802,ok,1930
45804,ok,1909
45805,ok,1916
45806,ok,1901
45809,ok,1947
45810,recent,
45811,ok,1936
45812,unknown,
45813,ok,1864
45814,ok,1943
45815,ok,1929
45816,ok,1897
45817,ok,1897
45818,ok,1897
45819,ok,1946
45820,unknown,
45821,unknown,
45822,ok,1947
45823,unknown,
45824,ok,1922
45825,recent,
45827,ok,1950
45828,ok,1928
45838,ok,1931
45839,ok,1912
45841,ok,1917
45842,recent,
45843,ok,1909
45844,unknown,
45845,ok,1936
45846,unknown,
45847,ok,1858
45848,ok,1921
45849,unknown,
45850,ok,1910
45851,ok,1903
45852,ok,1913
45853,ok,1930
45854,unknown,
45855,unknown,
45856,ok,1943
45857,recent,
45858,ok,1930
45859,ok,1907
45860,recent,
45862,ok,1944
45863,ok,1880
45864,ok,1929
45865,ok,1836
45866,recent,
45867,unknown,
45868,unknown,
45869,recent,
45870,ok,1918
45871,ok,1936
45872,ok,1937
45873,unknown,
45878,recent,
45879,unknown,
45880,ok,1903
45881,ok,1903
45882,ok,1903
45883,ok,1887
45884,ok,1921
45885,unknown,
45886,ok,1872
45887,ok,1879
45888,ok,1938
45890,ok,1892
45891,ok,1892
45892,unknown,
45893,ok,1916
45894,ok,1911
45895,ok,1950
45896,ok,1912
45898,ok,1928
45899,ok,1892
45900,unknown,
45907,ok,1953
45908,ok,1947
45909,unknown,
45910,ok,1949
45911,unknown,
45912,ok,1942
45913,ok,1900
45914,unknown,
45915,ok,1915
45917,ok,1893
45918,ok,1921
45919,ok,1903
45920,unknown,
45921,ok,1863
45922,unknown,
45923,ok,1886
45924,unknown,
45925,ok,1922
45926,ok,1933
45927,ok,1915
45928,ok,1885
45929,ok,1882
45930,ok,1934
45931,recent,
45932,unknown,
45933,unknown,
45934,ok,1950
45935,unknown,
45938,unknown,
45939,ok,1917
45940,ok,1917
45941,ok,1917
45942,ok,1950
45944,ok,1909
45946,ok,1916
45949,ok,1919
45950,ok,1881
45951,ok,1922
45952,ok,1955
45953,ok,1874
45954,ok,1874
45955,unknown,
45957,recent,
45958,unknown,
45959,unknown,
45960,unknown,
45961,ok,1922
45962,ok,1924
45963,ok,1909
45964,ok,1951
45967,unknown,
45968,unknown,
45969,ok,1902
45970,ok,1944
45971,ok,1920
45972,ok,1934
45973,unknown,
45974,ok,1939
45975,ok,1887
45976,ok,1938
45978,recent,
45979,ok,1937
45980,ok,1908
45981,ok,1908
45982,unknown,
45983,unknown,
45988,ok,1897
45989,ok,1931
45990,unknown,
45991,ok,1917
45992,ok,1922
45993,ok,1950
45994,unknown,
45995,ok,1936
45997,ok,1859
45998,ok,1890
46001,ok,1928
46002,ok,1949
46003,unknown,
46004,ok,1943
46005,ok,1943
46006,unknown,
46007,unknown,
46008,ok,1942
46009,ok,1848
46010,ok,1909
46011,unknown,
46013,ok,1918
46015,ok,1918
46016,ok,1916
46017,recent,
46018,ok,1947
46019,ok,1944
46020,ok,1944
46022,ok,1841
46023,ok,1950
46024,recent,
46025,unknown,
46026,ok,1910
46027,ok,1931
46028,ok,1898
46029,unknown,
46030,ok,1941
46032,unknown,
46033,ok,1891
46034,ok,1907
46035,ok,1934
46036,ok,1927
46037,ok,1946
46038,ok,1911
46039,ok,1927
46040,ok,1943
46041,ok,1866
46042,ok,1935
46043,unknown,
46044,ok,1914
46045,unknown,
46046,recent,
46047,unknown,
46048,recent,
46049,recent,
46050,ok,1920
46051,ok,1944
46052,ok,1916
46054,unknown,
46055,ok,1926
46056,ok,1942
46057,ok,1940
46058,ok,1928
46059,unknown,
46060,ok,1804
46063,ok,1932
46064,ok,1942
46065,unknown,
46066,ok,1929
46067,recent,
46068,ok,1945
46069,ok,1950
46074,ok,1946
46075,unknown,
46076,ok,1939
46077,ok,1940
46078,unknown,
46079,ok,1940
46080,ok,1945
46084,ok,1929
46085,unknown,
46087,ok,1919
46088,ok,1931
46090,ok,1890
46091,ok,1890
46092,unknown,
46093,ok,1947
46094,ok,1934
46095,unknown,
46096,recent,
46097,ok,1919
46098,ok,1952
46099,ok,1933
46102,recent,
46103,unknown,
46104,recent,
46105,ok,1937
46106,ok,1936
46107,ok,1941
46108,unknown,
46109,ok,1915
46110,unknown,
46111,ok,1905
46112,unknown,
46113,unknown,
46114,recent,
46115,recent,
46116,recent,
46117,recent,
46118,recent,
46119,ok,1940
46120,ok,1889
46121,recent,
46122,ok,1938
46123,ok,1901
46124,ok,1898
46125,ok,1926
46127,unknown,
46128,ok,1896
46129,ok,1903
46130,ok,1904
46131,unknown,
46132,ok,1864
46134,ok,1928
46136,ok,1920
46137,unknown,
46138,ok,1879
46139,recent,
46140,ok,1886
46142,ok,1896
46143,ok,1816
46144,ok,1932
46145,unknown,
46146,ok,1940
46148,ok,1954
46149,ok,1945
46150,recent,
46151,ok,1897
46152,ok,1932
46153,ok,1903
46155,recent,
46156,ok,1900
46158,unknown,
46159,unknown,
46160,ok,1886
46161,unknown,
46165,ok,1933
46166,ok,1924
46167,unknown,
46168,ok,1787
46169,ok,1952
46170,ok,1921
46171,unknown,
46172,ok,1940
46173,ok,1934
46175,ok,1911
46176,ok,1902
46178,ok,1928
46179,ok,1877
46181,ok,1909
46183,ok,1896
46185,ok,1952
46186,unknown,
46187,ok,1933
46188,ok,1909
46189,recent,
46190,ok,1920
46191,ok,1951
46192,ok,1943
46195,recent,
46197,ok,1950
46198,recent,
46199,ok,1862
46200,recent,
46202,ok,1933
46205,ok,1938
46206,unknown,
46207,unknown,
46208,ok,1878
46209,ok,1888
46210,ok,1942
46212,ok,1903
46215,unknown,
46216,ok,1950
46217,recent,
46218,ok,1913
46219,unknown,
46220,ok,1952
46221,ok,1887
46222,unknown,
46223,ok,1871
46224,ok,1891
46226,ok,1939
46227,ok,1916
46228,ok,1917
46229,ok,1904
46230,unknown,
46232,unknown,
46233,ok,1925
46234,ok,1928
46235,recent,
46236,ok,1927
46237,ok,1921
46238,ok,1948
46239,unknown,
46240,recent,
46241,ok,1896
46242,ok,1907
46243,ok,1881
46244,ok,1881
46245,unknown,
46247,unknown,
46248,ok,1929
46249,recent,
46250,ok,1909
46251,ok,1946
46252,recent,
46253,ok,1873
46254,ok,1879
46256,ok,1942
46257,unknown,
46258,ok,1940
46260,ok,1869
46261,unknown,
46262,ok,1934
46264,recent,
46266,ok,1871
46269,recent,
46271,recent,
46272,unknown,
46273,ok,1944
46274,ok,1934
46275,unknown,
46276,ok,1883
46280,ok,1913
46281,ok,1897
46282,unknown,
46283,unknown,
46284,unknown,
46285,unknown,
46286,ok,1946
46287,ok,1873
46288,ok,1951
46289,ok,1938
46291,unknown,
46292,ok,1946
46293,ok,1955
46294,recent,
46298,ok,1936
46299,ok,1932
46300,ok,1931
46301,ok,1904
46302,unknown,
46303,unknown,
46304,ok,1858
46305,unknown,
46306,unknown,
46309,ok,1865
46310,ok,1895
46311,ok,1920
46312,ok,1920
46313,recent,
46314,unknown,
46315,ok,1919
46316,ok,1927
46317,ok,1909
46318,recent,
46319,ok,1911
46320,unknown,
46321,ok,1951
46322,unknown,
46323,recent,
46324,unknown,
46326,ok,1881
46327,unknown,
46328,ok,1931
46329,ok,1856
46388,ok,1930
46330,ok,1923
46331,ok,1864
46332,ok,1864
46333,recent,
46336,recent,
46337,ok,1945
46338,unknown,
46339,unknown,
46341,ok,1919
46342,ok,1878
46343,ok,1938
46344,ok,1924
46345,ok,1940
46346,ok,1756
46347,ok,1896
46348,ok,1940
46349,ok,1864
46350,unknown,
46353,recent,
46354,ok,1912
46356,unknown,
46357,unknown,
46358,ok,1952
46359,ok,1920
46617,ok,1894
46360,unknown,
46361,unknown,
46362,ok,1913
46363,ok,1902
46364,ok,1855
46365,ok,1949
46366,recent,
46367,ok,1926
46369,ok,1919
46370,unknown,
46371,ok,1926
46372,unknown,
46373,unknown,
46374,ok,1933
46375,unknown,
46376,ok,1926
46377,unknown,
46378,ok,1779
46379,ok,1897
46380,ok,1932
46381,ok,1940
46382,ok,1945
46383,unknown,
46384,unknown,
46385,ok,1943
46386,unknown,
46387,ok,1893
46389,recent,
46390,ok,1891
46391,ok,1942
46392,ok,1888
46394,recent,
46395,unknown,
46396,unknown,
46397,ok,1912
46398,ok,1882
46399,ok,1944
46400,ok,1950
46401,ok,1934
46402,unknown,
46403,ok,1914
46404,recent,
46405,recent,
46406,ok,1916
46407,ok,1870
46408,ok,1882
46409,recent,
46412,ok,1913
46413,unknown,
46414,recent,
46415,ok,1951
46416,ok,1928
46417,ok,1950
46418,ok,1914
46419,unknown,
46420,ok,1879
46421,ok,1918
46422,ok,1899
46423,recent,
46424,unknown,
46425,recent,
46426,ok,1932
46427,ok,1951
46428,recent,
46429,unknown,
46430,ok,1950
46431,ok,1916
46432,ok,1910
46433,unknown,
46434,ok,1923
46435,unknown,
46436,ok,1944
46437,ok,1909
46438,unknown,
46439,unknown,
46440,ok,1913
46441,unknown,
46443,ok,1922
46444,ok,1915
46445,unknown,
46446,ok,1884
46447,unknown,
46448,unknown,
46449,unknown,
46450,ok,1927
46451,ok,1888
46452,unknown,
46454,ok,1916
46455,ok,1930
46457,ok,1931
46458,recent,
46460,unknown,
46461,unknown,
46462,unknown,
46464,unknown,
46467,ok,1900
46468,ok,1867
46469,ok,1820
46470,ok,1893
46471,unknown,
46472,unknown,
46473,unknown,
46474,ok,1929
46475,ok,1891
46476,ok,1901
46477,ok,1940
46478,ok,1932
46479,ok,1921
46480,ok,1912
46481,ok,1928
46482,ok,1946
46483,ok,1924
46484,ok,1936
46485,ok,1930
46486,ok,1905
46487,ok,1895
46489,unknown,
46490,unknown,
46491,unknown,
46492,ok,1941
46493,ok,1923
46497,ok,1928
46498,ok,1903
46499,unknown,
46500,unknown,
46501,unknown,
46503,unknown,
46505,ok,1922
46506,unknown,
46507,unknown,
46508,ok,1930
46509,ok,1909
46510,ok,1935
46511,ok,1930
46512,unknown,
46513,ok,1951
46514,ok,1896
46515,ok,1912
46516,ok,1912
46517,ok,1927
46519,ok,1951
46520,unknown,
46521,ok,1915
46522,ok,1924
46523,unknown,
46524,ok,1596
46525,unknown,
46526,unknown,
46527,ok,1899
46528,ok,1940
46529,ok,1894
46530,ok,1894
46531,unknown,
46533,ok,1916
46534,unknown,
46535,unknown,
46536,ok,1933
46537,ok,1909
46540,ok,1909
46541,ok,1905
46542,ok,1949
46543,ok,1952
46544,ok,1883
46545,unknown,
46546,ok,1912
46547,unknown,
46548,ok,1933
46549,ok,1952
46552,unknown,
46555,unknown,
46556,ok,1955
46557,unknown,
46558,ok,1950
46559,unknown,
46560,unknown,
46564,unknown,
46565,ok,1874
46566,ok,1937
46567,recent,
46570,ok,1850
46571,ok,1881
46572,recent,
46573,ok,1892
46574,unknown,
46577,ok,1892
46578,ok,1950
46579,ok,1913
46581,ok,1933
46582,ok,1934
46583,unknown,
46584,unknown,
46618,ok,1917
74841,ok,1933
46585,unknown,
46586,ok,1885
46587,ok,1940
46588,ok,1901
46590,ok,1937
46591,ok,1633
46592,ok,1944
46595,unknown,
46596,unknown,
46597,ok,1905
46598,unknown,
46600,ok,1920
46601,unknown,
46602,ok,1933
46603,unknown,
46604,ok,1873
46605,ok,1894
46606,ok,1945
46607,ok,1894
46608,ok,1881
46609,unknown,
46610,ok,1850
46614,ok,1931
46615,unknown,
46616,unknown,
46619,unknown,
46620,unknown,
46621,ok,1854
46622,ok,1854
46623,unknown,
46625,ok,1878
46626,ok,1878
46627,ok,1878
46628,ok,1878
46629,unknown,
46630,ok,1896
46631,ok,1829
46632,ok,1829
46633,ok,1896
46634,ok,1877
46635,unknown,
46636,ok,1928
46637,ok,1850
46640,ok,1924
46641,ok,1910
46642,ok,1948
46643,ok,1952
46644,unknown,
46645,ok,1912
46646,unknown,
46647,recent,
46648,ok,1924
46649,ok,1908
46650,ok,1904
46651,unknown,
46652,ok,1955
46653,ok,1901
46654,ok,1924
46656,unknown,
46658,ok,1927
46659,unknown,
46660,ok,1955
46661,unknown,
46662,ok,1934
46664,ok,1941
46665,unknown,
46666,unknown,
46667,ok,1580
46668,ok,1580
46669,ok,1580
46670,ok,1580
46671,ok,1580
46672,ok,1580
46673,unknown,
46674,ok,1952
46675,ok,1870
46676,unknown,
46677,ok,1942
46678,unknown,
46680,ok,1915
46681,recent,
46682,unknown,
46683,ok,1858
46684,unknown,
46685,unknown,
46686,unknown,
46687,ok,1939
46688,recent,
46689,recent,
46690,unknown,
46691,recent,
46692,ok,1931
46693,ok,1921
46694,ok,1947
46695,ok,1872
46696,ok,1782
46697,ok,1850
46698,unknown,
46699,ok,1939
46700,ok,1942
46701,unknown,
46702,ok,1889
46703,ok,1917
46705,unknown,
46706,unknown,
46707,unknown,
46708,ok,1885
46709,ok,1870
46710,unknown,
46711,unknown,
46712,ok,1937
46714,unknown,
46716,ok,1943
46718,ok,1867
46720,unknown,
46721,unknown,
46722,recent,
46727,ok,1914
46728,ok,1939
46729,ok,1939
46730,recent,
46731,recent,
46732,recent,
46733,unknown,
46734,unknown,
46735,unknown,
46737,ok,1919
46738,unknown,
46739,unknown,
46742,ok,1943
46743,ok,1900
46744,ok,1918
46745,unknown,
46746,ok,1908
46747,ok,1870
46750,ok,1942
46751,ok,1931
46752,ok,1923
46753,ok,1945
46754,ok,1934
46755,ok,1926
46756,ok,1909
46757,unknown,
46759,ok,1938
46760,ok,1879
46761,ok,1916
46762,ok,1901
46763,ok,1929
46764,ok,1934
46765,unknown,
46766,recent,
46769,ok,1930
46770,recent,
46772,unknown,
46774,ok,1909
46775,unknown,
46776,unknown,
46777,ok,1919
46779,ok,1883
46780,unknown,
46782,ok,1940
46783,unknown,
46784,unknown,
46786,ok,1930
46787,ok,1943
46788,ok,1921
46789,recent,
46790,ok,1928
46791,ok,1913
46792,unknown,
46793,unknown,
46794,ok,1938
46795,ok,1938
46796,ok,1938
46797,ok,1938
46798,ok,1938
46799,ok,1938
46800,ok,1924
46801,ok,1943
46802,unknown,
46803,ok,1929
46804,unknown,
46806,unknown,
46807,ok,1920
46808,ok,1920
46809,ok,1929
46810,unknown,
46811,unknown,
46812,ok,1955
46813,ok,1934
46814,recent,
46815,ok,1930
46816,unknown,
46818,unknown,
46820,ok,1863
46821,ok,1919
46822,unknown,
46823,unknown,
46825,ok,1941
46826,unknown,
46827,ok,1901
46828,ok,1917
46829,unknown,
46830,ok,1901
46832,unknown,
46833,unknown,
46834,ok,1901
46836,ok,1949
46837,ok,1910
46838,unknown,
46839,ok,1953
46841,ok,1911
46842,ok,1923
46846,ok,1908
46848,ok,1918
75347,recent,
46849,ok,1931
46850,unknown,
46851,recent,
46852,recent,
46853,ok,1901
46855,ok,1914
46856,ok,1933
46857,recent,
46858,ok,1924
46859,ok,1921
46861,ok,1939
46863,ok,1945
46864,ok,1850
46865,unknown,
46866,recent,
46869,ok,1873
46870,ok,1820
46871,recent,
46872,ok,1930
46876,unknown,
46877,ok,1914
46879,ok,1715
46883,ok,1891
46884,ok,1931
46885,unknown,
46886,unknown,
46889,recent,
75524,ok,1950
46891,ok,1889
46892,ok,1952
46893,ok,1931
46894,unknown,
46895,unknown,
46897,unknown,
46901,unknown,
46902,ok,1879
46904,ok,1948
46905,ok,1925
46906,ok,1913
46907,ok,1917
46909,ok,1880
46911,unknown,
46913,ok,1940
46915,ok,1842
46916,unknown,
46917,ok,1935
46918,ok,1879
46920,ok,1925
46921,ok,1904
46923,unknown,
46924,ok,1946
46925,recent,
46926,recent,
46927,ok,1920
46930,unknown,
46931,ok,1855
46932,ok,1855
46933,ok,1937
46934,ok,1922
46935,unknown,
46937,ok,1924
46942,unknown,
46943,unknown,
46944,ok,1950
46945,ok,1943
46946,recent,
46947,ok,1924
46948,ok,1922
46949,ok,1920
46950,recent,
46951,recent,
46952,recent,
46953,ok,1894
46954,ok,1935
46955,unknown,
46956,ok,1925
46958,ok,1937
46959,unknown,
46960,ok,1953
46961,ok,1949
46963,ok,1929
46964,ok,1626
46965,unknown,
46966,ok,1943
47001,ok,1949
46967,ok,1914
46968,ok,1917
46969,recent,
46970,unknown,
46971,ok,1927
46972,ok,1930
46973,ok,1938
46974,ok,1925
46975,ok,1925
46976,ok,1911
46977,ok,1954
46978,unknown,
46982,unknown,
46983,ok,1948
46984,unknown,
46986,ok,1919
46988,recent,
46989,ok,1908
46990,ok,1824
46991,ok,1893
46992,recent,
46993,unknown,
46994,unknown,
46995,unknown,
46998,ok,1784
47000,ok,1933
75781,ok,1951
47002,ok,1917
47003,ok,1952
47004,ok,1943
47006,ok,1930
47008,ok,1902
47009,unknown,
47010,ok,1927
47011,ok,1874
47012,unknown,
47013,ok,1925
47014,unknown,
47015,ok,1916
47016,unknown,
47017,unknown,
47018,ok,1873
47019,unknown,
47021,ok,1915
47022,recent,
47023,ok,1930
47024,unknown,
47025,ok,1880
47026,ok,1919
47028,ok,1954
47030,ok,1922
47032,ok,1942
47035,ok,1934
47036,unknown,
47037,ok,1917
47330,unknown,
47039,ok,1858
47040,ok,1945
47042,ok,1873
47043,ok,1907
47044,ok,1855
47045,unknown,
47047,ok,1955
47049,unknown,
47050,ok,1889
47051,ok,1877
47053,ok,1923
47055,recent,
47056,unknown,
47059,ok,1936
47060,ok,1920
47061,ok,1921
47062,ok,1923
47065,unknown,
47066,unknown,
47067,unknown,
47068,ok,1892
47071,unknown,
47075,ok,1923
47076,ok,1871
47078,ok,1928
47080,unknown,
47082,ok,1635
47083,unknown,
47084,ok,1900
47085,ok,1900
47086,ok,1900
47087,unknown,
47088,unknown,
47089,unknown,
47090,unknown,
47091,unknown,
47094,unknown,
47097,unknown,
47098,ok,1901
47099,unknown,
47105,ok,1894
47107,unknown,
47108,unknown,
47109,ok,1952
47110,ok,1902
47111,ok,1942
47113,ok,1928
47115,ok,1926
47116,ok,1902
47117,ok,1902
47118,ok,1902
47119,ok,1915
47120,ok,1944
47121,unknown,
47122,unknown,
47123,unknown,
47124,unknown,
47125,ok,1913
47126,unknown,
47127,ok,1906
47128,ok,1916
47129,ok,1952
47130,recent,
47131,ok,1917
47132,unknown,
47133,ok,1931
47134,unknown,
47135,ok,1923
47136,ok,1951
47137,ok,1887
47139,recent,
47141,ok,1921
47143,ok,1916
47144,recent,
47146,ok,1929
47147,unknown,
47148,ok,1944
47149,unknown,
47150,ok,1904
47151,unknown,
47156,ok,1922
47157,ok,1893
47158,ok,1941
47161,ok,1671
47162,ok,1868
47164,ok,1858
47165,ok,1903
47166,ok,1919
47167,recent,
47168,unknown,
47169,ok,1882
47170,ok,1913
47171,ok,1896
47176,recent,
47177,recent,
47178,ok,1938
47179,unknown,
47180,unknown,
47181,unknown,
47182,ok,1933
47183,unknown,
47185,ok,1902
47186,ok,1895
47187,unknown,
47188,ok,1917
47364,recent,
47190,ok,1885
47191,ok,1902
47192,unknown,
47194,ok,1953
47195,ok,1931
47196,ok,1914
47197,ok,1928
47198,recent,
47200,ok,1888
47201,unknown,
47204,ok,1935
47206,unknown,
47207,ok,1937
47208,unknown,
47209,ok,1893
47211,ok,1914
47212,ok,1941
47213,ok,1931
47214,ok,1899
47215,unknown,
47216,unknown,
47217,unknown,
47218,ok,1937
47219,unknown,
47220,ok,1911
47221,ok,1927
47222,ok,1927
47223,unknown,
47224,recent,
47225,ok,1909
47226,ok,1944
47227,unknown,
47228,ok,1936
47229,recent,
47230,unknown,
47231,ok,1866
47232,ok,1893
47233,ok,1809
47234,ok,1898
47235,unknown,
47236,ok,1893
47237,ok,1886
47238,unknown,
47239,ok,1943
47240,ok,1922
47241,ok,1940
47242,ok,1933
47243,unknown,
47244,ok,1948
47245,ok,1910
47246,recent,
47247,unknown,
47248,recent,
47250,unknown,
47394,unknown,
47252,ok,1922
47253,unknown,
47254,unknown,
47255,unknown,
47256,ok,1923
47258,ok,1917
47261,unknown,
47262,unknown,
47263,unknown,
47264,ok,1951
47265,recent,
47266,ok,1864
47269,ok,1944
47270,unknown,
47271,ok,1914
47272,unknown,
47273,ok,1935
47274,ok,1915
47279,ok,1932
47280,unknown,
47281,unknown,
47282,ok,1905
47283,ok,1938
47284,unknown,
47285,unknown,
47288,recent,
47289,unknown,
47290,unknown,
47291,unknown,
47292,unknown,
47293,ok,1922
47296,unknown,
47297,ok,1928
47298,ok,1928
47299,unknown,
47300,ok,1944
47301,unknown,
47302,unknown,
47303,unknown,
47304,unknown,
47305,unknown,
47306,ok,1914
47307,recent,
47308,ok,1914
47309,ok,1817
47310,ok,1895
47312,ok,1879
47314,ok,1891
47315,unknown,
47316,ok,1933
47317,ok,1911
47319,ok,1933
47321,ok,1871
47323,ok,1919
47324,ok,1921
47326,unknown,
47329,unknown,
47331,ok,1950
47332,ok,1911
47333,unknown,
47334,ok,1918
47335,unknown,
47336,ok,1940
47337,ok,1926
47338,ok,1902
47339,recent,
47340,unknown,
47342,ok,1939
47343,ok,1942
47344,ok,1932
47345,ok,1917
47347,ok,1944
47348,ok,1882
47349,ok,1935
47350,ok,1873
47351,ok,1933
47352,ok,1858
47353,unknown,
47354,ok,1942
47356,ok,1898
47357,ok,1895
47358,ok,1917
47359,ok,1914
47360,ok,1917
47361,recent,
47363,ok,1936
47365,ok,1709
47366,unknown,
47367,ok,1897
47368,ok,1931
47369,unknown,
47370,unknown,
47371,ok,1916
47372,unknown,
47373,unknown,
47374,unknown,
47375,unknown,
47376,unknown,
47377,unknown,
47378,ok,1916
47379,ok,1821
47380,ok,1899
47382,ok,1947
47383,ok,1832
47384,unknown,
47385,ok,1911
47386,ok,1924
47387,ok,1934
47389,unknown,
47390,ok,1888
47391,unknown,
47392,ok,1913
47395,unknown,
47396,ok,1902
47397,unknown,
47399,ok,1938
47400,ok,1878
47402,ok,1892
47403,recent,
47404,ok,1917
47405,ok,1896
47408,unknown,
47413,ok,1625
47414,unknown,
47415,recent,
47416,ok,1922
47417,unknown,
47418,unknown,
47420,ok,1946
47421,ok,1888
47422,ok,1898
47423,ok,1897
47424,ok,1928
47425,ok,1914
47426,ok,1899
47427,unknown,
47428,ok,1912
47429,ok,1946
47430,ok,1895
47431,ok,1899
47432,ok,1899
47433,ok,1899
47434,ok,1947
47435,ok,1922
47436,unknown,
47437,unknown,
47438,unknown,
47439,ok,1919
47443,unknown,
47444,ok,1858
47445,ok,1933
47446,recent,
47447,ok,1878
47448,ok,1939
47449,unknown,
47450,ok,1887
47451,ok,1930
47452,unknown,
47454,ok,1921
47455,ok,1933
47456,ok,1929
47457,unknown,
47459,ok,1688
47460,unknown,
47462,ok,1912
47463,unknown,
47464,recent,
47466,ok,1949
47468,ok,1880
47469,ok,1880
47470,recent,
47471,ok,1930
47473,ok,1921
47474,recent,
47475,ok,1865
47476,recent,
47477,unknown,
47478,ok,1927
47479,ok,1938
47483,ok,1913
47484,ok,1931
47485,unknown,
47486,ok,1949
47487,unknown,
47488,unknown,
47489,unknown,
47490,unknown,
47491,unknown,
47492,unknown,
47493,unknown,
47494,ok,1918
47496,ok,1927
47498,unknown,
47499,ok,1856
47500,unknown,
47501,recent,
47505,ok,1933
47506,ok,1930
47507,unknown,
47508,unknown,
47509,unknown,
47511,unknown,
47512,ok,1923
47513,unknown,
47514,unknown,
47515,ok,1925
47517,ok,1935
47518,ok,1616
47519,ok,1953
47520,unknown,
47521,ok,1865
47522,ok,1874
47523,recent,
47524,ok,1922
47525,ok,1947
47526,ok,1953
47527,ok,1916
47528,ok,1942
47529,ok,1870
47530,ok,1870
47531,ok,1870
47532,ok,1908
47533,ok,1941
47534,ok,1870
47535,ok,1870
47536,ok,1916
47537,unknown,
47538,ok,1899
47546,ok,1921
47548,recent,
47549,ok,1927
47552,unknown,
47553,unknown,
47554,unknown,
47555,ok,1897
47556,ok,1897
47557,ok,1897
47558,ok,1889
47559,recent,
47560,ok,1934
47561,ok,1934
47562,ok,1930
47563,ok,1943
47564,ok,1911
47567,unknown,
47568,unknown,
47569,unknown,
47570,unknown,
47571,ok,1887
47575,ok,1937
47576,ok,1951
47577,ok,1913
47578,ok,1904
47579,unknown,
47580,unknown,
47581,unknown,
47582,ok,1940
47583,recent,
47585,ok,1955
47586,ok,1891
47587,ok,1927
47588,ok,1951
47591,ok,1897
47592,ok,1897
47593,ok,1897
47595,ok,1875
47596,ok,1930
47597,ok,1931
47598,ok,1942
47599,ok,1893
47600,ok,1893
47601,ok,1893
47602,unknown,
47603,unknown,
47604,ok,1809
47605,ok,1805
47606,unknown,
47607,ok,1938
47609,ok,1930
47610,ok,1934
47611,ok,1944
47612,ok,1926
47613,ok,1953
47614,recent,
47615,unknown,
47616,unknown,
47617,unknown,
47618,ok,1897
47619,ok,1897
47620,ok,1897
47621,ok,1847
47623,ok,1820
47624,ok,1909
47625,unknown,
47626,ok,1944
47627,ok,1913
47628,recent,
47630,ok,1952
47632,ok,1913
47633,unknown,
47634,ok,1932
47635,unknown,
47636,unknown,
47637,unknown,
47638,ok,1780
47639,recent,
47640,ok,1952
47641,ok,1832
47642,unknown,
47643,ok,1885
47644,ok,1926
47645,unknown,
47646,recent,
47647,ok,1943
47648,recent,
47649,unknown,
47651,ok,1916
47654,ok,1921
47655,ok,1945
47656,unknown,
47657,unknown,
47658,ok,1931
47661,ok,1837
47662,ok,1837
47663,ok,1907
47669,unknown,
47670,ok,1901
47671,ok,1943
47672,unknown,
47673,unknown,
47674,ok,1932
47675,unknown,
47676,ok,1878
47677,ok,1878
47678,ok,1878
47679,ok,1832
47680,unknown,
47682,ok,1926
47683,ok,1947
47684,unknown,
47685,ok,1937
47687,ok,1926
47688,unknown,
47689,unknown,
47690,ok,1867
47691,ok,1867
47692,ok,1896
47693,ok,1931
47694,ok,1934
47695,ok,1909
47696,recent,
47697,unknown,
47699,unknown,
47701,ok,1930
47702,ok,1938
47703,ok,1940
47704,unknown,
47705,ok,1914
47707,unknown,
47708,ok,1887
47709,unknown,
47712,recent,
47714,ok,1941
47715,ok,1914
47717,ok,1904
47718,ok,1949
47719,ok,1887
47720,ok,1914
47721,unknown,
47722,ok,1903
47723,ok,1915
47725,ok,1929
47726,unknown,
47727,ok,1843
47728,unknown,
47729,unknown,
47730,ok,1933
47731,unknown,
47732,unknown,
47735,ok,1928
47736,unknown,
47737,unknown,
47738,ok,1906
47739,ok,1945
47740,unknown,
47743,ok,1908
47744,unknown,
47745,recent,
47746,ok,1931
47747,unknown,
47748,ok,1882
47749,unknown,
47750,recent,
47751,unknown,
47752,unknown,
47753,ok,1946
47755,unknown,
47756,unknown,
47757,ok,1936
47759,ok,1920
47760,unknown,
47761,ok,1917
47762,unknown,
47763,ok,1943
47764,ok,1888
47765,ok,1633
47766,unknown,
47767,unknown,
47769,ok,1929
47770,unknown,
47771,ok,1898
47772,ok,1898
47773,ok,1898
47774,ok,1927
47775,recent,
47776,ok,1917
47778,ok,1914
47779,unknown,
47780,unknown,
47781,unknown,
47782,ok,1931
47783,unknown,
47785,ok,1916
47787,ok,1922
47788,unknown,
47789,ok,1913
47790,ok,1861
47791,ok,1922
47792,ok,1909
47793,recent,
47794,unknown,
47795,ok,1904
47796,ok,1893
47800,ok,1917
47801,unknown,
47802,ok,1871
47803,recent,
47805,unknown,
47806,ok,1915
47808,ok,1895
47809,ok,1950
47810,ok,1930
47811,unknown,
47813,ok,1955
47814,unknown,
47815,unknown,
47816,unknown,
47817,recent,
47819,unknown,
47822,ok,1878
47823,recent,
47824,recent,
47825,ok,1903
47826,ok,1890
47828,unknown,
47829,unknown,
47830,ok,1949
47831,ok,1941
47832,ok,1924
47833,ok,1877
47834,unknown,
47836,unknown,
47837,unknown,
76418,ok,1932
47838,unknown,
47840,unknown,
47841,recent,
47842,ok,1910
47844,unknown,
47845,ok,1948
47846,ok,1928
47847,ok,1915
47848,ok,1915
47849,ok,1915
47850,ok,1878
47851,unknown,
47852,unknown,
47854,ok,1944
47856,unknown,
47857,ok,1931
47858,ok,1871
47859,recent,
47860,ok,1953
47862,ok,1898
47864,unknown,
47865,ok,1868
47866,unknown,
47867,unknown,
47868,ok,1926
47870,ok,1946
47871,ok,1947
47873,ok,1953
47874,ok,1896
47875,ok,1890
47878,ok,1946
47879,unknown,
47880,ok,1952
47881,unknown,
47882,unknown,
47883,unknown,
47884,unknown,
47885,unknown,
47887,ok,1910
47892,unknown,
47893,unknown,
47894,unknown,
47895,ok,1949
47896,unknown,
47897,unknown,
47898,ok,1906
47899,ok,1942
47900,ok,1942
47901,unknown,
47902,ok,1941
47903,ok,1883
47904,unknown,
47905,ok,1934
47906,unknown,
47907,ok,1933
47908,ok,1892
47910,ok,1952
47911,ok,1930
47912,recent,
47914,unknown,
47915,unknown,
47916,unknown,
47917,ok,1927
47918,unknown,
47919,unknown,
47920,unknown,
47921,unknown,
47922,unknown,
47923,unknown,
47924,ok,1945
47925,ok,1944
47926,unknown,
47927,ok,1939
47928,ok,1940
47929,ok,1934
47930,ok,1936
47931,ok,1892
47934,ok,1890
47935,ok,1942
47936,unknown,
47937,ok,1909
47938,ok,1943
47942,ok,1942
47943,unknown,
47944,ok,1947
47947,unknown,
47948,ok,1892
47949,ok,1945
47950,unknown,
47951,unknown,
47952,unknown,
47953,ok,1939
47954,ok,1951
47955,ok,1954
47956,ok,1874
47957,ok,1933
47958,ok,1896
47959,unknown,
47960,ok,1910
47961,recent,
47962,ok,1917
47963,ok,1953
47964,ok,1898
47965,ok,1898
47966,ok,1925
47967,ok,1915
47968,unknown,
47969,ok,1874
47970,ok,1904
47971,recent,
47972,unknown,
47974,ok,1944
47975,unknown,
47976,ok,1936
47979,unknown,
47980,ok,1920
47981,ok,1927
47982,recent,
47984,ok,1879
47986,ok,1879
47987,ok,1879
47988,ok,1941
47989,recent,
47990,ok,1922
47991,ok,1930
47992,ok,1945
47993,ok,1939
47995,ok,1923
47996,ok,1921
47997,ok,1887
47998,unknown,
47999,unknown,
48001,ok,1871
48002,ok,1945
48003,ok,1941
48004,ok,1912
48006,ok,1921
48007,ok,1934
48008,ok,1953
48009,recent,
48010,ok,1894
48011,unknown,
48012,ok,1929
48013,unknown,
48014,unknown,
48015,ok,1900
48016,unknown,
48018,unknown,
48019,unknown,
48020,ok,1915
48021,ok,1915
48022,ok,1915
48024,ok,1934
48026,ok,1920
48027,ok,1935
48028,ok,1903
48029,unknown,
48030,unknown,
48031,unknown,
48032,ok,1912
48034,ok,1938
48035,ok,1874
48038,unknown,
48039,recent,
77644,ok,1889
48041,unknown,
48042,unknown,
48043,unknown,
48044,recent,
48045,ok,1874
48046,ok,1913
48049,ok,1905
48050,recent,
48051,ok,1929
48053,recent,
48054,unknown,
48055,ok,1948
48056,ok,1825
48057,ok,1938
48058,ok,1898
48059,ok,1942
48061,unknown,
48063,ok,1937
48065,ok,1815
48066,ok,1815
48067,ok,1888
48068,ok,1936
48072,unknown,
48076,ok,1915
48077,ok,1874
48078,ok,1852
77646,recent,
48079,ok,1888
48080,ok,1904
48082,ok,1850
48083,ok,1876
48084,ok,1951
48085,unknown,
48087,unknown,
48089,ok,1946
48094,ok,1923
48095,recent,
48096,ok,1949
48099,ok,1892
48100,ok,1869
48101,unknown,
48102,unknown,
48103,ok,1922
48105,ok,1901
48106,unknown,
48107,recent,
48108,ok,1920
48110,unknown,
48111,ok,1952
48112,ok,1933
48115,ok,1950
48116,ok,1856
48117,ok,1923
48506,unknown,
48118,ok,1923
48119,unknown,
48122,unknown,
48123,ok,1913
48124,unknown,
48126,recent,
48128,ok,1924
48129,ok,1924
48130,ok,1945
48132,unknown,
48133,recent,
48134,ok,1943
48135,ok,1862
48136,ok,1790
48137,ok,1790
48138,ok,1790
48141,unknown,
48142,ok,1926
48143,ok,1943
48144,recent,
48146,unknown,
48147,ok,1943
48149,ok,1913
48150,unknown,
48151,unknown,
48152,unknown,
48153,ok,1932
48154,ok,1944
48155,ok,1944
48156,ok,1860
48157,ok,1926
48160,ok,1948
48161,ok,1924
48162,ok,1924
48163,ok,1924
48164,unknown,
48165,unknown,
48166,unknown,
48167,ok,1921
48168,ok,1936
48169,ok,1951
48170,ok,1874
48171,unknown,
48173,unknown,
48174,ok,1924
48175,ok,1924
48179,unknown,
48180,ok,1929
48181,ok,1919
48220,ok,1911
48182,ok,1901
48183,ok,1858
48184,unknown,
48185,unknown,
48186,ok,1906
48187,ok,1930
48189,unknown,
48190,ok,1896
48191,ok,1924
48193,ok,1929
48194,ok,1912
48195,unknown,
48196,ok,1946
48197,ok,1897
48198,ok,1897
48199,ok,1897
48200,ok,1952
48203,ok,1841
48207,ok,1868
48208,unknown,
48212,ok,1935
48213,ok,1896
48214,ok,1943
48215,ok,1922
48217,ok,1949
48218,ok,1928
48219,ok,1940
48221,unknown,
48222,ok,1942
48223,ok,1911
48224,unknown,
48225,recent,
48226,recent,
48227,ok,1923
48228,ok,1909
48229,unknown,
48230,recent,
48232,unknown,
48233,ok,1942
48235,ok,1913
48236,ok,1903
48237,ok,1935
48240,unknown,
48241,recent,
48242,unknown,
48244,ok,1950
48245,ok,1949
48246,ok,1928
48247,unknown,
48249,ok,1909
48250,unknown,
48251,ok,1917
48252,unknown,
48254,unknown,
48357,ok,1909
48257,ok,1915
48258,ok,1936
48259,unknown,
48260,unknown,
48261,unknown,
48263,ok,1927
48264,ok,1867
48265,ok,1941
48266,ok,1874
48268,unknown,
48270,ok,1917
48271,ok,1923
48272,unknown,
48273,unknown,
48274,ok,1930
48275,ok,1877
48276,unknown,
48277,unknown,
48278,ok,1875
48279,ok,1945
48280,ok,1937
48281,ok,1947
48282,ok,1871
48283,ok,1867
48284,ok,1908
48285,ok,1874
48286,ok,1936
48288,ok,1944
48289,unknown,
48290,unknown,
48291,ok,1948
48293,ok,1943
48294,ok,1935
48295,ok,1948
48296,ok,1899
48297,ok,1902
48298,unknown,
48299,ok,1933
48300,unknown,
48301,unknown,
48303,ok,1928
48304,recent,
48305,ok,1945
48306,ok,1915
48309,ok,1920
48310,ok,1918
48311,ok,1909
48313,ok,1931
48314,ok,1874
48315,ok,1940
48317,unknown,
48318,ok,1924
48319,ok,1900
48320,ok,1930
48323,ok,1890
48324,unknown,
48325,ok,1915
48326,unknown,
48327,unknown,
48328,ok,1914
48329,unknown,
48330,unknown,
48331,unknown,
48334,ok,1918
48336,ok,1942
48337,unknown,
48338,ok,1880
48339,ok,1949
48341,unknown,
48342,ok,1900
48343,unknown,
48344,ok,1912
48347,unknown,
48348,unknown,
48349,ok,1744
48350,ok,1938
48351,ok,1938
48353,ok,1931
48354,ok,1914
48355,recent,
48356,ok,1909
48358,ok,1895
48359,ok,1880
48360,recent,
48362,ok,1928
48363,ok,1945
48364,unknown,
48366,unknown,
48367,unknown,
48368,ok,1949
48370,ok,1742
48371,recent,
48372,ok,1941
48373,ok,1938
48375,unknown,
48376,ok,1874
48377,ok,1950
48378,unknown,
48379,unknown,
48382,ok,1949
48383,ok,1867
48385,recent,
48388,unknown,
48389,ok,1945
48390,ok,1911
48391,ok,1946
48392,ok,1946
48393,ok,1936
48394,ok,1898
48395,ok,1924
48396,ok,1918
48399,ok,1941
48401,ok,1880
48402,unknown,
48403,ok,1948
48404,ok,1931
48405,ok,1944
48406,unknown,
48407,unknown,
48408,ok,1895
48409,ok,1929
48410,unknown,
48411,ok,1934
48414,ok,1850
48417,ok,1890
48418,ok,1949
48420,ok,1938
48421,ok,1880
48422,ok,1943
48423,unknown,
48426,ok,1947
48427,recent,
48428,unknown,
48429,ok,1952
48430,ok,1937
48431,ok,1952
48432,recent,
48433,ok,1927
48435,unknown,
48436,ok,1894
48437,ok,1948
48438,ok,1949
48439,ok,1924
48440,ok,1640
48441,ok,1945
48442,ok,1940
48443,ok,1911
48444,ok,1911
48446,recent,
48448,unknown,
48451,unknown,
48452,recent,
48453,ok,1931
48454,ok,1942
48455,ok,1917
48456,ok,1938
48457,ok,1887
48458,ok,1911
48459,ok,1922
48461,ok,1922
48462,unknown,
48465,ok,1952
48466,unknown,
48467,unknown,
48468,ok,1917
48469,ok,1864
48470,ok,1912
48471,ok,1901
48472,ok,1901
48473,ok,1901
48474,ok,1916
48475,ok,1927
48477,ok,1880
48478,unknown,
48479,ok,1834
48480,ok,1950
48481,ok,1913
48482,ok,1887
48483,ok,1887
48484,ok,1950
48485,ok,1932
48486,ok,1906
48487,ok,1955
48491,ok,1952
48492,ok,1888
48494,unknown,
48495,ok,1919
48497,ok,1932
48499,ok,1896
48500,ok,1924
48501,recent,
48503,unknown,
48504,ok,1949
48505,ok,1940
48507,ok,1924
48509,ok,1925
48510,ok,1936
48511,ok,1890
48513,recent,
48514,ok,1920
48515,ok,1908
48516,ok,1875
48517,ok,1930
48518,ok,1889
48519,ok,1880
48520,ok,1880
48521,ok,1911
48522,ok,1924
48523,unknown,
48524,unknown,
48525,ok,1945
48528,unknown,
48529,unknown,
48531,ok,1927
48532,recent,
48533,ok,1916
48534,ok,1940
48535,recent,
48536,unknown,
48537,ok,1917
48538,ok,1890
48539,ok,1823
48540,unknown,
48545,ok,1933
48546,ok,1919
48547,ok,1951
48548,ok,1889
48549,recent,
48550,ok,1890
48551,ok,1931
48552,ok,1945
48553,unknown,
48555,ok,1692
48556,unknown,
48560,unknown,
48561,ok,1931
48562,ok,1913
48563,ok,1952
48565,ok,1939
48566,ok,1900
48568,ok,1945
48571,ok,1912
48572,unknown,
48573,ok,1922
48575,ok,1857
48577,ok,1900
48578,unknown,
48579,unknown,
48580,unknown,
48581,ok,1880
48582,ok,1923
48583,unknown,
48584,ok,1918
48586,ok,1917
48588,recent,
48589,unknown,
48590,ok,1899
48591,unknown,
48592,unknown,
48593,ok,1938
48594,ok,1944
48596,unknown,
48597,unknown,
48598,unknown,
48599,recent,
48602,ok,1931
48603,ok,1896
48604,ok,1945
48605,ok,1951
48606,unknown,
48608,ok,1894
48610,unknown,
48611,unknown,
48612,recent,
48613,recent,
48614,ok,1929
48615,ok,1954
48616,ok,1946
48617,unknown,
48619,unknown,
48620,ok,1948
48621,ok,1911
48622,ok,1924
48626,unknown,
48630,ok,1898
48631,unknown,
48634,ok,1927
48635,ok,1895
48636,unknown,
48637,ok,1941
48641,ok,1873
48642,ok,1933
48643,ok,1903
48644,recent,
48645,ok,1941
48646,unknown,
48647,unknown,
48648,ok,1906
48649,ok,1934
48650,ok,1871
48653,ok,1931
48655,unknown,
48661,ok,1935
48663,recent,
48664,ok,1951
48666,ok,1926
48668,ok,1952
48673,recent,
48674,unknown,
48675,ok,1884
48677,ok,1921
48678,unknown,
48680,ok,1917
48683,ok,1858
48684,ok,1858
48685,ok,1938
48686,ok,1841
48687,unknown,
48688,recent,
48690,ok,1901
48691,ok,1913
48693,ok,1915
48694,ok,1938
48695,unknown,
48696,ok,1931
48697,ok,1930
48698,ok,1907
48699,ok,1911
48700,ok,1939
48701,unknown,
48702,ok,1938
48703,recent,
48704,ok,1939
48706,unknown,
48707,ok,1890
48959,ok,1899
48708,recent,
48709,recent,
48710,recent,
48711,recent,
48714,recent,
48716,recent,
48718,unknown,
48719,unknown,
48720,ok,1926
48721,ok,1905
48722,unknown,
48723,ok,1928
48724,ok,1895
48726,unknown,
48728,ok,1912
48729,unknown,
48730,unknown,
48731,ok,1885
48732,ok,1885
48733,ok,1885
48734,ok,1885
48735,ok,1885
48736,ok,1924
48737,ok,1898
48740,ok,1946
48741,unknown,
48742,ok,1859
48743,ok,1859
48960,ok,1820
48744,ok,1859
48745,ok,1944
48746,ok,1930
48747,unknown,
48748,unknown,
48749,recent,
48752,ok,1927
48753,ok,1874
48754,ok,1934
48756,ok,1943
48757,ok,1833
48758,ok,1893
48759,unknown,
48760,unknown,
48761,ok,1892
48763,unknown,
48766,unknown,
48767,ok,1952
48768,ok,1951
48770,ok,1916
48771,ok,1907
48772,recent,
48773,unknown,
48774,unknown,
48775,unknown,
48776,unknown,
48778,ok,1919
48780,ok,1911
48781,ok,1889
48782,ok,1938
48785,ok,1916
48786,unknown,
48788,recent,
48789,unknown,
48790,unknown,
48791,recent,
48792,ok,1908
48793,ok,1948
48794,unknown,
48795,ok,1898
48796,ok,1888
48797,ok,1890
48800,ok,1911
48802,unknown,
48803,unknown,
48804,ok,1922
48805,unknown,
48806,ok,1921
48807,unknown,
48808,recent,
48809,ok,1932
48810,unknown,
48811,unknown,
48812,unknown,
48813,ok,1954
48815,ok,1935
48816,ok,1918
48818,ok,1927
48819,ok,1780
48821,ok,1933
48822,unknown,
48823,unknown,
48824,ok,1937
48826,unknown,
48828,unknown,
48829,unknown,
48830,ok,1953
48832,ok,1890
48833,ok,1929
48834,unknown,
48835,ok,1918
48836,recent,
48837,ok,1832
48838,ok,1832
48839,ok,1832
48840,ok,1832
48841,ok,1832
48842,unknown,
48843,ok,1926
48844,ok,1923
48845,ok,1926
48846,ok,1928
48847,ok,1793
48848,ok,1925
48849,ok,1925
48851,ok,1911
48852,ok,1917
48855,ok,1892
48856,ok,1939
48858,ok,1923
48860,ok,1939
48861,ok,1919
48862,ok,1906
48863,ok,1922
48864,unknown,
48865,ok,1942
48866,unknown,
48868,ok,1905
48869,ok,1944
48870,ok,1948
48871,unknown,
48872,ok,1896
48874,ok,1923
48875,ok,1936
48876,unknown,
48963,ok,1952
48877,unknown,
48878,unknown,
48879,ok,1954
48880,recent,
48881,ok,1880
48882,ok,1935
48883,ok,1876
48884,unknown,
48885,unknown,
48887,unknown,
48889,unknown,
48890,ok,1915
48891,ok,1943
48892,ok,1895
48893,unknown,
48894,unknown,
48895,ok,1634
48897,ok,1943
48898,recent,
48899,recent,
48904,ok,1901
48906,recent,
48907,ok,1938
48908,ok,1921
48909,ok,1940
48910,ok,1940
48911,ok,1940
48912,recent,
48914,ok,1942
48915,ok,1860
48916,ok,1919
48920,unknown,
48923,ok,1926
48924,ok,1926
48925,ok,1942
48927,ok,1924
48928,recent,
48929,unknown,
48930,ok,1918
48931,ok,1918
48932,ok,1918
48933,ok,1842
48936,unknown,
48937,ok,1947
48938,ok,1884
48941,recent,
48942,ok,1941
48947,unknown,
48948,unknown,
48949,ok,1914
48950,ok,1953
48951,ok,1906
48952,ok,1945
48953,unknown,
48955,ok,1917
48966,ok,1903
48967,ok,1921
48969,unknown,
48970,ok,1916
48972,ok,1933
48973,unknown,
48974,ok,1916
48975,recent,
48976,ok,1948
48977,ok,1953
48978,ok,1933
48980,ok,1905
48981,recent,
48983,ok,1842
48984,ok,1951
48985,ok,1884
48986,ok,1943
48987,ok,1926
48989,ok,1914
48990,recent,
48991,recent,
48992,ok,1933
48993,unknown,
48994,ok,1939
48995,unknown,
48996,ok,1942
48997,ok,1948
48998,ok,1947
48999,unknown,
49000,ok,1905
49001,ok,1938
49002,ok,1917
49003,ok,1922
49004,unknown,
49005,unknown,
49006,ok,1883
49007,ok,1914
49008,ok,1914
49009,ok,1917
49010,ok,1945
49011,ok,1948
49012,recent,
49014,ok,1900
49016,unknown,
49017,ok,1834
49018,ok,1913
49019,ok,1926
49020,ok,1918
49021,ok,1918
49022,ok,1888
49023,unknown,
49026,ok,1953
49027,ok,1935
49029,unknown,
49030,ok,1922
49031,ok,1907
49032,unknown,
49033,ok,1940
49034,ok,1913
49035,ok,1901
49036,unknown,
49037,unknown,
49038,recent,
49039,ok,1893
49041,ok,1948
49042,ok,1867
49043,ok,1867
49045,ok,1936
49046,unknown,
49048,unknown,
49049,unknown,
49051,ok,1918
49052,ok,1918
49053,ok,1918
49054,recent,
49055,unknown,
49056,recent,
49057,unknown,
49058,unknown,
49060,unknown,
49061,ok,1868
49064,ok,1952
49065,unknown,
49067,ok,1946
49068,ok,1944
49069,recent,
49070,recent,
49071,ok,1913
49072,unknown,
49073,unknown,
49074,ok,1926
49075,ok,1900
49077,ok,1913
49078,unknown,
49080,recent,
49081,ok,1943
49086,ok,1945
49087,ok,1888
49089,ok,1934
49090,unknown,
49091,ok,1896
49092,ok,1935
49095,ok,1916
49096,ok,1923
49097,ok,1950
49098,recent,
49099,recent,
49100,unknown,
49101,ok,1915
49103,unknown,
49104,ok,1863
49106,unknown,
49107,ok,1928
49108,unknown,
49109,ok,1939
49111,ok,1937
49112,ok,1866
49113,unknown,
49114,ok,1883
49115,ok,1895
49116,ok,1898
49117,unknown,
49118,ok,1863
49119,recent,
49121,unknown,
49122,unknown,
49123,unknown,
49124,ok,1942
49125,recent,
49126,ok,1879
49127,ok,1941
49128,ok,1893
49129,ok,1896
49130,ok,1914
49131,recent,
49135,unknown,
49137,unknown,
49138,unknown,
49139,unknown,
49140,ok,1862
49141,unknown,
49143,ok,1916
49144,unknown,
49145,ok,1895
49146,ok,1926
49150,unknown,
49151,unknown,
49152,ok,1844
49153,recent,
49154,ok,1904
49155,ok,1922
49156,unknown,
49157,recent,
49162,unknown,
49163,unknown,
49165,recent,
49166,ok,1946
49167,ok,1863
49168,unknown,
49170,ok,1890
49171,unknown,
49172,unknown,
49173,ok,1942
49174,recent,
49175,ok,1925
49176,ok,1925
49177,ok,1922
49178,unknown,
49179,unknown,
49180,ok,1913
49181,ok,1946
49182,unknown,
49185,unknown,
49186,ok,1906
49187,ok,1933
49188,recent,
49190,unknown,
49191,unknown,
49192,unknown,
49194,ok,1905
49195,ok,1926
49196,ok,1891
49197,unknown,
49198,ok,1890
49200,ok,1890
49201,unknown,
49202,unknown,
49203,ok,1923
49204,ok,1917
49205,recent,
49206,unknown,
49207,ok,1899
49208,ok,1945
49211,recent,
49212,ok,1918
49213,unknown,
49215,ok,1948
49216,ok,1903
49217,unknown,
49220,ok,1857
49221,ok,1832
49222,ok,1951
49224,ok,1916
49225,unknown,
49226,ok,1953
49227,ok,1906
49228,unknown,
49229,ok,1902
49230,ok,1908
49235,ok,1953
49236,ok,1953
49237,unknown,
49238,ok,1917
49239,ok,1946
49240,ok,1934
49241,unknown,
49242,ok,1937
49243,unknown,
49244,ok,1913
49245,ok,1925
49246,unknown,
49247,ok,1928
49249,unknown,
50761,ok,1925
49252,ok,1928
49253,ok,1928
49254,unknown,
49255,ok,1847
49256,ok,1921
49257,recent,
49260,unknown,
49261,ok,1913
49262,unknown,
49263,ok,1946
49264,unknown,
49265,ok,1915
49266,ok,1941
49267,recent,
49269,unknown,
49270,ok,1919
49271,ok,1925
49272,ok,1927
49273,ok,1919
49274,unknown,
49275,unknown,
49276,ok,1928
49277,ok,1943
49278,recent,
49307,ok,1952
49279,unknown,
49281,ok,1890
49282,ok,1952
49283,unknown,
49284,ok,1949
49285,ok,1951
49286,unknown,
49287,unknown,
49288,unknown,
49289,ok,1907
49290,ok,1879
49291,ok,1910
49292,ok,1949
49293,recent,
49294,unknown,
49295,ok,1923
49296,ok,1877
49297,ok,1914
49299,ok,1675
49300,unknown,
49301,ok,1914
49302,ok,1918
49303,unknown,
49304,ok,1930
49305,ok,1908
49306,ok,1908
49309,ok,1949
49312,ok,1854
49313,ok,1917
49314,ok,1922
49315,ok,1828
49316,recent,
49317,ok,1955
49318,ok,1920
49319,ok,1748
49320,ok,1933
49321,ok,1943
49322,ok,1933
49323,recent,
49324,ok,1928
49325,ok,1894
49326,ok,1932
49327,unknown,
49328,unknown,
49329,ok,1936
49330,recent,
49331,ok,1954
49332,ok,1852
49334,recent,
49335,unknown,
49336,ok,1939
49338,unknown,
49339,ok,1927
49340,ok,1953
49341,unknown,
49342,ok,1914
49343,ok,1898
49344,ok,1911
49345,ok,1919
49347,unknown,
49348,unknown,
49349,ok,1898
49350,ok,1935
49351,ok,1891
49352,ok,1891
49353,ok,1919
49355,ok,1915
49356,ok,1947
49357,ok,1940
49358,ok,1920
49360,unknown,
49361,ok,1943
49362,unknown,
49363,unknown,
49364,ok,1906
49366,unknown,
49368,ok,1916
49369,ok,1914
49370,unknown,
49371,ok,1932
49372,ok,1928
49373,ok,1915
49374,unknown,
49375,ok,1909
49377,recent,
49378,ok,1953
49379,unknown,
49380,unknown,
49382,ok,1901
49383,unknown,
49384,unknown,
49385,recent,
49386,ok,1935
49387,unknown,
49389,ok,1933
49391,recent,
49392,unknown,
49393,ok,1931
49396,unknown,
49397,ok,1869
49398,ok,1869
49399,ok,1869
49400,unknown,
49401,ok,1939
49402,ok,1939
49403,ok,1937
49405,ok,1952
49406,ok,1911
49407,ok,1890
49408,ok,1869
49409,ok,1869
49410,ok,1836
49411,ok,1928
49412,ok,1928
49414,recent,
49415,unknown,
49416,ok,1913
49419,ok,1926
49421,unknown,
49422,ok,1913
49425,unknown,
49426,ok,1916
49427,ok,1918
49431,recent,
49432,ok,1909
49434,ok,1908
49435,ok,1953
49436,ok,1941
49438,ok,1953
49439,recent,
49440,unknown,
49441,ok,1940
49442,ok,1909
49444,unknown,
49445,ok,1937
49446,ok,1869
49447,ok,1876
49448,recent,
49449,unknown,
49450,ok,1933
49451,ok,1929
49452,ok,1943
49453,ok,1953
49454,ok,1945
49455,recent,
49456,ok,1943
49458,ok,1894
49459,ok,1947
49460,recent,
49461,ok,1637
49462,recent,
49465,unknown,
49466,ok,1923
49467,unknown,
49468,ok,1860
49469,unknown,
49471,ok,1924
49472,ok,1860
49505,ok,1941
49473,ok,1860
49474,ok,1928
49475,ok,1881
49476,ok,1800
49477,ok,1906
49478,ok,1890
49479,ok,1941
49480,ok,1890
49481,ok,1877
49482,ok,1850
49483,ok,1903
49484,ok,1917
49488,ok,1917
49489,unknown,
49490,unknown,
49491,ok,1938
49492,ok,1930
49493,recent,
49494,ok,1920
49495,ok,1931
49496,recent,
49497,ok,1953
49499,unknown,
49500,ok,1866
49502,ok,1880
49503,unknown,
49504,ok,1952
49506,ok,1895
49507,ok,1943
49508,ok,1900
49509,unknown,
49511,unknown,
49512,ok,1928
49513,ok,1654
49514,ok,1864
49515,ok,1929
49516,ok,1946
49517,ok,1909
49518,ok,1905
49519,ok,1906
49520,ok,1900
49521,ok,1889
49524,ok,1875
49525,recent,
49526,ok,1933
49527,ok,1933
49529,ok,1926
49530,ok,1905
49531,recent,
49532,ok,1862
49533,ok,1940
49606,ok,1935
49535,unknown,
49537,ok,1920
49538,ok,1879
49539,unknown,
49540,ok,1940
49542,unknown,
49544,ok,1940
49545,ok,1939
49546,unknown,
49547,ok,1942
49548,ok,1950
49549,unknown,
49550,ok,1913
49553,ok,1946
49555,recent,
49556,unknown,
49557,ok,1937
49559,ok,1923
49561,ok,1938
49563,unknown,
49564,unknown,
49565,unknown,
49566,ok,1943
49567,ok,1836
49568,ok,1925
49569,ok,1920
49570,ok,1865
49571,unknown,
49572,ok,1926
49573,ok,1859
49574,ok,1859
49575,ok,1859
49577,ok,1931
49579,unknown,
49580,ok,1838
49581,ok,1936
49583,ok,1865
49585,unknown,
49586,ok,1932
49587,unknown,
49588,ok,1888
49589,unknown,
49590,ok,1937
49591,ok,1903
49594,unknown,
49595,unknown,
49596,ok,1935
49597,ok,1897
49598,unknown,
49601,ok,1869
49602,ok,1777
49604,ok,1773
49605,recent,
49607,unknown,
49608,ok,1939
49609,ok,1939
49610,ok,1939
49611,ok,1939
49612,ok,1939
49613,ok,1939
49614,ok,1939
49615,ok,1939
49616,unknown,
49617,unknown,
49618,ok,1953
49619,ok,1883
49620,unknown,
49621,ok,1853
49622,unknown,
49624,ok,1924
49625,ok,1932
49627,unknown,
49628,unknown,
49629,unknown,
49630,ok,1933
49631,unknown,
49632,recent,
49633,recent,
49634,ok,1860
49635,ok,1860
49636,unknown,
49637,ok,1828
49638,ok,1939
49639,ok,1937
49640,recent,
49641,unknown,
49642,unknown,
49643,ok,1893
49644,unknown,
49645,unknown,
49648,ok,1922
49649,ok,1924
49650,ok,1933
49651,recent,
49652,unknown,
49653,ok,1936
49654,unknown,
49657,ok,1932
49658,ok,1932
49659,unknown,
49662,ok,1950
49663,ok,1888
49664,ok,1937
49665,ok,1891
49667,unknown,
49701,ok,1922
49668,ok,1888
49669,ok,1927
49671,unknown,
49672,ok,1858
49673,unknown,
49674,recent,
49675,ok,1928
49676,unknown,
49677,ok,1940
49678,unknown,
49679,ok,1915
49680,ok,1882
49681,ok,1882
49682,ok,1883
49683,ok,1908
49684,ok,1915
49686,ok,1906
49687,ok,1942
49690,ok,1899
49691,ok,1852
49692,ok,1939
49693,unknown,
49694,ok,1932
49695,unknown,
49696,ok,1853
49698,unknown,
49699,unknown,
49703,unknown,
49704,ok,1946
49705,unknown,
49706,ok,1907
49707,unknown,
49708,ok,1919
49709,ok,1953
49710,ok,1932
49711,unknown,
49712,ok,1905
49713,ok,1926
49714,ok,1902
49715,ok,1943
49716,recent,
49718,ok,1860
49719,unknown,
49721,ok,1952
49723,ok,1863
49724,ok,1943
49725,recent,
49726,unknown,
49727,unknown,
49728,ok,1868
49731,ok,1919
49732,ok,1952
49734,ok,1917
49802,ok,1911
49735,unknown,
49736,ok,1931
49739,ok,1953
49740,recent,
49741,unknown,
49742,ok,1923
49743,ok,1909
49744,ok,1915
49745,ok,1901
49746,unknown,
49747,ok,1922
49748,ok,1943
49749,ok,1943
49750,ok,1943
49751,ok,1943
49753,ok,1780
49754,unknown,
49755,recent,
49757,recent,
49760,ok,1866
49761,ok,1905
49762,recent,
49763,ok,1944
49765,ok,1929
49766,ok,1936
49767,recent,
49803,unknown,
49804,ok,1936
49769,ok,1928
49770,unknown,
49771,recent,
49772,ok,1936
49773,ok,1880
49776,unknown,
49777,unknown,
49778,ok,1934
49779,recent,
49780,ok,1921
49781,unknown,
49782,ok,1913
49783,ok,1953
49784,ok,1870
49785,ok,1919
49786,ok,1898
49787,unknown,
49789,ok,1874
49790,ok,1937
49791,unknown,
49792,ok,1834
49793,ok,1834
49794,ok,1834
49795,ok,1926
49796,unknown,
49797,unknown,
49798,unknown,
49799,unknown,
49800,unknown,
49805,ok,1916
49806,ok,1883
49808,recent,
49809,recent,
49810,ok,1944
49811,ok,1920
49813,ok,1916
49814,unknown,
49815,ok,1929
49816,ok,1929
49817,unknown,
49818,ok,1936
49819,recent,
49820,recent,
49821,recent,
49822,ok,1944
49823,recent,
49826,recent,
49827,ok,1954
49829,recent,
49830,ok,1953
49831,ok,1936
49832,ok,1952
49833,ok,1910
49835,ok,1817
49838,recent,
49839,ok,1951
49840,ok,1800
49841,ok,1867
49842,unknown,
49843,ok,1826
49844,ok,1919
49845,ok,1919
49846,ok,1911
49847,unknown,
49848,ok,1936
49849,ok,1939
49850,ok,1882
49851,ok,1882
49852,ok,1942
49853,ok,1922
49854,ok,1922
49855,ok,1904
49856,ok,1954
49858,ok,1898
49859,ok,1860
49860,ok,1887
49861,ok,1931
49862,unknown,
49863,ok,1865
49864,ok,1865
49865,ok,1865
49866,unknown,
49867,ok,1936
49869,unknown,
49870,recent,
49872,ok,1936
49873,ok,1953
49874,unknown,
49875,ok,1952
49876,ok,1929
49877,ok,1943
49878,ok,1909
49881,ok,1923
49882,ok,1877
49886,unknown,
49887,recent,
49888,ok,1952
49890,ok,1914
49891,ok,1929
49892,ok,1918
49893,recent,
49894,unknown,
49895,recent,
49897,recent,
49898,ok,1899
49899,ok,1911
49901,unknown,
49903,ok,1915
49904,ok,1936
49905,recent,
49906,ok,1930
49907,ok,1899
49911,ok,1946
49912,ok,1931
49913,ok,1924
49915,ok,1913
49916,recent,
49917,ok,1927
49918,recent,
49919,unknown,
49920,ok,1943
49921,ok,1926
49922,unknown,
49923,ok,1917
49924,ok,1952
49925,ok,1921
49927,ok,1870
49930,ok,1900
49931,recent,
49932,ok,1923
49933,ok,1953
49935,ok,1937
49936,ok,1941
49937,unknown,
49941,ok,1898
49942,recent,
49943,ok,1905
49944,ok,1922
49945,unknown,
49947,ok,1859
49948,unknown,
49949,ok,1939
49950,recent,
49951,ok,1950
49953,ok,1878
49954,ok,1909
49955,ok,1927
49956,ok,1901
49957,recent,
49958,ok,1922
49960,unknown,
49961,ok,1876
49962,unknown,
49964,ok,1908
49965,unknown,
49966,unknown,
49967,unknown,
49968,unknown,
49969,unknown,
49970,ok,1946
49972,recent,
49975,ok,1911
49976,unknown,
49977,ok,1944
49978,ok,1915
49979,ok,1952
49980,recent,
49981,unknown,
49982,unknown,
49983,unknown,
49985,ok,1911
49986,unknown,
49987,ok,1860
49988,unknown,
49989,ok,1950
49990,ok,1924
49991,recent,
49993,recent,
49999,ok,1936
50000,unknown,
50001,ok,1931
50002,ok,1950
50004,ok,1914
50005,unknown,
50006,ok,1873
50007,ok,1942
50008,ok,1920
50010,ok,1899
50011,ok,1906
50012,ok,1868
50013,unknown,
50014,recent,
50015,recent,
50016,unknown,
50017,unknown,
50020,ok,1880
50021,unknown,
50022,recent,
50023,ok,1924
50024,ok,1903
50025,ok,1889
50026,ok,1897
50029,ok,1909
50031,ok,1922
50032,ok,1908
50033,unknown,
50034,unknown,
50035,recent,
50036,ok,1931
50037,ok,1915
50038,ok,1913
50040,recent,
50041,unknown,
50042,ok,1860
50043,ok,1953
50044,ok,1929
50045,ok,1954
50046,ok,1858
50047,ok,1924
50048,ok,1931
50049,ok,1903
50050,recent,
50051,unknown,
50052,ok,1923
50053,ok,1864
50054,ok,1804
50056,ok,1952
50057,ok,1944
50058,ok,1945
50059,unknown,
50060,ok,1898
50061,unknown,
50063,recent,
50064,ok,1889
50066,ok,1949
50068,ok,1928
50069,unknown,
50070,unknown,
50071,recent,
50072,unknown,
50073,ok,1852
50203,ok,1950
50074,unknown,
50075,unknown,
50076,unknown,
50077,unknown,
50078,ok,1881
50079,ok,1952
50080,unknown,
50082,ok,1918
50083,ok,1852
50085,unknown,
50086,ok,1894
50087,ok,1950
50088,ok,1950
50089,ok,1919
50090,recent,
50091,ok,1950
50092,ok,1884
50093,ok,1950
50095,ok,1914
50096,ok,1922
50097,ok,1928
50098,unknown,
50099,ok,1933
50100,ok,1902
50102,unknown,
50103,recent,
50104,ok,1911
50105,ok,1931
50106,recent,
50107,ok,1951
50108,ok,1773
50109,ok,1910
50111,ok,1939
50113,unknown,
50115,ok,1891
50118,ok,1853
50119,ok,1906
50121,ok,1937
50122,ok,1916
50123,unknown,
50124,ok,1940
50125,ok,1910
50129,ok,1896
50130,ok,1884
50131,recent,
50132,unknown,
50133,ok,1937
50134,unknown,
50238,recent,
50137,ok,1863
50138,recent,
50139,ok,1921
50140,ok,1909
50141,recent,
50143,ok,1667
50144,ok,1893
50145,ok,1911
50147,unknown,
50148,unknown,
50150,ok,1942
50151,ok,1939
50152,ok,1915
50153,ok,1882
50154,ok,1897
50155,recent,
50156,ok,1875
50157,unknown,
50158,ok,1936
50159,ok,1874
50160,ok,1874
50161,ok,1874
50162,ok,1924
50163,unknown,
50165,unknown,
50240,recent,
50166,unknown,
50167,ok,1874
50169,ok,1948
50170,unknown,
50171,ok,1945
50173,ok,1873
50174,recent,
50175,ok,1934
50176,ok,1950
50177,ok,1901
50179,unknown,
50180,recent,
50181,ok,1869
50183,unknown,
50184,ok,1911
50185,ok,1911
50186,unknown,
50188,ok,1944
50189,ok,1879
50191,ok,1865
50192,unknown,
50193,unknown,
50194,ok,1919
50195,unknown,
50196,unknown,
50198,recent,
50200,unknown,
50201,ok,1930
50204,ok,1875
50205,ok,1925
50206,ok,1925
50207,unknown,
50208,recent,
50209,ok,1942
50210,ok,1898
50211,ok,1903
50212,unknown,
50213,ok,1930
50217,recent,
50218,ok,1898
50219,ok,1853
50220,ok,1935
50224,unknown,
50225,recent,
50226,recent,
50227,ok,1953
50228,ok,1834
50229,unknown,
50230,recent,
50231,ok,1915
50232,ok,1954
50235,ok,1933
50236,unknown,
50237,unknown,
50242,ok,1953
50243,ok,1935
50245,ok,1939
50246,ok,1890
50247,ok,1952
50249,unknown,
50253,ok,1938
50254,ok,1881
50255,ok,1955
50256,recent,
50257,recent,
50258,ok,1953
50259,recent,
50260,ok,1917
50261,ok,1910
50265,recent,
50267,recent,
50268,ok,1923
50269,ok,1943
50270,ok,1943
50271,ok,1943
50272,ok,1943
50273,ok,1944
50274,recent,
50275,unknown,
50276,ok,1921
50278,ok,1913
50281,ok,1924
50282,unknown,
50284,ok,1915
50286,ok,1952
50287,unknown,
50289,ok,1913
50290,recent,
50292,ok,1905
50294,ok,1940
50295,ok,1931
50298,ok,1911
50301,unknown,
50302,ok,1933
50307,ok,1911
50308,ok,1946
50309,recent,
50310,ok,1904
50311,ok,1893
50312,ok,1933
50313,ok,1871
50315,ok,1946
50316,ok,1876
50317,ok,1942
50318,ok,1927
50319,unknown,
50320,recent,
50321,recent,
50322,ok,1925
50323,unknown,
50390,ok,1931
50324,recent,
50325,ok,1860
50327,unknown,
50328,ok,1929
50329,ok,1860
50330,ok,1940
50331,ok,1931
50332,ok,1862
50334,ok,1870
50335,ok,1911
50336,ok,1933
50338,ok,1935
50339,unknown,
50340,ok,1778
50342,ok,1876
50343,recent,
50345,ok,1908
50346,ok,1932
50347,unknown,
50349,unknown,
50350,ok,1876
50352,ok,1859
50353,recent,
50354,ok,1921
50355,unknown,
50356,ok,1892
50357,recent,
50358,recent,
50360,unknown,
50361,ok,1924
50364,ok,1892
50366,unknown,
50368,unknown,
50369,recent,
50370,ok,1874
50371,ok,1940
50372,ok,1911
50373,ok,1932
50374,ok,1926
50376,recent,
50377,unknown,
50378,recent,
50379,ok,1945
50380,unknown,
50381,recent,
50382,ok,1894
50383,unknown,
50384,ok,1929
50385,recent,
50386,ok,1874
50387,ok,1940
50388,ok,1925
50389,unknown,
50391,ok,1948
50392,ok,1929
50394,ok,1947
50395,unknown,
50396,unknown,
50398,ok,1904
50399,ok,1949
50400,recent,
50401,ok,1841
50402,unknown,
50403,unknown,
50404,unknown,
50405,recent,
50406,recent,
50408,ok,1923
50410,unknown,
50411,ok,1915
50412,unknown,
50414,ok,1944
50415,ok,1943
50416,ok,1686
50417,unknown,
50418,ok,1902
50419,unknown,
50420,recent,
50826,recent,
50421,ok,1865
50422,ok,1926
50423,ok,1893
50424,unknown,
50425,unknown,
50426,unknown,
50427,ok,1915
50428,ok,1864
50429,unknown,
50431,unknown,
50432,ok,1910
50433,ok,1915
50434,unknown,
50435,ok,1926
50436,ok,1848
50438,ok,1930
50439,ok,1875
50440,ok,1920
50441,unknown,
50446,recent,
50447,ok,1918
50448,unknown,
50449,recent,
50451,unknown,
50453,ok,1932
50454,ok,1950
50457,ok,1940
50458,unknown,
50460,ok,1918
50461,ok,1948
50462,ok,1860
50464,recent,
50465,recent,
50466,unknown,
50468,unknown,
50469,unknown,
50470,recent,
50471,ok,1924
50472,ok,1912
50473,ok,1897
50474,ok,1899
50475,ok,1901
50476,ok,1926
50477,ok,1893
50478,unknown,
50479,ok,1930
50483,ok,1926
50484,ok,1943
50485,ok,1918
50486,unknown,
50487,unknown,
50488,ok,1945
50489,ok,1945
50490,unknown,
50491,ok,1933
50493,ok,1860
50494,ok,1919
50495,ok,1954
50496,ok,1898
50497,recent,
50498,recent,
50499,recent,
50500,ok,1774
50501,recent,
50502,unknown,
50503,unknown,
50504,unknown,
50505,unknown,
50506,ok,1936
50507,ok,1911
50508,ok,1919
50509,unknown,
50510,ok,1903
50511,ok,1922
50512,ok,1922
50513,ok,1866
50514,ok,1908
50515,unknown,
50518,ok,1860
50519,ok,1907
50520,ok,1908
50521,ok,1921
50523,unknown,
50524,ok,1928
50531,ok,1916
50532,unknown,
50533,unknown,
50534,unknown,
50535,recent,
50536,ok,1931
50539,ok,1909
50540,unknown,
50542,ok,1936
50543,unknown,
50544,ok,1882
50545,unknown,
50546,ok,1915
50548,ok,1938
50549,unknown,
50550,ok,1877
50551,ok,1862
50552,ok,1946
50553,ok,1922
50554,ok,1905
50555,ok,1948
50556,ok,1953
50557,ok,1936
50558,unknown,
50559,ok,1914
50560,ok,1885
50561,ok,1935
50564,ok,1894
50565,ok,1852
50566,recent,
50567,ok,1933
50568,unknown,
50569,ok,1924
50570,unknown,
50571,recent,
50572,ok,1865
50573,ok,1916
50575,unknown,
50577,recent,
50578,recent,
50580,ok,1917
50581,ok,1893
50582,ok,1930
50583,ok,1905
50584,unknown,
50585,recent,
50586,ok,1950
50588,ok,1942
50589,ok,1947
50590,ok,1944
50591,ok,1943
50592,unknown,
50593,recent,
50594,ok,1918
50595,unknown,
50596,ok,1955
50597,ok,1925
50598,ok,1923
50678,ok,1897
50600,unknown,
50601,recent,
50602,ok,1917
50603,unknown,
50604,recent,
50605,ok,1784
50606,ok,1932
50607,ok,1909
50608,unknown,
50609,unknown,
50611,ok,1860
50612,unknown,
50613,unknown,
50614,ok,1915
50615,unknown,
50618,ok,1929
50619,unknown,
50620,ok,1852
50621,ok,1791
50622,recent,
50623,ok,1791
50624,ok,1897
50625,ok,1897
50626,ok,1929
50629,ok,1791
50630,unknown,
50631,unknown,
50633,ok,1888
50634,ok,1923
50635,recent,
50636,ok,1892
50637,ok,1832
50639,unknown,
50640,ok,1884
50650,ok,1929
50651,ok,1905
50653,ok,1829
50654,ok,1920
50655,ok,1942
50656,unknown,
50657,unknown,
50658,ok,1939
50659,unknown,
50660,ok,1930
50661,recent,
50662,ok,1915
50663,ok,1953
50664,ok,1924
50665,ok,1945
50666,ok,1903
50668,recent,
50670,ok,1944
50671,ok,1952
50672,unknown,
50673,ok,1915
50676,ok,1915
50679,unknown,
50680,unknown,
50682,recent,
50685,ok,1894
50687,ok,1910
50688,ok,1860
50689,ok,1933
50690,ok,1913
50692,ok,1955
50693,unknown,
50696,ok,1918
50698,ok,1905
50699,ok,1896
50700,ok,1896
50701,ok,1908
50702,recent,
50704,unknown,
50705,ok,1928
50706,ok,1947
50708,ok,1939
50710,unknown,
50712,recent,
50713,recent,
50715,ok,1904
50716,recent,
50717,ok,1946
50718,ok,1910
50719,recent,
50721,unknown,
50723,unknown,
50724,unknown,
50725,ok,1921
50727,unknown,
50730,ok,1911
50731,unknown,
50734,ok,1901
50735,ok,1949
50736,recent,
50737,ok,1911
50738,ok,1946
50739,ok,1915
50742,ok,1937
50743,ok,1859
50744,ok,1922
50745,unknown,
50746,unknown,
50747,ok,1942
50750,ok,1855
50751,ok,1929
50752,ok,1943
50753,recent,
50755,ok,1918
50758,unknown,
50759,ok,1939
50760,ok,1895
50762,ok,1883
50764,ok,1932
50765,unknown,
50766,recent,
50767,ok,1899
50768,unknown,
50769,ok,1933
50772,ok,1916
50773,unknown,
50774,recent,
50775,recent,
50776,ok,1939
50777,ok,1934
50778,ok,1884
50780,unknown,
50781,recent,
50782,recent,
50783,recent,
50785,ok,1947
50786,ok,1857
50787,unknown,
50788,unknown,
50790,unknown,
50791,unknown,
50792,unknown,
50827,recent,
50793,ok,1879
50794,unknown,
50795,unknown,
50796,recent,
50797,ok,1949
50798,unknown,
50799,unknown,
50800,recent,
50801,ok,1897
50802,recent,
50803,ok,1915
50805,unknown,
50807,recent,
50808,unknown,
50809,unknown,
50810,ok,1941
50811,ok,1911
50812,ok,1913
50814,recent,
50815,recent,
50816,unknown,
50817,unknown,
50818,recent,
50819,recent,
50820,recent,
50821,ok,1930
50822,unknown,
50823,ok,1916
50824,unknown,
50825,unknown,
50828,recent,
50831,unknown,
50832,ok,1937
50834,recent,
50835,recent,
50836,ok,1908
50837,ok,1913
50838,ok,1919
50839,ok,1816
50840,unknown,
50841,unknown,
50842,unknown,
50843,ok,1932
50844,recent,
50846,unknown,
50847,recent,
50848,recent,
50849,ok,1908
50850,ok,1898
50852,ok,1849
50853,ok,1860
50854,ok,1933
50855,ok,1860
50856,ok,1860
50857,ok,1889
50858,ok,1860
50859,ok,1944
50860,ok,1949
50862,ok,1922
50863,recent,
50864,ok,1935
50865,unknown,
50866,ok,1886
50868,recent,
50869,unknown,
50872,recent,
50873,recent,
50874,ok,1911
50875,unknown,
50876,recent,
50877,recent,
50878,unknown,
50879,unknown,
50880,unknown,
50881,recent,
50882,ok,1884
50883,ok,1897
50884,recent,
50885,recent,
50886,ok,1909
50889,unknown,
50890,recent,
50892,unknown,
50893,unknown,
50894,ok,1953
50895,recent,
50896,ok,1919
50897,ok,1921
50898,ok,1919
50899,ok,1919
50902,unknown,
50943,ok,1860
50903,ok,1910
50904,recent,
50905,recent,
50906,recent,
50907,ok,1874
50908,ok,1808
50909,ok,1926
50910,unknown,
50914,ok,1934
50915,ok,1926
50916,ok,1895
50919,ok,1881
50921,unknown,
50922,unknown,
50923,recent,
50924,recent,
50925,ok,1922
50926,ok,1924
50927,unknown,
50928,recent,
50929,ok,1889
50930,ok,1907
50931,unknown,
50932,recent,
50933,ok,1941
50934,recent,
50935,recent,
50936,recent,
50938,unknown,
50939,recent,
50940,recent,
50941,unknown,
50944,ok,1829
50945,unknown,
50948,recent,
50949,ok,1686
50950,unknown,
50952,unknown,
50953,recent,
50954,ok,1902
50955,unknown,
50956,unknown,
50957,ok,1921
50958,ok,1915
50959,recent,
50960,recent,
50961,ok,1950
50962,unknown,
50963,unknown,
50964,ok,1860
50966,unknown,
50968,ok,1916
50969,recent,
50970,unknown,
50971,recent,
50972,ok,1915
50973,ok,1893
50974,ok,1900
50975,unknown,
50976,ok,1931
50977,ok,1903
50978,ok,1919
50980,unknown,
50981,recent,
50982,ok,1915
50983,ok,1944
50985,ok,1863
50986,ok,1945
50987,ok,1897
50988,recent,
50989,unknown,
50990,ok,1892
50991,ok,1921
50992,ok,1903
50993,ok,1901
50994,ok,1932
50995,ok,1950
50997,ok,1921
50998,recent,
50999,recent,
51000,ok,1925
51001,recent,
51002,ok,1937
51003,ok,1924
51004,unknown,
51005,ok,1881
51006,ok,1938
51008,recent,
51009,recent,
51010,ok,1909
51011,ok,1915
51012,ok,1955
51013,ok,1955
51014,ok,1955
51015,ok,1932
51016,recent,
51017,ok,1821
51018,ok,1939
51021,ok,1899
51022,ok,1924
51023,ok,1934
51024,recent,
51025,ok,1874
51026,ok,1928
51027,recent,
51028,recent,
51030,ok,1895
51031,unknown,
51032,unknown,
51034,ok,1914
51035,unknown,
51037,recent,
51038,ok,1586
51039,ok,1899
51040,unknown,
51041,ok,1893
51042,unknown,
51043,ok,1889
51046,recent,
51047,recent,
51048,unknown,
51049,ok,1908
51050,recent,
51053,recent,
51054,ok,1929
51055,ok,1934
51056,unknown,
51057,ok,1929
51058,unknown,
51059,ok,1948
51060,ok,1849
51061,unknown,
51062,ok,1887
51063,ok,1889
51064,ok,1942
51065,ok,1908
51066,unknown,
51067,ok,1897
51068,unknown,
51070,ok,1927
51072,recent,
51073,unknown,
51074,unknown,
51075,recent,
51076,ok,1946
51077,recent,
51078,ok,1938
51079,unknown,
51080,ok,1943
51081,unknown,
51082,recent,
51083,ok,1921
51084,ok,1864
51085,ok,1921
51086,ok,1940
51087,unknown,
51088,ok,1884
51089,ok,1949
51090,ok,1884
51091,recent,
51092,recent,
51094,ok,1943
51095,ok,1901
51096,ok,1883
51097,unknown,
51099,unknown,
51100,unknown,
51101,recent,
51102,recent,
51103,ok,1947
51104,unknown,
51105,unknown,
51106,ok,1936
51107,unknown,
51207,unknown,
51108,ok,1890
51109,unknown,
51110,ok,1917
51112,recent,
51113,ok,1726
51114,ok,1726
51115,recent,
51116,unknown,
51117,ok,1879
51118,ok,1913
51120,ok,1929
51121,recent,
51122,recent,
51123,unknown,
51125,recent,
51126,recent,
51127,unknown,
51128,recent,
51129,recent,
51131,unknown,
51132,recent,
51133,unknown,
51134,ok,1924
51135,unknown,
51136,unknown,
51137,unknown,
51140,ok,1901
51141,ok,1901
51209,ok,1915
51142,unknown,
51143,ok,1913
51144,ok,1883
51145,unknown,
51148,recent,
51149,unknown,
51150,recent,
51152,recent,
51153,recent,
51154,unknown,
51155,ok,1922
51156,ok,1914
51158,ok,1917
51160,ok,1912
51161,ok,1923
51162,ok,1925
51163,ok,1931
51164,ok,1860
51165,ok,1916
51166,ok,1890
51167,unknown,
51168,recent,
51169,ok,1934
51170,recent,
51171,recent,
51173,ok,1889
51174,ok,1860
51175,unknown,
51210,recent,
78083,unknown,
51176,unknown,
51177,unknown,
51178,ok,1933
51179,ok,1898
51180,unknown,
51181,ok,1871
51182,ok,1871
51183,ok,1871
51184,recent,
51185,recent,
51187,ok,1849
51188,unknown,
51189,ok,1942
51190,ok,1918
51191,ok,1893
51193,recent,
51194,recent,
51195,ok,1900
51196,unknown,
51197,ok,1944
51198,ok,1946
51199,ok,1935
51200,ok,1945
51201,recent,
51202,recent,
51203,recent,
51204,unknown,
51205,unknown,
51206,recent,
51211,ok,1911
51212,ok,1954
51213,ok,1930
51214,ok,1892
51215,unknown,
51216,ok,1920
51217,ok,1907
51218,unknown,
51219,recent,
51222,ok,1949
51224,unknown,
51225,ok,1926
51226,ok,1914
51227,ok,1924
51228,recent,
51229,ok,1951
51231,recent,
51232,unknown,
51233,recent,
51234,unknown,
51235,ok,1920
51236,ok,1940
51237,unknown,
51238,ok,1922
51239,ok,1842
51240,recent,
51241,recent,
51277,ok,1947
51242,ok,1950
51243,ok,1950
51244,unknown,
51245,recent,
51246,ok,1948
51247,recent,
51248,unknown,
51249,recent,
51250,ok,1917
51251,ok,1860
51252,ok,1890
51253,unknown,
51255,unknown,
51256,recent,
51257,recent,
51258,recent,
51259,ok,1858
51261,unknown,
51262,ok,1913
51263,ok,1919
51264,unknown,
51265,ok,1897
51266,ok,1893
51267,recent,
51268,recent,
51269,ok,1917
51271,ok,1898
51273,recent,
51274,recent,
51275,ok,1944
51278,ok,1946
51280,unknown,
51281,recent,
51282,recent,
51284,ok,1925
51285,ok,1931
51286,recent,
51288,recent,
51290,ok,1927
51291,ok,1897
51292,unknown,
51293,ok,1911
51294,ok,1879
51295,recent,
51296,recent,
51297,unknown,
51298,unknown,
51299,ok,1941
51300,ok,1847
51302,ok,1914
51304,unknown,
51305,recent,
51306,ok,1915
51307,ok,1927
51308,ok,1907
51310,recent,
51311,unknown,
51312,ok,1894
51313,ok,1923
51314,ok,1915
51315,unknown,
51317,unknown,
51318,unknown,
51319,unknown,
51320,recent,
51321,recent,
51322,ok,1955
51326,unknown,
51328,unknown,
51329,ok,1925
51330,unknown,
51331,recent,
51332,recent,
51334,ok,1775
51335,recent,
51336,unknown,
51337,recent,
51338,ok,1655
51340,recent,
51341,unknown,
51342,recent,
51343,unknown,
51344,recent,
51346,ok,1881
51347,recent,
51350,recent,
51351,recent,
51352,ok,1860
51353,recent,
51354,ok,1942
51355,ok,1634
51356,unknown,
51357,unknown,
51358,ok,1900
51361,unknown,
51362,unknown,
51363,recent,
51364,ok,1852
51365,ok,1938
51367,ok,1940
51368,ok,1905
51369,ok,1905
51370,unknown,
51371,ok,1844
51372,recent,
51373,ok,1939
51374,ok,1933
51376,ok,1865
51379,recent,
51380,recent,
51381,ok,1850
51382,unknown,
51383,ok,1928
51385,ok,1884
51387,unknown,
51388,ok,1894
51390,ok,1942
51391,ok,1912
51393,unknown,
51395,recent,
51396,recent,
51397,recent,
51398,recent,
51403,ok,1955
51404,ok,1915
51405,ok,1882
51407,unknown,
51408,recent,
51409,recent,
51410,ok,1931
51411,ok,1931
51412,ok,1941
51413,recent,
51414,recent,
51415,unknown,
51418,ok,1904
51420,unknown,
51421,recent,
51422,ok,1905
51423,ok,1893
51424,unknown,
51425,ok,1950
51426,ok,1917
51427,ok,1933
51428,ok,1932
51429,ok,1934
51432,recent,
51433,recent,
51434,recent,
51435,recent,
51436,recent,
51437,ok,1941
51438,ok,1911
51439,ok,1925
51441,unknown,
51442,ok,1927
51443,unknown,
51444,unknown,
51445,unknown,
51448,ok,1917
51449,recent,
51451,ok,1883
51452,ok,1881
51453,unknown,
51454,ok,1931
51455,ok,1860
51456,ok,1931
51457,unknown,
51459,ok,1764
51460,unknown,
51461,recent,
51466,ok,1920
51468,ok,1942
51469,ok,1928
51470,ok,1897
51472,ok,1817
51473,unknown,
51475,unknown,
51477,ok,1913
51478,unknown,
51481,ok,1947
51482,recent,
51483,recent,
51484,unknown,
51487,ok,1908
51488,unknown,
51489,ok,1902
51490,ok,1902
51491,ok,1902
51492,ok,1913
51493,recent,
51494,unknown,
51495,unknown,
51496,ok,1951
51497,ok,1900
51498,unknown,
51499,recent,
51500,unknown,
51502,ok,1926
51505,ok,1917
51508,recent,
51509,recent,
51510,ok,1933
51511,ok,1953
51513,unknown,
51514,ok,1943
51515,ok,1921
51516,ok,1900
51518,recent,
51519,recent,
51520,ok,1947
51521,ok,1945
51522,unknown,
51523,ok,1947
51525,ok,1952
51530,recent,
51531,recent,
51532,ok,1892
51533,unknown,
51534,recent,
51536,unknown,
51537,ok,1909
51538,unknown,
51539,unknown,
51540,unknown,
51541,ok,1948
51542,unknown,
51544,unknown,
51545,recent,
51546,unknown,
51547,recent,
51548,unknown,
51549,recent,
51550,unknown,
51551,ok,1950
51552,ok,1917
51553,ok,1922
51554,unknown,
51555,ok,1866
51556,ok,1943
51557,ok,1879
51559,ok,1947
51560,ok,1916
51561,ok,1951
51568,recent,
51570,recent,
51571,recent,
51572,ok,1943
51574,recent,
51575,ok,1937
51576,recent,
51578,ok,1936
51579,ok,1938
51580,unknown,
51581,ok,1939
51585,unknown,
51588,unknown,
51589,recent,
51590,ok,1923
51591,ok,1921
51592,ok,1941
51593,ok,1939
51594,recent,
51595,ok,1883
51596,recent,
51597,unknown,
51598,ok,1917
51599,ok,1922
51600,ok,1917
51601,recent,
51603,recent,
51605,recent,
51606,ok,1927
51607,ok,1889
51608,unknown,
51609,recent,
51610,unknown,
51611,ok,1942
51612,ok,1899
51614,ok,1919
51615,recent,
51616,unknown,
51617,ok,1897
51621,unknown,
51622,recent,
51623,recent,
51626,ok,1949
51628,ok,1860
51629,ok,1860
51630,ok,1860
51631,ok,1882
51632,ok,1872
51633,recent,
51634,ok,1899
51635,ok,1937
51636,ok,1938
51637,ok,1929
51640,unknown,
51641,ok,1924
51642,ok,1933
51643,ok,1941
51644,ok,1943
51645,ok,1868
51646,unknown,
51649,ok,1879
51650,recent,
51651,recent,
51652,ok,1832
51653,unknown,
51654,unknown,
51655,ok,1933
51656,unknown,
51657,recent,
51658,unknown,
51659,ok,1921
51660,ok,1903
51661,ok,1860
51662,recent,
51663,recent,
51664,ok,1926
51665,ok,1876
51666,ok,1921
51667,unknown,
51668,recent,
51669,unknown,
51670,ok,1926
51671,unknown,
51672,unknown,
51674,unknown,
51675,unknown,
51676,unknown,
51677,ok,1932
51678,recent,
51679,unknown,
51680,ok,1927
51681,recent,
51682,unknown,
51683,unknown,
51685,recent,
51686,ok,1931
51687,recent,
51688,recent,
51692,unknown,
51693,recent,
51696,recent,
51697,ok,1931
51698,unknown,
51699,recent,
51700,ok,1954
51701,ok,1943
51702,ok,1931
51703,ok,1937
51704,unknown,
51707,unknown,
51708,unknown,
51709,ok,1885
51745,recent,
51710,recent,
51712,recent,
51713,recent,
51714,unknown,
51715,ok,1860
51716,ok,1953
51717,ok,1912
51718,ok,1900
51719,ok,1892
51720,ok,1937
51723,unknown,
51725,ok,1925
51726,recent,
51727,unknown,
51728,unknown,
51730,ok,1940
51731,ok,1916
51732,ok,1927
51733,ok,1934
51734,unknown,
51735,recent,
51736,unknown,
51737,ok,1870
51738,unknown,
51739,ok,1898
51740,unknown,
51741,recent,
51742,ok,1889
51743,ok,1955
51744,recent,
51746,recent,
51748,ok,1815
51749,unknown,
51750,ok,1917
51751,recent,
51752,recent,
51754,ok,1942
51755,unknown,
51756,ok,1852
51757,ok,1917
51758,recent,
51759,recent,
51760,ok,1923
51761,unknown,
51762,ok,1917
51764,unknown,
51765,ok,1924
51767,unknown,
51768,recent,
51769,ok,1915
51770,unknown,
51771,recent,
51772,unknown,
51773,unknown,
51774,recent,
51775,ok,1890
51776,unknown,
51777,ok,1933
51778,ok,1926
51779,ok,1922
51781,recent,
51782,recent,
51783,ok,1674
51784,unknown,
51785,unknown,
51786,unknown,
51787,ok,1859
51788,ok,1921
51789,ok,1897
51792,ok,1899
51793,ok,1933
51796,recent,
51797,ok,1937
51798,ok,1930
51799,recent,
51800,ok,1872
51801,recent,
51802,ok,1852
51803,unknown,
51804,recent,
51805,unknown,
51807,unknown,
51808,ok,1932
51809,recent,
51810,recent,
51811,unknown,
51813,ok,1869
51814,unknown,
51815,ok,1860
51816,ok,1897
51817,unknown,
51819,ok,1849
51820,unknown,
51821,ok,1826
51822,recent,
51823,unknown,
51824,unknown,
51826,ok,1942
51829,ok,1879
51830,unknown,
51831,ok,1933
51832,recent,
51833,recent,
51834,recent,
51836,unknown,
51837,ok,1932
51838,ok,1920
51839,ok,1955
51840,ok,1949
51841,unknown,
51842,recent,
51843,ok,1849
51844,recent,
51845,recent,
51847,ok,1929
51848,unknown,
51885,ok,1928
51886,ok,1913
51849,unknown,
51850,unknown,
51852,recent,
51854,recent,
51855,recent,
51856,unknown,
51859,ok,1879
51860,ok,1924
51861,ok,1907
51862,ok,1955
51863,ok,1919
51864,ok,1916
51865,ok,1928
51866,recent,
51867,recent,
51868,recent,
51873,ok,1874
51874,unknown,
51875,ok,1852
51876,unknown,
51877,ok,1926
51878,ok,1862
51879,ok,1862
51880,ok,1922
51881,ok,1892
51882,unknown,
51883,ok,1911
51887,unknown,
51888,unknown,
51889,ok,1920
51890,ok,1918
51893,ok,1934
51894,unknown,
51896,unknown,
51897,ok,1887
51898,ok,1860
51899,recent,
51900,ok,1943
51902,unknown,
51903,ok,1873
51904,ok,1923
51905,ok,1927
51907,recent,
51908,ok,1917
51909,ok,1914
51910,unknown,
51911,ok,1914
51912,ok,1914
51913,ok,1937
51914,ok,1914
51915,ok,1923
51916,ok,1936
51917,ok,1937
51918,ok,1919
51919,ok,1933
51920,ok,1937
51921,ok,1954
51922,ok,1931
51923,ok,1931
51924,ok,1927
51925,ok,1937
51926,recent,
51927,ok,1931
51928,ok,1954
51931,ok,1928
51932,ok,1893
51933,ok,1934
51935,unknown,
51936,ok,1931
51937,ok,1931
51938,ok,1931
51939,ok,1942
51940,ok,1931
51941,ok,1930
51942,recent,
51943,ok,1943
51944,ok,1931
51945,ok,1931
51946,ok,1931
51947,ok,1931
51948,ok,1936
51949,ok,1896
51950,ok,1931
51951,ok,1931
51952,ok,1931
51953,ok,1911
51954,ok,1923
51955,ok,1930
51956,ok,1930
51957,recent,
51958,ok,1930
51959,ok,1896
51960,ok,1908
51961,ok,1896
51962,ok,1896
51963,ok,1931
51964,ok,1931
51965,ok,1942
51966,ok,1943
51967,ok,1920
51968,ok,1920
51969,ok,1931
51970,ok,1943
51971,ok,1931
51972,ok,1931
51973,ok,1896
51974,ok,1936
51975,unknown,
51976,unknown,
51977,ok,1872
51978,ok,1826
51979,ok,1927
51980,ok,1905
51981,ok,1914
51982,ok,1951
51983,ok,1942
51984,recent,
51985,ok,1936
51986,ok,1905
51987,recent,
51988,ok,1931
51989,ok,1951
51990,ok,1915
51991,ok,1955
51992,recent,
51993,ok,1926
51994,unknown,
51995,ok,1864
51996,ok,1937
51997,recent,
51998,ok,1942
51999,ok,1903
52001,ok,1895
52002,ok,1887
52003,ok,1764
52006,ok,1803
52007,ok,1865
52008,unknown,
52009,recent,
52010,ok,1943
52011,ok,1867
52014,ok,1928
52017,ok,1899
52018,ok,1947
52019,recent,
52020,recent,
52022,ok,1895
52155,ok,1934
52023,unknown,
52024,ok,1924
52025,unknown,
52026,ok,1928
52027,ok,1875
52029,ok,1951
52030,ok,1951
52032,ok,1863
52033,unknown,
52034,ok,1894
52038,ok,1930
52039,ok,1894
52040,ok,1894
52041,unknown,
52042,unknown,
52043,unknown,
52044,recent,
52045,unknown,
52046,unknown,
52047,ok,1935
52049,ok,1915
52051,ok,1933
52052,unknown,
52053,unknown,
52055,ok,1947
52056,ok,1879
52057,unknown,
52058,ok,1927
52059,unknown,
52060,ok,1897
52061,ok,1924
52065,ok,1939
52066,ok,1922
52068,ok,1943
52069,ok,1904
52070,ok,1946
52071,unknown,
52072,ok,1844
52073,ok,1899
52074,recent,
52077,ok,1842
52078,ok,1887
52079,unknown,
52081,unknown,
52082,ok,1927
52084,ok,1942
52085,ok,1915
52086,ok,1780
52087,ok,1922
52088,ok,1955
52089,ok,1938
52090,recent,
52091,recent,
52094,ok,1951
52095,recent,
52096,ok,1909
52097,ok,1899
52098,unknown,
52100,unknown,
52101,ok,1940
52102,ok,1917
52103,ok,1885
52104,unknown,
52105,ok,1920
52106,ok,1939
52107,unknown,
52110,ok,1927
52112,ok,1916
52113,ok,1898
52114,ok,1908
52115,ok,1928
52116,ok,1925
52119,ok,1871
52120,unknown,
52121,ok,1910
52122,ok,1903
52123,ok,1916
52124,unknown,
52125,unknown,
52126,ok,1891
52127,ok,1949
52128,ok,1925
52130,unknown,
52131,ok,1929
52132,ok,1917
52133,recent,
52134,ok,1937
52135,ok,1908
52136,ok,1908
52137,ok,1908
52138,unknown,
52139,ok,1950
52140,ok,1944
52141,recent,
52142,ok,1951
52143,unknown,
52145,recent,
52146,unknown,
52147,ok,1580
52148,ok,1911
52149,ok,1894
52150,unknown,
52151,ok,1894
52153,unknown,
52154,ok,1936
52156,ok,1908
52157,unknown,
52160,ok,1933
52161,unknown,
52162,unknown,
52163,ok,1890
52164,unknown,
52165,ok,1905
52166,unknown,
52167,recent,
52168,unknown,
52169,ok,1901
52172,recent,
52175,ok,1908
52176,ok,1919
52177,ok,1943
52178,ok,1932
52179,unknown,
52180,ok,1931
52181,ok,1826
52184,unknown,
52189,ok,1833
52190,unknown,
52192,ok,1892
52194,ok,1899
52232,ok,1888
52195,ok,1885
52196,ok,1885
52197,unknown,
52201,recent,
52202,ok,1927
52203,ok,1887
52204,ok,1887
52207,unknown,
52208,unknown,
52209,ok,1917
52210,ok,1917
52211,ok,1941
52212,ok,1900
52213,ok,1900
52214,ok,1901
52215,ok,1764
52216,ok,1927
52217,ok,1930
52223,ok,1900
52225,ok,1904
52226,ok,1918
52227,ok,1945
52228,recent,
52229,recent,
52230,unknown,
52231,unknown,
52233,ok,1917
52235,ok,1952
52236,ok,1945
52237,ok,1947
52239,recent,
52240,ok,1927
52242,ok,1938
52243,ok,1908
52244,unknown,
52245,ok,1941
52246,ok,1924
52247,ok,1931
52248,recent,
52249,ok,1865
52250,unknown,
52251,unknown,
52252,ok,1892
52254,recent,
52255,recent,
52256,unknown,
52257,recent,
52258,ok,1888
52260,ok,1873
52261,ok,1881
52263,recent,
52264,ok,1924
52265,ok,1863
52268,ok,1952
52272,unknown,
52273,ok,1894
52274,ok,1894
52282,ok,1852
52285,ok,1895
52286,ok,1922
52287,ok,1915
52288,ok,1918
52289,ok,1918
52290,ok,1900
52292,ok,1913
52293,ok,1919
52296,ok,1900
52297,ok,1912
52298,ok,1921
52300,ok,1906
52301,ok,1931
52302,ok,1937
52303,ok,1905
52304,ok,1928
52307,ok,1885
52308,recent,
52309,ok,1938
52310,ok,1945
52311,recent,
52312,ok,1926
52355,ok,1948
52314,ok,1923
52317,ok,1938
52318,unknown,
52319,unknown,
52320,ok,1877
52321,unknown,
52324,ok,1927
52325,unknown,
52326,recent,
52328,ok,1918
52329,ok,1929
52331,ok,1932
52332,ok,1932
52333,recent,
52338,ok,1921
52339,ok,1920
52340,recent,
52342,ok,1931
52343,ok,1931
52344,ok,1895
52345,ok,1937
52346,ok,1928
52347,ok,1893
52348,ok,1890
52351,ok,1897
52354,unknown,
52356,unknown,
52357,ok,1907
52358,ok,1940
52361,ok,1859
52362,ok,1892
52363,ok,1912
52364,ok,1954
52365,unknown,
52366,recent,
52367,recent,
52371,unknown,
52375,ok,1836
52376,ok,1913
52378,unknown,
52379,ok,1924
52380,ok,1915
52382,unknown,
52385,unknown,
52386,ok,1930
52387,ok,1919
52388,ok,1897
52389,ok,1891
52390,unknown,
52391,ok,1933
52393,ok,1919
52394,unknown,
52395,ok,1896
52396,unknown,
52397,unknown,
52398,recent,
52399,ok,1904
52400,ok,1860
52402,ok,1955
52404,ok,1933
52405,unknown,
52406,ok,1892
52407,ok,1925
52408,unknown,
52410,ok,1938
52411,unknown,
52412,ok,1903
52413,ok,1866
52414,ok,1955
52416,unknown,
52417,ok,1939
52420,ok,1894
52421,ok,1894
52422,unknown,
52423,unknown,
52424,ok,1929
52425,ok,1938
52426,ok,1863
52428,ok,1852
52429,ok,1954
52430,ok,1894
52431,ok,1875
52434,unknown,
52435,ok,1937
52436,ok,1946
52437,recent,
52438,unknown,
52439,ok,1756
52440,ok,1894
52441,ok,1873
52442,ok,1838
52443,ok,1858
52444,ok,1903
52447,ok,1937
52448,ok,1940
52449,ok,1918
52450,recent,
52451,recent,
52452,recent,
52453,ok,1941
52454,ok,1950
52455,recent,
52456,ok,1943
52457,ok,1950
52458,ok,1918
52459,ok,1901
52460,ok,1918
52461,ok,1918
52462,unknown,
52464,ok,1917
52465,ok,1894
52466,ok,1880
52468,recent,
52472,ok,1922
52473,ok,1900
52480,ok,1921
52481,ok,1948
52482,unknown,
52485,ok,1920
52487,ok,1794
52488,ok,1794
52489,ok,1794
52491,ok,1929
52493,unknown,
52494,ok,1686
52495,ok,1926
52498,ok,1925
52500,ok,1951
52501,ok,1946
52505,ok,1908
52506,ok,1941
52507,ok,1936
52509,ok,1950
52510,ok,1952
52623,unknown,
52511,ok,1925
52512,ok,1890
52513,ok,1889
52514,ok,1951
52515,recent,
52516,recent,
52518,ok,1758
52520,ok,1900
52521,recent,
52522,ok,1941
52523,ok,1921
52524,unknown,
52528,ok,1914
52531,recent,
52532,unknown,
52533,ok,1920
52534,ok,1952
52535,unknown,
52538,recent,
52539,ok,1939
52540,ok,1920
52541,ok,1839
52545,ok,1912
52546,ok,1947
52548,ok,1917
52550,ok,1933
52551,ok,1841
52552,unknown,
52553,unknown,
52555,ok,1924
52557,unknown,
52558,ok,1954
52559,ok,1921
52560,ok,1911
52561,ok,1921
52562,ok,1921
52563,ok,1933
52564,ok,1890
52565,ok,1915
52566,ok,1866
52567,ok,1924
52568,ok,1924
52569,ok,1907
52570,ok,1942
52571,recent,
52572,ok,1915
52573,ok,1901
52574,recent,
52575,ok,1897
52576,ok,1925
52578,unknown,
52579,ok,1943
52580,ok,1927
52581,ok,1919
52582,ok,1884
52583,ok,1928
52584,ok,1937
52585,ok,1939
52586,ok,1917
52587,ok,1916
52588,ok,1914
52694,ok,1948
52589,ok,1914
52590,ok,1923
52591,recent,
52592,ok,1892
52594,ok,1945
52596,ok,1933
52598,unknown,
52599,ok,1938
52600,ok,1932
52601,ok,1942
52603,ok,1731
52604,unknown,
52606,ok,1908
52607,ok,1816
52608,ok,1947
52609,unknown,
52610,ok,1931
52611,ok,1855
52612,unknown,
52613,unknown,
52614,ok,1949
52615,ok,1897
52616,ok,1899
52617,ok,1625
52618,ok,1625
52619,unknown,
52620,ok,1912
52621,ok,1876
52622,ok,1955
52624,ok,1950
52625,ok,1914
52626,ok,1931
52627,unknown,
52629,ok,1931
52630,unknown,
52631,ok,1857
52632,recent,
52634,unknown,
52635,ok,1938
52636,ok,1939
52637,ok,1917
52638,unknown,
52639,ok,1642
52640,unknown,
52641,unknown,
52642,ok,1946
52644,ok,1921
52645,unknown,
52646,ok,1894
52647,ok,1935
52648,ok,1928
52649,ok,1917
52650,recent,
52651,unknown,
52652,ok,1928
52653,ok,1910
52654,ok,1877
52655,ok,1909
52656,unknown,
52657,ok,1703
52660,ok,1938
52661,unknown,
52662,ok,1942
52663,unknown,
52664,recent,
52665,ok,1890
52666,unknown,
52667,ok,1705
52668,ok,1952
52669,ok,1944
52670,ok,1933
52674,ok,1943
52679,ok,1955
52680,ok,1917
52681,ok,1939
52683,unknown,
52684,ok,1948
52685,ok,1876
52686,recent,
52695,ok,1882
52696,ok,1925
52697,unknown,
52699,ok,1951
52700,ok,1951
52701,ok,1905
52702,ok,1905
52703,ok,1905
52704,ok,1905
52706,ok,1916
52707,ok,1850
52708,ok,1920
52709,ok,1899
52712,ok,1894
52713,ok,1918
52714,ok,1894
52715,ok,1950
52716,ok,1951
52717,ok,1872
52719,unknown,
52720,ok,1954
52722,ok,1798
52723,unknown,
52724,ok,1934
52728,unknown,
52729,ok,1955
52730,ok,1904
52731,ok,1920
52733,ok,1917
52734,ok,1917
52738,unknown,
52739,ok,1833
52740,unknown,
52741,unknown,
52742,ok,1894
52743,ok,1894
52745,unknown,
52746,unknown,
52747,ok,1894
52748,ok,1894
52749,ok,1949
52750,ok,1894
52753,ok,1893
52754,unknown,
52755,ok,1922
52756,ok,1897
52757,ok,1894
52759,ok,1875
52760,unknown,
52761,recent,
52762,unknown,
52763,ok,1912
52764,ok,1899
52766,ok,1939
52767,ok,1894
52768,unknown,
52769,unknown,
52770,ok,1894
52773,unknown,
52775,ok,1916
52776,recent,
52777,ok,1928
52778,ok,1916
52779,ok,1888
52781,ok,1917
52782,ok,1908
52783,ok,1947
52784,unknown,
52786,ok,1950
52787,ok,1947
52788,ok,1924
52790,ok,1851
52791,unknown,
52793,ok,1865
52794,unknown,
52796,ok,1907
52797,ok,1915
52798,unknown,
52799,ok,1932
52800,unknown,
52801,ok,1903
52802,ok,1934
52803,ok,1904
52804,ok,1942
52805,recent,
52806,unknown,
52809,unknown,
78201,recent,
52810,ok,1917
52811,unknown,
52812,ok,1916
52813,ok,1942
52814,ok,1952
52815,unknown,
52816,ok,1936
52817,ok,1924
52818,unknown,
52819,ok,1933
52820,ok,1898
52821,ok,1919
52822,ok,1686
52823,recent,
52824,ok,1929
52825,ok,1936
52826,ok,1943
52827,unknown,
52828,ok,1922
52829,ok,1942
52830,ok,1942
52831,ok,1850
52832,ok,1917
52833,unknown,
52834,ok,1935
52835,unknown,
52979,ok,1917
52836,ok,1916
52838,recent,
52839,unknown,
52840,recent,
52841,ok,1950
52842,ok,1933
52843,ok,1902
52844,recent,
52845,recent,
52846,ok,1910
52848,recent,
52849,unknown,
52850,unknown,
52851,recent,
52853,ok,1903
52854,ok,1953
52855,recent,
52858,unknown,
52859,unknown,
52860,unknown,
52862,ok,1826
52863,ok,1898
52864,ok,1898
52865,unknown,
52866,unknown,
52867,ok,1946
52868,ok,1925
52869,ok,1872
52872,unknown,
52873,ok,1924
52874,unknown,
52875,unknown,
52877,ok,1910
52878,ok,1858
52880,ok,1857
52881,unknown,
52882,ok,1911
52885,ok,1877
52886,recent,
52887,unknown,
52888,recent,
52889,ok,1816
52891,unknown,
52893,ok,1880
52896,ok,1915
52897,ok,1944
52898,ok,1947
52899,ok,1914
52900,ok,1888
52902,unknown,
52903,ok,1934
52904,recent,
52905,recent,
52906,ok,1886
52907,ok,1924
52908,ok,1927
52909,unknown,
52910,ok,1930
52911,ok,1816
52913,ok,1942
52914,recent,
52915,recent,
52917,ok,1893
52919,ok,1906
52920,ok,1939
52921,ok,1867
52923,ok,1876
52924,ok,1890
52925,unknown,
52927,ok,-651
52928,ok,1924
52929,ok,1893
52930,unknown,
52931,unknown,
52932,ok,1941
52933,ok,1925
52934,unknown,
52935,ok,1902
52937,ok,1908
52938,unknown,
52939,ok,1835
52980,ok,1908
52940,ok,1835
52941,unknown,
52942,ok,1910
52944,ok,1923
52945,unknown,
52946,ok,1950
52947,ok,1760
52949,ok,1939
52950,ok,1892
52951,unknown,
52956,ok,1917
52957,ok,1917
52958,ok,1932
52959,ok,1915
52962,recent,
52963,ok,1935
52964,ok,1942
52965,ok,1887
52967,unknown,
52968,ok,1933
52969,unknown,
52970,ok,1917
52971,unknown,
52972,ok,1885
52973,ok,1906
52974,ok,1947
52976,ok,1927
52977,unknown,
52978,ok,1897
52983,unknown,
52984,ok,1944
52987,ok,1855
52988,ok,1913
52990,ok,1953
52991,ok,1926
52992,ok,1903
52993,ok,1738
52995,recent,
52996,recent,
52997,unknown,
52998,ok,1808
53000,ok,1893
53001,ok,1950
53002,ok,1925
53004,ok,1898
53005,ok,1951
53006,ok,1921
53007,ok,1834
53009,ok,1948
53010,ok,1890
53011,ok,1902
53012,ok,1808
53014,ok,1927
53015,recent,
53016,recent,
53018,recent,
53019,ok,1900
53020,ok,1907
53021,ok,1950
53022,unknown,
53023,unknown,
53024,ok,1925
53026,ok,1918
53027,ok,1776
53028,ok,1947
53030,ok,1932
53031,ok,1921
53032,ok,1952
53033,unknown,
53034,recent,
53035,recent,
53036,ok,1922
53038,ok,1943
53039,ok,1910
53040,ok,1940
53041,ok,1886
53042,recent,
53043,unknown,
53044,ok,1903
53045,recent,
53046,recent,
53048,unknown,
53049,ok,1927
53052,ok,1942
53053,ok,1929
53057,unknown,
53058,unknown,
53059,recent,
53062,ok,1903
53063,recent,
53064,unknown,
53065,unknown,
53067,unknown,
53070,ok,1895
53071,ok,1899
53072,ok,1900
53073,ok,1927
53074,unknown,
53075,ok,1955
53078,unknown,
53079,ok,1917
53080,ok,1955
53081,unknown,
53082,ok,1892
53083,ok,1555
53084,ok,1907
53085,ok,1903
53086,recent,
53087,ok,1920
53088,ok,1914
53089,recent,
53092,ok,1908
53093,unknown,
53094,unknown,
53095,ok,1899
53096,ok,1903
53097,ok,1924
53098,unknown,
53099,recent,
53102,recent,
53103,ok,-565
53104,unknown,
53105,ok,1931
53106,ok,1942
53108,ok,1941
53109,ok,1936
53111,ok,1943
53112,ok,1943
53113,ok,1928
53115,ok,1942
53116,ok,1944
53117,recent,
53118,recent,
53120,ok,1914
53121,ok,1926
53122,ok,1936
53123,unknown,
53124,ok,1870
53125,ok,1870
53126,unknown,
53127,unknown,
53128,ok,1899
53130,ok,1899
53132,recent,
53161,ok,1785
53133,ok,1921
53134,unknown,
53135,unknown,
53136,ok,1940
53138,ok,1913
53139,ok,1928
53140,unknown,
53141,ok,1937
53142,unknown,
53143,ok,1908
53144,ok,1929
53145,unknown,
53147,ok,1892
53148,ok,1890
53149,ok,1954
53151,ok,1930
53152,ok,1949
53153,unknown,
53154,ok,1943
53155,ok,1945
53156,ok,1934
53157,recent,
53158,ok,1895
53159,ok,1929
53162,ok,1916
53163,ok,1906
53164,ok,1914
53165,ok,1936
53166,ok,1942
53168,ok,1931
53169,ok,1898
53170,ok,1937
53172,ok,1920
53174,ok,1891
53175,ok,1949
53176,ok,1935
53177,ok,1913
53178,unknown,
53179,ok,1951
53182,ok,1897
53183,ok,1714
53186,ok,1894
53187,unknown,
53188,unknown,
53189,unknown,
53190,ok,1919
53191,unknown,
53192,ok,1909
53193,ok,1912
53194,ok,1931
53196,ok,1919
53197,recent,
53198,unknown,
53199,unknown,
53200,recent,
53202,ok,1754
53203,unknown,
53204,ok,1944
53205,ok,1865
53206,recent,
53210,ok,1932
53212,unknown,
53213,ok,1931
53214,unknown,
53216,unknown,
53219,ok,1911
53220,unknown,
53222,unknown,
53224,ok,1903
53225,ok,1912
53226,ok,1951
53227,unknown,
53228,unknown,
53230,ok,1893
53231,unknown,
53235,unknown,
53236,recent,
53240,recent,
53241,ok,1896
53242,unknown,
53243,ok,1896
53244,ok,1888
53245,unknown,
53247,ok,1893
53248,recent,
53249,ok,1933
53250,ok,1932
53251,ok,1937
53252,recent,
53254,ok,1890
53255,unknown,
53256,unknown,
53259,ok,1886
53260,recent,
53261,recent,
53262,ok,1925
53263,ok,1903
53264,ok,1946
53267,ok,1884
53268,recent,
53269,recent,
53270,ok,1944
53271,unknown,
53273,ok,1908
53275,ok,1842
53276,ok,1842
53311,ok,1868
53312,ok,1930
53277,ok,1842
53278,ok,1931
53279,unknown,
53280,ok,1954
53281,ok,1935
53284,ok,1919
53285,ok,1872
53286,unknown,
53288,ok,1955
53289,ok,1933
53290,unknown,
53295,ok,1915
53296,ok,1903
53297,unknown,
53298,unknown,
53299,unknown,
53300,ok,1889
53302,unknown,
53304,ok,1917
53305,ok,1925
53306,ok,1906
53307,unknown,
53308,ok,1865
53309,ok,1875
53310,ok,1875
53314,ok,1881
53316,ok,1864
53317,unknown,
53318,unknown,
53319,unknown,
53320,unknown,
53321,ok,1919
53323,ok,1825
53324,unknown,
53325,unknown,
53327,recent,
53331,ok,1856
53333,recent,
53334,ok,1953
53335,ok,1921
53336,ok,1916
53337,unknown,
53338,unknown,
53339,recent,
53340,unknown,
53341,ok,1945
53345,ok,1899
53346,ok,1879
53347,ok,1907
53348,ok,1949
53349,ok,1928
53351,unknown,
53352,unknown,
53353,ok,1844
53354,unknown,
53356,ok,1902
53357,ok,1911
53358,ok,1915
53360,ok,1881
53361,ok,1931
53362,ok,1915
53363,unknown,
53366,ok,1947
53368,unknown,
53369,recent,
53370,ok,1934
53371,unknown,
53372,ok,1934
53373,ok,1918
53374,ok,1905
53375,ok,1948
53376,unknown,
53377,unknown,
53378,unknown,
53380,ok,1924
53382,ok,1899
53383,ok,1944
53384,ok,1940
53385,ok,1930
53386,ok,1919
53387,recent,
53388,unknown,
53389,unknown,
53390,unknown,
53391,ok,1903
53394,ok,1936
53395,ok,1903
53396,ok,1932
53398,unknown,
53399,ok,1872
53400,ok,1817
53401,ok,1893
53402,recent,
53403,unknown,
53404,ok,1910
53406,recent,
53407,ok,1930
53408,unknown,
53409,ok,1879
53411,ok,1924
53412,ok,1875
53414,ok,1930
53415,ok,1935
53416,ok,1920
53417,unknown,
53418,unknown,
53419,ok,1932
53420,ok,1915
53422,ok,1918
53423,ok,1920
53424,ok,1833
53425,unknown,
53426,recent,
53427,unknown,
53430,recent,
53431,ok,1940
53432,recent,
53433,ok,1944
53434,unknown,
53435,ok,1900
53439,ok,1905
53440,ok,1931
53443,ok,1893
53445,ok,1947
53446,ok,1926
53447,unknown,
53448,recent,
53449,ok,1952
53450,unknown,
53452,unknown,
53453,ok,1939
53455,ok,1836
53456,recent,
53458,ok,1892
53460,recent,
53464,ok,1930
53465,ok,1931
53466,unknown,
53467,recent,
53468,ok,1933
53472,unknown,
53473,ok,1918
53474,recent,
53475,ok,1944
53477,ok,1924
53478,ok,1931
53479,ok,1915
53480,recent,
53481,recent,
53482,unknown,
53486,ok,1909
53487,ok,1925
53488,unknown,
53489,unknown,
53490,unknown,
53491,ok,1926
53494,ok,1927
53495,ok,1937
53496,unknown,
53497,unknown,
53498,ok,1860
53499,unknown,
53500,recent,
53501,unknown,
53538,recent,
53502,ok,1917
53503,ok,1917
53506,ok,1920
53507,ok,1936
53508,ok,1953
53509,ok,1903
53510,ok,1833
53513,unknown,
53515,unknown,
53516,ok,1946
53518,ok,1944
53519,ok,1893
53520,ok,1953
53521,ok,1900
53522,ok,1948
53523,ok,1915
53524,ok,1938
53525,ok,1935
53526,ok,1901
53527,ok,1862
53530,recent,
53531,ok,1935
53532,ok,1923
53533,unknown,
53534,unknown,
53535,unknown,
53536,ok,1911
53537,ok,1927
53539,unknown,
53540,ok,1622
53541,recent,
53542,ok,1882
53544,ok,1915
53545,ok,1908
53547,unknown,
53548,unknown,
53549,ok,1952
53551,ok,1923
53557,ok,1950
53558,ok,1903
53559,ok,1910
53560,ok,1907
53561,ok,1942
53562,ok,1877
53563,ok,1951
53564,ok,1921
53565,unknown,
53566,ok,1919
53567,ok,1924
53568,ok,1913
53571,unknown,
53572,unknown,
53573,recent,
53574,ok,1911
53576,ok,1931
53577,unknown,
53645,ok,1897
53578,ok,1886
53579,ok,1945
53580,unknown,
53581,ok,1893
53582,recent,
53583,ok,1897
53595,ok,1793
53597,ok,1856
53598,ok,1903
53599,recent,
53600,ok,1897
53601,recent,
53602,unknown,
53603,ok,1858
53604,ok,1948
53606,ok,1894
53607,unknown,
53608,ok,1927
53609,ok,1883
53610,ok,1943
53611,ok,1947
53613,unknown,
53616,ok,1933
53617,ok,1893
53618,unknown,
53619,ok,1915
53620,recent,
53754,ok,1930
53621,recent,
53622,ok,1939
53623,ok,1902
53624,ok,1909
53625,ok,1836
53626,ok,1836
53627,unknown,
53629,ok,1921
53630,ok,1921
53631,recent,
53634,ok,1921
53635,ok,1945
53636,unknown,
53637,ok,1931
53638,ok,1939
53639,ok,1955
53640,unknown,
53641,ok,1935
53642,recent,
53643,ok,1825
53644,ok,1897
53646,recent,
53647,recent,
53648,ok,1893
53649,ok,1921
53650,ok,1938
53651,ok,1919
53652,unknown,
53653,unknown,
53654,unknown,
53655,unknown,
53656,unknown,
53663,ok,1952
53666,ok,1915
53667,recent,
53668,ok,1902
53669,unknown,
53670,unknown,
53671,ok,1893
53672,ok,1923
53673,ok,1953
53674,ok,1929
53675,ok,1947
53676,ok,1924
53678,ok,1874
53679,ok,1674
53680,ok,1955
53755,unknown,
53681,ok,1921
53682,recent,
53683,recent,
53684,ok,1931
53685,ok,1824
53686,ok,1824
53687,ok,1824
53688,ok,1824
53690,ok,1913
53691,ok,1915
53692,ok,1919
53694,ok,1913
53695,ok,1950
53696,ok,1935
53697,ok,1947
53698,ok,1901
53699,unknown,
53700,ok,1902
53701,ok,1949
53702,ok,1850
53704,unknown,
53705,ok,1941
53707,ok,1836
53708,unknown,
53709,unknown,
53710,ok,1892
53711,ok,1940
53712,unknown,
53716,ok,1929
53717,ok,1902
53719,ok,1942
53720,recent,
53722,ok,1892
53723,recent,
53724,ok,1903
53725,unknown,
53726,ok,1930
53727,ok,1935
53728,unknown,
53729,ok,1929
53730,recent,
53732,unknown,
53733,ok,1943
53734,unknown,
53735,ok,1919
53736,ok,1936
53737,unknown,
53738,ok,1901
53739,ok,1878
53740,ok,1923
53744,ok,1897
53746,unknown,
53747,ok,1855
53748,ok,1872
53749,ok,1948
53750,unknown,
53751,ok,1929
53753,unknown,
53756,ok,1952
53758,ok,1891
53761,unknown,
53762,unknown,
53763,ok,1929
53764,ok,1836
53765,recent,
53766,unknown,
53767,ok,1858
53769,ok,1930
53770,recent,
53771,unknown,
53772,unknown,
53774,ok,1953
53775,unknown,
53776,unknown,
53777,ok,1882
53778,ok,1872
53779,ok,1948
53784,ok,1915
53785,unknown,
53786,recent,
53787,ok,1915
53788,ok,1955
53791,ok,1776
53820,ok,1928
53792,ok,1776
53793,ok,1949
53794,ok,1911
53795,ok,1860
53796,unknown,
53797,unknown,
53799,ok,1923
53800,ok,1895
53802,ok,1918
53803,unknown,
53804,recent,
53805,ok,1940
53806,ok,1923
53808,ok,1882
53809,ok,1902
53810,unknown,
53811,unknown,
53812,ok,1911
53813,unknown,
53814,ok,1937
53815,recent,
53816,ok,1868
53817,ok,1936
53818,recent,
53819,ok,1941
53821,ok,1899
53822,unknown,
53824,ok,1934
53826,unknown,
53827,unknown,
53828,unknown,
53829,ok,1931
53830,unknown,
53831,unknown,
53832,recent,
53833,recent,
53834,unknown,
53835,ok,1930
53836,ok,1938
53838,ok,1945
53839,ok,1905
53841,ok,1924
53843,ok,1935
53844,ok,1919
53847,ok,1895
53848,unknown,
53849,ok,1945
53850,ok,1933
53851,ok,1932
53852,ok,1879
53854,ok,1942
53855,ok,1849
53858,ok,1905
53859,ok,1902
53860,unknown,
53861,recent,
53862,ok,1917
53863,ok,1916
53864,recent,
53865,unknown,
53866,unknown,
53868,ok,1899
53869,ok,1904
53870,unknown,
53873,ok,1922
53874,ok,1887
53875,unknown,
53876,ok,1926
53877,unknown,
53879,unknown,
53880,ok,1852
53881,ok,1945
53882,ok,1951
53884,ok,1862
53885,ok,1927
53887,recent,
53888,unknown,
53889,unknown,
53890,ok,1898
53891,recent,
53892,ok,1909
53893,ok,1955
53894,ok,1878
53895,unknown,
53896,unknown,
53897,ok,1938
53898,ok,1914
53899,ok,1920
53900,ok,1865
53901,ok,1893
53902,unknown,
53903,unknown,
53904,ok,1886
53905,ok,1941
53907,unknown,
53908,unknown,
53909,ok,1927
53910,ok,1952
53911,unknown,
53915,ok,1933
53916,ok,1918
53917,ok,1933
53918,unknown,
53919,ok,1920
53920,ok,1926
53924,ok,1904
53928,unknown,
53929,ok,1927
53931,unknown,
53932,ok,1939
53934,unknown,
53935,unknown,
53936,ok,1899
53937,ok,1875
53938,ok,1899
53939,ok,1895
53940,ok,1895
53941,ok,1909
53942,ok,1895
53943,unknown,
53945,ok,1924
53948,unknown,
53949,unknown,
53950,ok,1840
53951,unknown,
53952,ok,1896
53953,unknown,
53954,ok,1915
53955,unknown,
53957,unknown,
53958,recent,
53959,ok,1947
53960,unknown,
53961,ok,1949
53963,unknown,
53964,ok,1904
53965,ok,1919
53966,unknown,
53967,ok,1842
53968,ok,1842
53969,ok,1842
53970,ok,1842
53974,unknown,
53975,ok,1935
53976,ok,1941
53979,unknown,
53980,unknown,
53981,unknown,
53982,unknown,
53983,unknown,
53985,ok,1938
53986,ok,1944
53987,ok,1931
53988,ok,1927
53989,ok,1927
53990,ok,1914
53991,unknown,
53992,ok,1914
53993,ok,1930
53994,ok,1930
53995,ok,1930
53996,ok,1930
53997,ok,1936
54001,ok,1705
54002,ok,1935
54003,ok,1912
54004,ok,1891
54005,unknown,
54006,ok,1899
54007,recent,
54008,unknown,
54009,unknown,
54010,ok,1877
54011,ok,1877
54012,ok,1877
54014,ok,1913
54016,ok,1899
54017,ok,1894
54018,ok,1938
54019,ok,1895
54020,ok,1934
54021,unknown,
54022,unknown,
54023,ok,1925
54024,unknown,
54025,ok,1953
54026,unknown,
54051,ok,1954
54027,ok,1874
54028,ok,1948
54029,ok,1865
54030,unknown,
54031,unknown,
54032,unknown,
54033,unknown,
54034,unknown,
54035,unknown,
54036,recent,
54037,unknown,
54038,ok,1934
54039,unknown,
54040,unknown,
54041,ok,1939
54042,unknown,
54043,ok,1858
54045,unknown,
54046,ok,1901
54047,unknown,
54048,ok,1908
54049,ok,1915
54050,ok,1892
54053,ok,1897
54054,ok,1865
54055,ok,1861
54056,ok,1913
54057,ok,1954
54058,ok,1930
54059,ok,1897
54060,ok,1911
54061,ok,1921
54062,unknown,
54063,ok,1890
54065,ok,1928
54066,ok,1877
54067,ok,1915
54068,ok,1916
54069,unknown,
54072,ok,1840
54073,ok,1939
54074,ok,1951
54075,unknown,
54076,ok,1903
54077,unknown,
54078,ok,1930
54079,ok,1902
54080,unknown,
54082,ok,1934
54083,ok,1937
54084,unknown,
54086,recent,
54087,unknown,
54088,ok,1861
54089,ok,1932
54090,ok,1887
54091,ok,1902
54092,unknown,
54093,ok,1948
54094,ok,1948
54096,ok,1906
54097,ok,1928
54098,ok,1928
54099,ok,1928
54100,ok,1903
54101,ok,1928
54102,ok,1936
54103,ok,1936
54104,ok,1919
54105,ok,1923
54106,ok,1897
54107,ok,1865
54108,ok,1897
54109,ok,1930
54111,ok,1942
54114,unknown,
54115,unknown,
54116,ok,1929
54117,unknown,
54119,unknown,
54121,ok,1920
54122,ok,1897
54124,ok,1951
54125,ok,1938
54128,unknown,
54129,unknown,
54130,ok,1943
54131,unknown,
54132,ok,1927
54133,ok,1927
54134,ok,1937
54135,ok,1896
54136,unknown,
54137,ok,1952
54138,ok,1909
54140,ok,1943
54141,recent,
54142,ok,1908
54143,ok,1908
54144,ok,1890
54145,ok,1896
54146,unknown,
54147,unknown,
54148,ok,1906
54149,ok,1891
54150,recent,
54151,ok,1910
54152,unknown,
54153,unknown,
54154,ok,1934
54155,unknown,
54156,unknown,
54159,unknown,
54160,ok,1942
54161,ok,1866
54162,ok,1915
54163,unknown,
54165,ok,1952
54166,recent,
54168,ok,1908
54169,ok,1929
54171,unknown,
54172,ok,1882
54173,unknown,
54176,ok,1944
54177,unknown,
54179,unknown,
54180,ok,1794
54181,ok,1794
54182,ok,1918
54183,ok,1936
54186,ok,1897
54187,ok,1895
54188,ok,1908
54189,ok,1942
54190,ok,1944
54191,ok,1897
54193,ok,1921
54194,ok,1923
54195,ok,1899
54196,ok,1946
54197,recent,
54198,recent,
54199,ok,1932
54202,ok,1840
54203,recent,
54208,ok,1886
54209,unknown,
54210,unknown,
54211,ok,1911
54212,ok,1888
54213,unknown,
54214,ok,1925
54215,ok,1918
54216,unknown,
54217,unknown,
54218,ok,1939
54219,ok,1920
54220,ok,1932
54221,unknown,
54222,unknown,
54223,ok,1926
54224,ok,1932
54225,unknown,
54226,ok,1878
54230,ok,1911
54231,ok,1913
54232,unknown,
54233,ok,1945
54234,unknown,
54235,ok,1879
54236,ok,1942
54238,unknown,
54239,ok,1937
54240,unknown,
54241,ok,1897
54243,ok,1894
54244,unknown,
54245,unknown,
54246,ok,1888
54247,ok,1915
54250,unknown,
54251,ok,1906
54252,unknown,
54253,recent,
54254,ok,1855
54320,recent,
54255,ok,1856
54256,ok,1939
54257,ok,1890
54258,unknown,
54259,ok,1923
54260,ok,1945
54261,ok,1902
54265,ok,1899
54266,ok,1860
54267,unknown,
54268,ok,1896
54269,ok,1895
54270,recent,
54271,ok,1939
54272,ok,1942
54273,recent,
54274,ok,1944
54275,recent,
54276,ok,1944
54277,ok,1932
54278,unknown,
54279,ok,1946
54280,unknown,
54281,unknown,
54284,ok,1911
54286,ok,1862
54321,ok,1953
54287,ok,1862
54288,ok,1862
54289,ok,1859
54290,unknown,
54291,ok,1924
54292,ok,1920
54293,unknown,
54294,ok,1899
54295,ok,1838
54296,unknown,
54297,unknown,
54298,recent,
54299,unknown,
54300,ok,1913
54302,unknown,
54303,ok,1911
54304,ok,1924
54308,unknown,
54309,recent,
54310,ok,1924
54311,unknown,
54312,ok,1923
54313,recent,
54314,recent,
54315,ok,1944
54316,ok,1953
54317,recent,
54318,recent,
54319,recent,
54323,ok,1931
54324,recent,
54325,recent,
54326,unknown,
54327,recent,
54328,recent,
54329,ok,1859
54330,unknown,
54331,ok,1902
54332,ok,1807
54333,ok,1920
54334,recent,
54335,ok,1894
54336,ok,1944
54337,ok,1897
54338,ok,1944
54339,ok,1859
54340,unknown,
54344,recent,
54345,unknown,
54346,unknown,
54347,ok,1874
54348,recent,
54349,ok,1935
54350,ok,1899
54351,unknown,
54354,ok,1951
54355,recent,
54358,recent,
54360,unknown,
54361,ok,1832
54364,unknown,
54365,ok,1893
54366,ok,1915
54367,unknown,
54369,ok,1953
54370,ok,1939
54371,recent,
54372,unknown,
54373,ok,1903
54374,ok,1924
54375,ok,1924
54376,ok,1888
54377,unknown,
54378,ok,1931
54380,ok,1896
54381,ok,1925
54383,ok,1901
54384,unknown,
54387,ok,1889
54388,unknown,
54389,ok,1930
54392,ok,1928
54393,ok,1951
54394,unknown,
54396,unknown,
54397,ok,1931
78276,recent,
54399,unknown,
54400,ok,1942
54401,ok,1942
54402,ok,1942
54403,ok,1942
54404,ok,1924
54405,ok,1949
54406,ok,1931
54407,ok,1949
54409,ok,1935
54410,unknown,
54411,ok,1945
54413,unknown,
54414,ok,1882
54415,unknown,
54416,unknown,
54417,ok,1933
54418,ok,1933
54419,ok,1941
54420,ok,1857
54421,ok,1934
54424,ok,1882
54425,ok,1656
54426,ok,1937
54429,unknown,
54431,ok,1903
54432,ok,1903
54433,ok,1929
54437,ok,1951
54439,ok,1938
54441,ok,1937
54442,unknown,
54444,ok,1920
54445,recent,
54446,recent,
54448,unknown,
54451,unknown,
54452,ok,1911
54453,ok,1918
54454,ok,1927
54455,ok,1888
54456,unknown,
54459,ok,1927
54460,unknown,
54461,unknown,
54462,ok,1936
54463,ok,1924
54464,ok,1924
54465,ok,1924
54466,ok,1908
54467,recent,
54468,unknown,
54470,recent,
54473,ok,1951
54474,ok,1926
54475,unknown,
54507,recent,
54542,ok,1933
54476,ok,1934
54477,ok,1930
54478,unknown,
54479,ok,1951
54480,ok,1899
54482,unknown,
54483,ok,1951
54484,ok,1882
54485,unknown,
54486,unknown,
54487,unknown,
54488,ok,1891
54490,ok,1927
54491,ok,1896
54492,recent,
54493,ok,1919
54495,unknown,
54496,ok,1917
54497,unknown,
54498,ok,1729
54499,ok,1953
54500,ok,1818
54501,recent,
54502,ok,1896
54503,ok,1894
54504,ok,1933
54505,ok,1866
54506,ok,1934
54508,unknown,
54509,unknown,
54510,ok,1897
54513,unknown,
54514,ok,1808
54515,ok,1881
54518,unknown,
54519,ok,1821
54520,unknown,
54523,ok,1937
54524,ok,1808
54525,ok,1890
54526,unknown,
54527,ok,1940
54528,ok,1917
54529,ok,1919
54530,unknown,
54531,ok,1794
54532,ok,1876
54533,recent,
54534,unknown,
54535,unknown,
54536,recent,
54537,ok,1882
54538,ok,1933
54539,ok,1808
54540,ok,1919
54541,ok,1808
54544,ok,1942
54545,unknown,
54546,ok,1935
54547,recent,
54548,recent,
54549,unknown,
54550,recent,
54551,ok,1858
54552,ok,1930
54553,ok,1949
54554,ok,1910
54557,ok,1888
54558,ok,1942
54561,ok,1944
54562,unknown,
54563,unknown,
54564,ok,1935
54566,recent,
54568,ok,1942
54569,ok,1936
54570,ok,1937
54572,ok,1933
54575,ok,1927
54576,unknown,
54577,ok,1923
54578,ok,1896
54579,ok,1913
54580,ok,1931
54613,unknown,
54581,unknown,
54583,ok,1890
54584,unknown,
54585,unknown,
54587,unknown,
54589,unknown,
54590,ok,79
54591,ok,1914
54593,ok,1887
54594,ok,1887
54595,ok,1887
54596,ok,1926
54598,ok,1949
54599,recent,
54600,ok,1934
54601,ok,1900
54602,ok,1902
54604,ok,1900
54605,unknown,
54606,ok,1925
54607,ok,1865
54608,ok,1899
54609,unknown,
54610,ok,1909
54611,ok,1947
54612,ok,1903
54614,ok,1927
54615,recent,
54616,unknown,
54617,unknown,
54618,ok,1952
54619,unknown,
54620,ok,1886
54621,ok,1899
54622,ok,1904
54623,ok,1889
54624,unknown,
54625,unknown,
54626,recent,
54627,ok,1921
54628,unknown,
54629,ok,1939
54630,unknown,
54631,recent,
54632,unknown,
54633,ok,1833
54634,ok,1930
54635,ok,1912
54636,unknown,
54637,ok,1920
54638,unknown,
54639,ok,1837
54641,ok,1937
54642,ok,1952
54674,ok,1950
54643,ok,1900
54644,ok,1854
54645,ok,1870
54646,ok,1890
54647,ok,1919
54648,ok,1939
54649,unknown,
54650,ok,1931
54652,ok,1903
54653,ok,1894
54654,ok,1939
54657,unknown,
54658,unknown,
54659,ok,1915
54660,ok,1899
54661,unknown,
54662,unknown,
54663,unknown,
54664,unknown,
54665,ok,1903
54666,unknown,
54667,unknown,
54669,ok,1924
54672,ok,1784
54673,ok,1934
54675,unknown,
54676,ok,1938
54678,unknown,
54680,ok,1944
54682,ok,1902
54683,ok,1859
54684,unknown,
54685,ok,1923
54686,ok,1933
54687,ok,1902
54688,unknown,
54689,unknown,
54692,ok,1891
54693,ok,1942
54694,recent,
54695,ok,1940
54696,ok,1921
54697,unknown,
54698,ok,1927
54699,ok,1909
54700,ok,1942
54701,unknown,
54702,unknown,
54703,ok,1875
54704,ok,1952
54705,unknown,
54707,ok,1943
54708,ok,1846
54709,ok,1939
54710,ok,1936
54711,recent,
54712,unknown,
54713,ok,1850
54715,ok,1910
54716,ok,1909
54717,recent,
54718,ok,1915
54719,ok,1920
54720,ok,1880
54721,unknown,
54722,unknown,
54723,ok,1850
54724,unknown,
54725,ok,1886
54726,ok,1922
54729,ok,1932
54731,ok,1863
54732,unknown,
54733,unknown,
54734,ok,1934
54735,unknown,
54736,unknown,
54737,ok,1930
54780,unknown,
54781,unknown,
78362,ok,1890
54740,ok,1939
54741,ok,1915
54742,ok,1923
54743,ok,1921
54746,ok,1939
54747,ok,1944
54748,unknown,
54749,ok,1935
54751,ok,1860
54752,unknown,
54755,recent,
54757,ok,1895
54760,ok,1913
54761,ok,1940
54763,ok,1927
54764,ok,1898
54765,ok,1946
54766,ok,1946
54767,ok,1901
54771,ok,1905
54772,ok,1901
54773,ok,1895
54774,recent,
54775,ok,1908
54776,ok,1934
54778,ok,1890
54779,ok,1924
54888,unknown,
54782,ok,1930
54783,ok,1882
54788,ok,1921
54789,ok,1930
54790,ok,1940
54792,unknown,
54793,ok,1888
54794,ok,1955
54795,recent,
54796,unknown,
54797,ok,1913
54798,unknown,
54799,ok,1949
54800,ok,1879
54801,recent,
54803,ok,1884
54804,unknown,
54805,unknown,
54806,ok,1918
54807,ok,1921
54808,ok,1951
54809,recent,
54811,unknown,
54812,ok,1896
54813,ok,1935
54814,unknown,
54815,unknown,
54816,recent,
54818,ok,1918
54819,ok,1884
54820,ok,1834
54822,ok,1920
54823,ok,1890
54824,ok,1891
54825,unknown,
54826,unknown,
54827,unknown,
54830,ok,1936
54833,ok,1938
54834,ok,1918
54835,ok,1934
54836,recent,
54839,unknown,
54840,ok,1951
54841,ok,1897
54843,ok,1754
54845,ok,1945
54846,ok,1896
54847,ok,1897
54848,ok,1833
54850,unknown,
54851,ok,1946
54852,unknown,
54854,ok,1905
54855,ok,1901
55046,ok,1903
54856,ok,1901
54857,ok,1901
54858,recent,
54859,unknown,
54860,ok,1933
54862,ok,1925
54863,ok,1878
54864,ok,1836
54865,ok,1932
54866,ok,1930
54867,ok,1877
54868,unknown,
54869,ok,1942
54870,ok,1932
54871,recent,
54872,ok,1933
54874,ok,1932
54877,ok,1918
54878,unknown,
54879,ok,1921
54880,unknown,
54881,recent,
54882,ok,1897
54884,ok,1920
54885,unknown,
54886,ok,1870
54887,ok,1952
54889,ok,1926
54891,ok,1865
54892,ok,1918
54893,unknown,
54894,ok,1918
54895,recent,
54896,recent,
54897,ok,1871
54898,ok,1840
54899,unknown,
54900,ok,1898
54901,ok,1924
54902,ok,1914
54903,unknown,
54904,ok,1904
54905,unknown,
54907,ok,1920
54908,ok,1865
54909,ok,1944
54910,ok,1945
54911,ok,1780
54912,ok,1913
54913,recent,
54914,ok,1881
54915,ok,1913
54916,ok,1920
54917,unknown,
54918,ok,1887
54919,ok,1887
54920,ok,1887
54921,ok,1887
54922,ok,1941
54923,ok,1941
54924,unknown,
54925,ok,1731
54926,ok,1920
54928,ok,1871
54929,ok,1902
54930,ok,1930
54931,ok,1955
54932,ok,1937
54936,ok,1871
54937,ok,1897
54938,ok,1952
54939,ok,1865
54940,ok,1932
54941,ok,1932
54942,ok,1932
54943,ok,1943
54944,ok,1914
54945,ok,1897
54946,unknown,
54947,ok,1920
54948,unknown,
54950,ok,1912
54951,ok,1846
54952,ok,1907
54953,ok,1935
54954,ok,1915
54955,recent,
54957,ok,1951
54958,ok,1914
54959,ok,1951
54961,ok,1890
54962,unknown,
54963,unknown,
54964,recent,
54965,ok,1878
54966,unknown,
54967,unknown,
54968,ok,1906
54969,ok,1893
54970,recent,
54971,unknown,
54972,ok,1890
54973,unknown,
54974,ok,1857
54975,ok,1909
54976,ok,1907
55007,ok,1918
54977,ok,1929
54978,ok,1918
54979,ok,1932
54980,ok,1935
54981,unknown,
54982,ok,1925
54983,ok,1880
54984,ok,1731
54985,ok,1888
54986,ok,1898
54987,ok,1898
54988,ok,1898
54989,ok,1898
54990,recent,
54991,ok,1942
54992,ok,1897
54993,unknown,
54994,ok,1932
54995,recent,
54996,ok,1955
54997,ok,1909
54999,ok,1912
55000,ok,1899
55001,recent,
55002,unknown,
55003,unknown,
55004,ok,1918
55005,unknown,
55006,ok,1935
55045,unknown,
55008,unknown,
55009,unknown,
55010,unknown,
55011,ok,1914
55012,ok,1896
55015,ok,1918
55016,unknown,
55017,ok,1919
55018,unknown,
55019,ok,1865
55020,ok,1919
55021,ok,1930
55022,ok,1937
55023,ok,1909
55024,ok,1937
55025,ok,1915
55028,ok,1917
55031,ok,1930
55032,ok,1913
55034,ok,1910
55035,ok,1886
55036,ok,1865
55039,unknown,
55040,ok,1898
55041,unknown,
55042,ok,1888
55047,unknown,
55048,ok,1945
55049,ok,1928
55051,unknown,
55052,ok,1941
55053,unknown,
55054,ok,1913
55055,unknown,
55056,ok,1901
55057,unknown,
55059,ok,1916
55060,unknown,
55061,unknown,
55062,ok,1934
55063,ok,1835
55064,unknown,
55065,ok,1938
55066,unknown,
55067,recent,
55068,ok,1899
55069,unknown,
55070,ok,1921
55102,ok,1932
55071,ok,1875
55072,ok,1935
55073,ok,1931
55074,ok,1912
55075,ok,1858
55076,ok,1953
55077,ok,1942
55078,ok,1916
55079,recent,
55080,ok,1921
55081,unknown,
55082,unknown,
55084,unknown,
55086,ok,1913
55087,ok,1865
55088,unknown,
55089,ok,1944
55090,ok,1918
55091,ok,1890
55092,unknown,
55093,ok,1848
55094,unknown,
55095,unknown,
55096,ok,1899
55097,ok,1939
55098,ok,1899
55099,unknown,
55100,ok,1882
55101,ok,1932
55104,ok,1907
55105,ok,1940
55106,ok,1943
55107,unknown,
55108,ok,1897
55109,ok,1934
55110,recent,
55111,recent,
55112,unknown,
55113,ok,1931
55114,ok,1931
55115,ok,1931
55116,ok,1931
55118,ok,1914
55119,unknown,
55120,unknown,
55121,ok,1897
55122,ok,1897
55123,ok,1931
55124,ok,1921
55125,ok,1897
55126,ok,1944
55127,ok,1916
55128,ok,1904
55129,recent,
55131,ok,1869
55132,unknown,
55133,unknown,
55134,unknown,
55135,ok,1905
55136,ok,1923
55137,ok,1932
55140,ok,1897
55141,ok,1867
55142,ok,1899
55143,ok,1930
55144,unknown,
55145,ok,1896
55146,ok,1921
55147,ok,1882
55148,ok,1951
55149,unknown,
55150,unknown,
55151,ok,1912
55152,unknown,
55153,ok,1821
55154,unknown,
55155,ok,1897
55156,unknown,
55158,unknown,
55160,ok,1924
55161,recent,
55162,ok,1932
55164,ok,1951
55165,unknown,
55166,ok,1897
55167,ok,1893
55168,recent,
55169,ok,1937
55170,ok,1919
55172,unknown,
55173,ok,1947
55174,ok,1904
55175,ok,1867
55176,unknown,
55178,ok,1930
55179,ok,1887
55180,unknown,
55181,unknown,
55182,unknown,
55183,ok,1951
55185,ok,1943
55186,unknown,
55189,ok,1923
55190,ok,1906
55191,ok,1929
55192,ok,1929
55194,unknown,
55195,ok,1943
55196,unknown,
55199,ok,1631
55200,unknown,
55201,ok,1893
55202,unknown,
55207,unknown,
55208,unknown,
55212,ok,1882
55213,unknown,
55214,unknown,
55216,unknown,
55217,ok,1899
55218,unknown,
55219,unknown,
55220,ok,1906
55221,ok,1920
55222,ok,1923
55224,unknown,
55225,ok,1909
55226,ok,1906
55228,ok,1910
55230,ok,1894
55231,ok,1946
55232,unknown,
55233,ok,1794
55234,ok,1903
55235,ok,1914
55237,ok,1937
55238,ok,1922
55239,ok,1922
55240,ok,1922
55273,unknown,
55241,unknown,
55242,ok,1933
55243,recent,
55244,ok,1924
55246,recent,
55247,ok,1919
55249,unknown,
55250,unknown,
55251,unknown,
55253,unknown,
55254,unknown,
55255,ok,1933
55256,ok,1927
55257,ok,1915
55258,unknown,
55259,ok,1905
55260,ok,1931
55261,ok,1917
55262,ok,1910
55263,ok,1940
55264,ok,1948
55265,ok,1858
55266,unknown,
55268,unknown,
55269,ok,1644
55270,ok,1897
55272,ok,1952
55274,ok,1953
55275,ok,1920
55276,ok,1916
55277,unknown,
55278,ok,1931
55279,ok,1919
55280,unknown,
55281,unknown,
55282,ok,1922
55283,recent,
55284,recent,
55285,ok,1834
55286,recent,
55287,recent,
55288,recent,
55289,recent,
55290,recent,
55291,recent,
55292,recent,
55294,ok,1930
55295,ok,1865
55296,ok,1938
55297,unknown,
55298,ok,1939
55299,unknown,
55300,ok,1895
55303,ok,1929
55304,ok,1935
55305,ok,1932
55306,unknown,
55307,unknown,
55308,ok,1897
55309,ok,1932
55310,ok,1932
55311,ok,1932
55312,ok,1932
55313,ok,1932
55314,ok,1877
55315,unknown,
55316,unknown,
55317,ok,1944
55318,ok,1944
55319,recent,
55320,ok,1953
55323,ok,1951
55324,ok,1903
55325,ok,1901
55326,ok,1912
55327,ok,1912
55328,ok,1912
55329,ok,1912
55330,ok,1950
55331,unknown,
55332,recent,
55333,unknown,
55334,ok,1925
55335,ok,1953
55336,ok,1928
55337,ok,1901
55338,ok,1901
55339,ok,1898
55340,ok,1935
55341,ok,1935
55342,ok,1935
55343,ok,1946
55346,ok,1896
55347,unknown,
55348,ok,1932
55350,unknown,
55353,unknown,
55354,ok,1895
55357,unknown,
55358,unknown,
55359,unknown,
55360,ok,1935
55361,ok,1946
55362,unknown,
55363,unknown,
55364,recent,
55365,unknown,
55366,recent,
55367,ok,1897
55368,unknown,
55369,ok,1865
55372,unknown,
55373,ok,1910
55374,ok,1939
55375,ok,1908
55376,ok,1932
55377,ok,1951
55378,ok,1932
55379,unknown,
55380,unknown,
55381,ok,1912
55382,ok,1937
55383,unknown,
55384,unknown,
55385,unknown,
55386,unknown,
55387,ok,1896
55388,unknown,
55389,ok,1945
55390,ok,1910
55391,ok,1865
55392,ok,1902
55394,unknown,
55395,ok,1890
55396,unknown,
55397,ok,1954
55398,ok,1897
55399,ok,1918
55400,recent,
55402,ok,1915
55403,unknown,
55404,ok,1932
55405,ok,1918
55406,unknown,
55407,ok,1836
55408,unknown,
55409,ok,1885
55412,unknown,
55413,unknown,
55414,unknown,
55415,unknown,
55417,ok,1932
55418,unknown,
55420,ok,1932
55421,ok,1946
55423,ok,1946
55424,unknown,
55425,ok,1922
55426,unknown,
55427,recent,
55428,ok,1863
55429,ok,1911
55430,ok,1858
55431,ok,1924
55432,recent,
55433,unknown,
55434,recent,
55435,ok,1944
55437,ok,1865
55439,ok,1933
55442,recent,
55443,recent,
55444,unknown,
55445,ok,1925
55446,unknown,
55447,ok,1948
55450,unknown,
55451,unknown,
55452,ok,1926
55454,ok,1951
55455,recent,
55456,ok,1929
55457,ok,1932
55458,ok,1843
55459,ok,1843
55460,unknown,
55461,recent,
55463,ok,1945
55464,ok,1913
55465,ok,1920
55467,ok,1926
55468,recent,
55470,recent,
55471,ok,1914
56530,ok,1904
55472,recent,
55473,ok,1904
55474,ok,1944
55475,unknown,
55476,recent,
55478,ok,1906
55479,ok,1942
55482,recent,
55483,ok,1922
55484,ok,1935
55486,unknown,
55489,ok,1902
55490,ok,1902
55491,ok,1902
55492,ok,1940
55493,ok,1925
55494,ok,1928
55496,ok,1886
55497,ok,1943
55498,ok,1942
55499,ok,1902
55500,recent,
55501,ok,1938
55502,unknown,
55503,recent,
55504,unknown,
55505,unknown,
55506,unknown,
55507,ok,1886
55508,unknown,
55509,unknown,
55510,ok,1932
55511,ok,1932
55512,ok,1908
55513,recent,
55517,ok,1902
55518,unknown,
55519,ok,1916
55523,recent,
55525,recent,
55526,ok,1914
55527,ok,1887
55528,ok,1887
55529,ok,1887
55531,ok,1878
55532,ok,1902
55533,ok,1918
55534,ok,1913
55535,ok,1914
55536,ok,1865
55538,ok,1939
55539,ok,1932
55540,ok,1922
55541,unknown,
55546,ok,1942
55548,ok,1937
55549,ok,1910
55550,ok,1948
55551,unknown,
55553,recent,
55554,ok,1855
55555,ok,1949
55556,ok,1939
55557,ok,1897
55558,ok,1840
55560,ok,1953
55561,unknown,
55562,ok,1939
55564,recent,
55566,unknown,
55567,unknown,
55568,unknown,
55569,ok,1918
55570,unknown,
55571,ok,1932
55575,ok,1924
55576,unknown,
55577,ok,1936
55581,unknown,
55582,unknown,
55583,ok,1930
55584,unknown,
55585,unknown,
55586,ok,1946
55587,ok,1890
55589,ok,1871
55590,ok,1921
55591,ok,1949
55592,recent,
55593,ok,1916
55594,ok,1926
55595,unknown,
55596,ok,1886
55597,ok,1919
55598,ok,1899
55601,ok,1920
55602,unknown,
55603,unknown,
55604,unknown,
55605,unknown,
55606,ok,1932
55608,ok,1941
55609,ok,1951
55610,recent,
55611,unknown,
55612,unknown,
55613,unknown,
55614,ok,1892
55617,ok,1932
55618,ok,1891
55619,unknown,
55620,unknown,
55621,ok,1630
55622,unknown,
55623,ok,1925
55624,recent,
55625,ok,1893
55626,ok,1892
55627,recent,
55628,ok,1860
55629,ok,1865
55630,ok,1925
55631,ok,1925
55635,ok,1920
55636,ok,1936
55637,recent,
55638,ok,1918
55639,unknown,
55640,ok,1925
55642,ok,1932
56605,ok,1926
55643,ok,1938
55644,ok,1824
55645,unknown,
55646,unknown,
55648,ok,1882
55650,ok,1936
55651,ok,1945
55652,ok,1915
55654,recent,
55658,ok,1949
55659,ok,1795
55660,ok,1925
55663,ok,1910
55665,ok,1882
55666,recent,
55668,ok,1882
55669,unknown,
55670,recent,
55671,recent,
55672,recent,
55673,unknown,
55674,ok,1942
55676,ok,1908
55678,ok,1933
55679,unknown,
55680,ok,1887
55681,ok,1904
55683,ok,1915
55684,unknown,
55685,unknown,
55686,unknown,
55687,recent,
55688,unknown,
55689,ok,1932
55690,ok,1922
55691,unknown,
55692,unknown,
55693,recent,
55694,recent,
55695,unknown,
55696,ok,1922
55700,ok,1930
55701,recent,
55702,ok,1949
55703,ok,1950
55704,recent,
55705,unknown,
55706,ok,1938
55707,ok,1917
55708,ok,1951
55709,ok,1951
55710,ok,1925
55713,unknown,
55714,unknown,
55715,recent,
55716,ok,1874
55717,ok,1915
55718,ok,1942
55719,ok,1911
55720,ok,1938
55721,ok,1925
55722,unknown,
55723,ok,1953
55724,ok,1927
55725,ok,1899
55726,unknown,
55727,ok,1935
55728,unknown,
55729,unknown,
55730,ok,1915
55731,ok,1925
55732,unknown,
55733,recent,
55734,ok,1878
55735,unknown,
55736,unknown,
55737,ok,1919
55738,recent,
55739,ok,1940
55742,unknown,
55743,ok,1928
55744,ok,1861
55745,ok,1861
55746,ok,1861
55748,ok,1932
55749,ok,1849
55750,unknown,
55751,ok,1936
55753,unknown,
55754,unknown,
55757,unknown,
55758,ok,1922
55759,ok,1872
55760,ok,1946
55761,recent,
55762,unknown,
55763,ok,1919
55764,ok,1930
55765,ok,1912
55766,recent,
55767,ok,1919
55768,ok,1940
55769,recent,
55771,ok,1923
55772,ok,1892
55773,ok,1941
55774,unknown,
55775,ok,1825
55869,ok,1905
55776,ok,1875
55777,ok,1825
55778,ok,1825
55779,ok,1902
55780,ok,1953
55781,ok,1919
55782,ok,1932
55783,ok,1932
55784,ok,1897
55785,ok,1931
55786,ok,1940
55787,ok,1922
55789,unknown,
55790,unknown,
55792,recent,
55793,unknown,
55795,ok,1932
55798,ok,1946
55799,unknown,
55800,unknown,
55801,recent,
55802,ok,1904
55804,ok,1926
55805,ok,1919
56607,recent,
55806,recent,
55807,ok,1937
55808,unknown,
55809,ok,1901
55813,ok,1906
55814,ok,1826
55815,unknown,
55816,ok,1943
55817,ok,1926
55818,ok,1883
55819,recent,
55821,recent,
55822,ok,1942
55824,ok,1899
55825,ok,1903
55826,unknown,
55827,ok,1897
55828,unknown,
55829,unknown,
55830,unknown,
55831,ok,1932
55832,ok,1953
55833,unknown,
55836,unknown,
55837,recent,
55838,recent,
55839,ok,1927
55907,recent,
55840,unknown,
55841,unknown,
55842,unknown,
55843,ok,1915
55844,ok,1884
55845,ok,1919
55846,ok,1908
55847,ok,1918
55849,ok,1922
55850,recent,
55851,recent,
55852,ok,1938
55854,unknown,
55855,ok,1925
55856,unknown,
55857,ok,1948
55858,unknown,
55859,unknown,
55860,ok,1850
55861,unknown,
55862,ok,1907
55863,unknown,
55864,recent,
55865,ok,1905
55867,ok,1877
55868,ok,1897
55870,ok,1916
55871,ok,1916
55872,ok,1916
55876,unknown,
55877,ok,1930
55878,ok,1939
55879,ok,1896
55880,recent,
55885,recent,
55886,ok,1872
55887,ok,1941
55888,ok,1902
55891,ok,1907
55893,unknown,
55894,unknown,
55896,ok,1955
55897,unknown,
55898,ok,1795
55899,ok,1927
55901,ok,1886
55902,ok,1886
55903,ok,1886
55904,ok,1886
55905,ok,1886
55906,ok,1886
55908,unknown,
55910,ok,1922
55918,ok,1917
55919,ok,1924
55920,unknown,
55921,ok,1890
55922,ok,1917
55923,ok,1915
55926,ok,1882
55927,ok,1930
55928,ok,1948
55930,unknown,
55931,recent,
55932,ok,1922
55933,unknown,
55935,ok,1927
55939,unknown,
55940,ok,1933
55941,unknown,
55942,ok,1887
55945,ok,1941
55946,unknown,
55947,ok,1899
55948,ok,1916
55949,ok,1917
55950,ok,1918
55951,ok,1892
56015,ok,1930
56016,recent,
56017,ok,1953
55952,ok,1870
55953,ok,1870
55955,unknown,
55956,ok,1932
55957,unknown,
55958,ok,1929
55959,ok,1936
55960,ok,1932
55961,ok,1932
55962,ok,1944
55963,recent,
55964,ok,1950
55965,ok,1932
55966,ok,1932
55968,ok,1933
55969,unknown,
55970,recent,
55971,unknown,
55973,ok,1911
55974,ok,1905
55975,unknown,
55976,unknown,
55977,unknown,
55978,unknown,
56173,ok,1863
55979,unknown,
55980,ok,1932
55981,ok,1916
55982,ok,1944
55983,ok,1925
55986,ok,1909
55987,ok,1909
55988,ok,1865
55989,ok,1915
55990,ok,1924
55993,ok,1950
55994,ok,1927
55995,unknown,
55996,unknown,
55997,unknown,
55998,ok,1887
56001,ok,1925
56002,ok,1941
56003,ok,1901
56004,ok,1911
56005,ok,1898
56006,unknown,
56007,ok,1893
56008,ok,1914
56009,ok,1942
56012,ok,1941
56013,ok,1930
56014,ok,1930
56018,recent,
56019,ok,1894
56020,ok,1928
56021,unknown,
56022,unknown,
56023,ok,1931
56027,ok,1924
56028,ok,1915
56029,ok,1930
56033,ok,1901
56034,ok,1916
56035,ok,1858
56036,ok,1942
56037,recent,
56038,recent,
56039,ok,1941
56040,ok,1939
56041,ok,1922
56042,ok,1903
56043,ok,1899
56046,ok,1922
56048,ok,1924
56049,unknown,
56050,unknown,
56053,ok,1902
56054,ok,1888
56056,ok,1899
56058,ok,1939
56059,ok,1943
56060,ok,1908
56061,unknown,
56062,ok,1939
56063,recent,
56070,unknown,
56071,unknown,
56072,ok,1917
56073,recent,
56074,recent,
56075,ok,1704
56076,ok,1921
56077,ok,1933
56078,ok,1854
56079,recent,
56080,ok,1932
56081,ok,1932
56082,recent,
56083,recent,
56084,ok,1895
56085,recent,
56087,ok,1932
56088,ok,1902
56089,ok,1923
56090,ok,1878
56094,recent,
56095,ok,1942
56096,unknown,
56249,ok,1920
56097,recent,
56099,unknown,
56100,ok,1907
56101,ok,1936
56102,unknown,
56103,unknown,
56104,ok,1918
56105,ok,1904
56106,unknown,
56109,unknown,
56111,unknown,
56112,unknown,
56113,ok,1945
56118,ok,1863
56119,ok,1910
56120,ok,1894
56121,recent,
56122,unknown,
56126,unknown,
56128,ok,1951
56129,ok,1930
56130,ok,1914
56132,unknown,
56133,ok,1888
56134,unknown,
56318,ok,1946
56135,ok,1909
56137,unknown,
56140,ok,1945
56141,ok,1937
56142,ok,1951
56143,ok,1902
56144,ok,1952
56145,ok,1912
56146,ok,1953
56147,ok,1863
56149,ok,1907
56150,unknown,
56151,ok,1934
56153,unknown,
56154,recent,
56155,unknown,
56157,unknown,
56158,recent,
56159,ok,1888
56161,recent,
56162,ok,1919
56165,ok,1935
56166,ok,1927
56167,ok,1903
56168,ok,1903
56169,ok,1935
56170,unknown,
56171,ok,1907
56175,ok,1889
56176,ok,1905
56177,ok,1932
56178,recent,
56179,unknown,
56180,unknown,
56181,unknown,
56184,unknown,
56185,ok,1924
56186,unknown,
56187,ok,1933
56190,unknown,
56191,unknown,
56195,unknown,
56196,ok,1820
56197,ok,1935
56198,ok,1939
56199,unknown,
56200,ok,1625
56201,ok,1868
56203,unknown,
56204,ok,1924
56205,unknown,
56206,unknown,
56207,ok,1899
56208,recent,
56209,unknown,
56210,unknown,
56211,ok,1864
56212,unknown,
56213,unknown,
56215,ok,1955
56216,ok,1915
56217,unknown,
56218,ok,1919
56220,ok,1865
56221,recent,
56222,ok,1899
56223,ok,1945
56226,ok,1939
56227,ok,1922
56228,ok,1928
56229,recent,
56230,ok,1932
56231,ok,1880
56232,ok,1880
56233,ok,1932
56234,ok,1880
56235,ok,1880
56236,ok,1880
56237,ok,1932
56238,ok,1916
56241,ok,1932
56242,ok,1932
56243,ok,1932
56244,recent,
56245,ok,1884
56247,recent,
56248,ok,1915
56250,unknown,
56254,ok,1955
56255,ok,1902
56256,unknown,
56259,ok,1955
56260,ok,1919
56261,unknown,
56262,ok,1933
56263,ok,1863
56264,ok,1926
56265,ok,1865
56266,ok,1930
56267,ok,1906
56269,ok,1935
56270,ok,1943
56271,unknown,
56276,unknown,
56277,ok,1924
56278,ok,1945
56279,unknown,
56280,recent,
56284,ok,1897
56285,ok,1881
56286,ok,1929
56287,unknown,
56288,ok,1899
56319,ok,1928
56608,ok,1907
56289,unknown,
56290,unknown,
56292,recent,
56293,ok,1865
56294,ok,1865
56297,unknown,
56298,recent,
56299,unknown,
56300,ok,1929
56302,ok,1947
56303,unknown,
56304,recent,
56305,ok,1899
56306,ok,1923
56307,unknown,
56308,ok,1943
56309,ok,1922
56310,ok,1940
56311,ok,1946
56312,ok,1746
56313,ok,1858
56314,ok,1952
56315,unknown,
56316,unknown,
56320,recent,
56321,recent,
56322,unknown,
56323,ok,1954
56324,recent,
56325,recent,
56326,ok,1914
56327,ok,1695
56328,ok,1863
56331,ok,1952
56332,ok,1899
56334,unknown,
56335,ok,1944
56336,unknown,
56337,ok,1925
56338,unknown,
56339,ok,1928
56340,ok,1948
56341,unknown,
56342,ok,1871
56344,unknown,
56345,ok,1940
56346,ok,1911
56347,ok,1631
56348,ok,1950
56349,unknown,
56353,unknown,
56354,ok,1878
56355,unknown,
56356,ok,1932
56357,ok,1935
56358,recent,
56359,unknown,
56360,unknown,
56361,ok,1916
56362,unknown,
56363,ok,1911
56364,ok,1906
56365,ok,1907
56368,ok,1864
56369,unknown,
56371,ok,1849
56372,ok,1849
56373,ok,1849
56374,ok,1893
56375,ok,1586
56376,ok,1946
56379,unknown,
56380,unknown,
56381,ok,1915
56383,unknown,
56384,unknown,
56385,ok,1932
56386,unknown,
56387,ok,1949
56388,unknown,
56389,ok,1931
56390,ok,1824
56391,unknown,
56393,ok,1921
56394,ok,1925
56395,unknown,
56396,unknown,
56397,ok,1922
56398,unknown,
56400,ok,1882
56401,unknown,
56402,ok,1887
56403,ok,1939
56404,unknown,
56406,ok,1930
56407,ok,1916
56408,ok,1915
56409,ok,1865
56410,unknown,
56411,unknown,
56412,unknown,
56414,ok,1955
56415,ok,1955
56416,recent,
56418,ok,1943
56419,ok,1933
56420,ok,1896
56423,unknown,
56424,ok,1880
56425,ok,1933
56426,ok,1858
56427,ok,1908
56428,unknown,
56429,ok,1917
56430,recent,
56432,ok,1932
56433,ok,1861
56434,ok,1861
56435,ok,1861
56436,ok,1950
56437,unknown,
56438,ok,1936
56439,ok,1929
56440,unknown,
56441,ok,1903
56442,ok,1932
56443,unknown,
56444,ok,1942
56445,ok,1926
56447,recent,
56448,ok,1930
56449,ok,1915
56450,ok,1917
56453,ok,1924
56455,ok,1946
56456,unknown,
56457,ok,1951
56461,ok,1928
56462,ok,1874
56463,ok,1869
56464,unknown,
56465,ok,1940
56466,ok,1930
56467,unknown,
56468,unknown,
56469,unknown,
56470,ok,1933
56471,ok,1945
56472,ok,1919
56473,ok,1893
56474,ok,1893
56476,recent,
56477,ok,1858
56478,unknown,
56479,ok,1943
56480,unknown,
56481,ok,1937
56484,ok,1946
56485,ok,1940
56486,ok,1916
56487,ok,1690
56488,ok,1869
56489,ok,1910
56490,ok,1871
56494,ok,1950
56495,ok,1889
56501,ok,1927
56502,ok,1794
56503,unknown,
56504,ok,1886
56505,unknown,
56506,ok,1913
56507,ok,1913
56508,unknown,
56510,unknown,
56511,ok,1952
56513,ok,1922
56514,recent,
56515,ok,1936
56516,unknown,
56517,recent,
56518,ok,1945
56521,ok,1886
56522,ok,1934
56523,ok,1893
56524,ok,1918
56526,unknown,
56527,ok,1924
56528,ok,1939
56529,ok,1882
56531,unknown,
56534,ok,1835
56535,ok,1835
56536,ok,1923
56537,unknown,
56538,unknown,
56539,unknown,
56540,ok,1909
56541,ok,1922
56542,ok,1916
56544,ok,1920
56545,ok,1820
56549,unknown,
56550,ok,1955
56551,ok,1952
56552,ok,1942
56553,recent,
56554,recent,
56555,recent,
56556,recent,
56557,ok,1927
56558,ok,1939
56560,ok,1913
56562,ok,1894
56563,ok,1947
56564,ok,1937
56565,unknown,
56566,unknown,
56568,unknown,
56642,unknown,
56569,ok,1925
56570,recent,
56571,ok,1954
56572,unknown,
56574,unknown,
56575,ok,1913
56576,ok,1903
56577,ok,1931
56578,ok,1858
56579,ok,1940
56581,ok,1932
56582,unknown,
56583,ok,1942
56584,ok,1948
56585,recent,
56587,unknown,
56588,ok,1933
56589,unknown,
56590,ok,1933
56593,ok,1953
56594,ok,1933
56596,ok,1914
56597,ok,1901
56598,ok,1864
56599,ok,1864
56600,ok,1864
56601,ok,1927
56602,ok,1899
56603,ok,1904
56609,ok,1933
56610,recent,
56611,ok,1955
56612,recent,
56613,ok,1912
56614,ok,1954
56615,recent,
56616,unknown,
56617,unknown,
56618,recent,
56619,unknown,
56620,ok,1889
56621,ok,1861
56622,ok,1902
56623,ok,1933
56625,ok,1944
56626,recent,
56628,ok,1944
56629,unknown,
56630,ok,1921
56631,unknown,
56632,ok,1942
56633,ok,1922
56634,unknown,
56635,unknown,
56637,unknown,
56638,ok,1949
56639,ok,1929
56640,ok,1887
78634,recent,
56643,ok,1945
56644,ok,1867
56645,ok,1918
56646,ok,1915
56648,ok,1926
56650,ok,1908
56651,ok,1919
56652,ok,1944
56653,recent,
56654,ok,1922
56656,ok,1844
56657,unknown,
56658,recent,
56659,ok,1918
56660,ok,1955
56661,unknown,
56663,ok,1925
56664,recent,
56665,ok,1906
56667,ok,1919
56668,ok,1891
56670,ok,1951
56671,ok,1932
56673,recent,
56674,unknown,
56675,ok,1946
56676,ok,1915
56677,unknown,
56678,recent,
56679,ok,1935
56681,recent,
56683,recent,
56684,ok,1844
56685,ok,1913
56686,ok,1916
56687,ok,1922
56688,ok,1910
56689,ok,1850
56690,recent,
56691,ok,1931
56692,ok,1924
56693,ok,1879
56694,unknown,
56695,recent,
56696,ok,1917
56697,ok,1935
56698,ok,1901
56699,recent,
56700,ok,1925
56701,recent,
56703,ok,1946
56704,recent,
56705,recent,
56707,ok,1950
56708,ok,1955
56709,recent,
56710,unknown,
56751,unknown,
56711,ok,1915
56712,ok,1874
56713,ok,1943
56714,recent,
56717,ok,1938
56718,recent,
56719,ok,1940
56720,ok,1954
56721,unknown,
56722,ok,1847
56725,ok,1926
56726,unknown,
56727,ok,1886
56728,ok,1949
56730,ok,1899
56732,recent,
56734,unknown,
56735,ok,1947
56736,ok,1921
56738,ok,1928
56739,recent,
56741,unknown,
56742,unknown,
56743,recent,
56746,unknown,
56747,ok,1933
56748,ok,1924
56750,ok,1905
56752,ok,1944
56753,ok,1878
56756,ok,1899
56758,recent,
56759,ok,1916
56761,unknown,
56762,ok,1933
56763,ok,1927
56764,ok,1926
56765,ok,1935
56766,unknown,
56767,ok,1902
56768,unknown,
56771,unknown,
56772,ok,1922
56773,ok,1944
56774,ok,1928
56776,unknown,
56777,unknown,
56778,ok,1939
56779,recent,
56780,ok,1927
56781,unknown,
56783,ok,1942
56784,ok,1773
56787,ok,1935
56790,unknown,
56791,ok,1911
56792,ok,1949
56795,ok,1941
56796,ok,1918
56797,ok,1935
56798,ok,1899
56799,ok,1922
56800,unknown,
56801,recent,
56802,unknown,
56803,ok,1800
56805,ok,1906
56808,ok,1902
56809,ok,1937
56810,ok,1903
56811,ok,1942
56812,ok,1946
56813,ok,1924
56815,unknown,
56816,unknown,
56817,ok,1899
56819,ok,1906
56820,ok,1932
56821,ok,1895
56822,ok,1871
56823,ok,1945
56824,ok,1922
56827,ok,1955
56828,recent,
56829,ok,1952
56830,unknown,
56831,ok,1947
56832,unknown,
56833,ok,1936
56834,ok,1944
56836,ok,1934
56837,ok,1865
56838,ok,1927
56839,unknown,
56840,unknown,
56841,ok,1932
56843,ok,1926
56844,ok,1927
56845,unknown,
56846,recent,
56849,ok,1952
56850,recent,
56851,unknown,
56852,ok,1941
56853,unknown,
56858,ok,1942
56859,ok,1934
56931,ok,1935
56860,ok,1922
56861,unknown,
56862,ok,1878
56864,unknown,
56865,ok,1901
56868,ok,1915
56869,ok,1850
56870,ok,1936
56872,ok,1911
56873,recent,
56875,ok,1908
56876,ok,1930
56877,ok,1948
56878,ok,1928
56880,ok,1891
56881,unknown,
56883,ok,1908
56884,unknown,
56886,unknown,
56887,ok,1936
56889,recent,
56891,ok,1877
56892,recent,
56893,ok,1923
56894,ok,1954
56895,recent,
56896,ok,1899
56899,ok,1924
56900,ok,1953
56902,ok,1936
56903,ok,1946
56904,unknown,
56905,unknown,
56906,ok,1918
56907,ok,1918
56908,unknown,
56909,ok,1945
56910,unknown,
56911,unknown,
56913,ok,1892
56914,recent,
56917,ok,1911
56918,ok,1858
56919,ok,1858
56921,ok,1943
56923,ok,1927
56924,ok,1922
56925,recent,
56926,ok,1803
56927,ok,1756
56928,ok,1877
56929,ok,1916
56932,ok,1944
56933,ok,1925
56934,ok,1919
56935,unknown,
56937,unknown,
56939,unknown,
56940,ok,1898
56942,ok,1924
56945,ok,1932
56946,unknown,
56948,ok,1940
56949,ok,1923
56950,recent,
56951,unknown,
56952,ok,1953
56953,unknown,
56954,unknown,
56955,unknown,
56956,unknown,
56957,ok,1865
56959,unknown,
56960,ok,1935
56961,ok,1927
56962,ok,1906
56963,recent,
56964,unknown,
56965,ok,1921
56966,unknown,
56968,unknown,
56970,unknown,
56971,recent,
56972,ok,1944
56973,ok,1899
56974,ok,1889
56975,ok,1927
56976,unknown,
56978,unknown,
56979,ok,1910
56980,ok,1909
56984,recent,
56985,ok,1896
56986,ok,1940
56987,ok,1922
56988,unknown,
56989,ok,1852
56990,ok,1909
56992,ok,1918
56993,ok,1894
56995,ok,1899
56997,recent,
56998,ok,1895
56999,ok,1944
57000,ok,1913
57002,ok,1940
57003,unknown,
57004,ok,1955
57034,unknown,
57005,ok,1731
57006,ok,1940
57007,unknown,
57008,unknown,
57009,recent,
57010,recent,
57013,unknown,
57014,unknown,
57015,unknown,
57016,ok,1840
57017,unknown,
57018,ok,1890
57019,ok,1870
57020,ok,1723
57021,ok,1915
57022,ok,1889
57023,ok,1943
57024,ok,1920
57025,unknown,
57026,unknown,
57027,unknown,
57028,recent,
57030,ok,1801
57031,unknown,
57033,unknown,
57143,ok,1871
57036,unknown,
57037,ok,1915
57038,unknown,
57039,ok,1944
57041,ok,1855
57042,ok,1910
57043,ok,1874
57044,ok,1923
57045,ok,1858
57046,recent,
57047,unknown,
57048,unknown,
57049,unknown,
57050,ok,1955
57054,unknown,
57055,unknown,
57056,recent,
57057,unknown,
57059,recent,
57060,ok,1887
57061,recent,
57062,unknown,
57063,ok,1939
57066,ok,1935
57067,ok,1877
57068,ok,1903
57069,unknown,
57070,ok,1922
57071,ok,1899
57072,ok,1904
57074,ok,1860
57075,ok,1886
57077,ok,1949
57081,ok,1904
57083,ok,1930
57086,ok,1915
57087,ok,1915
57088,ok,1944
57089,recent,
57090,unknown,
57091,ok,1906
57094,ok,1940
57095,ok,1925
57096,ok,1857
57097,ok,1917
57098,unknown,
57099,ok,1924
57100,recent,
57101,ok,1947
57102,ok,1943
57106,recent,
57107,unknown,
57108,unknown,
57109,ok,1905
57110,ok,1914
57111,unknown,
57112,unknown,
57113,ok,1910
57116,ok,1904
57117,unknown,
57118,unknown,
57119,ok,1875
57120,ok,1939
57121,ok,1917
57122,ok,1916
57123,unknown,
57124,ok,1946
57125,recent,
57126,ok,1915
57130,unknown,
57132,unknown,
57133,recent,
57134,recent,
57135,ok,1946
57136,ok,1929
57137,ok,1940
57138,ok,1944
57139,ok,1944
57140,ok,1874
57141,unknown,
57142,ok,1906
78677,recent,
57144,ok,1928
57147,ok,1950
57148,unknown,
57149,unknown,
57150,ok,1910
57152,ok,1820
57153,ok,1927
57154,ok,1952
57155,ok,1953
57156,recent,
57157,ok,1923
57158,ok,1945
57159,ok,1943
57161,ok,1906
57162,unknown,
57164,ok,1946
57165,recent,
57166,ok,1920
57167,recent,
57168,ok,1905
57169,unknown,
57171,recent,
57172,unknown,
57173,recent,
57174,unknown,
57175,ok,1932
57176,unknown,
57206,unknown,
57177,ok,1938
57178,ok,1943
57179,ok,1910
57180,ok,1928
57181,unknown,
57182,ok,1937
57185,unknown,
57186,unknown,
57188,ok,1951
57189,ok,1939
57190,unknown,
57191,ok,1852
57192,ok,1896
57193,unknown,
57194,ok,1950
57195,ok,1908
57196,ok,1908
57197,recent,
57198,ok,1945
57199,recent,
57200,ok,1954
57201,ok,1944
57202,unknown,
57203,ok,1942
57204,ok,1937
57205,recent,
57207,ok,1931
57208,ok,1905
57210,ok,1944
57211,unknown,
57212,ok,1930
57215,ok,1944
57217,unknown,
57218,ok,1946
57221,unknown,
57223,unknown,
57224,unknown,
57226,ok,1918
57228,unknown,
57229,recent,
57230,ok,1950
57231,recent,
57235,unknown,
57236,ok,1944
57237,ok,1840
57239,ok,1936
57241,ok,1720
57242,recent,
57244,ok,1939
57310,ok,1888
57246,unknown,
57247,ok,1950
57249,ok,1945
57250,ok,1943
57251,unknown,
57252,ok,1934
57253,ok,1952
57254,ok,1939
57255,unknown,
57258,unknown,
57259,ok,1874
57260,ok,1733
57262,ok,1871
57265,unknown,
57266,ok,1952
57267,ok,1834
57268,ok,1936
57269,ok,1615
57270,ok,1873
57271,recent,
57272,ok,1948
57273,ok,1898
57274,ok,1945
57275,unknown,
57276,ok,1953
57277,recent,
57280,unknown,
57283,ok,1941
57284,ok,1846
57287,recent,
57288,unknown,
57289,unknown,
57290,unknown,
57291,unknown,
57292,ok,1896
57294,ok,1915
57295,ok,1915
57296,ok,1915
57297,ok,1936
57298,ok,1950
57299,ok,1917
57300,unknown,
57301,recent,
57302,unknown,
57304,ok,1939
57305,unknown,
57306,ok,1912
57307,ok,1933
57308,recent,
57309,ok,1888
57311,ok,1915
57312,ok,1935
57313,recent,
57314,ok,1935
57315,ok,1899
57316,ok,1954
57317,ok,1945
57318,ok,1897
57319,ok,1913
57320,ok,1931
57321,ok,1888
57322,ok,1932
57323,recent,
57324,ok,1914
57325,ok,1935
57326,ok,1862
57327,ok,1842
57328,ok,1834
57329,ok,1928
57330,ok,1872
57331,ok,1916
57333,recent,
57334,ok,1929
57335,ok,1918
57336,ok,1933
57337,unknown,
57339,unknown,
57340,ok,1897
57341,ok,1920
57342,unknown,
57343,unknown,
57344,ok,1906
57345,ok,1946
57347,ok,1937
57348,unknown,
57349,ok,1930
57350,ok,1884
57352,ok,1914
57354,recent,
57355,ok,1919
57356,ok,1936
57358,ok,1910
57359,ok,1923
57360,ok,1946
57361,ok,1913
57362,unknown,
57364,ok,1936
57365,ok,1943
57366,ok,1943
57369,ok,1955
57370,ok,1915
57371,recent,
57372,ok,1922
57373,ok,1880
57404,ok,1931
57374,ok,1923
57375,ok,1923
57376,ok,1923
57379,ok,1944
57380,recent,
57381,ok,1915
57382,unknown,
57383,recent,
57384,unknown,
57385,ok,1922
57387,unknown,
57389,unknown,
57390,ok,1895
57391,unknown,
57392,ok,1922
57393,ok,1912
57395,recent,
57396,ok,1917
57397,ok,1831
57398,ok,1947
57399,ok,1954
57400,unknown,
57401,ok,1935
57402,ok,1940
57403,ok,1951
57405,ok,1915
57406,ok,1934
57407,ok,1922
57408,unknown,
57409,recent,
57410,unknown,
57411,ok,1935
57413,ok,1916
57415,ok,1915
57416,ok,1915
57417,ok,1940
57418,ok,1919
57419,ok,1945
57420,recent,
57421,unknown,
57422,unknown,
57423,ok,1910
57424,recent,
57425,ok,1923
57426,ok,1918
57427,ok,1946
57428,ok,1934
57429,ok,1935
57430,ok,1893
57431,ok,1939
57856,ok,1887
57432,recent,
57433,unknown,
57434,ok,1862
57435,ok,1928
57436,unknown,
57437,unknown,
57438,unknown,
57439,unknown,
57440,unknown,
57441,ok,1896
57442,ok,1923
57443,ok,1947
57444,recent,
57445,unknown,
57446,unknown,
57447,ok,1889
57449,unknown,
57450,ok,1884
57451,ok,1891
57452,ok,1942
57453,unknown,
57454,ok,1870
57455,unknown,
57456,unknown,
57457,ok,1912
57458,ok,1908
57544,unknown,
57459,ok,1897
57460,ok,1945
57461,ok,1902
57462,unknown,
57463,ok,1872
57464,ok,1929
57466,ok,1950
57467,ok,1944
57468,ok,1896
57469,ok,1949
57470,unknown,
57471,ok,1904
57472,ok,1893
57473,ok,1924
57474,ok,1933
57475,unknown,
57476,unknown,
57478,recent,
57480,unknown,
57481,ok,1946
57482,unknown,
57483,ok,1851
57484,unknown,
57485,recent,
57542,recent,
57487,ok,1821
57488,recent,
57489,ok,1925
57490,recent,
57491,ok,1935
57492,ok,1904
57493,ok,1878
57494,ok,1930
57496,ok,1936
57497,ok,1944
57498,unknown,
57500,ok,1955
57501,recent,
57502,ok,1884
57503,ok,1946
57504,ok,1876
57506,ok,1914
57507,ok,1935
57508,recent,
57509,ok,1953
57510,unknown,
57511,recent,
57512,ok,1903
57513,ok,1936
57514,recent,
78899,unknown,
57515,unknown,
57517,recent,
57518,unknown,
57520,ok,1952
57521,ok,1936
57522,ok,1936
57523,ok,1918
57524,recent,
57525,ok,1880
57526,ok,1894
57527,ok,1937
57528,ok,1905
57529,recent,
57530,unknown,
57531,ok,1930
57532,ok,1871
57533,recent,
57535,ok,1858
57536,ok,1944
57537,recent,
57538,recent,
57539,ok,1919
57540,ok,1899
57541,recent,
57543,recent,
57545,ok,1878
57546,ok,1922
57547,ok,1945
57548,ok,1927
57551,ok,1918
57554,ok,1927
57555,ok,1944
57556,ok,1949
57558,ok,1920
57559,ok,1941
57560,ok,1940
57562,ok,1928
57563,unknown,
57564,ok,1926
57566,ok,1872
57567,ok,1893
57568,ok,1940
57569,ok,1903
57570,ok,1906
57573,unknown,
57574,ok,1907
57575,ok,1928
57576,unknown,
57577,ok,1927
57580,ok,1928
57581,ok,1899
57582,ok,1945
57583,unknown,
78900,recent,
57584,recent,
57585,ok,1877
57586,ok,1904
57587,unknown,
57588,recent,
57589,ok,1889
57591,unknown,
57592,ok,1951
57594,unknown,
57595,unknown,
57596,ok,1731
57597,ok,1952
57598,ok,1922
57599,ok,1917
57600,ok,1944
57601,ok,1874
57602,unknown,
57603,ok,1943
57604,unknown,
57605,ok,1884
57606,ok,1949
57607,ok,1887
57608,unknown,
57609,unknown,
57610,ok,1934
57611,unknown,
57678,ok,1782
57612,unknown,
57613,ok,1915
57614,ok,1949
57616,ok,1915
57617,unknown,
57618,ok,79
57619,recent,
57620,unknown,
57623,ok,1915
57624,ok,1894
57625,ok,1902
57626,recent,
57627,ok,1929
57628,ok,1910
57630,unknown,
57631,ok,1940
57632,unknown,
57634,ok,1910
57635,ok,1877
57637,ok,1905
57638,ok,1936
57639,ok,1928
57640,ok,1927
57641,ok,1927
57642,ok,1934
57643,ok,1935
57644,ok,1930
57645,ok,1946
57646,ok,1900
57647,unknown,
57649,unknown,
57650,ok,1928
57651,ok,1924
57652,unknown,
57653,unknown,
57655,ok,1954
57656,ok,1903
57658,ok,1894
57659,ok,1918
57660,ok,1926
57662,unknown,
57663,ok,1865
57664,ok,1954
57666,ok,1916
57667,ok,1933
57668,unknown,
57669,ok,1912
57670,unknown,
57671,ok,1922
57672,ok,1915
57673,ok,1947
57676,recent,
57679,ok,1782
57680,ok,1782
57681,ok,1909
57682,unknown,
57683,recent,
57684,recent,
57685,ok,1884
57686,recent,
57687,ok,1940
57688,recent,
57689,ok,1933
57690,ok,1940
57691,recent,
57692,unknown,
57693,unknown,
57694,recent,
57695,ok,1935
57696,recent,
57699,ok,1916
57700,unknown,
57701,ok,1862
57702,recent,
57703,recent,
57704,ok,1930
57705,ok,1769
57706,recent,
57825,recent,
57707,ok,1939
57708,recent,
57709,ok,1939
57710,ok,1930
57711,unknown,
57712,ok,1915
57713,ok,1946
57714,recent,
57715,ok,1903
57716,recent,
57718,recent,
57719,unknown,
57720,recent,
57721,recent,
57722,ok,1932
57723,unknown,
57724,ok,1898
57725,recent,
57726,recent,
57728,unknown,
57729,ok,1941
57731,unknown,
57732,unknown,
57733,unknown,
57734,unknown,
57735,ok,1940
57736,unknown,
57737,ok,1915
57738,ok,1895
57739,ok,1932
57740,ok,1944
57742,unknown,
57743,ok,1887
57744,ok,1938
57745,ok,1823
57746,ok,1823
57747,ok,1823
57748,unknown,
57749,ok,1933
57750,ok,1940
57751,ok,1923
57752,ok,1933
57753,ok,1939
57754,unknown,
57755,ok,1915
57756,ok,1910
57757,ok,1871
57758,ok,1950
57759,unknown,
57760,unknown,
57761,ok,1923
57762,ok,1918
57763,ok,1954
57764,unknown,
57766,ok,1931
79284,ok,1950
57767,unknown,
57768,recent,
57769,ok,1941
57771,ok,1910
57773,ok,1930
57774,ok,1947
57775,ok,1917
57776,ok,1902
57777,ok,1902
57778,ok,1933
57779,unknown,
57782,ok,1929
57783,unknown,
57784,unknown,
57785,ok,1854
57786,ok,1937
57788,unknown,
57789,unknown,
57790,unknown,
57791,ok,1828
57792,unknown,
57793,ok,1902
57794,unknown,
57795,recent,
57796,unknown,
57797,unknown,
57798,recent,
57799,ok,1924
57800,recent,
57801,ok,1922
57802,unknown,
57803,ok,1901
57804,recent,
57806,ok,1899
57808,unknown,
57810,ok,1935
57811,ok,1892
57812,ok,1916
57813,ok,1950
57814,ok,1915
57815,ok,1915
57816,recent,
57817,unknown,
57818,unknown,
57819,ok,1941
57820,ok,1939
57821,ok,1912
57823,ok,1838
57824,ok,1854
57826,unknown,
57827,unknown,
57829,ok,1740
57830,ok,1938
57832,ok,1844
57833,recent,
57834,unknown,
57835,unknown,
57836,ok,1926
57837,unknown,
57838,ok,1924
57839,ok,1918
57840,unknown,
57842,unknown,
57843,unknown,
57844,ok,1908
57845,ok,1938
57846,unknown,
57847,ok,1955
57848,ok,1869
57849,recent,
57851,ok,1840
57852,ok,1915
57854,ok,1879
57855,unknown,
57857,ok,1876
57858,ok,1900
57859,unknown,
57860,unknown,
57861,ok,1947
57862,ok,1933
57863,ok,1941
57864,ok,1904
57865,unknown,
57866,ok,1917
57867,ok,1940
57868,ok,1884
57869,ok,1843
57870,ok,1782
57871,unknown,
57875,ok,1887
57876,ok,1889
57877,ok,1944
57878,ok,1626
57879,ok,1626
57880,ok,1626
57881,recent,
57882,ok,1913
57884,recent,
57885,ok,1927
57886,unknown,
57887,unknown,
57888,unknown,
57889,ok,1936
57890,ok,1906
57891,unknown,
57892,ok,1919
57893,unknown,
57894,ok,1902
57896,ok,1903
57897,ok,1935
57898,ok,1823
57899,ok,1918
57900,ok,1891
57903,ok,1854
57904,ok,1935
57905,unknown,
57906,ok,1933
57907,ok,1940
57908,ok,1941
57910,recent,
57911,ok,1924
57912,unknown,
57913,ok,1935
57914,ok,1938
57916,ok,1930
57917,ok,1916
57918,recent,
57919,unknown,
57920,ok,1954
57921,ok,1940
57922,ok,1948
57923,unknown,
57924,unknown,
57925,recent,
57926,recent,
57927,recent,
57929,ok,1942
57931,ok,1948
57933,ok,1940
57934,ok,1928
57935,recent,
57936,ok,1946
57937,ok,1918
57939,unknown,
57941,unknown,
57942,unknown,
57943,ok,1940
57944,ok,1915
57945,ok,1915
57946,ok,1915
57947,ok,1915
57949,recent,
57950,ok,1915
57953,unknown,
57954,ok,1823
57958,recent,
57961,ok,1905
57962,ok,1794
57963,unknown,
57964,ok,1731
57966,recent,
57968,unknown,
57969,unknown,
57970,ok,1791
57971,ok,1874
57972,unknown,
57973,recent,
57974,unknown,
57975,unknown,
57976,recent,
57978,ok,1932
57979,unknown,
57980,unknown,
57984,unknown,
57985,ok,1878
57986,unknown,
57987,unknown,
57988,ok,1897
57989,recent,
57990,ok,1832
57992,ok,1856
57994,unknown,
57995,ok,1938
57996,ok,1931
57998,ok,1925
57999,ok,1940
58001,ok,1825
58002,ok,1858
58003,ok,1858
58004,ok,1858
58005,unknown,
58006,ok,1825
58007,ok,1920
58009,recent,
58010,ok,1825
58011,ok,1825
58012,ok,1825
58013,ok,1917
58014,ok,1825
58015,ok,1825
58016,unknown,
58017,ok,1825
58034,recent,
58035,recent,
58036,unknown,
58018,unknown,
58019,unknown,
58020,unknown,
58021,ok,1945
58022,ok,1945
58023,unknown,
58024,recent,
58025,recent,
58026,unknown,
58027,ok,1829
58028,ok,1926
58029,recent,
58030,unknown,
58031,unknown,
58032,recent,
58033,ok,1955
58037,ok,1523
58038,unknown,
58039,ok,1825
58040,unknown,
58041,unknown,
58042,ok,1945
58043,unknown,
58045,ok,1849
58046,ok,1887
58047,ok,1887
58048,ok,1825
58050,unknown,
58051,unknown,
58052,unknown,
58053,unknown,
58056,unknown,
58057,ok,1919
58058,ok,1874
58060,ok,1922
58061,ok,1889
58062,ok,1914
58063,ok,1896
58064,recent,
58065,recent,
58066,unknown,
58067,unknown,
58068,recent,
58069,ok,1883
58070,ok,1866
58071,ok,1830
58072,ok,1875
58073,recent,
58074,ok,1841
58075,recent,
58076,recent,
58078,ok,1836
58079,recent,
58080,recent,
58081,ok,1885
58082,ok,1930
58083,ok,1816
58084,ok,1883
58085,ok,1914
58086,ok,1887
58088,ok,1875
58537,unknown,
58089,recent,
58090,ok,1875
58091,ok,1954
58092,ok,1865
58093,ok,1865
58095,unknown,
58096,unknown,
58097,unknown,
58098,unknown,
58099,ok,1924
58100,ok,1909
58101,ok,1899
58102,ok,1924
58104,ok,1876
58105,ok,1857
58106,ok,1857
58107,recent,
58108,ok,1854
58109,ok,1921
58110,unknown,
58111,ok,1930
58112,unknown,
58113,unknown,
58114,ok,1868
58115,ok,1942
58117,ok,1903
58118,ok,1823
58176,ok,1900
58119,ok,1919
58120,unknown,
58121,ok,1898
58122,unknown,
58123,ok,1945
58124,ok,1943
58125,ok,1931
58126,unknown,
58127,unknown,
58128,unknown,
58129,unknown,
58131,ok,1943
58132,ok,1952
58133,unknown,
58134,ok,1943
58135,ok,1780
58136,recent,
58137,ok,1917
58138,ok,1712
58139,recent,
58140,ok,1874
58146,ok,1882
58147,ok,1861
58149,ok,1932
58150,ok,1940
58151,ok,1876
58152,ok,1845
58153,unknown,
58154,ok,1918
58155,recent,
58157,recent,
58158,recent,
58159,ok,1924
58160,unknown,
58162,recent,
58163,recent,
58164,ok,1938
58165,ok,1952
58166,ok,1887
58167,unknown,
58168,ok,1924
58169,ok,1938
58170,unknown,
58171,recent,
58172,recent,
58173,unknown,
58174,unknown,
58175,ok,1896
58178,unknown,
58179,ok,1940
58180,unknown,
58181,recent,
58182,recent,
58183,ok,1924
58184,ok,1871
58185,unknown,
58186,unknown,
58187,unknown,
58188,ok,1887
58189,unknown,
58191,unknown,
58192,ok,1944
58193,ok,1928
58195,recent,
58196,unknown,
58197,ok,1852
58198,unknown,
58199,recent,
58200,unknown,
58201,ok,1916
58202,ok,1940
58204,ok,1940
58205,ok,1935
58206,ok,1926
58207,recent,
58281,recent,
58209,ok,1888
58210,unknown,
58211,ok,1888
58212,ok,1882
58213,unknown,
58214,unknown,
58216,ok,1937
58217,ok,1940
58218,unknown,
58220,unknown,
58222,ok,1932
58223,unknown,
58224,ok,1915
58226,ok,1931
58228,ok,1937
58229,unknown,
58230,ok,1907
58231,unknown,
58232,recent,
58233,ok,1943
58235,unknown,
58236,ok,1920
58237,unknown,
58239,unknown,
58241,ok,1942
58242,ok,1938
58243,unknown,
58244,ok,1850
58245,ok,1950
58246,ok,1922
58249,recent,
58250,recent,
58251,ok,1840
58252,unknown,
58253,ok,1897
58254,unknown,
58255,ok,1926
58256,ok,1951
58259,ok,1941
58260,ok,1918
58262,unknown,
58263,ok,1948
58265,ok,1918
58266,ok,1937
58267,unknown,
58268,ok,1912
58269,ok,1911
58270,ok,1888
58271,ok,1910
58272,recent,
58273,recent,
58274,ok,1937
58276,unknown,
58279,ok,1936
58280,ok,1951
58283,unknown,
58284,ok,1902
58285,recent,
58286,unknown,
58287,ok,1950
58288,ok,1887
58289,recent,
58290,ok,1856
58292,ok,1955
58293,unknown,
58294,recent,
58295,recent,
58299,ok,1876
58301,recent,
58302,recent,
58303,unknown,
58304,ok,1930
58305,ok,1954
58307,ok,1898
58308,ok,1758
58309,ok,1915
58310,ok,1935
58312,ok,1912
58314,ok,1866
58315,unknown,
58317,ok,1952
58357,unknown,
58318,unknown,
58319,ok,1955
58320,ok,1897
58321,ok,1897
58322,ok,1897
58323,ok,1897
58324,ok,1939
58325,ok,1924
58328,recent,
58329,recent,
58330,ok,1931
58332,ok,1876
58333,ok,1885
58334,ok,1944
58335,unknown,
58336,recent,
58337,unknown,
58338,ok,1903
58340,recent,
58343,ok,1924
58344,recent,
58345,ok,1887
58346,ok,1887
58347,recent,
58348,ok,1943
58349,ok,1954
58350,unknown,
58355,recent,
58356,ok,1917
58840,ok,1924
58358,unknown,
58359,ok,1955
58360,ok,1890
58361,ok,1873
58362,ok,1884
58363,unknown,
58364,ok,1863
58366,ok,1884
58367,ok,1900
58369,unknown,
58370,unknown,
58371,ok,1943
58373,unknown,
58377,unknown,
58378,recent,
58379,recent,
58380,unknown,
58381,ok,1913
58382,recent,
58383,recent,
58384,unknown,
58385,unknown,
58386,unknown,
58387,ok,1945
58388,unknown,
58390,ok,1935
58391,ok,1917
58392,ok,1938
58393,ok,1294
58394,ok,1947
58395,ok,1917
58396,ok,1947
58397,ok,1875
58398,unknown,
58400,ok,1931
58402,ok,1907
58403,ok,1939
58404,ok,1674
58405,ok,1912
58406,recent,
58407,unknown,
58408,ok,1922
58409,ok,1878
58410,ok,1916
58411,unknown,
58412,recent,
58413,recent,
58414,ok,1884
58416,ok,1933
58417,unknown,
58418,ok,1955
58419,ok,1692
58420,unknown,
58421,ok,1867
58422,ok,1916
58423,ok,1942
58424,ok,1931
58426,ok,1931
58427,ok,1870
58430,ok,1948
58431,ok,1887
58432,unknown,
58433,ok,1914
58434,ok,1928
58435,recent,
58436,recent,
58437,unknown,
58439,recent,
58440,recent,
58441,ok,1913
58442,ok,1913
58443,ok,1913
58444,unknown,
58445,unknown,
58446,ok,1897
58503,unknown,
58447,ok,1841
58448,unknown,
58449,ok,1842
58450,ok,1939
58451,ok,1914
58452,ok,1904
58453,unknown,
58454,ok,1890
58455,ok,1948
58456,ok,1943
58457,unknown,
58458,ok,1953
58459,ok,1897
58460,ok,1861
58461,ok,1943
58462,ok,1897
58463,ok,1916
58464,ok,1899
58465,ok,1903
58466,ok,1932
58467,unknown,
58468,ok,1948
58469,ok,1942
58470,ok,1897
58471,ok,1916
58472,ok,1938
58504,unknown,
58473,recent,
58475,unknown,
58476,ok,1918
58477,recent,
58478,recent,
58480,ok,1886
58482,ok,1943
58483,ok,1939
58485,unknown,
58486,ok,1939
58488,unknown,
58489,unknown,
58490,unknown,
58491,ok,1950
58492,ok,1825
58493,unknown,
58494,unknown,
58495,unknown,
58496,ok,1943
58497,unknown,
58498,ok,1940
58499,ok,1874
58500,ok,1936
58501,ok,1937
58502,unknown,
58507,unknown,
58508,recent,
58509,unknown,
58510,ok,1944
58511,ok,1953
58512,ok,1938
58513,ok,1947
58514,recent,
58516,ok,1802
58517,ok,1894
58518,ok,1894
58519,ok,1894
58523,ok,1912
58524,recent,
58525,ok,1891
58526,ok,1942
58527,ok,1931
58529,ok,1923
58530,ok,1932
58531,ok,1947
58532,ok,1920
58533,unknown,
58534,ok,1945
58535,ok,1825
58536,ok,1825
58538,ok,1825
58539,ok,1825
58540,ok,1920
58541,unknown,
58542,ok,1892
58546,ok,1949
58547,ok,1825
58548,ok,1825
58549,unknown,
58550,unknown,
58551,unknown,
58552,unknown,
58553,ok,1922
58554,ok,1825
58555,ok,1826
58556,ok,1926
58557,ok,1876
58558,ok,1882
58559,ok,1799
58560,recent,
58561,recent,
58562,ok,1953
58565,ok,1871
58566,ok,1918
58567,ok,1893
58568,ok,1899
58569,ok,1953
58570,unknown,
58571,ok,1874
58572,recent,
58573,recent,
58574,recent,
58575,ok,1935
58576,ok,1949
58577,ok,1930
58578,ok,1898
58580,ok,1931
58581,recent,
58582,ok,1887
58583,recent,
58584,recent,
58586,recent,
58587,unknown,
58588,unknown,
58589,ok,1922
58590,unknown,
58591,ok,1943
58613,unknown,
58614,ok,1901
58592,unknown,
58593,ok,1951
58594,ok,1938
58595,ok,1950
58596,ok,1922
58597,ok,1935
58598,ok,1924
58599,unknown,
58600,ok,1825
58601,unknown,
58602,ok,1853
58603,ok,1825
58604,ok,1910
58605,unknown,
58606,ok,1923
58608,ok,1896
58609,unknown,
58610,recent,
58611,recent,
58612,unknown,
58616,ok,1825
58617,ok,1919
58618,ok,1825
58619,ok,1912
58620,recent,
58621,ok,1941
58622,recent,
58623,unknown,
58624,ok,1950
58625,ok,1904
58626,recent,
58627,ok,1933
58628,recent,
58629,recent,
58632,ok,1901
58633,ok,1949
58634,ok,1949
58635,ok,1941
58636,unknown,
58638,ok,1952
58639,recent,
58642,recent,
58644,recent,
58645,unknown,
58646,recent,
58647,recent,
58649,ok,1929
58744,unknown,
58650,ok,1933
58651,ok,1943
58652,recent,
58653,unknown,
58654,ok,1955
58655,ok,1902
58656,ok,1945
58657,unknown,
58658,ok,1918
58659,recent,
58660,unknown,
58661,ok,1889
58662,unknown,
58663,unknown,
58664,ok,1944
58665,unknown,
58666,ok,1931
58667,ok,1943
58668,ok,1943
58669,ok,1918
58670,recent,
58671,ok,1943
58672,ok,1901
58673,recent,
58674,unknown,
58676,recent,
58677,unknown,
58678,unknown,
58679,unknown,
58680,ok,1946
58681,ok,1901
58682,recent,
58684,ok,1948
58685,ok,1923
58687,recent,
58688,recent,
58690,unknown,
58691,ok,1953
58692,ok,1935
58693,ok,1893
58694,ok,1848
58695,unknown,
58696,recent,
58697,ok,1914
58698,ok,1922
58699,ok,1954
58700,ok,1925
58701,ok,1887
58702,ok,1948
58703,unknown,
58704,unknown,
58705,ok,1840
58706,unknown,
58707,ok,1897
58708,unknown,
58709,ok,1913
58710,ok,1897
58711,ok,1919
58712,unknown,
58714,unknown,
58715,ok,1944
58716,ok,1902
58717,ok,1918
58718,unknown,
58719,ok,1951
58720,ok,1926
58721,recent,
58722,recent,
58723,unknown,
58725,recent,
58726,ok,1928
58727,ok,1928
58728,ok,1928
58729,unknown,
58730,recent,
58731,ok,1802
58732,ok,1941
58733,recent,
58734,unknown,
58735,recent,
58736,ok,1932
58737,recent,
58738,ok,1885
58739,recent,
58740,ok,1939
58741,recent,
58743,recent,
58746,ok,1854
58747,recent,
58748,recent,
58749,unknown,
58750,ok,1909
58751,unknown,
58752,recent,
58753,unknown,
58754,ok,1851
58755,unknown,
58756,unknown,
58757,ok,1946
58758,unknown,
58759,unknown,
58761,ok,1825
58762,ok,1905
58763,unknown,
58764,ok,1943
58765,recent,
58766,ok,1925
58767,unknown,
58768,ok,1885
58769,ok,1923
58770,ok,1927
58771,ok,1944
58773,unknown,
58774,ok,1887
58775,ok,1943
58841,ok,1943
58776,ok,1886
58777,recent,
58778,recent,
58781,ok,1933
58783,ok,397
58784,recent,
58785,ok,1952
58786,ok,1901
58787,unknown,
58789,unknown,
58790,recent,
58791,ok,1893
58792,ok,1926
58793,unknown,
58794,unknown,
58795,ok,1896
58796,ok,1935
58797,ok,1914
58798,recent,
58799,ok,1918
58800,ok,1931
58801,unknown,
58802,recent,
58803,recent,
58806,recent,
58807,recent,
58808,unknown,
58839,ok,1923
58809,ok,1923
58810,ok,1910
58812,ok,1897
58813,ok,1952
58814,ok,1934
58816,ok,1939
58817,ok,1925
58818,ok,1906
58819,unknown,
58820,recent,
58821,ok,1919
58822,ok,1841
58823,unknown,
58824,recent,
58825,recent,
58826,unknown,
58827,recent,
58828,ok,1944
58829,ok,1936
58830,ok,1936
58831,ok,1946
58832,unknown,
58833,ok,1893
58834,ok,1901
58835,recent,
58836,ok,1922
58837,ok,1896
58838,unknown,
58842,ok,1908
58843,recent,
58844,recent,
58845,recent,
58846,ok,1887
58849,ok,1916
58850,ok,1865
58852,ok,1926
58853,ok,1881
58854,unknown,
58855,ok,1918
58856,ok,1923
58857,ok,1878
58859,ok,1813
58860,ok,1813
58861,ok,1813
58862,ok,1813
58863,ok,1939
58864,unknown,
58866,recent,
58867,ok,1924
58868,unknown,
58869,ok,1901
58870,ok,1946
58871,ok,1950
58873,ok,1953
58874,ok,1950
58875,unknown,
58876,ok,1927
58877,ok,1946
58878,ok,1949
58879,ok,1915
58880,unknown,
58881,unknown,
58882,ok,1940
58883,unknown,
58884,ok,1940
58886,ok,1954
58887,ok,1947
58888,unknown,
58889,ok,1954
58890,unknown,
58892,ok,1943
58893,recent,
58894,ok,1891
58895,unknown,
58896,unknown,
58897,unknown,
58898,ok,1943
58899,recent,
58900,ok,1921
58901,ok,1802
58902,ok,1802
58903,unknown,
58904,recent,
58905,recent,
58907,ok,1884
58908,ok,1893
58909,ok,1943
58911,ok,1895
58912,recent,
58913,ok,1848
58914,ok,1940
58915,unknown,
58918,ok,1913
58919,unknown,
58920,recent,
58921,ok,1942
58922,recent,
58923,unknown,
58924,ok,1895
58925,recent,
58926,unknown,
58927,unknown,
58928,unknown,
58929,ok,1915
58930,ok,1935
58931,ok,1848
58932,recent,
58933,ok,1891
58934,ok,1943
58935,recent,
58937,unknown,
58938,ok,1916
58939,recent,
58940,ok,1894
58942,ok,1950
58943,ok,1882
58944,ok,1944
58945,unknown,
58946,unknown,
58947,ok,1947
58948,unknown,
58950,ok,1943
58951,unknown,
58952,ok,1917
58953,recent,
58954,ok,1928
58955,unknown,
58956,unknown,
58958,unknown,
58960,recent,
58961,unknown,
58962,unknown,
58963,unknown,
58964,ok,1936
58965,unknown,
58966,unknown,
58967,unknown,
58968,ok,1923
58969,unknown,
58970,unknown,
58971,unknown,
58972,ok,1925
58973,unknown,
58974,recent,
58975,unknown,
58976,ok,1887
58977,ok,1945
58979,unknown,
58980,unknown,
58981,unknown,
58982,ok,1873
58983,ok,1940
58984,ok,1940
58985,unknown,
58987,ok,1927
58988,ok,1922
58990,ok,1884
58991,recent,
58992,recent,
58993,recent,
58994,recent,
58995,recent,
58996,ok,1936
58997,unknown,
58998,ok,1948
59000,ok,1838
59001,unknown,
59026,unknown,
59002,ok,1916
59003,unknown,
59004,ok,1951
59005,ok,1945
59006,ok,1835
59007,ok,1921
59008,recent,
59009,recent,
59010,recent,
59011,recent,
59012,ok,1901
59013,ok,1931
59014,unknown,
59015,ok,1945
59016,ok,1943
59017,unknown,
59018,ok,1950
59019,ok,1924
59020,ok,1901
59021,ok,1896
59022,recent,
59023,recent,
59024,recent,
59025,recent,
59031,ok,1912
59032,ok,1943
59033,ok,1887
59034,recent,
59035,ok,1931
59036,recent,
59038,unknown,
59039,ok,1941
59040,ok,1918
59041,unknown,
59042,ok,1923
59043,ok,1944
59044,unknown,
59045,unknown,
59048,recent,
59049,recent,
59050,ok,1923
59052,ok,1929
59053,unknown,
59054,recent,
59055,ok,1897
59056,unknown,
59057,ok,1911
59058,ok,1882
59060,ok,1942
59061,recent,
59062,ok,1870
59096,ok,1950
59063,ok,1870
59065,unknown,
59066,recent,
59067,unknown,
59068,recent,
59069,recent,
59070,recent,
59071,unknown,
59072,ok,1941
59073,unknown,
59074,ok,1953
59075,ok,1900
59076,ok,1807
59077,unknown,
59078,recent,
59080,ok,1913
59082,recent,
59083,ok,1922
59084,unknown,
59085,ok,1952
59086,unknown,
59089,unknown,
59090,ok,1950
59091,ok,1951
59092,recent,
59093,ok,1863
59094,ok,1911
59095,unknown,
59099,recent,
59100,ok,1926
59101,recent,
59102,unknown,
59103,unknown,
59104,ok,1953
59106,recent,
59107,ok,1887
59108,unknown,
59109,ok,1896
59110,unknown,
59111,recent,
59112,recent,
59113,ok,1943
59114,ok,1884
59116,ok,1895
59118,unknown,
59120,recent,
59121,recent,
59122,recent,
59123,recent,
59124,unknown,
59125,recent,
59126,ok,1942
59127,ok,1829
59128,unknown,
59129,unknown,
59130,ok,1925
59131,ok,1878
59132,ok,1919
59133,ok,1830
59134,ok,1943
59135,ok,1943
59136,ok,1944
59138,ok,1949
59139,unknown,
59140,ok,1878
59141,recent,
59142,ok,1924
59143,ok,1945
59144,ok,1887
59145,recent,
59146,recent,
59147,ok,1916
59148,recent,
59149,recent,
59150,unknown,
59151,ok,1850
59152,unknown,
59153,unknown,
59155,unknown,
59156,ok,1890
59157,recent,
59158,ok,1949
59159,ok,1926
59160,recent,
59162,ok,1877
59163,recent,
59164,recent,
59165,ok,1946
59166,ok,1857
59167,ok,1950
59168,ok,1940
59169,recent,
59170,unknown,
59171,ok,1929
59172,unknown,
59174,recent,
59175,unknown,
59176,unknown,
59177,ok,1933
59178,ok,1940
59179,ok,1940
59180,recent,
59181,ok,1939
59182,ok,1942
59183,unknown,
59184,unknown,
59188,ok,1925
59190,unknown,
59191,unknown,
59192,unknown,
59193,unknown,
59194,recent,
59195,recent,
59196,recent,
59197,ok,1922
59198,ok,1946
59199,ok,1947
59200,ok,1933
59201,ok,1923
59202,ok,1848
59203,recent,
59204,ok,1924
59205,ok,1946
59206,ok,1918
59207,ok,1894
59208,unknown,
59209,ok,1922
59210,ok,1904
59211,ok,1897
59212,ok,1929
59213,unknown,
59214,ok,1939
59215,ok,1903
59216,ok,1882
59217,ok,1881
59220,unknown,
59223,ok,1937
59224,unknown,
59225,ok,1895
59226,recent,
59227,recent,
59228,recent,
59230,ok,1916
59231,recent,
59232,unknown,
59233,ok,1949
59234,recent,
59235,ok,1901
59236,ok,1845
59237,ok,1858
59238,ok,1860
59239,ok,1936
59240,ok,1930
59241,unknown,
59242,recent,
59243,recent,
59245,unknown,
59247,ok,1950
59248,ok,1944
59249,ok,1926
59250,ok,1948
59251,ok,1935
59252,recent,
59253,ok,1896
59254,recent,
59255,unknown,
59256,ok,1922
59257,ok,1952
59259,recent,
59260,ok,1875
59261,unknown,
59262,unknown,
59263,unknown,
59264,ok,1937
59267,unknown,
59269,ok,1878
59270,ok,1942
59271,ok,1926
59272,ok,1868
59273,ok,1931
59274,unknown,
59276,ok,1923
59277,ok,1926
59279,recent,
59280,recent,
59281,recent,
59282,recent,
59283,ok,1926
59284,unknown,
59285,recent,
59286,recent,
59287,recent,
59288,recent,
59289,recent,
59290,ok,1854
59291,ok,1807
59293,unknown,
59295,ok,1894
59296,unknown,
59297,recent,
59299,recent,
59300,recent,
59301,recent,
59302,recent,
59303,ok,1950
59304,recent,
59306,ok,1887
59307,ok,1941
59308,unknown,
59309,unknown,
59310,ok,1938
59311,unknown,
59312,ok,1928
59313,ok,1893
59314,recent,
59315,unknown,
59316,unknown,
59317,unknown,
59318,recent,
59319,ok,1945
59320,ok,1946
59321,unknown,
59322,ok,1944
59323,recent,
59324,recent,
59325,recent,
59326,ok,1897
59327,ok,1888
59328,unknown,
59329,unknown,
59330,ok,1909
59331,ok,1916
59332,ok,1936
59333,ok,1893
59334,unknown,
59335,unknown,
59336,ok,1890
59339,unknown,
59340,unknown,
59342,unknown,
59343,ok,1944
59344,ok,1918
59345,unknown,
59346,unknown,
59347,unknown,
59348,ok,1906
59349,ok,1949
59351,ok,1877
59352,ok,1872
59354,ok,1954
59355,unknown,
59356,recent,
59357,unknown,
59358,unknown,
59359,recent,
59360,recent,
59361,recent,
59362,unknown,
59363,unknown,
59364,unknown,
59365,ok,1927
59366,ok,1894
59367,ok,1936
59368,recent,
59369,recent,
59370,ok,1949
59371,unknown,
59372,ok,1903
59373,recent,
59375,recent,
59376,recent,
59377,unknown,
59378,recent,
59379,ok,1949
59380,recent,
59381,unknown,
59382,ok,1871
59383,unknown,
59384,unknown,
59385,recent,
59386,ok,1939
59387,unknown,
59388,recent,
59390,ok,1903
59391,recent,
59392,recent,
59393,recent,
59394,recent,
59396,ok,1896
59397,unknown,
59398,unknown,
59399,ok,1935
59400,ok,1877
59401,ok,1910
59402,ok,1954
59403,unknown,
59404,recent,
59405,ok,1950
59406,unknown,
59407,recent,
59408,recent,
59409,recent,
59410,unknown,
59411,ok,1896
59412,unknown,
59413,ok,1954
59415,recent,
59418,recent,
59419,unknown,
59420,unknown,
59421,ok,1929
59422,ok,1925
59423,unknown,
59424,ok,1897
59425,ok,1783
59426,recent,
59427,unknown,
59428,recent,
59429,ok,1897
59430,ok,1950
59431,ok,1944
59432,ok,1948
59433,unknown,
59434,ok,1927
59436,unknown,
59437,ok,1937
59438,recent,
59439,ok,1950
59440,unknown,
59441,recent,
59442,unknown,
59443,ok,1908
59444,recent,
59446,ok,1942
59447,recent,
59448,ok,1940
59449,ok,1829
59450,ok,1866
59451,unknown,
59452,unknown,
59453,unknown,
59454,ok,1949
59455,ok,1895
59456,ok,1900
59457,ok,1893
59458,recent,
59460,recent,
59461,recent,
59462,recent,
59463,ok,1938
59465,ok,1889
59466,unknown,
59467,unknown,
59468,ok,1927
59469,ok,1927
59470,recent,
59472,unknown,
59473,ok,1918
59474,ok,1950
59475,recent,
59476,recent,
59477,unknown,
59478,ok,1943
59480,unknown,
59482,unknown,
59483,unknown,
59484,unknown,
59485,ok,1951
59486,ok,1900
59489,ok,1932
59490,ok,1932
59491,unknown,
59494,recent,
59495,unknown,
59496,unknown,
59497,ok,1928
59498,recent,
59499,ok,1937
59500,ok,1884
59501,ok,1774
59502,ok,1951
59503,ok,1939
59504,recent,
59505,unknown,
59506,ok,1922
59507,recent,
59508,recent,
59509,recent,
59510,unknown,
59511,unknown,
59512,ok,1952
59514,recent,
59515,recent,
59516,unknown,
59517,ok,1899
59518,unknown,
59519,unknown,
59520,ok,1930
59521,unknown,
59522,unknown,
59523,unknown,
59524,ok,1949
59525,ok,1891
59526,ok,1891
59527,recent,
59528,ok,1925
59529,ok,1902
59530,ok,1950
59531,ok,1954
59532,ok,1933
59533,ok,1821
59535,recent,
59536,unknown,
59538,ok,1928
59564,recent,
59565,ok,1954
59566,unknown,
59601,ok,1947
59539,ok,1874
59540,recent,
59541,recent,
59542,recent,
59543,ok,1907
59545,recent,
59546,unknown,
59548,ok,1939
59549,ok,1947
59550,ok,1928
59551,ok,1794
59552,ok,1903
59553,unknown,
59554,ok,1950
59555,recent,
59556,recent,
59557,unknown,
59558,unknown,
59559,unknown,
59560,ok,1918
59561,recent,
59563,unknown,
59602,recent,
59567,ok,1928
59570,recent,
59571,recent,
59572,recent,
59573,ok,1934
59574,recent,
59575,recent,
59576,unknown,
59577,unknown,
59578,ok,1850
59579,unknown,
59581,recent,
59584,ok,1890
59585,ok,1890
59586,unknown,
59587,unknown,
59588,recent,
59589,unknown,
59590,ok,1949
59591,recent,
59592,ok,1943
59593,ok,1858
59594,ok,1916
59595,ok,1876
59598,ok,1946
59599,unknown,
59600,unknown,
59603,recent,
59604,ok,1896
59605,unknown,
59606,ok,1935
59607,ok,1941
59608,ok,1912
59609,recent,
59610,recent,
59611,unknown,
59614,recent,
59615,recent,
59616,recent,
59617,ok,1923
59618,ok,1878
59619,ok,1893
59621,ok,1924
59622,recent,
59623,ok,1944
59624,ok,1894
59625,unknown,
59626,ok,1919
59627,unknown,
59628,unknown,
59630,ok,1934
59632,unknown,
59633,unknown,
59634,ok,1954
59636,unknown,
59637,recent,
59638,recent,
59639,unknown,
59640,recent,
59641,unknown,
59642,ok,1943
59643,recent,
59644,unknown,
59645,ok,1915
59647,ok,1939
59648,recent,
59649,unknown,
59650,ok,1946
59651,unknown,
59652,recent,
59653,recent,
59654,ok,1912
59656,unknown,
59657,ok,1858
59658,ok,1899
59660,unknown,
59662,ok,1934
59663,unknown,
59664,unknown,
59665,unknown,
59666,unknown,
59668,unknown,
59669,recent,
59670,recent,
59671,recent,
59672,ok,1936
59673,ok,1894
59674,ok,1912
59675,recent,
59676,unknown,
59677,ok,1816
59678,recent,
59679,unknown,
59680,recent,
59681,ok,1922
59682,unknown,
59684,unknown,
59685,ok,1911
59688,unknown,
59689,ok,1919
59690,unknown,
59691,unknown,
59692,unknown,
59693,recent,
59694,ok,1918
59695,ok,1679
59698,ok,1805
59699,unknown,
59700,ok,1918
59702,ok,1870
59703,recent,
59705,ok,1944
59706,recent,
59707,recent,
59708,recent,
59709,unknown,
59710,ok,1803
59711,ok,1803
59712,recent,
59713,ok,1931
59714,unknown,
59715,ok,1935
59716,ok,1952
59719,ok,1916
59720,ok,1897
59721,ok,1897
59723,unknown,
59724,ok,1932
59725,unknown,
59726,recent,
59727,ok,1926
59728,recent,
59729,ok,1783
59730,recent,
59732,ok,1919
59733,ok,1919
59734,unknown,
59735,unknown,
59736,unknown,
59737,recent,
59738,unknown,
59739,recent,
59740,unknown,
59741,unknown,
59742,recent,
59743,ok,1791
59745,ok,1676
59746,ok,1924
59747,recent,
59748,unknown,
59749,unknown,
59750,ok,1919
59751,ok,1919
59752,ok,1950
59754,ok,1887
59755,ok,1859
59756,ok,1937
59757,ok,1915
59759,ok,1897
59760,unknown,
59761,unknown,
59763,ok,1944
59764,ok,1936
59766,recent,
59767,recent,
59768,recent,
59769,ok,1946
59770,recent,
59771,ok,1948
59772,recent,
59774,ok,1946
59775,recent,
59776,ok,1946
59777,recent,
59778,ok,1946
59779,ok,1934
59780,ok,1924
59781,recent,
59782,ok,1901
59783,ok,1937
59784,recent,
59785,recent,
59786,recent,
59787,unknown,
59788,ok,1844
59789,ok,1851
59790,ok,1926
59791,ok,1950
59792,unknown,
59793,ok,1899
59794,recent,
59795,ok,1931
59798,ok,1949
59799,ok,1947
59800,recent,
59801,ok,1914
59802,recent,
59804,unknown,
59805,unknown,
59806,recent,
59807,ok,1952
59808,unknown,
59809,unknown,
59810,unknown,
59811,unknown,
59812,unknown,
59813,ok,1953
59814,recent,
59815,ok,1943
59816,ok,1950
59817,unknown,
59818,ok,1935
59819,ok,1937
59820,ok,1859
59821,ok,1918
59822,ok,1938
59823,ok,1924
59824,recent,
59825,recent,
59826,ok,1954
59827,ok,1931
59828,ok,1884
59829,ok,1907
59830,ok,1859
59831,ok,1930
59832,ok,1859
59834,ok,1939
59836,recent,
59837,unknown,
59839,unknown,
59840,unknown,
59841,ok,1950
59842,unknown,
59843,ok,1895
59844,ok,1911
59845,recent,
59846,ok,1829
59847,ok,1921
59848,ok,1930
59849,unknown,
59850,ok,1939
59851,ok,1916
59853,ok,1916
59854,recent,
59855,unknown,
59856,unknown,
59857,recent,
59858,ok,1935
59859,ok,1899
59860,ok,1931
59861,ok,1930
59862,ok,1937
59863,unknown,
59864,ok,1915
59865,ok,1923
59867,unknown,
59868,recent,
59869,unknown,
59872,unknown,
59873,ok,1933
59874,ok,1944
59875,ok,1872
59876,unknown,
59877,unknown,
59880,ok,1948
59881,unknown,
59882,ok,1919
59883,recent,
59884,ok,1953
59885,unknown,
59886,unknown,
59887,ok,1887
59889,recent,
59890,ok,1905
59891,ok,1918
59892,ok,1928
59893,ok,1935
59894,recent,
59895,ok,1942
59896,recent,
59897,ok,1943
59898,ok,1946
59899,ok,1922
59901,unknown,
59902,ok,1941
59904,ok,1899
59905,recent,
59906,unknown,
59907,ok,1923
59908,unknown,
59909,ok,1954
59911,ok,1894
59912,ok,1894
59913,recent,
59914,recent,
59916,unknown,
59918,ok,1897
59920,unknown,
59922,ok,1922
59923,ok,1905
59924,ok,1884
59926,ok,1954
59927,ok,1894
59928,ok,1929
59929,ok,1919
59930,ok,1925
59931,ok,1952
59932,ok,1941
59933,ok,1925
59934,ok,1942
59935,ok,1942
59936,ok,1952
59937,ok,1950
59938,ok,1870
59939,unknown,
59940,ok,1952
59941,unknown,
59944,ok,1946
59946,unknown,
59947,unknown,
59948,unknown,
59949,unknown,
59950,unknown,
59951,ok,1933
59952,ok,1930
59953,ok,1890
59955,ok,1902
59956,ok,1919
59957,unknown,
59959,ok,1898
59960,recent,
59961,ok,1928
59962,ok,1926
59963,ok,1923
59964,ok,1934
59965,recent,
59966,ok,1873
59967,ok,1891
59968,ok,1941
59969,unknown,
59970,ok,1901
59971,ok,1924
59972,unknown,
59974,recent,
59975,ok,1942
59976,unknown,
59977,unknown,
59978,unknown,
59979,unknown,
59980,unknown,
59981,ok,1953
59982,recent,
59983,unknown,
59984,ok,1808
59985,unknown,
59986,ok,1917
59987,unknown,
59988,ok,1939
59990,ok,1889
59991,unknown,
59992,ok,1906
59993,recent,
59994,ok,1938
59995,ok,1941
59996,ok,1858
59997,ok,1869
59998,ok,1869
59999,ok,1936
60000,unknown,
60001,ok,1923
60003,ok,1950
60004,ok,-565
60005,unknown,
60006,ok,1875
60007,ok,1913
60008,unknown,
60009,unknown,
60010,unknown,
60011,recent,
60012,recent,
60013,recent,
60014,recent,
60015,ok,1890
60016,unknown,
60017,recent,
60018,ok,1897
60019,unknown,
60020,recent,
60021,ok,1952
60022,unknown,
60023,unknown,
60024,unknown,
60025,ok,1858
60026,ok,1946
60027,unknown,
60028,ok,1918
60029,ok,1932
60030,ok,1911
60033,ok,1911
60034,ok,1924
60035,ok,1872
60036,ok,1921
60037,recent,
60038,ok,1929
60039,ok,1950
60040,ok,1916
60041,ok,1922
60042,ok,1955
60043,unknown,
60044,ok,1954
60045,unknown,
60046,recent,
60047,recent,
60048,ok,1892
60050,ok,1950
60051,ok,1920
60052,ok,1917
60053,unknown,
60054,ok,1926
60055,ok,1919
60056,unknown,
60057,ok,1936
60058,ok,1774
60059,ok,1914
60060,recent,
60061,unknown,
60064,unknown,
60065,ok,1893
60066,ok,1888
60067,recent,
60068,ok,1933
60070,recent,
60071,ok,1820
60072,ok,1894
60073,ok,1894
60074,ok,1949
60075,ok,1828
60076,ok,1904
60077,ok,1857
60078,ok,1930
60079,recent,
60080,ok,1932
60081,ok,1953
60082,ok,1938
60083,unknown,
60084,ok,1891
60110,unknown,
60086,ok,1896
60087,unknown,
60090,ok,1953
60091,unknown,
60093,recent,
60095,recent,
60096,recent,
60097,ok,1941
60098,ok,1908
60099,ok,1941
60100,ok,1924
60101,unknown,
60102,ok,1939
60103,unknown,
60104,ok,1845
60105,unknown,
60106,ok,1858
60107,unknown,
60108,recent,
60109,ok,1923
60113,recent,
60114,ok,1954
60116,unknown,
60118,unknown,
60119,ok,1907
60120,ok,1930
60121,ok,1930
60122,ok,1930
60123,ok,1930
60124,ok,1925
60125,ok,1948
60126,ok,1903
60128,unknown,
60129,ok,1951
60131,unknown,
60132,unknown,
60133,recent,
60134,unknown,
60135,ok,1936
60136,ok,1946
60138,ok,1893
60139,unknown,
60140,unknown,
60141,unknown,
60142,ok,1893
60143,recent,
60144,ok,1909
60145,ok,1937
60146,ok,1938
60148,unknown,
60149,ok,1893
60150,ok,1940
60151,unknown,
60152,ok,1872
60153,ok,1940
60154,recent,
60155,unknown,
60156,ok,1904
60157,ok,1952
60158,unknown,
60159,unknown,
60162,ok,1937
60163,ok,1838
60164,ok,1936
60165,ok,1905
60166,recent,
60167,recent,
60168,ok,1940
60169,ok,1935
60170,ok,1906
60171,unknown,
60172,unknown,
60173,ok,1946
60174,ok,1845
60175,ok,1945
60176,ok,1951
60177,ok,1935
60178,ok,1930
60179,ok,1926
60180,ok,1903
60181,unknown,
60182,ok,1912
60184,ok,1911
60185,ok,1934
60186,ok,1933
60187,unknown,
60188,unknown,
60189,ok,1945
60191,ok,1919
60192,unknown,
60193,ok,1896
60195,ok,1911
60196,recent,
60197,recent,
60199,ok,1918
60200,unknown,
60202,unknown,
60204,ok,1909
60205,ok,1943
60207,ok,1864
60209,ok,1954
60211,unknown,
60212,ok,1878
60213,ok,1904
60214,ok,1951
60215,unknown,
60216,unknown,
60217,unknown,
60219,ok,1920
60220,ok,1915
60222,ok,1916
60223,ok,1952
60225,ok,1876
60226,ok,1944
60227,ok,1894
60228,recent,
60229,ok,1928
60230,ok,1878
60231,unknown,
60233,recent,
60234,recent,
60235,ok,1933
60236,ok,1919
60237,recent,
60238,unknown,
60239,recent,
60240,unknown,
60241,ok,1940
60242,ok,1905
60243,ok,1922
60244,recent,
60245,unknown,
60246,ok,1945
60247,unknown,
60248,recent,
60250,ok,1941
60252,ok,1954
60253,ok,1947
60254,ok,1884
60255,ok,1950
60256,recent,
60257,unknown,
60258,ok,1915
60259,ok,1945
60260,ok,1936
60261,ok,1936
60262,ok,1945
60263,ok,1953
60264,ok,1732
60265,recent,
60267,unknown,
60268,unknown,
60269,ok,1950
60270,ok,1954
60271,recent,
60272,ok,1926
60273,recent,
60275,recent,
60276,recent,
60277,ok,1954
60278,ok,1941
60279,ok,1915
60280,ok,1926
60282,ok,1882
60283,unknown,
60285,ok,1917
60286,ok,1922
60288,unknown,
60289,ok,1895
60290,ok,1921
60291,recent,
60294,ok,1931
60296,ok,1949
60297,ok,1924
60298,unknown,
60299,ok,1944
60300,unknown,
60302,ok,1881
60303,unknown,
60305,recent,
60307,ok,1921
60308,ok,1948
60309,recent,
60310,ok,1934
60311,recent,
60312,ok,1908
60313,unknown,
60314,unknown,
60315,ok,1940
60316,ok,1896
60317,unknown,
60318,ok,1913
60319,ok,1901
60320,unknown,
60321,unknown,
60322,ok,1915
60323,ok,1935
60324,ok,1941
60325,ok,1941
60326,ok,1941
60327,ok,1941
60328,ok,1904
60329,ok,1894
60330,recent,
60331,ok,1953
60332,ok,1928
60333,recent,
60334,ok,1776
60335,unknown,
60337,ok,1930
60338,ok,1858
60339,ok,1940
60341,ok,1937
60342,unknown,
60343,ok,1922
60345,ok,1940
60346,ok,1933
60347,ok,1870
60348,unknown,
60349,unknown,
60350,unknown,
60351,unknown,
60354,ok,1885
60355,ok,1858
60356,ok,1898
60359,ok,1928
60361,ok,1913
60362,recent,
60363,ok,1917
60364,recent,
60365,unknown,
60366,recent,
60367,unknown,
60368,recent,
60369,ok,1930
60370,ok,1940
60371,ok,1935
60372,ok,1949
60373,ok,1917
60374,ok,1942
60375,ok,1953
60377,ok,1781
60378,ok,1907
60379,ok,1946
60380,ok,1917
60383,ok,1923
60384,unknown,
60385,ok,1950
60386,ok,1843
60387,ok,1843
60388,ok,1843
60389,ok,1843
60390,ok,1843
60391,ok,1843
60392,ok,1798
60393,recent,
60394,ok,1564
60395,ok,1928
60396,recent,
60397,unknown,
60398,ok,1911
60399,ok,1914
60401,unknown,
60402,unknown,
60403,ok,1932
60404,ok,1947
60405,ok,1911
60406,ok,1947
60407,ok,1915
60408,ok,1945
60409,ok,1923
60410,ok,1923
60445,recent,
60446,recent,
60411,ok,1780
60412,recent,
60413,recent,
60414,unknown,
60415,ok,1911
60417,recent,
60418,ok,1908
60419,ok,1861
60420,unknown,
60421,recent,
60422,ok,1952
60423,unknown,
60424,ok,1838
60425,ok,1903
60426,ok,1871
60427,ok,1954
60432,recent,
60433,ok,1917
60434,recent,
60435,ok,1925
60436,unknown,
60438,ok,1936
60440,ok,1887
60441,unknown,
60442,recent,
60443,recent,
60444,recent,
60447,recent,
60448,ok,1945
60449,ok,1865
60450,ok,1905
60451,ok,1937
60452,ok,1932
60453,ok,1920
60454,ok,1908
60455,unknown,
60456,recent,
60457,ok,1938
60458,recent,
60459,unknown,
60460,recent,
60461,recent,
60462,recent,
60463,ok,1945
60465,ok,1942
60466,ok,1909
60467,recent,
60468,ok,1923
60469,recent,
60470,unknown,
60471,unknown,
60472,ok,1930
60473,ok,1903
60474,ok,1894
60475,unknown,
60476,unknown,
60477,unknown,
60479,ok,1918
60481,ok,1935
60482,ok,1936
60483,recent,
60484,ok,1915
60485,ok,1879
60486,ok,1893
60487,ok,1953
60488,ok,1874
60489,ok,1849
60490,ok,1933
60491,ok,1933
60492,ok,1933
60493,unknown,
60495,unknown,
60496,recent,
60503,ok,1893
60504,unknown,
60505,ok,1892
60506,ok,1868
60507,recent,
60509,unknown,
60511,unknown,
60512,unknown,
60513,unknown,
60514,ok,1932
60515,unknown,
60516,unknown,
60517,ok,1942
60518,ok,1952
60519,unknown,
60520,unknown,
60521,recent,
60523,recent,
60524,ok,1921
60525,ok,1937
60526,ok,1944
60527,ok,1932
60528,ok,1930
60529,ok,1946
60530,ok,1941
60531,unknown,
60535,ok,1939
60536,unknown,
60537,ok,1935
60538,unknown,
60540,ok,1944
60541,ok,1922
60542,ok,1930
60545,recent,
60546,recent,
60547,ok,1930
60548,recent,
60550,ok,1906
60551,ok,1850
60552,unknown,
60553,ok,1920
60554,unknown,
60555,ok,1883
60556,ok,1883
60557,ok,1883
60558,ok,1883
60559,ok,1933
60560,ok,1920
60561,ok,1917
60562,ok,1887
60563,ok,1948
60564,ok,1934
60565,unknown,
60566,unknown,
60567,ok,1936
60568,recent,
60570,recent,
60571,ok,1925
60572,unknown,
60573,unknown,
60574,unknown,
60575,ok,1933
60576,ok,1954
60580,ok,1947
60581,ok,1908
60582,unknown,
60584,ok,1935
60585,ok,1925
60587,recent,
60589,ok,1942
60770,ok,1911
60590,ok,1899
60591,recent,
60592,ok,1872
60593,ok,1954
60594,ok,1944
60595,recent,
60596,unknown,
60597,unknown,
60598,unknown,
60599,recent,
60600,recent,
60601,ok,1938
60602,ok,1874
60604,unknown,
60605,ok,1932
60606,recent,
60607,unknown,
60608,recent,
60610,ok,1893
60611,recent,
60612,ok,1944
60613,ok,1921
60614,recent,
60615,ok,1899
60616,ok,1934
60617,ok,1949
60618,ok,1894
60619,ok,1776
60620,unknown,
60621,recent,
60624,unknown,
60625,recent,
60627,recent,
60629,ok,1916
60630,ok,1954
60631,ok,1897
60632,ok,1915
60633,ok,1916
60635,ok,1933
60636,unknown,
60637,unknown,
60638,unknown,
60640,recent,
60645,ok,1932
60646,ok,1881
60649,recent,
60650,unknown,
60651,ok,1894
60652,ok,1912
60653,recent,
60654,recent,
60655,unknown,
60656,ok,1946
60658,recent,
60659,unknown,
60660,unknown,
60695,recent,
60661,unknown,
60662,ok,1919
60663,ok,1953
60664,recent,
60665,ok,1944
60666,ok,1944
60667,unknown,
60668,ok,1879
60669,ok,1892
60670,unknown,
60671,recent,
60676,unknown,
60677,ok,1946
60680,ok,1896
60681,unknown,
60682,recent,
60683,recent,
60685,recent,
60686,ok,1943
60687,unknown,
60688,ok,1878
60691,unknown,
60692,ok,1944
60693,recent,
60694,recent,
60696,ok,1896
60697,unknown,
60698,recent,
60700,ok,1882
60704,ok,1952
60705,ok,1874
60708,unknown,
60709,unknown,
60710,recent,
60711,ok,1873
60713,recent,
60716,unknown,
60717,recent,
60718,ok,1942
60719,ok,1926
60720,ok,1922
60721,unknown,
60725,recent,
60726,recent,
60727,ok,1953
60729,ok,1883
60730,unknown,
60731,ok,1936
60732,recent,
60733,unknown,
60734,unknown,
60735,ok,1938
60736,unknown,
60737,recent,
60738,ok,1921
60739,unknown,
60740,ok,1925
60741,unknown,
60742,ok,1948
60743,recent,
60744,unknown,
60745,recent,
60746,ok,1872
60747,recent,
60749,ok,1936
60750,ok,1932
60751,unknown,
60752,ok,1926
60755,unknown,
60756,recent,
60757,unknown,
60758,unknown,
60759,ok,1871
60760,ok,1917
60761,recent,
60762,unknown,
60764,unknown,
60765,ok,1917
60766,ok,1892
60767,ok,1947
60771,recent,
60773,ok,1861
60774,ok,1872
60775,unknown,
60776,recent,
60780,ok,1923
60781,unknown,
60782,ok,1949
60783,ok,1925
60786,ok,1871
60787,unknown,
60790,ok,1946
60791,ok,1903
60792,recent,
60793,unknown,
60794,unknown,
60795,ok,1949
60796,ok,1949
60797,ok,1949
60798,ok,1915
60799,recent,
60802,ok,1940
60803,unknown,
60804,ok,1908
60805,ok,1914
60806,ok,1856
60807,ok,1912
60808,unknown,
60809,recent,
60839,recent,
60840,ok,1939
60810,ok,1869
60811,ok,1913
60812,ok,1876
60813,unknown,
60814,recent,
60815,ok,1874
60816,ok,1900
60819,ok,1917
60820,ok,1923
60821,ok,1907
60822,unknown,
60823,unknown,
60825,unknown,
60826,ok,1951
60827,ok,1814
60828,ok,1893
60829,recent,
60830,ok,1918
60831,ok,1939
60832,ok,1909
60833,ok,1881
60834,unknown,
60837,recent,
60838,ok,1915
60841,ok,1925
60842,unknown,
60844,ok,1955
60846,recent,
60847,ok,1942
60848,unknown,
60849,unknown,
60850,ok,1905
60852,unknown,
60853,unknown,
60854,recent,
60855,recent,
60856,unknown,
60857,unknown,
60858,ok,1917
60859,recent,
60860,ok,1911
60861,unknown,
60862,unknown,
60863,recent,
60866,recent,
60867,unknown,
60870,ok,1936
60871,recent,
60872,ok,1929
60874,unknown,
60875,ok,1954
60880,ok,1923
60881,recent,
60882,ok,1869
60883,ok,1916
60885,ok,1940
60886,unknown,
60887,unknown,
60889,ok,1890
60890,ok,1915
60891,ok,1854
60892,ok,1777
60893,ok,1930
60894,ok,1944
60895,ok,1921
60896,ok,1894
60897,unknown,
60898,ok,1946
60899,ok,1922
60900,ok,1910
60901,ok,1928
60902,unknown,
60903,ok,1917
60904,recent,
60906,ok,1946
60907,unknown,
60908,unknown,
60911,unknown,
60912,ok,1931
60913,recent,
60914,ok,1951
60915,ok,1798
60916,ok,1951
60917,unknown,
60918,ok,1760
60919,ok,1947
60921,unknown,
60922,recent,
60923,recent,
60924,ok,1882
60926,recent,
60928,recent,
60929,ok,1914
60933,ok,1955
60934,ok,1939
60935,unknown,
60936,unknown,
60937,ok,1861
60938,ok,1955
60939,unknown,
60940,recent,
60941,recent,
60943,ok,1925
60944,recent,
60946,recent,
60947,recent,
60948,ok,1940
60949,unknown,
60950,ok,1954
60951,ok,1862
60955,recent,
60956,ok,1949
60957,ok,1878
60959,unknown,
60960,ok,1906
60961,unknown,
60962,ok,1940
60963,unknown,
60964,ok,1894
60965,ok,1894
60966,ok,1894
60967,ok,1953
60968,ok,1944
60969,ok,1926
60970,ok,1899
60972,ok,1943
60973,unknown,
60974,ok,1947
60975,ok,1951
60976,ok,1859
60977,recent,
60978,ok,1922
60979,ok,1943
60980,ok,1923
60981,unknown,
60983,ok,1927
60984,ok,1915
60985,ok,1939
60986,ok,1918
60989,unknown,
60990,ok,1953
60992,ok,1937
60995,recent,
60996,ok,1930
60997,unknown,
60998,ok,1945
60999,unknown,
61000,unknown,
61001,unknown,
61003,ok,1931
61004,ok,1948
61005,unknown,
61006,unknown,
61007,recent,
61008,unknown,
61009,unknown,
61012,unknown,
61013,unknown,
61014,ok,1941
61015,unknown,
61016,recent,
61017,ok,1931
61019,unknown,
61021,ok,1952
61023,unknown,
61025,ok,1901
61026,unknown,
61027,unknown,
61028,unknown,
61029,ok,1924
61030,unknown,
61034,unknown,
61035,ok,1864
61037,unknown,
61039,ok,1907
61040,ok,1927
61041,ok,1907
61043,ok,1945
61044,unknown,
61045,recent,
61048,recent,
61050,recent,
61051,unknown,
61052,recent,
61053,recent,
61054,recent,
61055,unknown,
61056,unknown,
61057,ok,1916
61058,unknown,
61059,ok,1924
61061,recent,
61062,ok,1885
61063,ok,1896
61064,ok,1925
61065,unknown,
61068,ok,1928
61069,ok,1927
61070,unknown,
61071,ok,1916
61072,ok,1863
61074,ok,1890
61075,ok,1949
61076,ok,1953
61077,recent,
61078,ok,1948
61079,unknown,
61080,ok,1930
61081,unknown,
61082,recent,
61083,recent,
61084,ok,1901
61085,recent,
61086,unknown,
61087,ok,1943
61088,ok,1799
61089,ok,1950
61090,recent,
61091,ok,1918
61092,ok,1892
61093,ok,1894
61094,ok,1950
61096,ok,1919
61097,recent,
61100,unknown,
61102,recent,
61104,unknown,
61105,unknown,
61106,unknown,
61107,ok,1950
61108,ok,1923
61109,unknown,
61110,unknown,
61111,unknown,
61112,ok,1657
61113,ok,1878
61114,ok,1950
61115,unknown,
61116,recent,
61118,ok,1950
61119,recent,
61120,recent,
61121,unknown,
61122,ok,1843
61123,ok,1932
61124,ok,1922
61125,ok,1865
61126,ok,1908
61127,unknown,
61128,recent,
61130,unknown,
61131,unknown,
61132,unknown,
61133,unknown,
61134,ok,1877
61135,unknown,
61136,unknown,
61137,ok,1894
61138,ok,1943
61139,recent,
61141,unknown,
61142,ok,1922
61143,ok,1731
61144,ok,1932
61146,recent,
61147,recent,
61148,ok,1928
61149,recent,
61150,unknown,
61151,ok,1900
61152,ok,1928
61153,ok,1864
61154,unknown,
61155,ok,1794
61156,ok,1935
61157,unknown,
61158,unknown,
61159,ok,1927
61160,recent,
61161,ok,1924
61162,ok,1718
61163,ok,1919
61165,ok,1942
61166,unknown,
61167,recent,
61168,recent,
61169,unknown,
61170,ok,1893
61171,recent,
61172,ok,1928
61173,unknown,
61174,ok,1945
61176,ok,1909
61177,ok,1944
61178,ok,1886
61180,ok,1894
61181,ok,1944
61182,ok,1917
61183,recent,
61184,unknown,
61185,ok,1894
61186,recent,
61187,recent,
61188,unknown,
61193,ok,1870
61194,ok,1916
61195,ok,1929
61196,ok,1922
61198,recent,
61199,unknown,
61200,ok,1941
61201,recent,
61203,unknown,
61204,recent,
61205,ok,1875
61207,ok,1911
61208,ok,1933
61210,recent,
61211,ok,1955
61212,ok,1948
61213,recent,
61215,unknown,
61216,ok,1935
61217,unknown,
61218,unknown,
61219,unknown,
61220,ok,1899
61221,recent,
61222,unknown,
61223,ok,1944
61224,ok,1904
61225,unknown,
61226,ok,1931
61227,ok,1907
61228,recent,
61258,ok,1797
61229,unknown,
61230,unknown,
61231,unknown,
61232,unknown,
61233,ok,1899
61234,ok,1895
61235,ok,1941
61236,ok,1942
61238,ok,1954
61239,ok,1931
61240,ok,1922
61241,ok,1881
61242,recent,
61243,recent,
61245,ok,1912
61246,ok,1947
61247,ok,1896
61248,ok,1926
61249,ok,1899
61250,ok,1916
61251,unknown,
61253,unknown,
61254,unknown,
61255,ok,1878
61257,unknown,
61336,ok,1949
61259,unknown,
61260,recent,
61261,recent,
61262,recent,
61263,recent,
61264,ok,1938
61265,recent,
61267,unknown,
61268,ok,1947
61269,ok,1947
61270,ok,1906
61271,unknown,
61272,ok,1934
61273,unknown,
61274,ok,1940
61276,ok,1935
61277,ok,1872
61278,recent,
61279,unknown,
61280,ok,1893
61281,recent,
61283,unknown,
61284,ok,1955
61285,recent,
61286,recent,
61288,unknown,
61290,ok,1937
61291,ok,1861
61293,unknown,
61338,ok,1937
61294,recent,
61295,ok,1923
61297,ok,1937
61298,ok,1937
61300,ok,1914
61301,ok,1878
61303,recent,
61306,unknown,
61307,unknown,
61308,ok,1911
61309,recent,
61310,ok,1939
61311,ok,1881
61312,ok,1931
61313,ok,1928
61314,ok,1871
61315,unknown,
61316,unknown,
61317,ok,1825
61318,ok,1888
61319,recent,
61320,ok,1921
61321,ok,1937
61325,ok,1930
61329,ok,1943
61330,ok,1947
61331,ok,1924
61332,recent,
61333,recent,
61334,unknown,
61335,unknown,
61340,ok,1935
61341,recent,
61342,ok,1951
61344,ok,1928
61345,ok,1933
61346,ok,1896
61347,ok,1946
61348,ok,1905
61349,ok,1945
61350,unknown,
61351,ok,1926
61352,unknown,
61353,recent,
61355,unknown,
61357,ok,1919
61358,ok,1920
61359,ok,1941
61360,recent,
61362,unknown,
61363,ok,1916
61364,recent,
61365,ok,1937
61366,ok,1935
61367,unknown,
61368,recent,
61369,recent,
61370,ok,1933
61371,recent,
61372,ok,1887
61373,recent,
61374,unknown,
61375,ok,1892
61376,ok,1892
61378,ok,1897
61380,recent,
61382,ok,1896
61383,ok,1502
61384,ok,1934
61385,ok,1915
61386,ok,1924
61387,unknown,
61388,ok,1912
61389,recent,
61390,ok,1919
61391,unknown,
61393,ok,1942
61394,ok,1881
61395,recent,
61396,ok,1916
61397,unknown,
61398,ok,1880
61399,unknown,
61400,unknown,
61401,unknown,
61402,unknown,
61403,unknown,
61404,ok,1923
61405,unknown,
61406,ok,1928
61407,ok,1946
61408,ok,1814
61515,unknown,
61410,ok,1875
61411,ok,1876
61412,recent,
61414,unknown,
61416,unknown,
61417,ok,1936
61418,ok,1920
61419,ok,1929
61420,recent,
61421,unknown,
61422,ok,1931
61423,ok,1944
61424,unknown,
61426,ok,1946
61427,ok,1954
61428,recent,
61429,ok,1942
61430,recent,
61432,ok,1881
61433,recent,
61434,recent,
61435,unknown,
61436,ok,1896
61437,ok,1926
61439,unknown,
61440,ok,1940
61441,ok,1945
61442,ok,1897
61443,ok,1897
61444,ok,1897
61445,ok,1897
61447,ok,1894
61449,recent,
61450,unknown,
61451,ok,1950
61452,unknown,
61453,ok,1923
61454,unknown,
61455,ok,1911
61456,unknown,
61457,ok,1909
61458,ok,1899
61459,recent,
61460,unknown,
61462,unknown,
61464,ok,1905
61466,ok,1923
61467,unknown,
61468,ok,1840
61469,ok,1871
61470,ok,1905
61471,ok,1890
61472,ok,1921
61473,ok,1903
61475,ok,1915
61476,unknown,
61477,ok,1955
61478,ok,1916
61481,recent,
61482,ok,1897
61483,ok,1834
61484,ok,1947
61485,ok,1907
61486,ok,1915
61487,unknown,
61489,ok,1941
61492,ok,1794
61494,unknown,
61495,recent,
61496,unknown,
61497,recent,
61498,ok,1945
61499,unknown,
61500,ok,1926
61502,unknown,
61504,recent,
61505,recent,
61506,ok,1843
61507,recent,
61509,recent,
61510,ok,1896
61511,ok,1877
61512,unknown,
61513,ok,1911
61514,unknown,
61517,recent,
61518,ok,1878
61519,ok,1950
61520,ok,1880
61521,ok,1953
61522,ok,1910
61523,ok,1947
61524,ok,1941
61526,ok,1911
61527,ok,1923
61528,ok,1942
61529,ok,1913
61530,ok,1934
61533,ok,1859
61534,unknown,
61535,ok,1945
61536,ok,1946
61537,unknown,
61538,ok,1919
61540,recent,
61545,ok,1645
61547,ok,1946
61549,recent,
61550,ok,1953
61551,recent,
61553,recent,
61772,ok,1768
61555,unknown,
61556,ok,1947
61557,ok,1911
61558,ok,1945
61560,unknown,
61561,ok,1877
61562,ok,1921
61564,recent,
61565,ok,1918
61567,ok,1765
61568,unknown,
61569,unknown,
61571,unknown,
61572,ok,1874
61574,unknown,
61575,unknown,
61577,ok,1937
61582,recent,
61583,ok,1936
61586,ok,1914
61587,ok,1858
61588,ok,1687
61589,ok,1918
61590,ok,1953
61591,ok,1900
61592,unknown,
61593,recent,
61595,recent,
61596,recent,
61597,ok,1939
61598,ok,1940
61599,ok,1905
61600,ok,1939
61601,unknown,
61602,ok,1877
61603,ok,1903
61605,ok,1941
61606,ok,1914
61607,ok,1943
61608,ok,1926
61609,unknown,
61610,ok,1943
61611,unknown,
61612,ok,1926
61613,ok,1953
61614,ok,1950
61616,ok,1937
61618,ok,1954
61619,ok,1940
61620,recent,
61771,ok,1948
61621,ok,1797
61622,recent,
61624,ok,1914
61625,recent,
61626,ok,1891
61627,ok,1932
61628,ok,1945
61630,recent,
61632,ok,1843
61634,ok,1900
61635,unknown,
61636,ok,1864
61637,recent,
61639,ok,1786
61640,ok,1955
61641,ok,1826
61642,ok,1915
61643,recent,
61645,recent,
61646,ok,1878
61647,ok,1908
61649,ok,1889
61651,ok,1944
61652,ok,1872
61654,unknown,
61657,ok,1917
61658,ok,1917
61659,ok,1917
61660,ok,1897
61661,ok,1940
61662,ok,1942
61663,ok,1932
61664,ok,1944
61666,ok,1865
61668,ok,1931
61669,ok,1937
61671,recent,
61672,ok,1920
61673,ok,1944
61674,unknown,
61675,ok,1906
61676,unknown,
61678,unknown,
61679,unknown,
61681,recent,
61682,ok,1915
61683,ok,1764
61685,recent,
61686,recent,
61687,unknown,
61688,unknown,
61689,ok,1939
61690,recent,
61691,ok,1745
61693,recent,
61694,recent,
61695,recent,
61696,recent,
61697,ok,1905
61698,recent,
61699,ok,1943
61701,unknown,
61703,unknown,
61707,recent,
61709,unknown,
61710,ok,1881
61711,unknown,
61712,unknown,
61715,ok,1896
61716,ok,1924
61717,recent,
61718,ok,1926
61719,ok,1926
61720,ok,1920
61721,recent,
61723,ok,1944
61724,ok,1892
61725,ok,1940
61726,ok,1924
61727,ok,1927
61728,ok,1894
61729,ok,1903
61730,ok,1891
61731,ok,1900
61732,ok,1913
61733,ok,1745
61734,ok,1938
61735,recent,
61736,unknown,
61738,ok,1932
61740,ok,1938
61741,recent,
61742,ok,1896
61744,recent,
61745,ok,1944
61747,unknown,
61750,ok,1911
61751,ok,1890
61752,unknown,
61754,ok,1928
61755,ok,1910
61756,unknown,
61758,ok,1936
61759,unknown,
61760,ok,1936
61762,ok,1943
61763,ok,1922
61764,ok,1936
61765,ok,1930
61766,unknown,
61767,ok,1915
61768,ok,1926
61769,ok,1924
61770,ok,1930
61773,recent,
61774,unknown,
61777,ok,1830
61778,ok,1878
61779,ok,1955
61781,recent,
61782,ok,1897
61783,recent,
61784,ok,1916
61785,unknown,
61786,ok,1903
61787,recent,
61788,unknown,
61789,ok,1947
61790,ok,1917
61791,recent,
61792,recent,
61793,ok,1941
61794,recent,
61795,ok,1929
61796,unknown,
61797,recent,
61798,unknown,
61799,unknown,
61800,ok,1926
61801,unknown,
61802,ok,1909
61803,unknown,
61804,ok,1893
61805,recent,
61806,recent,
61807,ok,1868
61808,unknown,
61809,ok,1890
61810,recent,
61811,recent,
61812,ok,1919
61813,recent,
61816,ok,1768
61817,ok,1879
61818,recent,
61819,ok,1893
61820,unknown,
61821,unknown,
61823,ok,1945
61826,recent,
61828,ok,1908
61829,ok,1914
61830,ok,1945
61834,ok,1936
61836,unknown,
61837,ok,1950
61839,ok,1911
61840,ok,1942
61842,recent,
61843,recent,
61844,recent,
61845,recent,
61846,unknown,
61847,unknown,
61852,recent,
61853,ok,1945
61854,ok,1929
61855,recent,
61856,ok,1768
61857,ok,1914
61858,recent,
61859,recent,
61861,ok,1900
61863,ok,1945
61864,unknown,
61865,ok,1931
61866,unknown,
61867,ok,1954
61868,ok,1944
61869,recent,
61870,recent,
61871,ok,1918
61872,unknown,
61875,unknown,
61876,ok,1944
61877,unknown,
61878,ok,1914
61880,unknown,
61883,ok,1899
61884,recent,
61886,ok,1941
61888,recent,
61924,ok,1885
61925,recent,
61889,ok,1923
61890,recent,
61894,unknown,
61895,recent,
61896,ok,1916
61899,recent,
61900,ok,1921
61901,unknown,
61902,ok,1919
61903,ok,1950
61904,recent,
61905,ok,1768
61907,recent,
61908,ok,1950
61909,recent,
61910,ok,1700
61911,ok,1953
61913,ok,1895
61914,ok,1897
61915,ok,1897
61916,ok,1897
61918,ok,1927
61919,recent,
61920,unknown,
61922,ok,1885
61923,ok,1854
61963,recent,
61926,ok,1840
61927,recent,
61930,ok,1872
61931,ok,1869
61932,ok,1952
61935,ok,1919
61937,ok,1912
61938,ok,1932
61939,unknown,
61940,ok,1831
61942,unknown,
61943,recent,
61944,unknown,
61945,unknown,
61946,unknown,
61947,ok,1871
61949,ok,1894
61950,recent,
61951,recent,
61952,unknown,
61953,ok,1915
61954,ok,1897
61956,unknown,
61958,recent,
61959,ok,1916
61961,unknown,
61962,ok,1931
61964,ok,1720
61965,ok,1935
61966,ok,1865
61967,recent,
61968,recent,
61969,ok,1930
61970,ok,1944
61971,ok,1908
61973,unknown,
61974,ok,1890
61976,recent,
61977,ok,1927
61978,recent,
61980,ok,1797
61981,unknown,
61982,ok,1935
61983,ok,1923
61984,recent,
61985,unknown,
61986,recent,
61987,recent,
61989,ok,1932
61990,ok,1737
61992,ok,1865
61993,ok,1852
61994,ok,1883
61995,ok,1914
61996,unknown,
62000,unknown,
62001,ok,1900
62002,unknown,
62003,unknown,
62004,ok,1872
62005,ok,1875
62007,ok,1559
62008,ok,1887
62009,unknown,
62010,unknown,
62011,ok,1880
62012,unknown,
62013,ok,1768
62014,ok,1831
62016,unknown,
62017,ok,1831
62018,ok,1899
62020,unknown,
62021,ok,1944
62023,ok,1889
62024,ok,1797
62025,ok,1891
62026,recent,
62027,ok,1944
62028,recent,
62030,ok,1912
62032,unknown,
62033,unknown,
62034,recent,
62035,recent,
62036,ok,1942
62037,recent,
62039,recent,
62040,recent,
62042,recent,
62043,unknown,
62044,ok,1901
62045,ok,1937
62046,ok,1840
62048,ok,1936
62050,ok,1947
62051,ok,1870
62052,unknown,
62053,recent,
62054,ok,1851
62055,unknown,
62056,ok,1910
62057,ok,1904
62059,unknown,
62060,ok,1914
62061,unknown,
62062,unknown,
62063,unknown,
62064,unknown,
62103,unknown,
62065,ok,1808
62066,ok,1908
62068,ok,1952
62069,ok,1898
62072,ok,1945
62073,ok,1948
62074,unknown,
62075,recent,
62076,recent,
62077,unknown,
62078,recent,
62079,unknown,
62080,ok,1779
62081,unknown,
62082,unknown,
62084,ok,1911
62085,recent,
62086,ok,1936
62089,unknown,
62091,ok,1922
62092,ok,1768
62093,recent,
62094,ok,1932
62095,ok,1779
62096,recent,
62097,recent,
62098,ok,1871
62100,ok,1922
62102,ok,1915
62105,unknown,
62106,ok,1901
62108,ok,1916
62109,recent,
62110,unknown,
62113,unknown,
62114,ok,1949
62116,ok,1916
62117,unknown,
62119,recent,
62120,ok,1797
62121,ok,1931
62123,recent,
62124,unknown,
62125,unknown,
62126,ok,1901
62127,unknown,
62128,ok,1905
62129,recent,
62130,ok,1947
62133,unknown,
62134,ok,1901
62135,unknown,
62137,recent,
62138,ok,1937
62139,recent,
62140,ok,1890
62141,ok,1838
62142,unknown,
62143,ok,1838
62144,ok,1890
62146,recent,
62147,recent,
62148,unknown,
62149,ok,1830
62150,ok,1912
62151,recent,
62152,ok,1877
62153,unknown,
62154,ok,1942
62155,ok,1874
62156,unknown,
62157,unknown,
62158,ok,1855
62159,ok,1894
62161,unknown,
62162,unknown,
62163,ok,1841
62164,ok,1937
62165,unknown,
62167,ok,1854
62168,recent,
62169,recent,
62170,recent,
62171,recent,
62172,ok,1799
62173,ok,1918
62174,ok,1918
62175,ok,1923
62176,ok,1925
62179,ok,1901
62180,ok,1895
62181,ok,1941
62182,unknown,
62183,ok,1919
62184,ok,1922
62185,ok,1834
62186,recent,
62187,ok,1921
62188,unknown,
62189,unknown,
62190,unknown,
62191,recent,
62194,unknown,
62195,unknown,
62196,ok,1896
62197,ok,1855
62198,recent,
62199,recent,
62200,ok,1865
62202,ok,1884
62203,ok,1855
62204,unknown,
62205,unknown,
62206,unknown,
62207,ok,1936
62208,unknown,
62209,unknown,
62212,recent,
62214,unknown,
62215,ok,1927
62216,ok,1905
62218,recent,
62219,ok,1879
62220,unknown,
62221,ok,1899
62222,ok,1878
62223,ok,1860
62224,ok,1917
62225,ok,1935
62226,unknown,
62227,unknown,
62228,ok,1834
62229,ok,1867
62230,unknown,
62231,ok,1949
62232,ok,1822
62234,unknown,
62235,unknown,
62236,unknown,
62238,ok,1822
62240,unknown,
62241,recent,
62242,unknown,
62243,ok,1879
62244,recent,
62246,recent,
62248,unknown,
62249,recent,
62250,unknown,
62251,ok,1922
62252,ok,1947
62253,recent,
62254,ok,1893
62255,ok,1945
62257,ok,1910
62258,unknown,
62259,ok,1939
62260,recent,
62261,recent,
62263,recent,
62264,unknown,
62295,recent,
62265,ok,1938
62266,unknown,
62267,recent,
62268,ok,1898
62269,ok,1935
62270,ok,1945
62271,unknown,
62272,ok,1926
62273,unknown,
62274,unknown,
62275,ok,1915
62276,unknown,
62277,ok,1908
62278,ok,1946
62279,unknown,
62280,ok,1918
62281,ok,1938
62282,ok,1921
62283,ok,1944
62284,unknown,
62285,recent,
62286,recent,
62287,unknown,
62288,ok,1935
62289,ok,1920
62290,unknown,
62291,ok,1946
62292,unknown,
62296,unknown,
62297,ok,1933
62298,ok,1894
62299,ok,1720
62300,ok,1874
62301,ok,1930
62303,unknown,
62304,recent,
62306,unknown,
62307,unknown,
62308,unknown,
62309,unknown,
62310,unknown,
62312,unknown,
62313,recent,
62314,recent,
62315,unknown,
62316,recent,
62317,ok,1909
62318,ok,1940
62319,recent,
62320,unknown,
62321,recent,
62322,unknown,
62323,unknown,
62324,recent,
62325,recent,
62326,unknown,
62327,unknown,
62328,recent,
62329,ok,1911
62365,ok,1818
62332,ok,1908
62333,ok,1788
62335,ok,1903
62336,ok,1911
62337,ok,1917
62338,ok,1876
62340,ok,1903
62341,ok,1911
62342,ok,1920
62343,ok,1911
62344,ok,1911
62345,unknown,
62346,ok,1936
62347,ok,1946
62348,recent,
62349,recent,
62350,recent,
62351,recent,
62353,ok,1720
62354,ok,1906
62355,unknown,
62357,recent,
62360,recent,
62362,ok,1821
62363,ok,1909
62364,ok,1950
62366,ok,1919
62368,ok,1876
62369,unknown,
62370,ok,1874
62371,ok,1952
62372,ok,1818
62374,ok,1951
62375,ok,1911
62376,ok,1913
62377,recent,
62378,ok,1911
62382,recent,
62385,recent,
62386,unknown,
62390,ok,1923
62391,unknown,
62393,ok,1905
62395,recent,
62396,ok,1899
62397,ok,1933
62398,ok,1909
62399,ok,1800
62401,unknown,
62402,ok,1929
62403,ok,1903
62404,ok,1899
62405,ok,1899
62406,ok,1899
62407,ok,1834
62408,ok,1934
62409,ok,1950
62410,ok,1883
62411,ok,1945
62413,recent,
62414,ok,1892
62416,recent,
62418,ok,1930
62419,ok,1911
62420,unknown,
62421,ok,1945
62422,unknown,
62423,ok,1910
62425,ok,1877
62426,unknown,
62428,unknown,
62429,recent,
62430,unknown,
62431,recent,
62432,ok,1895
62434,ok,1934
62439,unknown,
62440,ok,1938
62441,unknown,
62442,unknown,
62443,recent,
62444,recent,
62447,ok,1927
62448,ok,1929
62449,unknown,
62451,unknown,
62452,unknown,
62453,ok,1919
62454,unknown,
62455,recent,
62456,recent,
62459,ok,1864
62460,unknown,
62462,unknown,
62463,unknown,
62464,ok,1897
62465,ok,1897
62466,ok,1897
62467,ok,1936
62469,ok,1920
62472,unknown,
62474,ok,1896
62476,recent,
62478,ok,1951
62479,ok,1904
62480,ok,1917
62482,unknown,
62483,ok,1916
62484,unknown,
62485,unknown,
62486,unknown,
62487,unknown,
62488,recent,
62489,unknown,
62490,recent,
62492,ok,1946
62493,ok,1936
62494,ok,1943
62495,ok,1917
62496,unknown,
62497,recent,
62498,recent,
62501,ok,1914
62502,unknown,
62503,ok,1918
62505,unknown,
62506,unknown,
62507,ok,1779
62508,ok,1943
62509,ok,1924
62512,ok,1949
62513,recent,
62514,unknown,
62515,unknown,
62516,ok,1947
62517,unknown,
62518,ok,1874
62519,ok,1901
62521,ok,1941
62524,ok,1881
62526,ok,1893
62527,ok,1919
62528,unknown,
62529,unknown,
62530,ok,1949
62531,ok,1900
62532,unknown,
62533,ok,1943
62534,unknown,
62535,unknown,
62536,ok,1949
62537,ok,1922
62541,ok,1953
62542,unknown,
62544,ok,1955
62545,unknown,
62546,recent,
62547,unknown,
62548,ok,1899
62549,recent,
62551,ok,1938
62552,ok,1947
62555,ok,1935
62557,ok,1941
62558,unknown,
62560,recent,
62561,ok,1936
62562,ok,1930
62568,ok,1864
62569,recent,
62570,ok,1909
62571,ok,1928
62572,ok,1859
62573,unknown,
62580,recent,
62581,ok,1909
62582,recent,
62583,ok,1947
62584,ok,1911
62585,ok,1911
62586,ok,1911
62587,ok,1925
62589,ok,1943
62590,ok,1944
62591,unknown,
62592,unknown,
62593,recent,
62597,unknown,
62598,ok,1903
62599,unknown,
62600,unknown,
62602,ok,1874
62603,ok,1940
62605,unknown,
62606,ok,1892
62607,ok,1954
62608,unknown,
62609,ok,1919
62610,ok,1914
62611,ok,1890
62614,unknown,
62615,ok,1922
62618,ok,1946
62619,recent,
62621,unknown,
62622,ok,1919
62625,unknown,
62628,unknown,
62629,unknown,
62630,unknown,
62631,ok,1875
62632,ok,1942
62633,ok,1933
62634,unknown,
62636,ok,1910
62637,ok,1907
62638,ok,1904
62639,ok,1945
62640,ok,1947
62641,recent,
62642,recent,
62643,ok,1895
62644,unknown,
62646,ok,1954
62648,unknown,
62649,ok,1921
62650,ok,1919
62651,recent,
62652,ok,1953
62653,recent,
62654,unknown,
62655,unknown,
62656,unknown,
62657,ok,1918
62658,unknown,
62659,ok,1784
62663,ok,1944
62664,recent,
62665,unknown,
62666,unknown,
62667,ok,1933
62668,unknown,
62669,ok,1911
62675,ok,1917
62676,ok,1934
62677,unknown,
62678,ok,1917
62679,ok,1915
62680,ok,1936
62682,unknown,
62683,ok,1952
62684,ok,1930
62685,unknown,
62686,ok,1923
62687,unknown,
62688,ok,1889
62689,ok,1929
62693,ok,1890
62696,ok,1917
62697,ok,1932
62698,ok,1950
62700,ok,1944
62702,ok,1943
62703,recent,
62704,ok,1878
62705,ok,1876
62707,recent,
62708,ok,1883
62709,recent,
62710,ok,1903
62712,ok,1924
62713,recent,
62714,recent,
62715,ok,1944
62716,unknown,
62718,unknown,
62719,ok,1945
62720,ok,1776
62724,ok,1944
62726,ok,1879
62729,unknown,
62730,unknown,
62731,unknown,
62734,ok,1914
62738,ok,1944
62739,ok,1910
62740,ok,1930
62741,ok,1911
62742,ok,1919
62743,ok,1931
62744,recent,
62745,ok,1804
62747,unknown,
62748,ok,1941
62749,ok,1933
62750,ok,1903
62753,ok,1896
62754,ok,1945
62756,ok,1912
62757,ok,1797
62758,recent,
62760,ok,1854
62762,unknown,
62763,unknown,
62764,ok,1764
62765,recent,
62767,unknown,
62810,ok,1930
62768,ok,1953
62769,unknown,
62770,unknown,
62771,unknown,
62774,ok,1939
62777,ok,1931
62778,unknown,
62779,ok,1871
62782,ok,1918
62783,ok,1911
62784,ok,1939
62786,unknown,
62787,ok,1876
62790,ok,1947
62792,ok,1917
62793,ok,1934
62794,unknown,
62795,ok,1823
62797,unknown,
62798,ok,1927
62799,recent,
62802,ok,1950
62803,recent,
62804,unknown,
62805,unknown,
62807,ok,1909
62808,unknown,
62809,ok,1916
62811,unknown,
62812,unknown,
62815,recent,
62816,unknown,
62817,ok,1919
62818,recent,
62819,unknown,
62820,recent,
62821,ok,1947
62822,ok,1955
62823,ok,1908
62824,ok,1930
62826,unknown,
62827,unknown,
62829,ok,1945
62830,recent,
62831,recent,
62832,unknown,
62833,recent,
62834,unknown,
62835,unknown,
62837,ok,1897
62838,unknown,
62839,unknown,
62841,unknown,
62842,unknown,
62843,unknown,
62844,ok,1917
62880,recent,
62845,ok,1944
62846,unknown,
62847,unknown,
62848,unknown,
62849,unknown,
62852,ok,1913
62854,unknown,
62855,unknown,
62856,ok,1906
62858,ok,1939
62859,unknown,
62860,unknown,
62861,ok,1944
62863,unknown,
62864,recent,
62865,ok,1944
62866,ok,1915
62867,recent,
62868,unknown,
62871,ok,1852
62873,ok,1949
62874,ok,1889
62875,ok,1947
62876,unknown,
62877,ok,1953
62878,ok,1928
62879,recent,
62881,recent,
62882,unknown,
62883,ok,1921
62884,recent,
62885,recent,
62886,recent,
62887,ok,1927
62888,recent,
62890,ok,1920
62891,ok,1852
62893,ok,1940
62895,ok,1949
62897,ok,1828
62898,ok,1952
62899,ok,1932
62900,recent,
62902,ok,1934
62903,unknown,
62904,unknown,
62907,ok,1947
62908,unknown,
62909,ok,1952
62910,ok,1921
62911,ok,1954
62912,ok,1936
62957,unknown,
62913,ok,1895
62914,recent,
62915,recent,
62917,recent,
62918,ok,1854
62919,unknown,
62920,ok,1944
62921,ok,1918
62922,ok,1848
62923,unknown,
62924,ok,1920
62925,unknown,
62927,ok,1916
62928,recent,
62930,ok,1945
62931,ok,79
62932,ok,1954
62933,ok,1938
62934,ok,1944
62935,unknown,
62939,ok,1935
62940,ok,1914
62941,ok,1891
62942,recent,
62944,ok,1683
62946,ok,1931
62947,ok,1947
62948,unknown,
62949,ok,1951
62950,recent,
62956,ok,1925
62958,ok,1856
62959,ok,1875
62960,ok,1883
62961,ok,1955
62962,ok,1896
62963,recent,
62964,recent,
62965,ok,1945
62966,unknown,
62967,recent,
62969,ok,1903
62970,unknown,
62971,unknown,
62972,ok,1903
62973,unknown,
62974,unknown,
62976,ok,1952
62977,unknown,
62978,ok,1944
62979,recent,
62981,ok,1924
62982,ok,1860
62983,ok,1909
62988,ok,1804
62989,ok,1945
62990,ok,1945
62991,ok,1951
62992,ok,1916
62993,unknown,
62994,unknown,
62995,ok,1945
62996,recent,
62997,recent,
62998,unknown,
62999,ok,1918
63000,ok,1955
63001,ok,1914
63004,unknown,
63005,unknown,
63006,ok,1941
63007,unknown,
63009,ok,1911
63010,ok,1946
63011,ok,1945
63012,ok,1897
63013,recent,
63014,recent,
63015,recent,
63016,recent,
63017,recent,
63018,ok,1815
63020,ok,1946
63022,ok,1941
63024,ok,1945
63025,ok,1904
63027,unknown,
63028,unknown,
63029,unknown,
63031,unknown,
63032,recent,
63033,ok,1930
63036,ok,1906
63039,unknown,
63040,ok,1919
63041,recent,
63044,ok,1947
63045,recent,
63046,recent,
63047,unknown,
63048,recent,
63049,ok,1900
63050,unknown,
63051,ok,1919
63052,unknown,
63053,unknown,
63054,ok,1722
63055,unknown,
63056,unknown,
63057,unknown,
63059,ok,1938
63060,unknown,
63095,ok,1938
63061,ok,1883
63062,recent,
63063,ok,1883
63065,unknown,
63066,unknown,
63067,unknown,
63068,unknown,
63071,ok,1947
63072,recent,
63073,ok,1945
63074,ok,1924
63075,ok,1919
63076,ok,1911
63077,recent,
63079,unknown,
63081,ok,1929
63083,ok,1876
63084,ok,1936
63085,recent,
63087,ok,1929
63088,ok,1875
63089,ok,1929
63090,recent,
63091,recent,
63092,unknown,
63093,ok,1896
63094,unknown,
63097,recent,
63098,ok,1940
63099,recent,
63102,ok,1904
63104,ok,1927
63107,ok,1941
63109,recent,
63111,ok,1935
63112,unknown,
63113,unknown,
63114,recent,
63115,ok,1912
63116,ok,1896
63117,ok,1838
63118,unknown,
63119,ok,1891
63120,ok,1879
63121,unknown,
63122,ok,1935
63123,recent,
63124,ok,1955
63125,recent,
63126,ok,1946
63127,unknown,
63128,ok,1897
63129,ok,1942
63130,recent,
63131,unknown,
63132,recent,
63134,recent,
63136,ok,1946
63137,ok,1921
63140,ok,1891
63141,ok,1923
63142,ok,1897
63143,unknown,
63144,recent,
63146,unknown,
63147,ok,1915
63148,ok,1906
63149,unknown,
63150,unknown,
63151,ok,1933
63152,recent,
63153,recent,
63154,recent,
63155,recent,
63156,ok,1918
63157,unknown,
63158,ok,1897
63159,recent,
63160,ok,1901
63161,ok,1924
63162,ok,1939
63163,ok,1923
63165,ok,1937
63166,recent,
63167,ok,1920
63168,ok,1916
63169,unknown,
63170,unknown,
63171,recent,
63172,unknown,
63173,ok,1916
63174,ok,1884
63175,ok,1915
63176,ok,1904
63179,ok,1896
63180,unknown,
63181,ok,1954
63182,ok,1932
63183,unknown,
63184,ok,1953
63185,ok,1925
63187,ok,1949
63188,recent,
63189,recent,
63190,ok,1867
63191,unknown,
63192,unknown,
63193,ok,1917
63196,unknown,
63198,ok,1925
63199,recent,
63201,ok,1884
63202,ok,1927
63203,ok,1895
63361,ok,1927
63204,ok,1890
63205,ok,1951
63206,ok,1926
63207,recent,
63208,ok,1944
63209,ok,1916
63210,ok,1860
63211,ok,1932
63212,unknown,
63213,unknown,
63216,ok,1856
63217,recent,
63218,unknown,
63219,unknown,
63220,ok,1875
63221,ok,1923
63222,ok,1949
63223,ok,1935
63224,ok,1927
63225,ok,1954
63226,recent,
63227,recent,
63229,ok,1954
63230,recent,
63231,recent,
63232,ok,1866
63233,recent,
63234,unknown,
63237,ok,1924
63238,ok,1954
63240,unknown,
63442,recent,
63241,ok,1865
63242,unknown,
63243,ok,1927
63244,ok,1872
63245,ok,1891
63246,ok,1874
63247,unknown,
63248,ok,1823
63249,ok,1923
63250,ok,1907
63253,ok,1884
63254,ok,1928
63255,ok,1946
63256,ok,1947
63257,ok,1874
63259,ok,1875
63260,ok,1940
63261,unknown,
63262,ok,1949
63263,ok,1921
63264,unknown,
63265,recent,
63266,ok,1890
63267,ok,1885
63268,ok,1917
63269,ok,1951
63270,ok,1915
63271,recent,
63273,ok,1848
63274,ok,1944
63275,ok,1865
63276,ok,1865
63277,ok,1865
63278,recent,
63279,ok,1895
63280,ok,1892
63281,recent,
63282,unknown,
63283,unknown,
63284,recent,
63285,ok,1889
63286,unknown,
63287,recent,
63288,ok,1937
63289,ok,1897
63290,ok,1893
63292,unknown,
63293,recent,
63294,ok,1897
63295,ok,1851
63296,ok,1905
63297,ok,1944
63298,unknown,
63299,ok,1943
63331,ok,1868
63300,ok,1835
63302,ok,1897
63303,ok,1906
63304,recent,
63305,ok,1918
63306,ok,1828
63307,recent,
63308,ok,1908
63309,recent,
63310,ok,1908
63311,ok,1942
63313,recent,
63314,unknown,
63315,ok,1868
63318,ok,1738
63319,ok,1888
63320,ok,1923
63321,recent,
63322,ok,1765
63323,ok,1868
63325,ok,1868
63326,ok,1868
63327,ok,1916
63329,ok,1918
63330,unknown,
63332,recent,
63334,recent,
63335,unknown,
63336,ok,1766
63337,ok,1851
63338,ok,1851
63339,ok,1851
63340,unknown,
63341,ok,1936
63342,ok,1954
63344,unknown,
63345,recent,
63346,ok,1953
63347,ok,1947
63348,unknown,
63349,ok,1909
63350,unknown,
63351,ok,1932
63353,ok,1945
63354,ok,1952
63355,unknown,
63356,unknown,
63357,unknown,
63358,ok,1838
63360,ok,1904
63365,ok,1916
63369,recent,
63370,ok,1893
63372,recent,
63373,unknown,
63374,ok,1940
63376,ok,1873
63377,recent,
63379,ok,1913
63380,ok,1882
63382,ok,1928
63383,ok,1938
63384,ok,1927
63385,ok,1911
63386,ok,1911
63387,ok,1911
63388,ok,1952
63389,unknown,
63390,ok,1887
63391,recent,
63392,recent,
63393,unknown,
63394,unknown,
63395,unknown,
63396,unknown,
63397,unknown,
63398,recent,
63399,recent,
63400,recent,
63401,recent,
63404,unknown,
63405,ok,1859
63407,unknown,
63408,unknown,
63409,ok,1942
63415,ok,1887
63416,ok,1914
63417,recent,
63418,ok,1929
63419,recent,
63420,ok,1947
63421,unknown,
63422,unknown,
63423,ok,1881
63426,recent,
63427,unknown,
63428,unknown,
63429,unknown,
63430,recent,
63431,ok,1930
63432,unknown,
63433,ok,1892
63435,ok,1913
63437,unknown,
63441,ok,1939
63443,ok,1924
63444,ok,1893
63445,ok,1930
63446,ok,1924
63448,recent,
63449,unknown,
63450,unknown,
63451,ok,1928
63452,ok,1791
63453,unknown,
63454,unknown,
63455,recent,
63456,ok,1929
63457,unknown,
63458,ok,1945
63459,ok,1862
63462,ok,1940
63463,ok,1924
63466,recent,
63467,unknown,
63468,ok,1914
63469,recent,
63470,ok,1888
63473,unknown,
63474,unknown,
63475,recent,
63476,ok,1932
63477,unknown,
63478,ok,1936
63479,recent,
63520,ok,1927
63480,unknown,
63481,ok,1889
63482,ok,1889
63483,ok,1945
63486,ok,1913
63487,ok,1936
63489,ok,1943
63490,recent,
63491,ok,1955
63494,recent,
63495,recent,
63496,ok,1915
63497,ok,1706
63499,ok,1930
63500,unknown,
63501,recent,
63502,ok,1908
63503,ok,1954
63506,unknown,
63507,unknown,
63508,ok,1919
63510,ok,1926
63511,ok,1909
63514,ok,1939
63516,recent,
63517,ok,1883
63518,unknown,
63519,ok,1926
63521,recent,
63522,ok,1915
63523,recent,
63524,recent,
63526,ok,1939
63527,recent,
63528,ok,1902
63529,unknown,
63530,recent,
63532,ok,1930
63533,unknown,
63535,ok,1936
63536,ok,1938
63537,ok,1945
63538,ok,1946
63540,ok,1945
63541,ok,1831
63542,unknown,
63543,ok,1888
63544,ok,1950
63545,ok,1909
63546,ok,1936
63547,recent,
63549,unknown,
63550,ok,1948
63551,ok,1938
63552,ok,1916
63553,ok,1906
63554,ok,1931
63556,ok,1915
63558,ok,1936
63559,ok,1915
63676,unknown,
63561,ok,1912
63562,ok,1897
63566,ok,1887
63567,unknown,
63568,ok,1904
63569,unknown,
63570,ok,1942
63571,unknown,
63572,ok,1872
63573,unknown,
63574,ok,1937
63575,ok,1877
63576,ok,1877
63577,recent,
63579,ok,1856
63580,ok,1931
63581,ok,1904
63582,ok,1897
63583,unknown,
63584,unknown,
63588,ok,1906
63590,unknown,
63591,recent,
63592,ok,1909
63593,unknown,
63596,ok,1948
63597,recent,
63598,ok,1923
63599,ok,1935
63603,unknown,
63604,unknown,
63605,unknown,
63608,ok,1945
63609,unknown,
63610,ok,1920
63613,recent,
63614,recent,
63615,recent,
63616,unknown,
63617,recent,
63618,ok,1922
63619,ok,1936
63620,ok,1915
63621,ok,1924
63622,recent,
63623,ok,1912
63624,ok,1929
63625,unknown,
63628,unknown,
63629,ok,1948
63631,recent,
63632,unknown,
63633,recent,
63634,ok,1889
63635,ok,1876
63636,ok,1916
63637,ok,1952
63638,recent,
63639,unknown,
63640,unknown,
63677,unknown,
63641,unknown,
63642,ok,1951
63644,ok,1950
63645,recent,
63646,ok,1951
63647,ok,1926
63648,recent,
63649,unknown,
63650,ok,1905
63652,unknown,
63653,ok,1954
63654,ok,1936
63656,recent,
63657,recent,
63658,unknown,
63659,unknown,
63660,ok,1918
63661,ok,1919
63662,unknown,
63663,recent,
63665,unknown,
63667,unknown,
63668,unknown,
63669,unknown,
63670,unknown,
63671,unknown,
63672,ok,1909
63673,ok,1904
63674,ok,1926
63675,recent,
63678,ok,1823
63679,ok,1797
63681,ok,1954
63682,ok,1926
63683,unknown,
63684,unknown,
63685,unknown,
63686,recent,
63687,recent,
63688,unknown,
63689,ok,1950
63692,unknown,
63693,recent,
63694,recent,
63695,recent,
63696,recent,
63697,unknown,
63698,ok,1890
63699,ok,1944
63701,ok,1683
63702,recent,
63703,recent,
63704,recent,
63705,ok,1904
63706,unknown,
63707,unknown,
63708,recent,
63709,recent,
63710,ok,1890
63711,unknown,
63712,ok,1924
63713,unknown,
63714,ok,1875
63715,recent,
63716,unknown,
63718,unknown,
63719,recent,
63720,ok,1946
63721,recent,
63724,ok,1883
63725,unknown,
63726,ok,1946
63727,ok,1878
63729,ok,1925
63730,recent,
63731,ok,1926
63733,ok,1933
63734,ok,1932
63735,ok,1870
63736,ok,1857
63737,ok,1950
63738,ok,1870
63739,ok,1918
63740,ok,1897
63741,recent,
63742,recent,
63745,unknown,
63813,recent,
63746,unknown,
63747,unknown,
63748,ok,1934
63749,unknown,
63750,unknown,
63751,unknown,
63752,ok,1945
63753,ok,1897
63754,ok,1944
63755,ok,1897
63756,unknown,
63757,recent,
63758,recent,
63759,recent,
63761,ok,1897
63762,ok,1926
63763,ok,1897
63764,unknown,
63765,unknown,
63766,recent,
63768,ok,1885
63769,ok,1868
63770,ok,1868
63771,ok,1910
63772,unknown,
63773,ok,1941
63775,recent,
63776,ok,1883
63777,ok,1944
63778,ok,1846
63779,recent,
63780,unknown,
63781,unknown,
63782,recent,
63783,recent,
63784,unknown,
63785,unknown,
63786,recent,
63787,unknown,
63788,unknown,
63790,recent,
63791,ok,1902
63792,ok,1859
63793,ok,1913
63794,ok,1924
63795,recent,
63796,recent,
63797,recent,
63798,ok,1939
63799,recent,
63803,ok,1893
63804,ok,1880
63805,ok,1910
63806,ok,1934
63807,recent,
63808,unknown,
63809,unknown,
63812,recent,
63814,unknown,
63815,ok,1945
63817,recent,
63818,recent,
63819,unknown,
63820,unknown,
63821,recent,
63822,unknown,
63824,recent,
63825,unknown,
63826,recent,
63827,recent,
63828,unknown,
63830,ok,1865
63831,ok,1910
63832,ok,1875
63833,recent,
63834,unknown,
63836,unknown,
63837,unknown,
63838,recent,
63839,unknown,
63840,unknown,
63841,ok,1926
63842,unknown,
63843,recent,
63844,ok,1898
63846,ok,1919
63847,recent,
63849,unknown,
63850,ok,1932
63851,ok,1907
63852,ok,1857
63854,unknown,
63855,recent,
63856,recent,
63858,recent,
63859,ok,1926
63860,unknown,
63861,recent,
63862,recent,
63863,ok,1911
63864,unknown,
63865,recent,
63866,ok,1906
63867,recent,
63868,ok,1916
63869,unknown,
63870,ok,1913
63872,recent,
63873,unknown,
63874,recent,
63875,recent,
63876,ok,1901
63877,recent,
63878,recent,
63879,unknown,
63880,ok,1949
63881,ok,1915
63882,ok,1937
63883,unknown,
63884,ok,1916
63885,recent,
63886,recent,
63887,ok,1923
63888,recent,
63889,recent,
63890,recent,
63891,recent,
63892,ok,1944
63893,unknown,
63894,unknown,
63895,ok,1937
63896,ok,1952
63897,recent,
63898,ok,1928
63899,recent,
63900,unknown,
63901,ok,1897
63902,ok,1897
63903,ok,1897
63904,ok,1823
63905,ok,1933
63906,ok,1814
63907,unknown,
63909,ok,1791
63910,ok,1938
63911,ok,1930
63912,ok,1865
63988,recent,
63913,ok,1816
63914,ok,1938
63915,ok,1914
63916,unknown,
63917,recent,
63918,unknown,
63919,unknown,
63920,ok,1814
63923,ok,1856
63925,ok,1943
63928,ok,1952
63929,ok,1894
63930,recent,
63931,unknown,
63932,unknown,
63934,unknown,
63935,recent,
63936,recent,
63937,ok,1885
63938,ok,1920
63939,ok,1931
63940,ok,1930
63942,recent,
63944,recent,
63945,unknown,
63947,ok,1928
63948,ok,1911
63949,recent,
63950,recent,
63989,recent,
63951,ok,1885
63952,ok,1950
63953,recent,
63954,unknown,
63956,recent,
63957,ok,1877
63958,ok,1901
63959,ok,1945
63960,recent,
63962,ok,1941
63963,recent,
63964,ok,1911
63965,recent,
63967,recent,
63968,ok,1949
63969,ok,1903
63970,recent,
63971,recent,
63972,recent,
63973,ok,1947
63974,ok,1833
63975,recent,
63977,unknown,
63978,ok,1930
63979,ok,1885
63980,ok,1902
63981,recent,
63982,recent,
63983,ok,1931
63985,ok,1929
63986,recent,
63987,recent,
63990,recent,
63992,unknown,
63993,recent,
63995,ok,1942
63996,ok,1931
63997,recent,
64001,ok,1927
64002,ok,1953
64005,ok,1939
64006,ok,1910
64007,recent,
64008,unknown,
64009,recent,
64010,recent,
64011,unknown,
64012,unknown,
64013,ok,1864
64014,recent,
64015,recent,
64016,ok,1952
64017,ok,1944
64019,unknown,
64020,recent,
64021,ok,1904
64022,recent,
64023,ok,1941
64024,ok,1951
64026,recent,
64029,ok,1906
64030,unknown,
64031,unknown,
64032,recent,
64033,ok,1944
64034,ok,1936
64035,unknown,
64036,ok,1953
64037,ok,1908
64039,ok,1926
64040,unknown,
64041,ok,1934
64043,recent,
64044,recent,
64045,recent,
64046,recent,
64047,ok,1878
64048,recent,
64049,recent,
64050,ok,1779
64052,recent,
64053,recent,
64054,ok,1910
64055,ok,1947
64056,ok,1914
64057,ok,1915
64059,ok,1924
64060,ok,1915
64061,unknown,
64063,recent,
64064,recent,
64065,ok,1939
64066,ok,1940
64067,ok,1900
64068,ok,1938
64069,ok,1672
64070,ok,1912
64071,recent,
64072,recent,
64073,recent,
64074,ok,1936
64075,recent,
64076,unknown,
64077,unknown,
64078,unknown,
64079,ok,1943
64080,ok,1887
64081,ok,1887
64082,ok,1887
64083,unknown,
64084,ok,1920
64086,ok,1906
64088,unknown,
64091,ok,1939
64092,ok,1859
64093,unknown,
64094,ok,1938
64095,ok,1926
64097,ok,1732
64098,ok,1935
64100,unknown,
64101,unknown,
64102,ok,1616
64103,unknown,
64105,unknown,
64107,unknown,
64108,unknown,
64109,recent,
64110,ok,1934
64111,ok,1889
64112,ok,1890
64113,unknown,
64114,ok,1911
64116,ok,1913
64117,ok,1922
64118,recent,
64119,ok,1921
64120,ok,1896
64121,ok,1929
64122,ok,1930
64123,ok,1945
64124,unknown,
64125,ok,1938
64126,ok,1905
64157,unknown,
64186,ok,1946
64127,unknown,
64128,ok,1911
64129,unknown,
64130,ok,1519
64131,ok,1947
64132,unknown,
64134,recent,
64135,ok,1911
64136,ok,1917
64137,ok,1917
64138,ok,1938
64139,ok,1946
64140,ok,1917
64141,recent,
64142,recent,
64143,ok,1902
64144,ok,1942
64145,ok,1922
64147,unknown,
64148,ok,1920
64149,ok,1909
64150,ok,1944
64152,ok,1924
64153,ok,1508
64154,ok,1839
64155,unknown,
64158,ok,1905
64159,recent,
64160,ok,1858
64161,ok,1927
64162,unknown,
64163,ok,1929
64164,unknown,
64165,ok,1940
64166,unknown,
64167,ok,1923
64168,ok,1903
64169,ok,1915
64170,ok,1934
64171,ok,1892
64172,recent,
64173,recent,
64174,recent,
64175,recent,
64176,ok,1937
64177,unknown,
64178,recent,
64179,ok,1886
64180,unknown,
64181,recent,
64182,unknown,
64184,recent,
64185,ok,1830
64187,ok,1898
64189,ok,1896
64190,unknown,
64191,unknown,
64192,ok,1942
64195,ok,1879
64196,recent,
64197,ok,1935
64198,recent,
64199,recent,
64202,ok,1885
64203,ok,1879
64207,ok,1773
64208,ok,1931
64210,ok,1945
64212,unknown,
64213,ok,1922
64214,recent,
64215,unknown,
64216,unknown,
64217,recent,
64218,ok,1823
64219,unknown,
64220,unknown,
64222,ok,1918
64223,ok,1905
64224,ok,1919
64225,ok,1947
64226,ok,1897
64227,unknown,
64228,unknown,
64229,unknown,
64230,recent,
64231,ok,1952
64232,ok,1922
64233,unknown,
64234,recent,
64235,unknown,
64236,recent,
64237,unknown,
64238,recent,
64239,recent,
64241,unknown,
64242,ok,1920
64243,unknown,
64244,recent,
64247,ok,1841
64248,ok,1939
64249,ok,1896
64250,ok,1872
64251,recent,
64252,ok,1887
64253,ok,1887
64254,ok,1887
64255,ok,1928
64257,ok,1879
64258,ok,1924
64260,unknown,
64262,ok,1904
64263,ok,1936
64264,recent,
64265,unknown,
64266,unknown,
64267,recent,
64268,recent,
64269,ok,1951
64270,unknown,
64271,ok,1886
64272,ok,1864
64273,unknown,
64274,ok,1944
64275,ok,1797
64277,unknown,
64279,recent,
64280,ok,1915
64281,ok,1952
64282,ok,1925
64284,recent,
64285,ok,1924
64286,ok,1942
64287,ok,1927
64288,unknown,
64289,ok,1874
64290,recent,
64292,recent,
64293,recent,
64295,unknown,
64296,recent,
64297,ok,1947
64298,unknown,
64300,recent,
64301,ok,1911
64302,recent,
64303,recent,
64305,ok,1936
64306,unknown,
64307,unknown,
64308,recent,
64309,recent,
64310,unknown,
64312,ok,1939
64313,unknown,
64314,recent,
64315,unknown,
64316,ok,1939
64318,ok,1947
64319,ok,1734
64320,ok,1897
64321,ok,1911
64322,ok,1936
64323,recent,
64325,ok,1924
64326,recent,
64329,ok,1851
64330,recent,
64331,recent,
64332,ok,1935
64333,unknown,
64334,unknown,
64336,recent,
64337,ok,1700
64338,unknown,
64340,ok,1955
64341,recent,
64342,recent,
64343,unknown,
64344,ok,1879
64345,unknown,
64346,recent,
64347,ok,1945
64348,ok,1754
64349,recent,
64350,recent,
64351,unknown,
64352,ok,1868
64353,ok,1921
64354,recent,
64358,recent,
64359,unknown,
64360,ok,1941
64361,unknown,
64362,recent,
64363,recent,
64364,recent,
64365,ok,1942
64366,ok,1915
64368,unknown,
64369,ok,1860
64371,ok,1950
64372,ok,1932
64373,recent,
64374,recent,
64378,unknown,
64380,ok,1940
64384,ok,1890
64385,ok,1930
64386,ok,1940
64387,ok,1920
64392,ok,1839
64394,ok,1912
64395,unknown,
64396,ok,1916
64397,unknown,
64398,ok,1953
64400,ok,1908
64402,ok,1911
64404,unknown,
64405,ok,1813
64406,unknown,
64407,ok,1945
64408,unknown,
64410,ok,1946
64412,unknown,
64413,unknown,
64415,recent,
64459,ok,1922
64460,ok,1939
64419,ok,1934
64420,recent,
64422,unknown,
64423,ok,1906
64425,ok,1922
64426,ok,1931
64427,ok,1922
64428,ok,1922
64430,ok,1947
64432,recent,
64433,unknown,
64434,ok,1852
64435,ok,1925
64437,ok,1943
64443,recent,
64444,unknown,
64445,recent,
64446,ok,1904
64447,ok,1904
64448,recent,
64451,ok,1947
64452,unknown,
64453,ok,1904
64454,ok,1879
64455,recent,
64456,ok,1926
64457,ok,1941
64458,ok,1925
64461,ok,1918
64462,ok,1945
64464,ok,1909
64467,ok,1931
64468,ok,1939
64469,ok,1918
64470,ok,1871
64471,ok,1897
64472,ok,1897
64473,recent,
64474,unknown,
64475,unknown,
64476,ok,1934
64480,unknown,
64481,recent,
64485,ok,1933
64488,ok,1926
64489,ok,1949
64490,ok,1893
64491,unknown,
64492,recent,
64493,ok,1908
64494,unknown,
64495,ok,1897
64496,ok,1900
64497,unknown,
64540,ok,1897
64498,ok,1939
64499,ok,1926
64500,unknown,
64503,unknown,
64504,ok,1915
64505,recent,
64506,ok,1873
64507,recent,
64510,ok,1927
64511,unknown,
64512,recent,
64514,ok,1946
64515,unknown,
64516,recent,
64517,ok,1939
64518,unknown,
64519,recent,
64520,ok,1936
64521,ok,1954
64526,ok,1866
64527,unknown,
64528,recent,
64529,ok,1906
64530,unknown,
64531,recent,
64532,ok,1944
64534,ok,1914
64535,ok,1897
64536,ok,1944
64537,ok,1907
64544,ok,1955
64545,ok,1900
64546,ok,1927
64547,ok,1938
64548,ok,1955
64549,ok,1955
64550,ok,1905
64553,ok,1946
64554,ok,1840
64555,ok,1851
64556,ok,1851
64557,ok,1851
64559,ok,1926
64560,ok,1913
64561,recent,
64562,ok,1936
64564,unknown,
64565,ok,1921
64566,unknown,
64567,ok,1947
64568,ok,1920
64569,unknown,
64570,ok,1943
64571,unknown,
64572,ok,1941
64573,ok,1928
64574,ok,1936
64575,ok,1925
64576,ok,1918
64577,ok,1906
64578,recent,
64581,ok,1865
64582,ok,1938
64583,unknown,
64584,unknown,
64585,recent,
64586,unknown,
64587,recent,
64590,ok,1946
64591,unknown,
64592,unknown,
64593,ok,1933
64594,unknown,
64595,recent,
64596,recent,
64598,ok,1936
64599,ok,1916
64601,ok,1918
64602,recent,
64603,ok,1911
64604,ok,1944
64606,ok,1914
64607,ok,1916
64608,ok,1940
64609,recent,
64610,ok,1879
64612,ok,1921
64613,ok,1904
64614,ok,1950
64615,ok,1921
64651,recent,
64616,ok,1944
64620,ok,1946
64621,ok,1926
64622,unknown,
64623,unknown,
64624,recent,
64625,recent,
64626,ok,1765
64627,unknown,
64628,ok,1894
64629,recent,
64630,recent,
64631,recent,
64632,recent,
64633,recent,
64634,recent,
64635,ok,1945
64636,ok,1859
64637,recent,
64638,ok,1936
64640,unknown,
64641,recent,
64642,ok,1924
64643,ok,1951
64644,recent,
64645,ok,1932
64646,unknown,
64647,recent,
64648,recent,
64649,ok,1907
64653,ok,1890
64654,ok,1874
64655,unknown,
64657,recent,
64658,recent,
64659,unknown,
64660,ok,1920
64662,ok,1949
64663,ok,1926
64664,ok,1904
64665,ok,1946
64666,unknown,
64667,recent,
64669,ok,1887
64670,ok,1887
64671,ok,1923
64672,recent,
64673,recent,
64674,ok,1889
64675,ok,1935
64677,ok,1905
64678,recent,
64679,unknown,
64681,ok,1910
64682,recent,
64683,ok,1951
64684,recent,
64685,unknown,
64686,recent,
64723,recent,
64687,unknown,
64689,unknown,
64690,recent,
64691,recent,
64692,ok,1893
64693,ok,1937
64694,unknown,
64695,recent,
64696,recent,
64697,recent,
64699,ok,1898
64700,recent,
64701,ok,1823
64702,recent,
64703,unknown,
64704,ok,1912
64705,unknown,
64706,unknown,
64707,ok,1907
64710,recent,
64711,recent,
64712,unknown,
64715,ok,1842
64716,ok,1847
64717,ok,1900
64719,ok,1949
64720,unknown,
64721,ok,1881
64722,unknown,
64725,recent,
64726,unknown,
64727,ok,1912
64728,unknown,
64729,ok,1939
64730,unknown,
64731,ok,1866
64732,ok,1880
64733,ok,1875
64734,ok,1875
64735,ok,1875
64737,ok,1915
64738,ok,1936
64739,unknown,
64741,ok,1875
64742,ok,1875
64743,ok,1875
64744,recent,
64745,recent,
64746,recent,
64747,unknown,
64748,ok,1876
64749,ok,1905
64752,ok,1946
64753,ok,1953
64754,ok,1953
64755,recent,
64756,unknown,
64757,recent,
64758,unknown,
64759,recent,
64760,ok,1917
64761,unknown,
64762,unknown,
64763,unknown,
64764,unknown,
64765,ok,1926
64767,unknown,
64768,recent,
64770,ok,1908
64771,recent,
64772,unknown,
64773,unknown,
64774,recent,
64776,ok,1931
64777,ok,1897
64778,ok,1897
64779,ok,1897
64782,unknown,
64783,recent,
64785,unknown,
64786,ok,1945
64787,ok,1919
64788,ok,1887
64789,recent,
64790,recent,
64791,recent,
64792,ok,1838
64793,unknown,
64794,ok,1891
64795,recent,
64796,ok,1955
64797,ok,1945
64798,ok,1949
64799,recent,
64800,ok,1904
64801,ok,1944
64803,unknown,
64804,ok,1875
64805,ok,1930
64807,ok,1945
64808,recent,
64809,ok,1937
64811,ok,1866
64812,recent,
64813,unknown,
64814,recent,
64815,ok,1931
64816,recent,
64817,recent,
64818,recent,
64819,ok,1950
64820,recent,
64821,ok,1876
64822,ok,1946
64823,ok,1922
64825,ok,1936
64826,recent,
64827,unknown,
64828,unknown,
64829,unknown,
64830,unknown,
64831,unknown,
64832,unknown,
64833,unknown,
64834,unknown,
64835,unknown,
64836,ok,1887
64837,ok,1930
64838,ok,1906
64840,recent,
64841,recent,
64842,recent,
64843,ok,1911
64846,recent,
64847,recent,
64848,unknown,
64849,ok,1920
64850,ok,1884
64851,recent,
64852,ok,1911
64853,ok,1938
64854,ok,1947
64856,unknown,
64857,unknown,
64858,ok,1955
64860,unknown,
64861,ok,1954
64862,ok,1918
64863,unknown,
64865,unknown,
64866,ok,1864
64867,ok,1904
64868,ok,1846
64870,unknown,
64871,unknown,
64873,unknown,
64874,unknown,
64875,recent,
64876,ok,1878
64877,ok,1881
64878,unknown,
64879,ok,1878
64880,recent,
64881,recent,
64882,ok,1953
64883,ok,1884
64886,ok,1949
64887,unknown,
64888,ok,1897
64889,unknown,
64890,ok,1813
64891,ok,1910
64892,ok,1920
64893,unknown,
64894,ok,1937
64895,ok,1787
64963,recent,
64896,ok,1915
64898,ok,1943
64900,ok,1946
64901,unknown,
64902,ok,1926
64903,ok,1952
64904,ok,1944
64905,ok,1875
64907,ok,1932
64908,ok,1938
64909,ok,1874
64910,ok,1947
64911,ok,1910
64912,ok,1932
64913,ok,1926
64914,ok,1946
64915,unknown,
64916,unknown,
64917,ok,1942
64919,unknown,
64920,ok,1915
64922,recent,
64923,ok,1946
64924,ok,1954
64925,ok,1934
64926,ok,1865
64927,recent,
64928,ok,1947
64930,ok,1915
64931,ok,1936
64933,ok,1937
64934,ok,1930
64935,ok,1907
64936,ok,1920
64938,unknown,
64939,ok,1915
64940,unknown,
64941,ok,1917
64942,unknown,
64943,unknown,
64944,ok,1864
64948,ok,1816
64949,ok,1944
64952,ok,1936
64953,ok,1809
64954,ok,1944
64955,unknown,
64957,ok,1915
64959,ok,1948
64961,unknown,
64962,unknown,
64965,recent,
64966,ok,1948
64967,unknown,
64968,unknown,
64969,unknown,
64970,ok,1946
64971,unknown,
64972,ok,1927
64975,unknown,
64976,ok,1817
64977,recent,
64978,ok,1932
64979,unknown,
64981,recent,
64982,ok,1924
64983,ok,1926
64984,ok,1890
64985,ok,1933
64988,recent,
64989,recent,
64990,ok,1950
64991,ok,1944
64992,unknown,
64993,unknown,
64994,unknown,
64997,ok,1915
64998,unknown,
64999,ok,1908
65000,ok,1907
65001,ok,1944
65002,ok,1881
65003,ok,1852
65004,ok,1885
65005,unknown,
65007,recent,
65008,unknown,
65009,unknown,
65010,unknown,
65011,unknown,
65012,ok,1910
65013,recent,
65014,ok,1930
65015,unknown,
65017,recent,
65018,recent,
65020,unknown,
65052,ok,1941
65022,ok,1836
65023,unknown,
65025,ok,1940
65026,ok,1944
65027,unknown,
65029,ok,1921
65030,unknown,
65031,ok,1926
65032,recent,
65033,ok,1883
65035,recent,
65036,unknown,
65037,unknown,
65039,ok,1950
65040,ok,1896
65041,ok,1869
65042,ok,1930
65043,ok,1930
65044,ok,1930
65045,ok,1930
65046,ok,1930
65047,ok,1930
65048,ok,1939
65049,unknown,
65050,ok,1939
65053,recent,
65058,ok,1919
65059,ok,1949
65060,ok,1879
65061,ok,1915
65062,recent,
65064,recent,
65065,ok,1954
65066,ok,1758
65067,recent,
65068,ok,1837
65069,recent,
65070,recent,
65071,ok,1951
65072,recent,
65074,unknown,
65075,recent,
65076,ok,1930
65077,recent,
65078,unknown,
65079,unknown,
65080,ok,1887
65081,ok,1923
65082,ok,1893
65083,recent,
65084,unknown,
65085,recent,
65086,recent,
65087,ok,1894
65090,ok,1890
65127,recent,
65091,ok,1937
65092,ok,1894
65096,ok,1941
65097,unknown,
65098,ok,1904
65099,ok,1951
65100,recent,
65101,unknown,
65103,ok,1922
65104,unknown,
65105,ok,1941
65106,recent,
65107,recent,
65109,ok,1941
65110,unknown,
65111,ok,1880
65112,recent,
65113,recent,
65114,unknown,
65115,unknown,
65116,ok,1926
65117,ok,1929
65118,ok,1938
65119,unknown,
65120,unknown,
65121,recent,
65122,unknown,
65123,ok,1939
65124,unknown,
65125,ok,1932
65126,unknown,
65128,unknown,
65129,ok,1933
65130,recent,
65132,ok,1943
65133,unknown,
65134,ok,1930
65135,unknown,
65136,ok,1891
65137,unknown,
65138,recent,
65139,unknown,
65140,recent,
65141,recent,
65142,unknown,
65143,ok,1887
65144,ok,1887
65145,recent,
65146,ok,1940
65147,ok,1595
65148,unknown,
65149,ok,1950
65150,ok,1931
65151,recent,
65152,recent,
65153,ok,1897
65155,unknown,
65156,unknown,
65157,recent,
65159,recent,
65160,ok,1749
65161,ok,1935
65162,ok,1933
65166,ok,1950
65167,unknown,
65168,unknown,
65169,unknown,
65170,ok,1930
65171,ok,1862
65172,recent,
65173,recent,
65174,ok,1940
65176,unknown,
65177,unknown,
65178,ok,1927
65180,unknown,
65181,recent,
65182,recent,
65183,ok,1875
65184,unknown,
65185,recent,
65186,recent,
65187,ok,1950
65188,ok,1895
65189,recent,
65190,unknown,
65191,ok,1929
65192,ok,1909
65193,unknown,
65194,unknown,
65195,ok,1920
65233,ok,1943
65196,ok,1840
65198,unknown,
65199,unknown,
65200,recent,
65201,ok,1949
65202,unknown,
65203,ok,1938
65204,ok,1952
65205,ok,1944
65206,ok,1953
65207,ok,1946
65208,unknown,
65209,unknown,
65210,unknown,
65213,ok,1936
65214,ok,1885
65215,ok,1885
65218,recent,
65219,ok,1939
65220,recent,
65221,recent,
65222,recent,
65223,ok,1910
65224,ok,1945
65226,ok,1897
65227,ok,1897
65228,unknown,
65229,recent,
65230,recent,
65231,recent,
65232,ok,1945
65234,ok,1887
65235,unknown,
65236,unknown,
65237,ok,1944
65238,recent,
65239,unknown,
65240,unknown,
65241,unknown,
65242,recent,
65243,unknown,
65244,ok,1922
65245,ok,1842
65246,unknown,
65247,ok,1902
65248,recent,
65249,ok,1936
65250,unknown,
65251,unknown,
65252,ok,1933
65253,ok,1941
65254,unknown,
65255,ok,1891
65256,ok,1765
65257,unknown,
65258,recent,
65259,ok,1954
65260,ok,1907
65261,ok,1898
65262,recent,
65263,ok,1875
65264,unknown,
65265,recent,
65266,ok,1877
65267,recent,
65269,unknown,
65270,unknown,
65271,ok,1954
65272,recent,
65273,ok,1870
65274,ok,1952
65275,ok,1546
65276,recent,
65278,ok,1946
65279,unknown,
65280,unknown,
65282,recent,
65283,unknown,
65284,ok,1927
65285,ok,1941
65286,unknown,
65287,unknown,
65288,unknown,
65289,unknown,
65290,ok,1910
65291,ok,1911
65293,unknown,
65294,ok,1887
65295,ok,1896
65296,ok,1915
65298,unknown,
65299,ok,1939
65301,ok,1791
65302,ok,1919
65303,unknown,
65304,ok,1953
65305,unknown,
65306,ok,1913
65307,ok,1950
65308,recent,
65309,ok,1940
65310,ok,1948
65311,ok,1931
65312,ok,1931
65313,ok,1936
65314,recent,
65315,ok,1939
65316,unknown,
65317,ok,1859
65318,unknown,
65319,ok,1951
65320,unknown,
65321,recent,
65323,recent,
65324,recent,
65325,unknown,
65326,unknown,
65327,unknown,
65328,ok,1897
65329,ok,1897
65330,ok,1897
65331,recent,
65334,ok,1897
65335,recent,
65336,recent,
65337,ok,1927
65338,unknown,
65339,ok,1922
65341,ok,1882
65342,unknown,
65343,recent,
65345,unknown,
65347,recent,
65348,unknown,
65349,ok,1941
65350,recent,
65351,ok,1927
65354,unknown,
65355,unknown,
65356,unknown,
65357,ok,1873
65358,unknown,
65359,ok,1935
65360,unknown,
65361,ok,1859
65362,unknown,
65363,ok,1930
65364,unknown,
65365,ok,1893
65366,ok,1546
65367,unknown,
65368,unknown,
65369,unknown,
65370,recent,
65371,unknown,
65372,recent,
65373,unknown,
65374,unknown,
65375,ok,1823
65376,ok,1947
65377,unknown,
65378,unknown,
65379,recent,
65380,ok,1912
65381,ok,1897
65382,unknown,
65383,ok,1932
65384,recent,
65385,ok,1925
65386,ok,1935
65387,recent,
65388,recent,
65389,unknown,
65423,ok,1917
65390,ok,1879
65392,ok,1906
65393,ok,1887
65394,recent,
65395,recent,
65396,ok,1816
65397,recent,
65398,unknown,
65399,ok,1934
65400,unknown,
65401,ok,1929
65402,ok,1942
65403,ok,1915
65404,unknown,
65405,ok,1942
65406,unknown,
65407,ok,1935
65411,ok,1932
65412,unknown,
65413,ok,1875
65414,ok,1706
65415,ok,1887
65416,ok,1946
65417,recent,
65418,ok,1940
65419,ok,1944
65420,ok,1908
65421,ok,1915
65424,ok,1916
65425,ok,1928
65426,recent,
65427,unknown,
65428,unknown,
65429,unknown,
65430,recent,
65431,unknown,
65432,ok,1911
65433,ok,1925
65434,ok,1778
65436,unknown,
65437,recent,
65438,ok,1955
65439,unknown,
65440,recent,
65441,unknown,
65442,recent,
65443,unknown,
65445,ok,1913
65446,unknown,
65447,unknown,
65448,ok,1858
65449,ok,1915
65450,recent,
65451,recent,
65452,ok,1907
65453,unknown,
65454,unknown,
65556,recent,
65455,ok,1908
65456,ok,1895
65457,ok,1878
65458,ok,1897
65459,ok,1927
65460,ok,1858
65461,recent,
65462,ok,1866
65463,ok,1917
65464,unknown,
65465,ok,1947
65466,ok,1954
65471,ok,1932
65472,unknown,
65473,ok,1745
65474,ok,1889
65475,ok,1953
65476,ok,1915
65477,ok,1927
65478,ok,1922
65479,unknown,
65480,ok,1923
65481,ok,1916
65482,recent,
65483,recent,
65484,ok,1830
65487,ok,1916
65489,ok,1940
65490,ok,1943
65491,ok,1941
65492,recent,
65493,unknown,
65494,ok,1913
65495,ok,1901
65496,ok,1910
65497,ok,1941
65498,unknown,
65499,unknown,
65500,unknown,
65501,unknown,
65502,unknown,
65503,unknown,
65504,ok,1951
65505,ok,1882
65506,unknown,
65507,unknown,
65508,unknown,
65509,ok,1952
65510,unknown,
65511,ok,1909
65512,unknown,
65513,ok,1914
65514,ok,1911
65557,ok,1945
65515,ok,1916
65518,recent,
65519,ok,1884
65520,ok,1915
65521,recent,
65522,ok,1910
65524,ok,1911
65526,recent,
65527,ok,1894
65528,ok,1924
65530,ok,1838
65533,recent,
65534,recent,
65537,unknown,
65538,unknown,
65539,recent,
65540,unknown,
65542,ok,1918
65543,unknown,
65544,ok,1948
65545,ok,1919
65546,ok,1885
65547,unknown,
65548,ok,1922
65549,ok,1919
65550,recent,
65551,unknown,
65552,ok,1897
65553,recent,
65554,ok,1946
65555,ok,1953
65558,ok,1941
65559,ok,1947
65560,recent,
65561,ok,1920
65562,unknown,
65563,unknown,
65564,ok,1932
65566,ok,1940
65567,unknown,
65568,ok,1924
65569,unknown,
65570,unknown,
65571,unknown,
65572,unknown,
65573,recent,
65574,ok,1945
65576,recent,
65577,recent,
65578,ok,1931
65579,unknown,
65581,unknown,
65582,ok,1933
65583,ok,1934
65585,ok,1940
65587,ok,1918
65588,ok,1917
65589,ok,1910
65590,recent,
65591,ok,1947
65592,recent,
65593,ok,1942
65668,recent,
65594,unknown,
65595,unknown,
65596,ok,1940
65597,ok,1830
65598,unknown,
65601,unknown,
65604,ok,1894
65605,unknown,
65606,ok,1945
65608,unknown,
65609,ok,1916
65613,ok,1948
65614,recent,
65615,ok,1887
65616,ok,1887
65617,ok,1887
65618,ok,1940
65619,ok,1878
65620,unknown,
65621,ok,1916
65622,ok,1856
65623,unknown,
65624,unknown,
65625,ok,1912
65626,unknown,
65628,ok,1815
65629,ok,1921
65630,ok,1947
65631,ok,1897
65633,ok,1897
65634,ok,1920
65635,ok,1942
65636,ok,1947
65637,ok,1854
65638,ok,1919
65641,ok,1942
65642,unknown,
65645,unknown,
65646,unknown,
65647,unknown,
65650,ok,1923
65651,unknown,
65652,ok,1947
65653,ok,1921
65654,ok,1877
65655,ok,1925
65656,recent,
65658,recent,
65659,recent,
65663,unknown,
65665,ok,1905
65666,recent,
65667,ok,1924
65670,ok,1806
65671,recent,
65673,recent,
65674,ok,1898
65675,ok,1937
65676,recent,
65677,ok,1788
65679,unknown,
65683,ok,1916
65684,ok,1950
65686,unknown,
65688,ok,1936
65690,unknown,
65691,recent,
65692,unknown,
65693,recent,
65695,ok,1947
65696,unknown,
65699,ok,1930
65700,ok,1938
65701,ok,1922
65704,unknown,
65705,unknown,
65706,unknown,
65707,unknown,
65708,unknown,
65709,recent,
65710,ok,1902
65712,ok,1916
65714,ok,1939
65715,ok,1797
65716,ok,1919
65717,ok,1927
65718,ok,1915
65720,ok,1931
65721,ok,1816
65722,recent,
65723,unknown,
65725,recent,
65726,unknown,
65727,recent,
65728,unknown,
65729,unknown,
65730,recent,
65731,recent,
65732,unknown,
65733,unknown,
65735,ok,1916
65737,ok,1915
65739,ok,1901
65740,unknown,
65741,recent,
65743,unknown,
65744,ok,1932
65747,ok,1919
65748,unknown,
65749,ok,1935
65750,ok,1905
65751,ok,1945
65752,unknown,
65753,unknown,
65754,unknown,
65755,ok,1935
65756,unknown,
65757,ok,1923
65758,ok,1935
65759,recent,
65760,ok,1945
65761,recent,
65762,ok,1924
65763,ok,1925
65765,ok,1945
65766,ok,1927
65767,recent,
65768,unknown,
65769,recent,
65770,recent,
65771,recent,
65772,recent,
65773,ok,1887
65774,unknown,
65775,recent,
65776,recent,
65779,ok,1943
65780,ok,1862
65781,ok,1862
65782,recent,
65783,unknown,
65784,ok,1945
65785,unknown,
65786,unknown,
65787,unknown,
65789,unknown,
65790,unknown,
65791,unknown,
65792,recent,
65793,unknown,
65794,ok,1954
65795,unknown,
65799,ok,1912
65800,ok,1946
65804,unknown,
65805,unknown,
65806,recent,
65807,ok,1949
65808,unknown,
65809,recent,
65810,recent,
65811,unknown,
65812,unknown,
65813,recent,
65816,unknown,
65817,recent,
65818,recent,
65819,ok,1944
65820,ok,1954
65821,unknown,
65822,recent,
65823,unknown,
65825,recent,
65826,unknown,
65827,unknown,
65828,unknown,
65830,ok,1911
65831,unknown,
65833,ok,1943
65834,unknown,
65836,ok,1954
65837,ok,1941
65838,recent,
65839,recent,
65840,ok,1938
65841,ok,1902
65842,recent,
65843,recent,
65844,ok,1933
65845,ok,1948
65847,unknown,
65848,ok,1952
65849,recent,
65850,ok,1950
65853,ok,1954
65915,ok,1918
65855,ok,1902
65856,recent,
65857,unknown,
65858,unknown,
65859,unknown,
65860,ok,1943
65861,recent,
65862,unknown,
65863,ok,1896
65865,recent,
65866,ok,1915
65867,unknown,
65868,unknown,
65869,ok,1945
65870,ok,1929
65871,ok,1911
65872,ok,1917
65873,unknown,
65874,recent,
65875,unknown,
65876,unknown,
65877,recent,
65878,ok,1927
65881,unknown,
65882,ok,1924
65883,unknown,
65884,ok,1935
65885,recent,
65886,recent,
65887,ok,1935
65889,recent,
65890,unknown,
65891,unknown,
65892,unknown,
65893,unknown,
65894,ok,1943
65895,ok,1933
65896,recent,
65897,unknown,
65898,ok,1925
65899,unknown,
65900,ok,1921
65901,ok,1925
65902,recent,
65903,recent,
65906,recent,
65907,recent,
65908,ok,1879
65909,ok,1893
65910,ok,1936
65912,ok,1951
65913,unknown,
65914,ok,1945
65916,unknown,
65917,unknown,
65918,ok,1935
65919,unknown,
65920,unknown,
65921,ok,1927
65923,ok,1916
65924,unknown,
65925,recent,
65926,recent,
65927,ok,1873
65929,ok,1948
65930,ok,1930
65931,recent,
65932,ok,1887
65933,recent,
65934,ok,1897
65935,ok,1897
65936,recent,
65938,recent,
65939,ok,1950
65940,unknown,
65941,unknown,
65942,unknown,
65943,unknown,
65944,ok,1945
65945,recent,
65947,recent,
65948,unknown,
65949,recent,
65950,ok,1950
65951,unknown,
65952,recent,
65953,ok,1932
65954,ok,1952
65955,unknown,
65956,recent,
65957,ok,1929
65959,unknown,
65960,unknown,
65961,recent,
65962,ok,1954
65964,unknown,
65965,ok,1944
65966,ok,1902
65967,unknown,
65968,ok,1932
65969,ok,1921
65970,ok,1925
65971,recent,
65972,ok,1713
65974,recent,
65975,unknown,
65976,ok,1943
65977,recent,
65978,unknown,
65979,recent,
65980,unknown,
66016,ok,1847
65981,ok,1856
65982,recent,
65983,unknown,
65984,ok,1895
65985,unknown,
65987,ok,1925
65989,ok,1877
65990,ok,1877
65992,recent,
65993,ok,1941
65994,ok,1954
65995,ok,1944
65997,ok,1894
65998,ok,1925
66000,recent,
66002,ok,1881
66003,ok,1954
66004,unknown,
66005,recent,
66006,ok,1925
66007,unknown,
66008,ok,1954
66009,unknown,
66010,ok,1859
66011,recent,
66012,recent,
66014,recent,
66015,ok,1913
66017,unknown,
66018,ok,1945
66019,ok,1946
66021,recent,
66022,ok,1893
66024,recent,
66025,ok,1939
66026,ok,1927
66027,ok,1844
66028,unknown,
66029,ok,1950
66030,ok,1919
66031,ok,1864
66032,ok,1938
66033,recent,
66034,unknown,
66035,ok,1902
66036,ok,1954
66038,ok,1900
66039,ok,1935
66040,ok,1935
66041,recent,
66042,recent,
66044,recent,
66045,recent,
66046,unknown,
66047,ok,1892
66049,ok,1953
66050,recent,
66051,ok,1928
66052,ok,1943
66054,unknown,
66055,ok,1944
66056,unknown,
66057,recent,
66059,ok,1943
66060,ok,1924
66061,ok,1953
66062,recent,
66063,ok,1881
66064,ok,1894
66065,unknown,
66066,unknown,
66068,ok,1869
66069,unknown,
66070,unknown,
66071,recent,
66072,ok,1943
66073,recent,
66074,ok,1924
66075,unknown,
66076,ok,1933
66077,recent,
66078,ok,1859
66079,ok,1924
66080,unknown,
66081,recent,
66082,unknown,
66083,unknown,
66084,ok,1928
66085,ok,1916
66086,unknown,
66088,ok,1930
66089,unknown,
66090,recent,
66091,ok,1931
66092,recent,
66093,unknown,
66094,ok,1918
66095,ok,1925
66096,ok,1856
66097,unknown,
66098,unknown,
66099,unknown,
66101,recent,
66102,unknown,
66103,ok,1953
66106,ok,1854
66108,recent,
66109,unknown,
66110,ok,1914
66111,unknown,
66112,ok,1913
66113,ok,1943
66114,recent,
66115,ok,1933
66116,ok,1935
66117,ok,1948
66119,unknown,
66120,ok,1887
66121,ok,1887
66122,ok,1887
66123,unknown,
66124,recent,
66125,ok,1953
66126,ok,1931
66127,unknown,
66128,unknown,
66129,ok,1922
66130,unknown,
66131,ok,1949
66132,ok,1949
66133,ok,1949
66134,unknown,
66135,recent,
66136,unknown,
66137,recent,
66138,recent,
66139,unknown,
66140,unknown,
66141,unknown,
66142,recent,
66143,recent,
66144,unknown,
66145,recent,
66146,recent,
66147,unknown,
66148,ok,1941
66150,ok,1919
66151,unknown,
66152,ok,1938
66153,unknown,
66154,recent,
66155,unknown,
66156,ok,1924
66157,ok,1916
66160,ok,1926
66161,ok,1951
66162,ok,1943
66163,recent,
66164,ok,1930
66166,ok,1950
66168,unknown,
66169,ok,1895
66171,ok,1930
66172,ok,1871
66173,ok,1901
66174,ok,1935
66175,unknown,
66176,recent,
66177,ok,1910
66178,ok,1929
66180,ok,1867
66181,ok,1926
66182,unknown,
66183,unknown,
66184,ok,1954
66185,ok,1871
66186,ok,1924
66187,unknown,
66188,unknown,
66189,recent,
66190,ok,1876
66191,ok,1945
66192,unknown,
66193,ok,1925
66194,unknown,
66195,ok,1939
66196,recent,
66197,unknown,
66198,unknown,
66199,unknown,
66201,ok,1908
66202,unknown,
66203,ok,1896
66204,ok,1924
66205,ok,1943
66206,ok,1939
66207,unknown,
66208,ok,1912
66209,unknown,
66210,recent,
66211,recent,
66212,ok,1911
66213,ok,1891
66215,ok,1921
66216,ok,1920
66217,unknown,
66218,unknown,
66220,ok,1929
66221,ok,1954
66222,ok,1926
66224,ok,1954
66225,recent,
66226,unknown,
66227,ok,1909
66228,recent,
66229,ok,1933
66230,ok,1755
66231,ok,1924
66232,unknown,
66234,unknown,
66235,unknown,
66236,unknown,
66237,unknown,
66238,ok,1924
66239,ok,1924
66240,ok,1924
66242,unknown,
66244,recent,
66245,recent,
66246,recent,
66247,unknown,
66248,ok,1909
66249,ok,1938
66250,unknown,
66251,ok,1949
66252,unknown,
66254,ok,1632
66257,ok,1920
66258,recent,
66259,recent,
66260,ok,1931
66261,recent,
66264,unknown,
66265,unknown,
66266,ok,1828
66267,unknown,
66268,unknown,
66269,ok,1894
66270,unknown,
66271,unknown,
66272,unknown,
66273,unknown,
66274,ok,1932
66275,ok,1909
66276,ok,1947
66277,ok,1893
66278,recent,
66279,ok,1914
66280,ok,1933
66282,unknown,
66283,recent,
66284,ok,1949
66286,unknown,
66287,recent,
66288,recent,
66289,recent,
66290,recent,
66291,recent,
66292,recent,
66293,recent,
66294,recent,
66295,recent,
66296,ok,1910
66299,ok,1936
66300,ok,1926
66301,ok,1884
66302,unknown,
66303,ok,1919
66304,unknown,
66305,recent,
66306,recent,
66307,ok,1914
66308,unknown,
66309,ok,1916
66310,ok,1924
66312,unknown,
66385,ok,1939
66313,recent,
66314,recent,
66316,unknown,
66317,unknown,
66318,unknown,
66320,ok,1924
66321,ok,1943
66323,ok,1860
66324,recent,
66325,ok,1933
66327,ok,1919
66328,recent,
66329,unknown,
66330,recent,
66331,ok,1851
66332,ok,1854
66333,ok,1841
66334,unknown,
66335,ok,1916
66336,unknown,
66341,unknown,
66342,ok,1882
66343,ok,1882
66344,ok,1937
66345,ok,1914
66346,recent,
66349,ok,1934
66416,recent,
66417,recent,
66350,unknown,
66351,recent,
66353,unknown,
66354,ok,1947
66355,ok,1955
66356,ok,1931
66357,ok,1939
66358,ok,1941
66359,unknown,
66360,recent,
66362,recent,
66363,unknown,
66364,recent,
66365,ok,1920
66366,ok,1952
66367,ok,1932
66368,ok,1954
66369,ok,1942
66371,ok,1948
66372,ok,1922
66374,ok,1930
66375,ok,1930
66376,ok,1897
66377,ok,1932
66379,recent,
66380,unknown,
66381,recent,
66382,ok,1915
66383,ok,1933
66386,ok,1841
66387,recent,
66388,ok,1913
66389,recent,
66390,ok,1942
66391,recent,
66392,ok,1921
66393,recent,
66394,recent,
66395,unknown,
66396,recent,
66397,unknown,
66398,recent,
66399,ok,1926
66403,unknown,
66404,ok,1920
66405,recent,
66406,ok,1866
66407,ok,1909
66408,recent,
66409,ok,1946
66410,recent,
66411,ok,1926
66412,ok,1887
66413,ok,1887
66414,ok,1887
66415,ok,1918
66418,unknown,
66419,unknown,
66420,unknown,
66422,ok,1947
66423,unknown,
66424,unknown,
66425,unknown,
66427,recent,
66428,unknown,
66429,ok,1865
66430,ok,1935
66431,recent,
66432,unknown,
66433,ok,1944
66434,unknown,
66435,recent,
66436,unknown,
66438,recent,
66439,unknown,
66441,recent,
66442,ok,1927
66443,recent,
66445,unknown,
66446,recent,
66447,recent,
66448,recent,
66449,ok,1946
66450,ok,1925
66451,ok,1926
66453,ok,1951
66454,ok,1952
66455,ok,1947
66456,unknown,
66458,unknown,
66459,ok,1865
66460,recent,
66461,recent,
66462,unknown,
66463,recent,
66464,unknown,
66465,ok,1927
66466,ok,1896
66467,ok,1920
66468,ok,1947
66469,recent,
66470,ok,1915
66471,ok,1933
66472,ok,1951
66473,ok,1857
66474,unknown,
66476,ok,1927
66477,recent,
66480,ok,1953
66482,ok,1940
66483,unknown,
66631,ok,1930
66484,unknown,
66485,unknown,
66486,unknown,
66487,ok,1856
66489,ok,1918
66490,ok,1914
66492,ok,1924
66493,ok,1924
66494,ok,1946
66495,ok,1907
66496,recent,
66498,ok,1909
66500,ok,1871
66502,ok,1936
66503,ok,1931
66505,ok,1880
66506,ok,1850
66507,ok,1858
66508,unknown,
66509,ok,1950
66510,ok,1929
66511,recent,
66513,ok,1908
66516,ok,1939
66517,ok,1935
66518,ok,1923
66519,unknown,
66520,ok,1902
66521,ok,1947
66522,ok,1933
66524,ok,1928
66525,ok,1947
66526,recent,
66527,ok,1934
66528,ok,1925
66529,recent,
66530,unknown,
66531,unknown,
66533,ok,1944
66534,ok,1924
66536,recent,
66538,recent,
66539,recent,
66540,recent,
66541,ok,1906
66542,unknown,
66544,recent,
66545,ok,1851
66546,ok,1915
66547,ok,1939
66550,recent,
66551,unknown,
66552,ok,1934
66555,unknown,
66557,ok,1926
66558,ok,1933
66559,ok,1823
66562,unknown,
66563,ok,1899
66564,recent,
66565,unknown,
66566,unknown,
66568,recent,
66569,unknown,
66570,recent,
66571,unknown,
66572,recent,
66574,recent,
66575,unknown,
66576,ok,1914
66577,recent,
66579,unknown,
66580,ok,1887
66581,ok,1887
66582,ok,1887
66583,ok,1932
66584,ok,1920
66585,ok,1881
66587,ok,1928
66588,recent,
66590,recent,
66592,ok,1916
66595,ok,1918
66596,ok,1938
66597,ok,1914
66805,ok,1949
66598,ok,1865
66599,unknown,
66600,recent,
66601,ok,1942
66602,recent,
66605,ok,1946
66606,unknown,
66607,ok,1937
66608,recent,
66609,ok,1906
66610,ok,1933
66612,recent,
66613,recent,
66614,ok,1865
66616,unknown,
66617,ok,1926
66618,recent,
66619,ok,1944
66620,ok,1870
66621,ok,1865
66622,ok,1930
66623,recent,
66625,unknown,
66627,ok,1935
66628,ok,1902
66629,ok,1865
66632,ok,1929
66634,unknown,
66635,unknown,
66636,unknown,
66637,ok,1944
66638,recent,
66639,recent,
66640,ok,1857
66641,ok,1830
66643,unknown,
66644,ok,1955
66645,ok,1910
66646,recent,
66647,unknown,
66648,recent,
66650,ok,1921
66651,ok,1940
66652,ok,1913
66654,unknown,
66655,ok,1872
66658,ok,1930
66659,unknown,
66660,unknown,
66661,ok,1931
66663,ok,1885
66664,ok,1930
66665,ok,1930
66667,unknown,
66668,ok,1948
67238,recent,
66669,ok,1948
66670,unknown,
66671,ok,1953
66672,ok,1930
66674,ok,1950
66676,ok,1943
66677,ok,1933
66678,ok,1771
66679,ok,1771
66680,recent,
66681,ok,1917
66682,ok,1926
66683,ok,1922
66684,unknown,
66685,recent,
66687,recent,
66688,ok,1875
66689,ok,1861
66690,ok,1926
66691,recent,
66693,ok,1940
66694,ok,1943
66695,ok,1944
66696,unknown,
66697,ok,1942
66698,recent,
66699,recent,
66700,unknown,
66701,recent,
66728,recent,
66729,unknown,
66702,recent,
66703,ok,1924
66704,ok,1910
66705,ok,1868
66706,recent,
66707,unknown,
66708,unknown,
66709,ok,1814
66710,ok,1780
66711,recent,
66712,unknown,
66713,recent,
66714,recent,
66715,ok,1941
66716,recent,
66717,unknown,
66718,unknown,
66719,ok,1865
66720,ok,1951
66721,recent,
66722,recent,
66723,recent,
66724,unknown,
66725,ok,1907
66726,ok,1927
66727,unknown,
66730,unknown,
66731,recent,
66732,unknown,
66733,unknown,
66734,ok,1922
66735,ok,1913
66736,unknown,
66737,ok,1932
66738,unknown,
66740,unknown,
66743,ok,1921
66744,ok,1953
66745,ok,1930
66746,unknown,
66747,ok,1901
66748,unknown,
66749,ok,1851
66750,unknown,
66751,ok,1933
66752,unknown,
66753,recent,
66754,ok,1930
66755,ok,1941
66756,recent,
66758,unknown,
66759,recent,
66760,unknown,
66761,ok,1938
66762,ok,1921
66802,recent,
66763,ok,1848
66764,unknown,
66766,ok,1934
66767,ok,1921
66768,recent,
66771,ok,1921
66773,unknown,
66774,ok,1937
66775,recent,
66776,ok,1922
66779,unknown,
66780,ok,1916
66781,ok,1928
66782,unknown,
66785,ok,1835
66786,ok,1936
66787,ok,1932
66788,ok,1878
66790,ok,1935
66791,ok,1890
66792,ok,1945
66793,ok,1918
66794,ok,1933
66795,ok,1950
66796,ok,1865
66798,recent,
66799,unknown,
66800,unknown,
66806,ok,1951
66807,ok,1951
66808,ok,1887
66809,unknown,
66810,ok,1931
66812,ok,1890
66813,ok,1890
66815,recent,
66816,unknown,
66817,ok,1949
66818,unknown,
66819,ok,1925
66820,ok,1949
66821,recent,
66822,ok,1905
66823,recent,
66824,recent,
66825,recent,
66827,ok,1919
66828,unknown,
66829,recent,
66830,unknown,
66831,recent,
66832,recent,
66833,ok,1930
66834,ok,1942
66837,ok,1941
66838,ok,1916
66839,ok,1890
66840,recent,
66843,recent,
67283,ok,1942
66844,ok,1921
66845,ok,1924
66846,ok,1941
66848,ok,1954
66849,ok,1937
66850,ok,1933
66851,ok,1933
66852,ok,1934
66853,ok,1934
66854,ok,1921
66855,ok,1949
66856,recent,
66857,recent,
66858,ok,1865
66859,recent,
66860,ok,1907
66861,ok,1913
66862,ok,1942
66863,unknown,
66864,ok,1935
66868,ok,1924
66869,ok,1952
66870,ok,1889
66871,recent,
66872,recent,
66873,ok,1887
66874,ok,1887
66875,ok,1887
66876,recent,
66877,ok,1942
66878,ok,1944
66881,ok,1936
66882,unknown,
66883,ok,1942
66884,ok,1863
66885,unknown,
66886,ok,1935
66887,ok,1947
66888,unknown,
66889,ok,1948
66890,unknown,
66891,ok,1878
66892,ok,1941
66893,ok,1949
66894,ok,1939
66895,unknown,
66897,ok,1916
66898,recent,
66899,ok,1955
66900,unknown,
66901,ok,1942
66905,ok,1914
66906,ok,1940
66907,ok,1947
66908,ok,1837
66972,ok,1926
66973,ok,1933
66909,ok,1930
66910,ok,1889
66911,ok,1935
66912,unknown,
66913,ok,1941
66914,ok,1941
66915,ok,1925
66916,recent,
66917,ok,1945
66918,unknown,
66919,ok,1938
66920,unknown,
66921,unknown,
66922,unknown,
66923,unknown,
66924,ok,1817
66925,recent,
66926,unknown,
66927,ok,1885
66928,unknown,
66929,ok,1950
66932,ok,1931
66933,unknown,
66934,unknown,
66935,unknown,
66936,unknown,
66937,ok,1920
66938,ok,1940
66940,recent,
66941,ok,1896
66942,unknown,
66943,unknown,
66944,recent,
66945,ok,1891
66946,ok,1874
66948,unknown,
66950,ok,1855
66951,recent,
66953,ok,1864
66954,ok,1923
66955,ok,1829
66956,ok,1938
66957,unknown,
66958,ok,1938
66960,ok,1930
66961,ok,1926
66962,ok,1951
66964,ok,1812
66965,ok,1948
66966,ok,1915
66968,recent,
66969,recent,
66970,recent,
66971,recent,
66974,recent,
66975,ok,1916
66976,recent,
66978,ok,1903
66980,ok,1947
66981,recent,
66982,ok,1909
66983,unknown,
66984,unknown,
66985,ok,1949
66986,unknown,
66987,ok,1911
66988,unknown,
66990,unknown,
66991,ok,1930
66992,ok,1911
66993,ok,1865
66995,ok,1907
66996,ok,1949
66997,ok,1944
66998,ok,1940
67000,ok,1949
67001,ok,1865
67003,ok,1905
67004,ok,1951
67005,ok,1911
67006,unknown,
67007,ok,1862
67008,unknown,
67009,unknown,
67010,ok,1947
67011,unknown,
67012,ok,1940
67014,unknown,
67016,ok,1926
67017,ok,1871
67018,ok,1951
67019,ok,1914
67020,unknown,
67021,ok,1841
67022,ok,1932
67024,ok,1893
67025,ok,1929
67026,ok,1929
67027,ok,1935
67028,unknown,
67029,ok,1932
67030,unknown,
67031,ok,1878
67032,ok,1860
67034,ok,1910
67035,unknown,
67036,ok,1875
67037,ok,1918
67038,recent,
67039,ok,1902
67040,ok,1842
67041,unknown,
67042,ok,1953
67043,recent,
67044,unknown,
67045,ok,1896
67046,recent,
67047,unknown,
67050,recent,
67051,ok,1945
67052,ok,1917
67053,ok,1932
67055,ok,1951
67056,ok,1954
67057,ok,1932
67058,ok,1909
67059,ok,1945
67060,recent,
67061,unknown,
67062,recent,
67063,ok,1865
67064,ok,1847
67129,ok,1919
67065,unknown,
67069,ok,1907
67070,ok,1930
67071,ok,1946
67072,ok,1930
67073,ok,1941
67074,ok,1893
67075,ok,1948
67077,ok,1954
67078,recent,
67079,recent,
67080,ok,1890
67082,unknown,
67084,ok,1932
67085,unknown,
67086,ok,1817
67087,ok,1897
67088,ok,1936
67089,ok,1911
67090,ok,1945
67091,ok,1932
67093,unknown,
67094,ok,1867
67095,ok,1917
67096,ok,1942
67097,ok,1928
67098,recent,
67099,ok,1921
67100,unknown,
67101,ok,1883
67102,ok,1931
67284,ok,1881
67103,recent,
67104,recent,
67105,ok,1921
67106,unknown,
67107,ok,1860
67108,ok,1860
67109,unknown,
67110,ok,1921
67111,recent,
67113,ok,1924
67114,unknown,
67115,ok,1938
67116,ok,1922
67117,ok,1926
67118,recent,
67119,unknown,
67120,ok,1917
67121,ok,1932
67122,ok,1919
67123,recent,
67124,unknown,
67127,ok,1927
67128,recent,
67130,ok,1911
67132,unknown,
67133,ok,1932
67134,unknown,
67135,ok,1875
67136,ok,1877
67138,recent,
67139,recent,
67141,ok,1928
67142,ok,1952
67143,unknown,
67144,ok,1924
67145,unknown,
67146,ok,1933
67147,recent,
67148,unknown,
67149,ok,1931
67150,ok,1932
67151,ok,1893
67152,ok,1929
67153,ok,1907
67154,ok,1927
67156,ok,1909
67158,ok,1893
67160,recent,
67163,ok,1946
67164,ok,1943
67165,ok,1954
67166,ok,1928
67167,ok,1667
67168,recent,
67169,ok,1894
67171,ok,1909
67172,ok,1926
67173,recent,
67174,ok,1926
67175,unknown,
67176,unknown,
67177,ok,1915
67179,ok,1898
67180,ok,1928
67182,ok,1856
67183,ok,1879
67184,ok,1909
67185,unknown,
67186,ok,1940
67187,ok,1951
67188,recent,
67190,unknown,
67191,ok,1908
67193,ok,1927
67194,unknown,
67195,ok,1933
67509,ok,1947
67196,ok,1925
67198,recent,
67199,recent,
67200,ok,1932
67201,ok,1921
67202,ok,1954
67203,ok,1950
67204,recent,
67205,ok,1944
67206,ok,1863
67207,ok,1924
67208,recent,
67209,unknown,
67214,unknown,
67215,ok,1948
67216,ok,1948
67218,ok,1938
67221,recent,
67222,ok,1916
67223,unknown,
67224,ok,1938
67226,ok,1887
67227,ok,1887
67228,ok,1887
67229,recent,
67232,unknown,
67233,ok,1940
67234,ok,1952
67235,recent,
67237,ok,1915
67239,recent,
67242,ok,1954
67243,ok,1948
67245,ok,1941
67246,ok,1938
67247,unknown,
67252,ok,1903
67253,ok,1948
67254,ok,1955
67255,ok,1925
67256,ok,1928
67257,ok,1884
67258,recent,
67259,recent,
67260,ok,1939
67264,ok,1850
67265,ok,1901
67266,ok,1955
67267,ok,1937
67268,ok,1887
67269,ok,1949
67270,ok,1919
67271,ok,1832
67273,ok,1938
67275,ok,1935
67277,ok,1929
67278,ok,1927
67279,unknown,
67280,ok,1916
67281,unknown,
67282,ok,1903
67285,ok,1930
67287,ok,1899
67288,recent,
67292,recent,
67293,recent,
67294,recent,
67298,recent,
67299,ok,1954
67300,recent,
67301,ok,1911
67302,unknown,
67306,ok,1944
67308,ok,1953
67309,ok,1909
67310,ok,1933
67311,ok,1949
67312,ok,1944
67313,unknown,
67314,ok,1918
67315,unknown,
67316,recent,
67317,recent,
67318,ok,1860
67319,ok,1940
67320,ok,1881
67321,unknown,
67322,ok,1928
67323,recent,
67324,recent,
67325,recent,
67326,unknown,
67327,ok,1921
67328,unknown,
67329,recent,
67330,recent,
67331,ok,1819
67332,ok,1948
67333,recent,
67334,recent,
67335,recent,
67336,unknown,
67337,ok,1905
67338,ok,1905
67339,ok,1905
67341,recent,
67342,recent,
67343,recent,
67344,ok,1936
67345,ok,1935
67346,recent,
67347,ok,1932
67349,ok,1942
67350,unknown,
67351,ok,1951
67352,ok,1942
67353,recent,
67355,ok,1929
67356,recent,
67357,ok,1934
67358,ok,1943
67359,recent,
67361,ok,1949
67362,recent,
67363,ok,1790
67364,recent,
67365,ok,1949
67366,ok,1950
67367,recent,
67368,recent,
67369,ok,1913
67370,ok,1939
67371,unknown,
67372,ok,1954
67373,ok,1955
67374,ok,1942
67375,unknown,
67376,ok,1955
67377,ok,1943
67378,ok,1949
67379,ok,1881
67380,ok,1915
67382,ok,1940
67383,ok,1896
67384,recent,
67386,ok,1872
67387,ok,1916
67388,ok,1945
67389,ok,1886
67390,ok,1886
67391,recent,
67392,unknown,
67393,unknown,
67395,ok,1943
67396,ok,1916
67397,ok,1945
67400,ok,1935
67401,ok,1860
67402,ok,1913
67403,ok,1947
67404,ok,1930
67405,ok,1923
67406,ok,1911
67410,ok,1932
67411,ok,1955
67412,ok,1923
67413,ok,1897
67414,ok,1917
67416,unknown,
67418,ok,1949
67419,ok,1942
67420,ok,1884
67421,recent,
67422,unknown,
67423,ok,1954
67425,ok,1881
67426,ok,1947
67427,ok,1954
67428,ok,1940
67429,ok,1955
67430,ok,1931
67431,recent,
67432,ok,1955
67433,ok,1930
67434,unknown,
67435,ok,1940
67436,ok,1948
67437,ok,1912
67438,ok,1948
67439,unknown,
67441,recent,
67443,unknown,
67445,ok,1943
67446,ok,1939
67447,unknown,
67448,ok,1915
67449,ok,1916
67450,unknown,
67451,ok,1943
67453,ok,1804
67454,ok,1930
67455,recent,
67456,unknown,
67457,recent,
67458,ok,1892
67459,ok,1892
67460,ok,1930
67461,ok,1930
67462,ok,1954
67463,ok,1914
67464,ok,1951
67465,ok,1942
67466,ok,1797
67467,unknown,
67468,unknown,
67469,ok,1926
67470,unknown,
67471,ok,1940
67472,recent,
67473,recent,
67474,ok,1687
67475,ok,1940
67476,ok,1934
67477,unknown,
67478,ok,1948
67479,unknown,
67480,unknown,
67482,ok,1936
67483,unknown,
67484,ok,1948
67485,ok,1938
67486,recent,
67487,recent,
67489,ok,1940
67490,ok,1943
67493,recent,
67494,ok,1949
67495,ok,1929
67496,unknown,
67497,recent,
67498,unknown,
67500,ok,1915
67501,ok,1926
67502,ok,1863
67503,ok,1929
67504,unknown,
67505,ok,1930
67506,ok,1951
67507,recent,
67511,unknown,
67512,unknown,
67513,recent,
67514,ok,1948
67515,ok,1930
67516,ok,1940
67517,ok,1920
67518,unknown,
67519,ok,1949
67520,ok,1949
67521,ok,1930
67522,ok,1933
67526,unknown,
67527,ok,1873
67528,ok,1949
67529,ok,1951
67530,ok,1941
67531,ok,1942
67532,unknown,
67533,ok,1924
67534,unknown,
67536,ok,1910
67538,unknown,
67539,unknown,
67542,ok,1947
67543,unknown,
67544,ok,1900
67545,recent,
67546,ok,1923
67547,ok,1931
67548,ok,1913
67549,ok,1927
67550,recent,
67551,ok,1940
67552,ok,1875
67553,ok,1881
67554,ok,1860
67557,ok,1940
67558,ok,1927
67560,unknown,
67562,ok,1879
67564,ok,1944
67565,ok,1945
67566,unknown,
67567,ok,1910
67568,recent,
67569,ok,1942
67570,ok,1872
67571,recent,
67573,ok,1895
67574,ok,1942
67575,ok,1935
67576,ok,1905
67577,ok,1951
67580,recent,
67581,ok,1936
67582,ok,1944
67583,recent,
67584,ok,1912
67585,ok,1916
67586,ok,1950
67587,recent,
67589,recent,
67590,ok,1913
67591,recent,
67592,ok,1943
67593,unknown,
67596,ok,1934
67597,unknown,
67598,ok,1949
67599,unknown,
67600,unknown,
67601,ok,1879
67602,recent,
67603,recent,
67604,recent,
67605,unknown,
67606,ok,1926
67607,unknown,
67608,ok,1894
67609,unknown,
67610,ok,1939
67611,recent,
67612,ok,1756
67613,recent,
67614,unknown,
67615,unknown,
67645,ok,1933
67617,unknown,
67618,unknown,
67620,ok,1915
67621,unknown,
67622,ok,1939
67623,ok,1952
67624,unknown,
67625,ok,1949
67626,ok,1931
67627,recent,
67628,ok,1918
67629,unknown,
67630,recent,
67632,ok,1919
67633,unknown,
67634,unknown,
67636,unknown,
67637,ok,1875
67639,ok,1936
67640,recent,
67641,ok,1940
67642,unknown,
67643,ok,1932
67646,ok,1937
67647,ok,1927
67648,ok,1945
67649,ok,1939
67650,ok,1952
67651,unknown,
67652,recent,
67654,unknown,
67655,ok,1947
67656,unknown,
67658,ok,1942
67659,ok,1916
67661,recent,
67662,recent,
67663,unknown,
67667,recent,
67668,unknown,
67669,ok,1861
67670,ok,1861
67671,ok,1923
67672,recent,
67673,ok,1915
67674,unknown,
67675,recent,
67677,recent,
67678,recent,
67679,ok,1936
67680,recent,
67681,ok,1887
67682,ok,1916
67683,recent,
67684,ok,1903
67685,ok,1924
67687,ok,1926
67688,ok,1954
67689,ok,1879
67691,ok,1894
67692,ok,1953
67693,ok,1951
67694,unknown,
67695,ok,79
67696,unknown,
67697,recent,
67698,recent,
67699,ok,1947
67702,recent,
67703,ok,1917
67704,ok,1936
67706,ok,1944
67707,ok,1875
67709,unknown,
67710,recent,
67711,unknown,
67714,recent,
67716,ok,1899
67717,unknown,
67718,unknown,
67719,ok,1939
67720,ok,1952
67721,ok,1916
67722,unknown,
67723,ok,1859
67727,ok,1897
67728,ok,1948
67729,recent,
67730,ok,1913
67731,ok,1923
67732,recent,
67733,ok,1896
67734,ok,1905
67735,ok,1932
67736,ok,1916
67738,ok,1920
67739,ok,1902
67741,ok,1939
67742,ok,1933
67744,recent,
67745,unknown,
67747,ok,1940
67748,ok,1930
67749,ok,1872
67750,recent,
67751,ok,1923
67752,ok,1954
67753,unknown,
67755,ok,1845
67756,unknown,
67757,ok,1904
67758,ok,1900
67759,ok,1868
67760,recent,
67761,recent,
67764,recent,
67765,ok,1951
67766,ok,1921
67768,ok,1926
67769,ok,1950
67770,ok,1950
67771,ok,1949
67772,unknown,
67774,ok,1936
67775,recent,
67776,recent,
67777,recent,
67778,ok,1865
67779,ok,1879
67781,unknown,
67783,recent,
67784,ok,1953
67785,ok,1942
67786,unknown,
67787,unknown,
67788,ok,1928
67789,ok,1923
67823,recent,
67790,ok,79
67791,ok,1915
67792,recent,
67795,recent,
67796,unknown,
67797,unknown,
67798,ok,1918
67799,ok,1914
67800,unknown,
67801,ok,1923
67802,unknown,
67803,unknown,
67804,ok,1907
67805,ok,1944
67806,ok,1949
67808,unknown,
67809,unknown,
67810,ok,1912
67811,ok,1926
67813,ok,1941
67814,unknown,
67815,unknown,
67816,ok,1877
67820,unknown,
67821,ok,1890
67822,ok,1940
67824,ok,1834
67825,ok,1908
67826,ok,1937
67827,ok,1919
67828,ok,1899
67829,ok,1905
67832,ok,1880
67833,ok,1922
67834,ok,1940
67835,ok,1923
67836,unknown,
67837,ok,1924
67838,unknown,
67839,unknown,
67840,unknown,
67841,ok,1944
67842,ok,1945
67844,unknown,
67845,ok,1908
67847,ok,1836
67848,ok,1950
67851,ok,1881
67852,unknown,
67853,ok,1926
67854,unknown,
67855,ok,1940
67856,ok,1933
67858,unknown,
67859,unknown,
67860,ok,1946
67863,ok,1949
67864,ok,1947
67865,ok,1947
67866,ok,1906
67867,ok,1921
67869,ok,1937
67870,ok,1934
67871,unknown,
67872,ok,1880
67873,ok,1916
67874,ok,1932
67876,unknown,
67877,unknown,
67878,ok,1930
67879,ok,1921
67880,ok,1912
67881,ok,1936
67882,ok,1940
67883,ok,1917
67884,ok,1949
67886,ok,1916
67888,recent,
67889,ok,1945
67890,ok,1935
67891,ok,1939
67892,ok,1854
67893,ok,1930
67894,ok,1937
67896,recent,
67898,ok,1917
67899,ok,1917
67900,ok,1951
67901,ok,1945
67903,ok,1877
67904,unknown,
67905,ok,1917
67906,ok,1943
67907,ok,1948
67908,recent,
67910,ok,1942
67912,ok,1917
67913,ok,1946
67914,ok,1937
67915,ok,1930
67918,ok,1912
67919,ok,1895
67920,unknown,
67921,ok,1912
67922,ok,1927
67923,recent,
67924,ok,1920
67925,ok,1895
67926,ok,1895
67927,ok,1921
67928,ok,1897
67929,unknown,
67930,ok,1954
67932,ok,1824
67933,ok,1817
67934,unknown,
67936,ok,1934
67937,recent,
67938,recent,
67940,ok,1893
67942,ok,1919
67944,recent,
67946,unknown,
67947,ok,1931
67950,ok,1859
67951,unknown,
67953,ok,1953
67954,ok,1930
67957,ok,1947
67958,ok,1924
67959,ok,1889
67960,recent,
67962,unknown,
67963,unknown,
67965,ok,1905
67967,ok,1867
67968,unknown,
67969,ok,1890
67970,ok,1941
67971,recent,
67972,ok,1924
67973,ok,1920
67975,unknown,
67977,ok,1947
67978,recent,
67979,ok,1942
67980,ok,1889
67983,unknown,
67984,ok,1932
67985,ok,1921
67986,recent,
67987,ok,1933
67988,recent,
67989,unknown,
67990,recent,
67992,ok,1944
67994,unknown,
67995,unknown,
67996,ok,1885
67997,ok,1945
67998,recent,
67999,ok,1933
68000,recent,
68001,recent,
68002,recent,
68003,recent,
68004,recent,
68005,recent,
68006,recent,
68007,recent,
68008,recent,
68009,unknown,
68010,ok,1941
68011,ok,1921
68013,ok,1900
68014,unknown,
68016,ok,1924
68017,ok,1951
68018,ok,1904
68019,unknown,
68020,unknown,
68021,unknown,
68022,unknown,
68023,unknown,
68027,unknown,
68028,unknown,
68029,unknown,
68030,unknown,
68031,ok,1885
68032,recent,
68033,ok,1916
68034,ok,1920
68035,unknown,
68036,ok,1893
68037,recent,
68038,ok,1946
68039,ok,1916
68041,recent,
68042,unknown,
68043,ok,1941
68044,ok,1954
68045,unknown,
68046,unknown,
68047,recent,
68048,ok,1944
68049,unknown,
68050,unknown,
68051,recent,
68052,ok,1919
68053,ok,1913
68054,ok,1933
68055,ok,1938
68056,ok,1807
68058,unknown,
68059,ok,1866
68060,recent,
68061,recent,
68062,ok,1944
68063,recent,
68064,ok,1924
68066,ok,1885
68067,ok,1939
68068,ok,1851
68069,ok,1936
68070,ok,1919
68071,ok,1940
68072,recent,
68073,unknown,
68074,ok,1949
68075,ok,1932
68077,ok,1828
68078,unknown,
68080,unknown,
68081,ok,1919
68082,ok,1934
68083,unknown,
68084,recent,
68085,ok,1934
68086,ok,1941
68088,ok,1930
68089,unknown,
68091,unknown,
68092,ok,1930
68093,unknown,
68094,unknown,
68095,ok,1901
68096,ok,1941
68097,unknown,
68098,ok,1895
68099,ok,1941
68100,recent,
68101,ok,1946
68102,ok,1924
68103,ok,1913
68104,unknown,
68105,recent,
68106,unknown,
68108,unknown,
68110,ok,1878
68112,ok,1936
68113,recent,
68116,unknown,
68118,ok,1924
68119,ok,1919
68120,unknown,
68122,ok,1910
68123,ok,1934
68124,unknown,
68125,unknown,
68126,ok,1907
68127,ok,1932
68128,recent,
68129,ok,1911
68130,ok,1925
68133,ok,1816
68134,recent,
68135,ok,1947
68136,ok,1919
68137,unknown,
68138,ok,1950
68210,ok,1950
68140,unknown,
68141,unknown,
68142,unknown,
68143,ok,1917
68144,ok,1791
68145,ok,1953
68146,ok,1866
68147,unknown,
68148,ok,1917
68149,unknown,
68150,recent,
68151,unknown,
68152,ok,1919
68153,ok,1935
68156,ok,1925
68157,ok,1916
68158,ok,1885
68159,ok,1908
68160,unknown,
68161,recent,
68162,ok,1922
68163,ok,1942
68164,unknown,
68165,ok,1897
68169,ok,1952
68170,recent,
68171,unknown,
68172,ok,1947
68173,unknown,
68174,ok,1948
68175,unknown,
68176,ok,1878
68177,ok,1932
68178,ok,1908
68179,ok,1893
68180,unknown,
68181,ok,1919
68182,ok,1929
68185,ok,1937
68186,unknown,
68187,ok,1860
68189,ok,1936
68194,unknown,
68195,ok,1950
68196,recent,
68197,recent,
68198,recent,
68199,ok,1950
68201,unknown,
68203,recent,
68204,unknown,
68205,ok,1912
68207,recent,
68208,recent,
68209,recent,
68211,ok,1936
68212,ok,1865
68213,ok,1925
68214,ok,1863
68215,recent,
68217,ok,1876
68218,recent,
68219,ok,1930
68222,ok,1948
68223,recent,
68224,unknown,
68225,ok,1901
68226,recent,
68229,ok,1940
68230,recent,
68231,unknown,
68232,ok,1888
68233,recent,
68234,ok,1935
68235,unknown,
68236,ok,1937
68237,ok,1947
68238,ok,1951
68239,recent,
68240,ok,1944
68241,ok,1934
68242,ok,1933
68281,ok,1939
68243,ok,1928
68245,ok,1904
68247,recent,
68248,ok,1935
68249,ok,1911
68252,ok,1944
68253,recent,
68254,ok,1935
68255,ok,1942
68256,recent,
68257,ok,1927
68260,ok,1891
68261,unknown,
68264,ok,1938
68265,ok,1948
68266,ok,1919
68267,recent,
68268,ok,1938
68269,unknown,
68270,ok,1933
68271,ok,1893
68272,recent,
68273,ok,1899
68274,ok,1878
68275,ok,1947
68276,ok,1904
68277,ok,1899
68278,recent,
68279,ok,1909
68280,recent,
68282,unknown,
68283,ok,1937
68284,recent,
68285,unknown,
68286,ok,1950
68287,unknown,
68289,unknown,
68290,ok,1916
68291,ok,1946
68292,ok,1941
68293,ok,1887
68294,ok,1887
68295,ok,1887
68296,recent,
68297,ok,1952
68298,ok,1939
68299,unknown,
68300,unknown,
68301,unknown,
68302,ok,1913
68303,ok,1951
68304,recent,
68305,recent,
68307,recent,
68308,recent,
68309,ok,1919
68310,unknown,
68312,ok,1924
68313,recent,
68314,ok,1922
68315,ok,1896
68316,unknown,
68317,unknown,
68318,ok,1947
68319,ok,1928
68320,ok,1791
68322,ok,1908
68323,ok,1899
68324,unknown,
68325,recent,
68326,ok,1952
68327,ok,1859
68328,unknown,
68329,recent,
68330,ok,1934
68331,recent,
68332,ok,1930
68333,recent,
68334,ok,1947
68336,ok,1931
68337,ok,1784
68338,unknown,
68340,recent,
68341,ok,1931
68343,unknown,
68344,ok,1895
68345,unknown,
68346,ok,1935
68347,ok,1935
68348,ok,1935
68349,ok,1939
68350,ok,1919
68351,ok,1943
68352,unknown,
68353,recent,
68354,recent,
68355,ok,1851
68356,unknown,
68357,recent,
68358,unknown,
68359,ok,1930
68360,unknown,
68361,unknown,
68362,ok,1806
68363,ok,1885
68364,unknown,
68366,unknown,
68367,ok,1925
68369,ok,1906
68370,unknown,
68371,ok,1918
68372,unknown,
68373,unknown,
68374,recent,
68516,ok,1939
68376,unknown,
68377,recent,
68379,unknown,
68380,unknown,
68382,unknown,
68383,unknown,
68384,unknown,
68385,ok,1943
68386,unknown,
68387,unknown,
68388,ok,1933
68389,ok,1926
68390,ok,1932
68391,ok,1929
68392,ok,1922
68393,recent,
68394,ok,1895
68396,unknown,
68397,recent,
68398,ok,1936
68399,ok,1947
68405,unknown,
68406,ok,1867
68407,unknown,
68408,ok,1937
68409,recent,
68410,recent,
68411,ok,1950
68412,unknown,
68413,unknown,
68414,ok,1819
68416,ok,1888
68417,unknown,
68418,recent,
68419,ok,1917
68420,unknown,
68421,recent,
68422,ok,1919
68423,recent,
68424,unknown,
68426,recent,
68428,ok,1953
68430,ok,1906
68433,recent,
68434,recent,
68436,unknown,
68439,ok,1878
68440,unknown,
68442,ok,1940
68445,recent,
68446,unknown,
68447,ok,1920
68448,unknown,
68449,ok,1919
68450,ok,1952
68451,ok,1936
68453,unknown,
68517,ok,1900
68454,recent,
68457,ok,1885
68458,recent,
68459,unknown,
68460,unknown,
68462,ok,1955
68463,ok,1924
68464,ok,1950
68465,unknown,
68466,recent,
68467,unknown,
68468,ok,1908
68469,ok,1948
68470,ok,1941
68471,unknown,
68472,unknown,
68473,recent,
68474,unknown,
68476,ok,1877
68479,ok,1955
68480,ok,1910
68481,ok,1797
68482,ok,1916
68483,recent,
68485,ok,1931
68486,ok,1940
68487,ok,1951
68488,ok,1940
68490,unknown,
68491,unknown,
68492,unknown,
68493,ok,1922
68494,unknown,
68495,unknown,
68496,ok,1915
68497,unknown,
68498,recent,
68499,unknown,
68500,unknown,
68501,ok,1926
68502,ok,1931
68503,recent,
68504,ok,1926
68506,unknown,
68507,ok,1909
68508,ok,1917
68510,ok,1938
68513,ok,1945
68514,recent,
68515,ok,1871
68518,unknown,
68519,ok,1896
68520,ok,1936
68521,recent,
68522,ok,1919
68523,recent,
68524,ok,1943
68526,ok,1916
68528,ok,1925
68529,recent,
68530,ok,1938
68531,ok,1896
68532,ok,1930
68533,recent,
68535,ok,1937
68536,ok,1860
68538,ok,1894
68539,unknown,
68540,ok,1948
68542,ok,1945
68544,ok,1929
68545,recent,
68546,ok,1940
68547,ok,1937
68548,ok,1949
68549,recent,
68550,ok,1901
68551,ok,1944
68552,ok,1953
68553,ok,1937
68554,ok,1935
68555,recent,
68556,ok,1933
68557,ok,1926
68558,recent,
68559,unknown,
68560,unknown,
68561,ok,1902
68562,recent,
68563,recent,
68564,ok,1916
68565,recent,
68567,unknown,
68568,ok,1944
68569,ok,1873
68570,recent,
68572,recent,
68573,unknown,
68574,ok,1944
68575,ok,1893
68576,unknown,
68577,recent,
68578,ok,1938
68579,unknown,
68580,unknown,
68581,ok,1914
68582,ok,1953
68583,unknown,
68584,unknown,
68585,recent,
68586,recent,
68587,unknown,
68588,ok,1930
68589,unknown,
68590,ok,1943
68591,ok,1927
68592,ok,1910
68595,ok,1942
68596,ok,1932
68597,ok,1945
68598,unknown,
68599,recent,
68600,recent,
68601,ok,1909
68602,ok,1925
68603,ok,1924
68604,ok,1937
68605,ok,1915
68606,ok,1925
68607,ok,1832
68608,ok,1832
68609,recent,
68610,ok,1899
68611,ok,1947
68612,ok,1836
68613,ok,1919
68614,ok,1926
68615,recent,
68616,recent,
68617,ok,1849
68618,ok,1709
68619,ok,1936
68620,unknown,
68621,ok,1924
68622,ok,1943
68623,ok,1948
68624,recent,
68625,ok,1916
68626,ok,1932
68627,unknown,
68628,ok,1936
68629,ok,1935
68630,ok,1916
68631,ok,1863
68632,ok,1935
68634,ok,1918
68636,ok,1937
68637,ok,1936
68638,unknown,
68639,unknown,
68640,ok,1878
68641,unknown,
68642,unknown,
68643,unknown,
68646,ok,1857
68647,ok,1936
68649,ok,1834
68650,ok,1941
68651,ok,1899
68652,ok,1952
68653,unknown,
68654,ok,1918
68655,ok,1951
68656,unknown,
68657,ok,1939
68658,recent,
68659,recent,
68662,ok,1871
68664,ok,1908
68665,ok,1920
68666,ok,1931
68667,ok,1918
68669,recent,
68670,recent,
68671,ok,1872
68672,ok,1875
68673,ok,1909
68674,recent,
68675,ok,1906
68676,ok,1954
68677,ok,1906
68678,ok,1917
68679,ok,1935
68680,ok,1894
68681,recent,
68682,ok,1936
68683,ok,1941
68684,unknown,
68685,ok,1941
68686,recent,
68718,recent,
68687,unknown,
68688,ok,1918
68689,ok,1929
68690,ok,1914
68692,ok,1940
68693,ok,1866
68694,ok,1911
68697,unknown,
68698,unknown,
68699,ok,1909
68700,recent,
68701,ok,1910
68703,ok,1943
68704,ok,1698
68705,ok,1891
68706,ok,1939
68707,recent,
68708,ok,1929
68709,ok,1942
68710,ok,1948
68711,unknown,
68712,ok,1918
68713,ok,1927
68714,ok,1883
68715,unknown,
68716,ok,1949
68717,ok,1916
68719,ok,1933
68720,ok,1954
68721,ok,1905
68722,ok,1917
68723,ok,1920
68724,ok,1797
68725,ok,1918
68726,recent,
68727,ok,1953
68728,ok,1807
68729,ok,1944
68730,recent,
68731,ok,1852
68732,ok,1908
68733,recent,
68737,ok,1930
68738,ok,1947
68739,recent,
68741,ok,1938
68742,ok,1791
68743,recent,
68744,ok,1909
68747,ok,1916
68748,recent,
68749,ok,1934
68750,recent,
68752,ok,1862
68753,recent,
68754,ok,1828
68755,unknown,
68756,unknown,
68757,unknown,
68758,ok,1916
68759,unknown,
68760,ok,1924
68761,recent,
68762,ok,1941
68763,unknown,
68764,ok,1822
68765,ok,1894
68767,ok,1955
68768,ok,1872
68769,ok,1824
68771,ok,1924
68772,ok,1875
68773,ok,1828
68774,recent,
68775,ok,1951
68776,ok,1828
68778,ok,1947
68779,ok,1912
68780,unknown,
68781,unknown,
68782,ok,1909
68783,recent,
68785,unknown,
68786,ok,1933
68789,ok,1887
68790,ok,1887
68792,recent,
68794,recent,
68796,ok,1942
68798,unknown,
68799,ok,1923
68800,ok,1955
68801,ok,1884
68802,ok,1955
68803,unknown,
68804,ok,1948
68805,ok,1953
68806,recent,
68809,ok,1950
68810,ok,1935
68811,recent,
68812,ok,1904
68813,ok,1912
68815,recent,
68817,ok,1936
68818,ok,1926
68820,recent,
68821,ok,1931
68822,ok,1924
68823,ok,1878
68824,ok,1829
68825,recent,
68827,recent,
68829,recent,
68830,ok,1943
68831,ok,1944
68832,recent,
68833,ok,1904
68835,ok,1917
68836,recent,
68837,ok,1950
68839,ok,1934
68840,ok,1933
68841,ok,1872
68842,recent,
68843,unknown,
68844,unknown,
68845,ok,1903
68846,recent,
68847,ok,1931
68848,ok,1921
68849,recent,
68850,ok,1949
68853,ok,1926
68854,recent,
68855,ok,1930
68856,ok,1937
68858,ok,1936
68859,ok,1935
68860,unknown,
68861,recent,
68899,ok,1919
68864,unknown,
68865,ok,1936
68866,unknown,
68867,unknown,
68868,ok,1944
68869,ok,1940
68870,ok,1939
68871,ok,1915
68872,ok,1924
68873,unknown,
68875,ok,1934
68876,recent,
68885,ok,1895
68886,unknown,
68887,recent,
68888,ok,1910
68889,recent,
68890,unknown,
68891,unknown,
68892,recent,
68894,unknown,
68895,ok,1948
68896,recent,
68897,unknown,
68898,ok,1917
68902,ok,1922
68903,ok,1930
68904,recent,
68906,ok,1920
68907,ok,1680
68908,ok,1924
68909,unknown,
68910,unknown,
68912,ok,1918
68913,ok,1892
68914,ok,1916
68915,ok,1805
68916,ok,1805
68917,ok,1805
68918,ok,1931
68919,ok,1942
68920,ok,1942
68921,ok,1936
68922,ok,1942
68923,recent,
68925,ok,1892
68926,ok,1880
68927,unknown,
68928,ok,1922
68929,ok,1924
68930,ok,1931
68931,ok,1916
68933,ok,1928
68936,ok,1942
68938,ok,1900
68939,ok,1932
68940,unknown,
68941,ok,1930
68942,ok,1940
68943,ok,1931
68944,ok,1930
68946,ok,1894
68949,ok,1954
68950,recent,
68951,ok,1931
68953,ok,1879
68954,unknown,
68955,unknown,
68956,ok,1912
68957,unknown,
68958,unknown,
68961,ok,1916
68962,ok,1918
68963,ok,1892
68964,ok,1929
68966,ok,1912
68967,unknown,
68969,ok,1946
68970,recent,
68972,unknown,
68974,ok,1921
68975,ok,1931
68976,ok,1770
68981,ok,1911
68983,unknown,
68984,ok,1924
68987,recent,
68988,ok,1904
68989,unknown,
68990,recent,
68991,recent,
68994,ok,1906
68995,unknown,
68996,ok,1920
68997,unknown,
68998,ok,1951
68999,ok,1929
69000,ok,1942
69002,recent,
69004,ok,1935
69006,ok,1946
69007,ok,1900
69008,unknown,
69009,recent,
69010,unknown,
69011,ok,1952
69012,ok,1910
69014,ok,1942
69016,recent,
69017,ok,1919
69018,ok,1913
69019,unknown,
69093,ok,1866
69021,recent,
69022,unknown,
69023,ok,1924
69024,ok,1941
69025,ok,1930
69026,ok,1945
69027,recent,
69029,ok,1937
69030,ok,1942
69031,ok,1921
69032,unknown,
69035,ok,1932
69036,ok,1883
69037,unknown,
69038,ok,1932
69042,recent,
69043,unknown,
69044,ok,1917
69046,recent,
69047,ok,1924
69049,ok,1938
69050,ok,1936
69051,ok,1874
69052,ok,1932
69053,ok,1887
69054,unknown,
69055,ok,1811
69056,ok,1811
69057,ok,1811
69059,ok,1949
69092,unknown,
69060,unknown,
69061,unknown,
69062,unknown,
69063,ok,1942
69064,unknown,
69065,ok,1932
69067,ok,1904
69068,recent,
69070,recent,
69071,ok,1937
69072,ok,1937
69073,ok,1889
69074,ok,1889
69075,ok,1924
69076,ok,1924
69077,unknown,
69078,ok,1925
69079,unknown,
69080,unknown,
69084,unknown,
69085,ok,1948
69086,unknown,
69087,recent,
69088,ok,1950
69089,unknown,
69090,ok,1830
69091,ok,1908
69095,ok,1942
69096,ok,1893
69097,unknown,
69098,ok,1876
69099,ok,1927
69102,ok,1933
69104,recent,
69105,recent,
69106,ok,1943
69107,recent,
69108,unknown,
69109,recent,
69111,ok,1884
69112,recent,
69114,recent,
69115,unknown,
69116,ok,1782
69117,ok,1952
69118,ok,1916
69119,unknown,
69121,ok,1937
69124,recent,
69125,ok,1921
69126,ok,1704
69127,ok,1951
69128,recent,
69129,unknown,
69130,ok,1920
69131,ok,1935
69132,ok,1944
69134,ok,1940
69135,ok,1953
69136,ok,1953
69137,ok,1943
69138,ok,1922
69139,recent,
69140,recent,
69141,ok,1871
69142,ok,1920
69143,ok,1941
69144,ok,1941
69145,ok,1938
69146,ok,1952
69147,ok,1888
69148,unknown,
69149,ok,1934
69150,recent,
69151,unknown,
69152,ok,1861
69153,unknown,
69154,ok,1922
69156,ok,1799
69158,recent,
69162,ok,1896
69165,ok,1921
69166,unknown,
69167,unknown,
69168,ok,1916
69170,ok,1914
69171,unknown,
69173,ok,1910
69174,unknown,
69175,recent,
69177,ok,1894
69178,ok,1792
69179,ok,1849
69180,ok,1938
69181,unknown,
69182,ok,1916
69184,ok,1929
69185,ok,1936
69186,ok,1927
69188,recent,
69189,ok,1807
69190,recent,
69191,ok,1950
69192,ok,1878
69193,ok,1916
69194,ok,1923
69196,ok,1935
69197,ok,1901
69198,ok,1920
69234,ok,1935
69199,ok,1533
69200,recent,
69201,ok,1856
69202,ok,1932
69203,unknown,
69204,ok,1931
69206,ok,1944
69207,ok,1893
69208,ok,1934
69210,recent,
69211,unknown,
69212,recent,
69213,unknown,
69214,unknown,
69215,recent,
69216,unknown,
69217,ok,1899
69218,unknown,
69219,ok,1930
69220,ok,1860
69222,ok,1913
69223,ok,1896
69224,recent,
69225,recent,
69226,unknown,
69227,ok,1939
69228,ok,1942
69232,recent,
69233,ok,1789
69235,recent,
69236,ok,1935
69237,recent,
69238,recent,
69240,recent,
69241,unknown,
69242,ok,1888
69243,ok,1914
69244,ok,1932
69245,recent,
69246,recent,
69248,ok,1911
69249,ok,1911
69250,ok,1948
69251,ok,1865
69252,recent,
69253,ok,1940
69254,recent,
69255,ok,1930
69256,ok,1795
69257,recent,
69258,ok,1882
69260,ok,1930
69261,ok,1929
69262,ok,1913
69263,unknown,
69265,unknown,
69268,ok,1915
69269,ok,1931
69270,ok,1890
69271,ok,1936
69272,ok,1939
69273,ok,1947
69274,recent,
69276,ok,1951
69277,ok,1945
69280,recent,
69281,recent,
69282,ok,1843
69283,ok,1834
69284,ok,1952
69285,unknown,
69286,ok,1899
69288,ok,1931
69289,recent,
69290,ok,1860
69295,ok,1909
69296,ok,1933
69297,ok,1920
69298,ok,1914
69299,recent,
69300,ok,1927
69301,ok,1907
69302,unknown,
69303,unknown,
69304,ok,1909
69305,ok,1951
69306,ok,1933
69307,ok,1921
69308,recent,
69310,recent,
69341,ok,1954
69311,unknown,
69312,unknown,
69313,unknown,
69314,recent,
69315,ok,1910
69316,recent,
69317,unknown,
69318,unknown,
69319,ok,1930
69321,ok,1922
69322,ok,1930
69323,ok,1889
69328,ok,1929
69329,ok,1914
69330,ok,1883
69331,ok,1930
69332,ok,1930
69333,ok,1925
69334,unknown,
69335,unknown,
69336,ok,1769
69337,ok,1930
69338,ok,1950
69339,recent,
69340,recent,
69342,ok,1954
69344,recent,
69345,ok,1880
69346,ok,1934
69348,unknown,
69349,unknown,
69350,recent,
69351,ok,1786
69352,unknown,
69354,ok,1916
69355,ok,1912
69356,unknown,
69360,unknown,
69361,ok,1904
69362,ok,1926
69363,ok,1924
69364,unknown,
69365,unknown,
69367,unknown,
69368,unknown,
69369,ok,1955
69370,ok,1927
69371,ok,1954
69372,ok,1918
69373,ok,1951
69374,ok,1936
69375,unknown,
69376,ok,1880
69378,recent,
69379,ok,1917
69382,unknown,
69383,ok,1920
69385,unknown,
69386,unknown,
69387,unknown,
69388,ok,1935
69389,ok,1857
69390,ok,1863
69392,ok,1891
69393,recent,
69394,ok,1946
69395,ok,1923
69397,ok,1910
69398,unknown,
69399,ok,1914
69400,unknown,
69401,unknown,
69402,ok,1895
69403,ok,1852
69404,ok,1938
69405,recent,
69406,ok,1891
69407,unknown,
69408,ok,1920
69409,ok,1952
69410,ok,1946
69412,ok,1855
69413,ok,1922
69414,ok,1951
69415,ok,1932
69416,recent,
69417,unknown,
69418,ok,1947
69419,unknown,
69420,ok,1887
69421,unknown,
69425,ok,1650
69426,recent,
69427,ok,1920
69428,ok,1891
69429,ok,1948
69430,recent,
69431,recent,
69432,recent,
69433,ok,1950
69434,ok,1944
69435,ok,1939
69437,ok,1948
69438,ok,1940
69439,ok,1943
69440,ok,1914
69477,unknown,
69441,ok,1797
69442,unknown,
69443,recent,
69444,ok,1914
69445,ok,1914
69446,ok,1908
69447,unknown,
69449,ok,1918
69450,ok,1914
69451,unknown,
69452,unknown,
69453,ok,1893
69454,ok,1913
69457,unknown,
69458,recent,
69460,ok,1948
69461,ok,1927
69463,ok,1930
69464,ok,1859
69466,ok,1852
69467,ok,1944
69468,ok,1931
69473,ok,1880
69474,ok,1941
69475,recent,
69476,ok,1864
69478,unknown,
69479,recent,
69480,ok,1940
69481,ok,1955
69482,ok,1904
69483,ok,1922
69484,ok,1946
69485,ok,1873
69486,ok,1951
69487,unknown,
69488,unknown,
69489,ok,1891
69490,ok,1909
69491,unknown,
69492,ok,1930
69493,unknown,
69494,ok,1897
69495,ok,1897
69496,ok,1897
69497,ok,1920
69498,ok,1891
69499,unknown,
69500,ok,1887
69501,ok,1930
69502,ok,1931
69503,ok,1880
69504,ok,1857
69507,unknown,
69508,ok,1937
69509,unknown,
69510,ok,1890
69511,unknown,
69512,ok,1864
69513,ok,1907
69514,ok,1947
69515,ok,1952
69517,ok,1917
69519,ok,1828
69521,ok,1927
69526,ok,1901
69527,unknown,
69528,unknown,
69529,ok,1889
69530,unknown,
69531,ok,1900
69532,ok,1927
69533,ok,1941
69534,ok,1843
69535,recent,
69536,ok,1944
69537,recent,
69538,ok,1885
69539,ok,1887
69540,ok,1941
69541,ok,1926
69542,ok,1953
69543,ok,1919
69544,recent,
69545,ok,1928
69546,ok,1952
69547,recent,
69549,recent,
69550,ok,1920
69551,ok,1937
69553,ok,1819
69554,recent,
69555,ok,1943
69556,ok,1910
69557,recent,
69558,ok,1924
69560,ok,1905
69561,ok,1940
69562,recent,
69563,ok,1912
69566,ok,1926
69568,ok,1921
69569,ok,1937
69570,ok,1927
69571,recent,
69572,ok,1955
69573,ok,1951
69574,recent,
69577,ok,1888
69579,ok,1918
69580,ok,1913
69581,ok,1860
69582,ok,1889
69583,ok,1939
69585,recent,
69586,ok,1940
69587,ok,1936
69588,ok,1934
69589,recent,
69590,ok,1946
69591,ok,1936
69592,unknown,
69593,ok,1899
69594,ok,1907
69595,ok,1810
69597,ok,1931
69599,unknown,
69600,ok,1924
69601,recent,
69602,unknown,
69603,ok,1941
69605,ok,1939
69606,unknown,
69607,unknown,
69608,unknown,
69609,unknown,
69610,recent,
69611,recent,
69612,recent,
69613,ok,1932
69614,ok,1951
69615,ok,1922
69616,unknown,
69617,recent,
69618,ok,1939
69619,ok,1930
69620,ok,1948
69621,ok,1874
69622,recent,
69623,ok,1819
69624,ok,1819
69625,ok,1819
69626,ok,1947
69627,unknown,
69628,ok,1916
69629,ok,1916
69630,recent,
69631,ok,1851
69632,ok,1907
69633,recent,
69635,ok,1906
69636,ok,1938
69637,ok,1925
69638,ok,1909
69639,ok,1828
69640,ok,1879
69641,unknown,
69642,ok,1879
69643,ok,1879
69644,recent,
69646,unknown,
69647,ok,1954
69648,unknown,
69649,recent,
69650,ok,1924
69651,ok,1918
69654,unknown,
69655,unknown,
69656,ok,1895
69657,ok,1765
69662,recent,
69664,ok,1911
69667,ok,1945
69668,ok,1951
69669,ok,1943
69670,ok,1849
69671,unknown,
69672,unknown,
69674,ok,1903
69675,ok,1899
69676,unknown,
69677,ok,1947
69678,ok,1936
69679,ok,1954
69681,ok,1943
69682,unknown,
69683,recent,
69684,recent,
69685,ok,1938
69686,unknown,
69690,ok,1920
69691,ok,1933
69692,ok,1915
69693,ok,1899
69696,ok,1916
69698,unknown,
69699,ok,1875
69700,ok,1930
69701,ok,1944
69702,ok,1944
69703,ok,1950
69704,ok,1930
69705,ok,1936
69706,unknown,
69707,ok,1947
69710,ok,1925
69711,ok,1922
69712,ok,1927
69714,ok,1899
69715,ok,1916
69716,ok,1928
69717,unknown,
69718,recent,
69720,ok,1918
69721,ok,1911
69723,ok,1949
69724,recent,
69725,unknown,
69727,ok,1851
69728,ok,1936
69730,ok,1947
69732,unknown,
69734,recent,
69735,unknown,
69736,ok,1797
69737,ok,1921
69739,ok,1928
69740,unknown,
69741,unknown,
69743,ok,1931
69745,ok,1923
69746,unknown,
69747,ok,1940
69749,ok,1930
69750,unknown,
69751,unknown,
69752,ok,1946
69755,unknown,
69756,unknown,
69757,ok,1940
69758,ok,1945
69759,ok,1910
69760,ok,1927
69761,recent,
69762,recent,
69763,recent,
69764,ok,1866
69765,unknown,
69766,unknown,
69767,recent,
69768,recent,
69769,unknown,
69770,ok,1921
69772,unknown,
69773,ok,1948
69774,ok,1912
69775,ok,1934
69776,unknown,
69777,ok,1950
69779,recent,
69780,ok,1907
69781,unknown,
69782,ok,1937
69783,ok,1949
69784,ok,1872
69785,ok,1907
69786,ok,1931
69787,ok,1931
69788,ok,1932
69789,ok,1932
69790,ok,1932
69791,unknown,
69793,unknown,
69794,ok,1885
69798,ok,1942
69800,ok,1907
69801,ok,1915
69802,ok,1920
69803,unknown,
69805,unknown,
69806,recent,
69807,ok,1935
69808,ok,1935
69809,ok,1899
69810,ok,1895
69812,unknown,
69813,recent,
69814,ok,1903
69815,ok,1949
69816,ok,1808
69817,ok,1937
69818,ok,1746
69819,ok,1948
69823,ok,1943
69824,ok,1808
69825,ok,1894
69826,ok,1938
69827,recent,
69828,ok,1899
69830,ok,1953
69831,ok,1884
69832,ok,1884
69834,unknown,
69835,ok,1927
69836,ok,1935
69837,unknown,
69838,ok,1902
69839,ok,1930
69840,ok,1930
69841,unknown,
69842,ok,1895
69843,ok,1905
69844,ok,1953
69845,ok,1926
69846,ok,1798
69847,ok,1838
69848,ok,1917
69849,ok,1930
69851,ok,1933
69852,ok,1925
69854,unknown,
69855,ok,1924
69856,ok,1946
69857,recent,
69858,ok,1897
69859,ok,1878
69860,ok,1721
69862,ok,1916
69863,ok,1925
69865,recent,
69866,ok,1933
69867,unknown,
69868,ok,1884
69869,ok,1924
69870,ok,1907
69871,unknown,
69872,ok,1863
69874,ok,1934
69875,ok,1907
69876,unknown,
69877,ok,1955
69879,ok,1935
69880,ok,1932
69881,ok,1948
69882,recent,
69885,ok,1918
69886,unknown,
69887,ok,1653
69888,ok,1929
69889,unknown,
69890,recent,
69891,ok,1900
69892,ok,1884
69895,unknown,
69896,ok,1936
69897,ok,1877
69904,ok,1949
69906,unknown,
69907,ok,1910
69908,unknown,
69909,unknown,
69910,unknown,
69911,unknown,
69912,recent,
69913,ok,1900
69914,ok,1932
69915,unknown,
69916,recent,
69917,ok,1917
69918,ok,1951
69920,ok,1944
69922,unknown,
69923,recent,
69924,unknown,
69925,ok,1917
69927,ok,1909
69928,recent,
69929,ok,1944
69930,ok,1929
69934,ok,1935
69935,unknown,
69936,ok,1939
69937,ok,1942
69938,ok,1929
69939,ok,1910
69943,unknown,
69945,ok,1908
69946,ok,1941
69947,recent,
69950,unknown,
69952,ok,1856
69953,ok,1900
69954,ok,1907
69955,ok,1880
69956,ok,1944
69957,unknown,
69958,ok,1942
69959,recent,
69961,ok,1906
69962,ok,1819
69963,ok,1885
69964,ok,1860
69965,ok,1929
69966,unknown,
69968,unknown,
69969,ok,1931
69970,ok,1637
69971,ok,1923
69972,ok,1899
69973,ok,1893
69974,unknown,
69975,unknown,
69976,recent,
69978,ok,1930
69979,unknown,
69980,unknown,
69982,ok,1938
69983,ok,1786
69984,ok,1922
69985,ok,1899
69986,ok,1930
69987,unknown,
69988,unknown,
69989,ok,1952
69990,ok,1893
69991,unknown,
69992,ok,1828
69993,ok,1909
69994,ok,1892
69995,ok,1918
69996,ok,1941
69998,ok,1910
70000,unknown,
70002,ok,1950
70004,unknown,
70006,ok,1938
70008,recent,
70009,unknown,
70010,ok,1937
70011,ok,1862
70013,recent,
70014,ok,1946
70016,ok,1908
70017,recent,
70018,ok,1948
70019,unknown,
70021,ok,1907
70022,ok,1851
70023,ok,1886
70024,ok,1775
70026,ok,1912
70028,unknown,
70029,recent,
70030,ok,1933
70031,unknown,
70032,ok,1890
70033,ok,1942
70034,recent,
70035,ok,1951
70036,ok,1657
70037,recent,
70038,ok,1952
70039,ok,1943
70040,ok,1948
70041,recent,
70042,ok,1880
70045,ok,1828
70046,recent,
70047,unknown,
70048,ok,1918
70049,ok,1942
70050,unknown,
70052,ok,1940
70055,ok,1696
70056,ok,1916
70059,recent,
70060,recent,
70061,recent,
70062,ok,1828
70065,unknown,
70066,unknown,
70067,ok,1932
70068,ok,1933
70069,unknown,
70070,ok,1904
70071,ok,1945
70072,ok,1828
70073,ok,1926
70074,ok,1934
70075,ok,1913
70076,ok,1930
70077,ok,1945
70078,ok,1828
70079,recent,
70081,ok,1882
70082,ok,1828
70083,unknown,
70084,ok,1900
70085,ok,1828
70086,ok,1859
70087,ok,1930
70088,ok,1943
70089,ok,1932
70090,unknown,
70091,ok,1698
70092,ok,1944
70093,ok,1828
70094,ok,1913
70095,ok,1924
70096,ok,1828
70097,unknown,
70098,unknown,
70099,ok,1869
70100,unknown,
70101,ok,1950
70102,ok,1918
70103,unknown,
70104,ok,1843
70105,ok,1918
70106,recent,
70108,unknown,
70109,ok,1937
70110,ok,1907
70111,ok,1886
70113,unknown,
70114,recent,
70115,ok,1909
70116,unknown,
70117,ok,1935
70118,unknown,
70119,ok,1933
70120,ok,1941
70122,ok,1936
70123,ok,1901
70124,ok,1950
70125,ok,1871
70126,ok,1942
70128,unknown,
70129,recent,
70130,ok,1938
70131,ok,1899
70132,ok,1921
70133,ok,1950
70134,ok,1886
70135,ok,1949
70136,ok,1928
70137,unknown,
70138,unknown,
70139,ok,1902
70140,ok,1937
70142,ok,1919
70143,unknown,
70144,ok,1925
70146,unknown,
70147,recent,
70148,recent,
70149,ok,1925
70150,ok,1919
70151,ok,1886
70152,recent,
70154,recent,
70156,ok,1938
70157,recent,
70158,recent,
70159,ok,1882
70161,ok,1938
70162,ok,1941
70163,ok,1907
70164,unknown,
70165,unknown,
70166,ok,1930
70167,unknown,
70168,ok,1893
70169,ok,1931
70170,ok,1900
70171,ok,1930
70172,ok,1927
70174,unknown,
70175,ok,1936
70176,unknown,
70179,ok,1915
70180,ok,1888
70181,ok,1900
70182,unknown,
70185,ok,1907
70186,ok,1934
70188,ok,1949
70189,ok,1946
70190,unknown,
70191,ok,1907
70192,ok,1905
70193,ok,1930
70194,ok,1942
70195,ok,1950
70196,ok,1919
70197,ok,1940
70198,ok,1936
70199,ok,1950
70200,ok,1934
70201,ok,1943
70202,unknown,
70203,ok,1923
70204,ok,1919
70205,recent,
70206,recent,
70207,ok,1895
70209,recent,
70210,ok,1916
70211,unknown,
70213,recent,
70214,unknown,
70217,recent,
70220,ok,1886
70221,recent,
70222,recent,
70223,ok,1954
70224,ok,1941
70225,ok,1930
70226,ok,1924
70228,unknown,
70229,ok,1934
70231,unknown,
70232,ok,1863
70233,ok,1928
70234,ok,1907
70235,recent,
70236,unknown,
70237,ok,1955
70241,ok,1921
70243,recent,
70244,recent,
70245,unknown,
70249,unknown,
70252,ok,1926
70253,ok,1885
70254,ok,1921
70255,recent,
70258,ok,1869
70259,unknown,
70260,ok,1880
70261,ok,1947
70262,unknown,
70263,recent,
70264,ok,1923
70265,ok,1918
70266,ok,1800
70267,ok,1927
70268,ok,1930
70269,ok,1945
70270,ok,1924
70271,recent,
70272,ok,1944
70273,unknown,
70274,ok,1939
70275,ok,1872
70276,ok,1939
70277,recent,
70278,unknown,
70279,unknown,
70280,ok,1954
70281,ok,1883
70282,ok,1930
70283,ok,1922
70284,ok,1944
70285,recent,
70286,ok,1912
70287,recent,
70288,recent,
70289,ok,1954
70290,ok,1905
70291,recent,
70292,ok,1939
70293,ok,1915
70294,ok,1919
70295,recent,
70298,ok,1900
70299,ok,1947
70300,ok,1851
70301,unknown,
70302,recent,
70304,recent,
70305,ok,1932
70306,ok,1932
70307,ok,1932
70308,ok,1906
70309,recent,
70310,recent,
70312,ok,1859
70313,ok,1930
70314,ok,1919
70315,ok,1937
70316,ok,1951
70318,ok,1919
70319,ok,1872
70320,ok,1944
70321,unknown,
70323,ok,1954
70324,ok,1955
70325,recent,
70326,ok,1779
70327,ok,1950
70328,ok,1944
70329,unknown,
70330,ok,1892
70331,ok,1927
70332,ok,1794
70333,unknown,
70334,unknown,
70338,ok,1934
70339,unknown,
70340,ok,1951
70341,ok,1950
70342,unknown,
70343,ok,1947
70344,ok,1920
70345,ok,1937
70346,ok,1930
70347,recent,
70348,recent,
70349,recent,
70350,ok,1879
70351,ok,1918
70352,ok,1930
70354,ok,1934
70356,ok,1891
70357,recent,
70358,unknown,
70359,recent,
70360,ok,1942
70361,recent,
70363,ok,1950
70364,recent,
70365,unknown,
70366,ok,1930
70367,recent,
70368,recent,
70369,ok,1941
70371,unknown,
70372,unknown,
70373,ok,1930
70374,unknown,
70375,ok,1886
70377,ok,1923
70378,ok,1879
70379,recent,
70380,recent,
70381,recent,
70382,unknown,
70383,unknown,
70384,ok,1943
70385,ok,1882
70386,unknown,
70387,recent,
70388,recent,
70389,recent,
70390,recent,
70391,recent,
70392,recent,
70393,ok,1938
70394,ok,1934
70396,ok,1911
70397,unknown,
70398,unknown,
70399,ok,1926
70400,ok,1941
70401,ok,1925
70402,recent,
70403,recent,
70404,ok,1914
70405,ok,1948
70407,ok,1920
70408,ok,1907
70409,ok,1949
70410,ok,1951
70411,unknown,
70412,ok,1897
70413,unknown,
70414,ok,1932
70415,ok,1902
70416,ok,1953
70417,unknown,
70418,recent,
70419,ok,1901
70420,ok,1907
70422,ok,1938
70423,ok,1926
70424,ok,1867
70425,ok,1885
70426,ok,1945
70427,ok,1913
70429,unknown,
70431,ok,1932
70432,recent,
70433,unknown,
70434,ok,1946
70436,ok,1938
70437,unknown,
70438,unknown,
70440,recent,
70441,recent,
70442,unknown,
70443,ok,1657
70444,ok,1894
70445,ok,1870
70446,ok,1920
70447,ok,1917
70448,ok,1912
70449,recent,
70450,ok,1900
70451,ok,1955
70452,ok,1903
70453,ok,1928
70455,unknown,
70456,unknown,
70457,recent,
70458,ok,1917
70459,ok,1920
70460,unknown,
70461,ok,1944
70462,unknown,
70463,unknown,
70464,recent,
70465,ok,1926
70466,recent,
70467,ok,1916
70469,ok,1916
70470,ok,1935
70471,ok,1944
70472,ok,1910
70473,ok,1907
70474,ok,1907
70475,recent,
70476,ok,1899
70477,unknown,
70478,ok,1937
70479,ok,1926
70480,unknown,
70481,ok,1857
70482,unknown,
70483,recent,
70484,ok,1917
70485,ok,1955
70486,ok,1937
70487,ok,1947
70488,recent,
70489,ok,1662
70490,ok,1924
70491,ok,1892
70492,recent,
70493,recent,
70494,recent,
70495,ok,1953
70496,recent,
70497,ok,1889
70498,recent,
70499,recent,
70500,recent,
70501,recent,
70502,ok,1938
70648,ok,1864
70503,ok,1927
70504,ok,1941
70505,ok,1941
70506,recent,
70507,unknown,
70508,unknown,
70509,ok,1923
70512,ok,1763
70513,recent,
70514,unknown,
70515,unknown,
70516,recent,
70517,ok,1955
70520,ok,1880
70521,ok,1950
70522,ok,1944
70523,ok,1731
70524,recent,
70525,ok,1954
70526,recent,
70527,ok,1940
70528,ok,1928
70529,ok,1842
70530,ok,1867
70531,ok,1861
70532,ok,1861
70533,ok,1861
70534,ok,1942
70535,unknown,
70536,ok,1950
70537,ok,1910
70538,ok,1942
70539,unknown,
70540,ok,1936
70541,recent,
70543,ok,1946
70544,ok,1899
70545,ok,1899
70546,ok,1899
70547,ok,1899
70548,ok,1899
70549,recent,
70550,ok,1949
70552,recent,
70553,unknown,
70554,unknown,
70555,ok,1930
70556,recent,
70557,unknown,
70559,unknown,
70561,ok,1889
70562,recent,
70563,ok,1936
70565,ok,1892
70566,ok,1924
70568,unknown,
70570,ok,1936
70571,recent,
70572,unknown,
70573,ok,1940
70574,recent,
70575,ok,1908
70577,ok,1924
70728,ok,1933
70578,ok,1936
70579,unknown,
70580,recent,
70581,recent,
70582,ok,1925
70583,unknown,
70584,unknown,
70586,unknown,
70587,ok,1954
70588,ok,1875
70589,ok,1950
70590,recent,
70591,ok,1921
70592,ok,1921
70593,ok,1921
70594,unknown,
70595,unknown,
70596,recent,
70597,recent,
70598,unknown,
70599,ok,1955
70600,ok,1944
70601,ok,1930
70605,recent,
70606,recent,
70607,unknown,
70608,unknown,
70610,recent,
70611,unknown,
70612,ok,1947
70729,ok,1835
70613,ok,1896
70614,unknown,
70615,recent,
70619,ok,1933
70620,recent,
70621,unknown,
70622,recent,
70623,unknown,
70624,ok,1920
70625,unknown,
70626,ok,1952
70627,recent,
70628,ok,1888
70629,ok,1888
70630,recent,
70633,unknown,
70634,ok,1939
70635,ok,1911
70636,ok,1949
70637,ok,1903
70638,recent,
70639,ok,1863
70640,recent,
70641,recent,
70642,ok,1918
70643,ok,1902
70644,ok,1905
70645,recent,
70646,ok,1889
70647,recent,
70649,unknown,
70650,ok,1931
70651,ok,1951
70652,ok,1937
70653,ok,1936
70654,ok,1916
70655,unknown,
70656,unknown,
70657,unknown,
70658,ok,1894
70659,ok,1955
70660,unknown,
70661,ok,1925
70665,ok,1910
70666,recent,
70667,ok,1948
70668,recent,
70669,ok,1805
70670,ok,1921
70671,ok,1938
70674,ok,1921
70675,ok,1903
70676,ok,1856
70677,ok,1948
70678,recent,
70679,unknown,
70681,ok,1859
70683,ok,1945
70684,ok,1924
70685,ok,1918
70686,ok,1907
70688,ok,1910
70689,recent,
70690,unknown,
70691,ok,1950
70693,ok,1889
70695,ok,1933
70696,ok,1926
70697,unknown,
70698,ok,1947
70699,recent,
70700,ok,1912
70701,ok,1921
70702,unknown,
70703,ok,1937
70704,ok,1873
70705,ok,1924
70706,unknown,
70707,unknown,
70708,recent,
70709,ok,1952
70710,unknown,
70711,unknown,
70714,ok,1952
70715,ok,1923
70716,ok,1876
70717,ok,1946
70718,unknown,
70719,ok,1941
70720,unknown,
70721,unknown,
70723,ok,1906
70725,ok,1924
70726,unknown,
70727,ok,1937
70730,ok,1886
70731,ok,1944
70732,ok,1877
70734,unknown,
70735,ok,1893
70736,recent,
70737,ok,1876
70738,ok,1927
70739,unknown,
70740,ok,1939
70741,ok,1935
70744,ok,1936
70745,unknown,
70746,ok,1826
70747,ok,1826
70748,unknown,
70749,ok,1929
70750,unknown,
70751,ok,1930
70752,ok,1938
70753,ok,1925
70754,ok,1925
70755,ok,1906
70756,ok,1906
70757,ok,1906
70758,ok,1874
70759,ok,1889
70760,recent,
70761,recent,
70762,ok,1935
70763,ok,1908
70765,unknown,
70766,ok,1950
70767,recent,
70768,ok,1944
70769,ok,1911
70771,recent,
70776,ok,1899
70777,ok,1945
70778,ok,1947
70779,ok,1866
70780,ok,1954
70781,unknown,
70782,recent,
70783,recent,
70784,ok,1729
70785,ok,1932
70787,unknown,
70788,ok,1939
70789,ok,1941
70790,ok,1920
70791,ok,1901
70793,recent,
70794,recent,
70795,ok,1928
70796,ok,1876
70797,unknown,
70801,ok,1932
70802,ok,1929
70803,ok,1932
70808,ok,1907
70809,ok,1914
70810,ok,1947
70811,ok,1899
70812,unknown,
70813,unknown,
70814,recent,
70847,ok,1941
70815,ok,1950
70816,ok,1950
70817,recent,
70818,ok,1931
70820,ok,1950
70821,ok,1916
70822,ok,1907
70823,unknown,
70824,recent,
70825,ok,1945
70826,ok,1910
70827,ok,1907
70828,ok,1901
70829,ok,1944
70830,ok,1936
70831,ok,1955
70832,recent,
70833,ok,1856
70834,ok,1922
70835,ok,1929
70836,ok,1916
70837,ok,1926
70838,ok,1928
70839,ok,1928
70840,ok,1928
70842,unknown,
70843,unknown,
70844,ok,1937
70846,ok,1894
70848,ok,1603
70849,recent,
70850,unknown,
70851,ok,1886
70852,recent,
70853,unknown,
70854,ok,1941
70855,ok,1899
70856,unknown,
70857,ok,1927
70858,ok,1918
70859,recent,
70861,ok,1939
70862,ok,1926
70863,ok,1896
70864,ok,1936
70865,ok,1936
70866,ok,1830
70867,ok,1932
70869,unknown,
70870,ok,1907
70871,ok,1865
70872,ok,1945
70873,ok,1939
70874,ok,1931
70875,ok,1951
70877,recent,
70878,ok,1945
70879,ok,1936
70880,ok,1917
70881,ok,1920
70882,ok,1932
70883,ok,1907
70884,ok,1953
70885,recent,
70887,unknown,
70888,ok,1931
70889,ok,1876
70891,ok,1885
70893,ok,1907
70894,ok,1914
70895,ok,1941
70899,recent,
70900,ok,1941
70901,ok,1931
70902,ok,1937
70903,ok,1906
70904,ok,1947
70906,recent,
70907,ok,1913
70908,ok,1912
70909,ok,1948
70911,ok,1947
70912,recent,
70913,ok,1951
70914,ok,1905
70917,ok,1924
70918,ok,1940
70919,ok,1939
70920,unknown,
70921,ok,1895
70922,unknown,
70923,ok,1937
70924,ok,1930
70927,unknown,
70928,ok,1919
70930,ok,1865
70935,ok,1907
70936,ok,1907
70937,ok,1951
70938,ok,1915
70939,ok,1904
70942,recent,
70943,ok,1899
70944,recent,
70946,recent,
70947,ok,1893
70950,ok,1892
70951,ok,1940
70953,ok,1942
70954,ok,1941
70955,recent,
70956,ok,1944
70957,ok,1906
70958,ok,1939
70959,ok,1917
70962,recent,
70963,ok,1915
70964,ok,1946
70965,ok,1922
70966,ok,1907
70967,ok,1940
70968,ok,1929
70969,ok,1941
70970,recent,
70971,ok,1955
70972,ok,1940
70973,ok,1949
70976,unknown,
70977,ok,1893
70978,unknown,
70979,recent,
70980,unknown,
70981,recent,
70982,ok,1939
70983,unknown,
70985,ok,1860
70986,ok,1907
70987,ok,1891
70989,ok,1931
70991,unknown,
70992,unknown,
70995,ok,1944
70996,ok,1943
70998,ok,1915
70999,ok,1892
71000,ok,1952
71001,ok,1887
71002,ok,1936
71003,ok,1930
71004,ok,1954
71008,unknown,
71009,ok,1933
71010,ok,1920
71011,ok,1812
71012,ok,1909
71013,ok,1911
71015,ok,1921
71018,ok,1935
71019,unknown,
71020,ok,1914
71021,unknown,
71022,ok,1850
71023,ok,1941
71024,ok,1937
71026,ok,1947
71028,unknown,
71029,unknown,
71030,recent,
71032,unknown,
71033,ok,1937
71034,unknown,
71035,ok,1899
71036,ok,1887
71037,ok,1927
71038,recent,
71039,recent,
71042,ok,1941
71043,ok,1943
71044,ok,1926
71045,unknown,
71046,ok,1916
71047,recent,
71048,ok,1920
71049,recent,
71050,ok,1926
71051,ok,1920
71052,ok,1936
71053,ok,1941
71054,ok,1941
71057,unknown,
71058,unknown,
71059,ok,1872
71060,ok,1837
71061,ok,1916
71062,ok,1945
71063,unknown,
71064,unknown,
71065,ok,1936
71066,ok,1936
71067,ok,1937
71068,unknown,
71069,ok,1925
71072,ok,1917
71073,recent,
71074,ok,1927
71078,ok,1936
71079,unknown,
71080,ok,1893
71081,ok,1761
71082,ok,1950
71085,ok,1936
71086,ok,1940
71087,ok,1923
71088,ok,1937
71089,recent,
71090,unknown,
71091,ok,1932
71092,ok,1902
71093,ok,1947
71094,ok,1947
71095,unknown,
71096,ok,1894
71097,ok,1870
71098,ok,1899
71099,ok,1907
71100,ok,1868
71103,ok,1877
71104,ok,1896
71105,ok,1918
71184,ok,1937
71106,unknown,
71107,ok,1927
71108,ok,1907
71109,ok,1936
71110,ok,1936
71112,ok,1906
71113,ok,1906
71114,ok,1906
71116,ok,1931
71117,recent,
71118,ok,1926
71119,unknown,
71122,ok,1929
71123,ok,1941
71124,recent,
71125,unknown,
71126,ok,1915
71127,ok,1933
71128,ok,1924
71129,unknown,
71130,ok,1889
71132,ok,1939
71133,ok,1939
71134,ok,1929
71135,unknown,
71138,recent,
71139,ok,1936
71140,ok,1770
71141,ok,1927
71142,ok,1943
71143,ok,1949
71305,ok,1928
71144,unknown,
71145,ok,1936
71146,ok,1924
71150,recent,
71152,recent,
71153,ok,1950
71154,ok,1825
71155,recent,
71156,ok,1876
71157,recent,
71158,unknown,
71159,ok,1936
71160,unknown,
71162,ok,1915
71163,ok,1883
71164,ok,1938
71165,ok,1813
71166,ok,1944
71167,recent,
71168,ok,1936
71169,ok,1876
71170,ok,1940
71171,recent,
71172,ok,1893
71174,ok,1899
71175,unknown,
71176,unknown,
71177,unknown,
71178,ok,1892
71179,ok,1929
71180,ok,1936
71181,ok,1944
71185,recent,
71186,unknown,
71187,recent,
71188,unknown,
71190,ok,1909
71191,ok,1757
71192,ok,1939
71193,ok,1950
71194,ok,1880
71195,ok,1950
71196,ok,1939
71197,ok,1936
71199,ok,1925
71200,unknown,
71201,ok,1944
71202,recent,
71203,ok,1886
71204,ok,1927
71205,ok,1936
71206,ok,1947
71208,ok,1934
71209,ok,1943
71212,ok,1951
71213,recent,
71214,unknown,
71215,ok,1924
71219,unknown,
71255,recent,
71256,ok,1948
71257,ok,1951
71258,ok,1892
71220,unknown,
71221,unknown,
71222,unknown,
71223,recent,
71224,ok,1884
71225,ok,1560
71226,recent,
71227,ok,1951
71228,recent,
71229,ok,1933
71230,ok,1943
71231,ok,1919
71233,ok,1917
71234,ok,1945
71235,ok,1913
71236,ok,1951
71237,recent,
71238,ok,1927
71239,unknown,
71240,ok,1944
71243,unknown,
71244,ok,1899
71245,ok,1893
71246,ok,1893
71247,recent,
71248,unknown,
71249,unknown,
71251,ok,1954
71252,ok,1912
71253,ok,1884
71254,ok,1937
71260,ok,1946
71261,ok,1914
71262,unknown,
71263,recent,
71264,recent,
71266,ok,1890
71267,unknown,
71268,ok,1936
71271,unknown,
71272,ok,1948
71273,recent,
71276,ok,1929
71277,ok,1785
71278,ok,1785
71279,recent,
71280,ok,1953
71282,unknown,
71283,ok,1935
71284,ok,1916
71285,ok,1945
71286,ok,1887
71287,ok,1939
71291,ok,1918
71292,ok,1871
71293,ok,1947
71294,ok,1941
71296,ok,1914
71297,ok,1924
71298,ok,1610
71299,ok,1893
71300,ok,1947
71301,ok,1954
71302,ok,1877
71304,ok,1770
71306,unknown,
71307,unknown,
71308,ok,1921
71309,unknown,
71312,ok,1943
71313,unknown,
71314,unknown,
71315,recent,
71316,ok,1950
71317,ok,1943
71318,ok,1862
71319,unknown,
71321,ok,1893
71322,ok,1928
71323,ok,1939
71324,ok,1919
71325,ok,1856
71326,unknown,
71327,unknown,
71328,ok,1932
71329,ok,1885
71331,ok,1893
71332,recent,
71333,ok,1950
71334,ok,1926
71335,ok,1919
71337,ok,1929
71338,unknown,
71340,recent,
71341,ok,1921
71342,ok,1921
71343,ok,1933
71344,ok,1877
71345,ok,1937
71346,ok,1912
71347,ok,1883
71348,recent,
71349,ok,1937
71350,recent,
71351,ok,1947
71352,ok,1946
71353,ok,1926
71356,ok,1888
71357,ok,1906
71358,ok,1906
71359,ok,1906
71360,ok,1943
71361,recent,
71362,ok,1950
71363,ok,1924
71365,ok,1899
71367,ok,1944
71368,ok,1954
71370,unknown,
71371,recent,
71372,ok,1950
71374,recent,
71375,unknown,
71376,ok,1937
71377,ok,1945
71378,recent,
71379,ok,1913
71380,ok,1934
71381,ok,1939
71382,ok,1893
71383,ok,1893
71384,ok,1922
71385,unknown,
71386,recent,
71553,ok,1941
71387,unknown,
71388,ok,1942
71391,unknown,
71392,ok,1939
71393,ok,1882
71395,ok,1935
71396,ok,1813
71397,recent,
71398,ok,1949
71400,ok,1927
71401,unknown,
71402,ok,1934
71404,ok,1860
71406,ok,1880
71407,ok,1928
71408,unknown,
71409,unknown,
71410,recent,
71411,ok,1930
71414,ok,1929
71416,ok,1955
71417,ok,1930
71418,ok,1940
71420,ok,1946
71422,ok,1940
71425,ok,1934
71426,unknown,
71427,ok,1930
71428,ok,1932
71429,ok,1874
71431,ok,1927
71432,ok,1926
71433,ok,1915
71436,ok,1913
71437,recent,
71438,unknown,
71439,recent,
71441,recent,
71442,recent,
71444,unknown,
71445,ok,1885
71447,unknown,
71448,ok,1934
71449,unknown,
71450,ok,1929
71454,ok,1955
71455,ok,73
71456,ok,1906
71457,ok,1941
71459,unknown,
71461,ok,1918
71462,ok,1903
71463,unknown,
71464,ok,1927
71465,recent,
71466,ok,1936
71467,unknown,
71468,unknown,
71470,ok,1843
71471,ok,1932
71473,ok,1942
71475,ok,1934
71476,unknown,
71477,ok,1909
71478,ok,1930
71480,unknown,
71481,unknown,
71482,ok,1897
71483,ok,1868
71484,ok,1908
71485,unknown,
71486,unknown,
71487,ok,1937
71488,unknown,
71491,unknown,
71492,ok,1893
71493,ok,1893
71494,unknown,
71495,unknown,
71496,ok,1935
71497,ok,1951
71498,unknown,
71499,ok,1941
71500,ok,1936
71501,unknown,
71502,ok,1924
71503,ok,1955
71504,ok,1908
71505,ok,1945
71506,unknown,
71507,unknown,
71508,ok,1934
71509,ok,1897
71510,ok,1870
71511,unknown,
71512,ok,1929
71513,unknown,
71514,unknown,
71515,recent,
71516,ok,1925
71517,ok,1932
71518,unknown,
71519,unknown,
71521,recent,
71522,unknown,
71523,ok,1904
71525,recent,
71526,unknown,
71527,ok,1937
71528,ok,1915
71529,ok,1939
71530,recent,
71531,unknown,
71532,ok,1911
71535,ok,1836
71536,ok,1930
71537,ok,1879
71538,ok,1939
71539,unknown,
71540,unknown,
71542,ok,1911
71543,unknown,
71544,ok,1876
71546,ok,1926
71547,ok,1938
71548,recent,
71549,ok,1891
71550,ok,1950
71551,ok,1947
71552,ok,1930
71556,ok,1857
71557,ok,1909
71558,ok,1882
71559,unknown,
71561,ok,1943
71562,ok,1934
71563,unknown,
71564,unknown,
71565,recent,
71566,unknown,
71567,ok,1930
71568,recent,
71569,ok,1908
71570,recent,
71571,unknown,
71572,ok,1930
71574,ok,1867
71575,ok,1898
71576,ok,1887
71577,recent,
71578,ok,1928
71580,recent,
71581,ok,1921
71584,recent,
71585,unknown,
71586,unknown,
71587,recent,
71588,ok,1905
71589,recent,
71590,ok,1910
71592,recent,
71593,ok,1934
71594,recent,
71595,ok,1923
71596,ok,1930
71597,ok,1902
71598,ok,1930
71599,unknown,
71600,ok,1893
71604,unknown,
71605,ok,1941
71607,ok,1933
71608,unknown,
71609,ok,1919
71610,unknown,
71611,unknown,
71615,ok,1918
71617,ok,1952
71621,ok,1940
71622,ok,1940
71623,ok,1944
71624,ok,1925
71625,ok,1918
71626,ok,1950
71627,unknown,
71628,recent,
71629,recent,
71630,ok,1942
71631,ok,1915
71633,ok,1944
71634,ok,1953
71635,ok,1947
71637,recent,
71638,recent,
71639,ok,1908
71640,ok,1924
71641,ok,1892
71642,ok,1930
71643,ok,1910
71644,ok,1830
71645,unknown,
71646,recent,
71647,ok,1922
71649,ok,1940
71650,unknown,
71651,ok,1924
71653,ok,1935
71654,ok,1953
71655,recent,
71656,ok,1920
71658,ok,1945
71659,recent,
71660,recent,
71661,ok,1916
71663,ok,1910
71664,ok,1929
71665,unknown,
71666,recent,
71667,unknown,
71668,ok,1896
71669,ok,1895
71670,unknown,
71671,ok,1897
71672,ok,1916
71673,ok,1813
71674,ok,1942
71675,ok,1930
71676,unknown,
71677,recent,
71679,recent,
71682,ok,1916
71683,ok,1882
71685,unknown,
71686,ok,1916
71687,unknown,
71688,ok,1925
71691,ok,1941
71692,recent,
71693,ok,1950
71694,unknown,
71695,ok,1913
71696,ok,1943
71698,ok,1899
71699,ok,1908
71700,ok,1932
71701,unknown,
71706,unknown,
71707,ok,1906
71708,unknown,
71709,ok,1909
71710,ok,1924
71711,ok,1902
71712,ok,1935
71713,ok,1909
71715,ok,1943
71716,recent,
71717,ok,1878
71718,ok,1920
71719,ok,1882
71722,ok,1934
71725,unknown,
71726,ok,1928
71727,recent,
71728,ok,1930
71729,ok,1916
71730,ok,1908
71731,ok,1909
71732,ok,1953
71734,ok,1940
71735,ok,1949
71736,ok,1935
71737,ok,1904
71738,ok,1936
71739,ok,1910
71740,ok,1926
71741,recent,
71742,unknown,
71743,ok,1937
71744,ok,1948
71746,recent,
71747,recent,
71748,ok,1947
71749,unknown,
71750,ok,1944
71751,ok,1903
71752,ok,1947
71753,recent,
71754,unknown,
71755,ok,1910
71756,recent,
71757,ok,1945
71758,ok,1817
71759,unknown,
71760,ok,1916
71761,ok,1907
71764,ok,1934
71765,unknown,
71766,ok,1876
71768,ok,1940
71769,ok,1922
71770,recent,
71771,unknown,
71772,ok,1928
71773,ok,1850
71774,ok,1934
71775,recent,
71776,ok,1924
71777,recent,
71778,ok,1948
71779,unknown,
71780,recent,
71781,ok,1813
71782,ok,1909
71783,ok,1920
71784,recent,
71785,unknown,
71786,ok,1954
71788,ok,1929
71789,ok,1878
71790,unknown,
71791,unknown,
71792,ok,1813
71793,unknown,
71794,ok,1936
71795,ok,1936
71796,ok,1936
71797,ok,1936
71798,unknown,
71799,ok,1630
71800,recent,
71804,ok,1905
71805,recent,
71806,ok,1942
71807,unknown,
71808,ok,1938
71810,recent,
71811,recent,
71812,ok,1930
71813,recent,
71814,unknown,
71815,recent,
71816,ok,1942
71818,recent,
71819,recent,
71820,ok,1941
71821,recent,
71822,ok,1893
71823,ok,1899
71824,unknown,
71825,ok,1946
71827,recent,
71828,ok,1922
71829,unknown,
71830,unknown,
71831,ok,1941
71832,ok,1938
71835,unknown,
71837,ok,1931
71838,ok,1930
71840,ok,1926
71842,ok,1918
71843,ok,1903
71844,ok,1750
71845,unknown,
71846,unknown,
71847,ok,1933
71848,recent,
71849,ok,1798
71850,ok,1860
71851,ok,1924
71853,recent,
71854,unknown,
71855,ok,1924
71856,ok,1924
71857,unknown,
71858,ok,1870
71859,recent,
71860,ok,1940
71862,unknown,
71863,ok,1924
71864,ok,1929
71865,ok,1941
71866,ok,1749
71867,recent,
71868,recent,
71869,recent,
71870,recent,
71872,ok,1929
71873,ok,1911
71874,ok,1921
71876,ok,1899
71878,ok,1870
71879,ok,1950
71880,unknown,
71881,unknown,
71882,recent,
71883,recent,
71884,ok,1935
71885,ok,1945
71886,recent,
71887,ok,1879
71888,ok,1865
71889,ok,1913
71891,ok,1950
71892,ok,1925
71893,ok,1895
71894,unknown,
71895,unknown,
71897,ok,1913
71898,recent,
71899,unknown,
71901,ok,1938
71902,unknown,
71904,ok,1930
71905,unknown,
71906,ok,1893
71907,ok,1916
71908,ok,1932
71909,recent,
71910,unknown,
71911,ok,1947
71913,recent,
71914,ok,1914
71915,ok,1916
71916,recent,
71917,recent,
71918,unknown,
71919,ok,1897
71921,unknown,
71922,ok,1917
71923,recent,
71924,unknown,
71926,ok,1952
71927,ok,1907
71928,unknown,
71929,recent,
71930,recent,
71931,recent,
71932,ok,1940
71933,ok,1939
71934,unknown,
71935,ok,1932
71936,ok,1898
71937,ok,1875
71939,ok,1942
71940,ok,1933
71941,recent,
71942,ok,1952
71943,ok,1863
71944,ok,1844
71945,ok,1945
71946,ok,1791
71948,ok,1907
71949,unknown,
71950,ok,1899
71951,recent,
71952,ok,1902
71953,ok,1921
71954,unknown,
71955,unknown,
71957,recent,
71958,ok,1907
71960,recent,
71961,unknown,
71964,unknown,
71965,ok,1939
71968,ok,1904
71970,unknown,
71971,ok,1912
71972,ok,1898
71973,recent,
71974,recent,
71975,ok,1929
71977,ok,1939
71978,ok,1939
71979,unknown,
71981,ok,1843
71982,unknown,
71983,unknown,
71984,ok,1889
71985,ok,1941
71987,ok,1893
71988,ok,1940
71989,unknown,
71990,ok,1935
71991,ok,1938
71992,ok,1910
71993,ok,1844
71995,recent,
71996,ok,1944
71997,ok,1910
71999,ok,1949
72000,unknown,
72001,recent,
72002,recent,
72003,unknown,
72004,recent,
72005,unknown,
72006,ok,1947
72007,ok,1918
72008,ok,1876
72009,unknown,
72010,recent,
72011,ok,1929
72013,ok,1945
72014,ok,1828
72015,recent,
72016,unknown,
72017,ok,1950
72018,ok,1917
72019,ok,1893
72020,ok,1908
72021,ok,1899
72022,recent,
72023,ok,1947
72024,ok,1921
72026,recent,
72028,unknown,
72029,unknown,
72030,recent,
72031,recent,
72032,ok,1945
72033,ok,1938
72034,ok,1850
72035,ok,1933
72036,ok,1946
72038,ok,1911
72039,unknown,
72040,unknown,
72041,ok,1927
72042,ok,1945
72043,ok,1910
72044,ok,1903
72045,ok,1944
72046,recent,
72047,ok,1910
72049,ok,1878
72050,ok,1878
72051,ok,1910
72052,ok,1950
72054,unknown,
72055,ok,1940
72056,ok,1952
72057,ok,1954
72058,ok,1918
72059,recent,
72060,ok,1914
72061,ok,1910
72062,ok,1952
72063,recent,
72064,unknown,
72065,ok,1897
72066,recent,
72067,recent,
72069,recent,
72070,recent,
72071,ok,1951
72072,unknown,
72107,ok,1920
72073,unknown,
72074,ok,1942
72075,unknown,
72076,ok,1920
72077,ok,1929
72078,unknown,
72079,recent,
72080,unknown,
72081,unknown,
72082,unknown,
72083,ok,1884
72084,unknown,
72085,recent,
72086,ok,1936
72088,unknown,
72089,ok,1929
72091,ok,1894
72092,unknown,
72093,unknown,
72094,ok,1897
72095,recent,
72096,ok,1893
72098,unknown,
72099,unknown,
72100,ok,1865
72101,recent,
72102,ok,1757
72103,ok,1798
72104,ok,1920
72105,ok,1920
72106,ok,1920
72227,recent,
72109,ok,1893
72110,ok,1893
72111,unknown,
72112,unknown,
72115,ok,1938
72118,unknown,
72119,recent,
72120,recent,
72121,ok,1843
72122,ok,1876
72123,unknown,
72125,unknown,
72127,ok,1942
72128,ok,1912
72129,unknown,
72130,recent,
72131,unknown,
72132,recent,
72133,ok,1888
72134,ok,1906
72138,recent,
72140,recent,
72141,ok,1933
72142,ok,1878
72143,unknown,
72144,ok,1937
72145,ok,1951
72146,unknown,
72147,recent,
72148,recent,
72149,recent,
72150,ok,1869
72151,ok,1914
72154,ok,1893
72155,ok,1872
72156,unknown,
72157,unknown,
72158,recent,
72159,recent,
72160,ok,1937
72164,ok,1933
72165,ok,1877
72166,ok,1877
72167,ok,1877
72168,ok,1922
72169,ok,1930
72170,ok,1872
72171,recent,
72172,recent,
72173,recent,
72174,recent,
72175,recent,
72176,ok,1941
72177,ok,1950
72178,unknown,
72179,unknown,
72180,recent,
72181,recent,
72182,ok,1923
72183,ok,1919
72185,recent,
72186,ok,1950
72187,unknown,
72188,recent,
72189,ok,1911
72190,unknown,
72191,recent,
72192,recent,
72194,ok,1934
72195,unknown,
72196,ok,1920
72197,recent,
72198,ok,1948
72199,ok,1950
72200,unknown,
72202,unknown,
72203,recent,
72204,ok,1950
72205,ok,1947
72206,ok,1922
72207,unknown,
72208,recent,
72209,unknown,
72210,ok,1920
72211,ok,1940
72213,ok,1824
72214,ok,1824
72216,unknown,
72217,ok,1914
72219,ok,1921
72220,ok,1950
72221,ok,1897
72222,recent,
72223,recent,
72224,unknown,
72225,unknown,
72226,unknown,
72228,ok,1929
72229,ok,1897
72231,ok,1931
72232,ok,1922
72233,recent,
72234,unknown,
72235,recent,
72236,ok,1915
72237,ok,1916
72238,unknown,
72239,ok,1944
72240,ok,1833
72241,unknown,
72243,unknown,
72244,ok,1936
72245,recent,
72247,recent,
72248,recent,
72249,recent,
72250,recent,
72251,ok,1645
72252,ok,1952
72253,ok,1925
72255,ok,1912
72256,ok,1941
72257,ok,1928
72258,recent,
72260,ok,1941
72261,ok,1891
72262,ok,1871
72263,recent,
72264,ok,1832
72265,ok,1905
72266,recent,
72267,ok,1937
72268,ok,1924
72269,unknown,
72270,ok,1877
72271,ok,1913
72272,recent,
72273,ok,1907
72274,unknown,
72275,ok,1945
72276,unknown,
72277,recent,
72278,unknown,
72279,ok,1852
72280,ok,1893
72281,ok,1889
72282,ok,1930
72283,ok,1817
72286,ok,1930
72287,unknown,
72288,ok,1919
72289,recent,
72290,unknown,
72291,ok,1925
72292,recent,
72293,ok,1924
72294,ok,1939
72295,unknown,
72296,ok,1836
72297,unknown,
72299,recent,
72300,ok,1920
72301,recent,
72302,recent,
72303,recent,
72304,unknown,
72305,recent,
72306,unknown,
72307,recent,
72310,recent,
72311,recent,
72312,unknown,
72313,ok,1920
72314,ok,1929
72315,ok,1877
72316,ok,1932
72317,unknown,
72318,ok,1892
72319,ok,1908
72320,ok,1922
72324,ok,1891
72325,ok,1897
72326,ok,1945
72327,ok,1911
72328,ok,1941
72329,ok,1877
72330,ok,1939
72331,ok,1950
72332,ok,1844
72333,ok,1946
72334,ok,1953
72335,ok,1908
72336,ok,1934
72337,recent,
72473,recent,
72338,unknown,
72339,recent,
72340,ok,1886
72341,ok,1921
72342,ok,1920
72343,ok,1832
72344,recent,
72346,ok,1912
72347,unknown,
72351,ok,1899
72352,ok,1909
72353,ok,1909
72354,ok,1909
72355,ok,1916
72356,ok,1941
72360,ok,1945
72361,ok,1936
72362,unknown,
72363,ok,1939
72364,unknown,
72365,unknown,
72366,unknown,
72367,ok,1949
72368,ok,1902
72369,unknown,
72370,ok,1941
72371,recent,
72372,ok,1901
72374,ok,1947
72375,recent,
72378,ok,1953
72379,ok,1954
72380,unknown,
72381,ok,1937
72385,ok,1892
72386,ok,1905
72387,unknown,
72388,recent,
72389,recent,
72390,recent,
72391,recent,
72392,recent,
72393,ok,1952
72394,recent,
72395,ok,1943
72396,ok,1915
72397,unknown,
72398,ok,1892
72401,recent,
72402,recent,
72403,recent,
72406,recent,
72407,recent,
72408,recent,
72410,recent,
72411,ok,1787
72412,ok,1953
72414,ok,1832
72415,recent,
72416,unknown,
72417,unknown,
72418,ok,1925
72420,recent,
72421,ok,1940
72422,recent,
72425,unknown,
72426,ok,1899
72427,unknown,
72428,unknown,
72429,unknown,
72430,unknown,
72431,recent,
72432,ok,1836
72433,ok,1920
72434,ok,1950
72437,ok,1847
72438,ok,1930
72439,recent,
72440,recent,
72441,recent,
72442,ok,1953
72443,unknown,
72444,recent,
72445,ok,1923
72446,ok,1937
72450,ok,1929
72451,ok,1847
72452,ok,1813
72453,unknown,
72454,ok,1929
72455,ok,1892
72456,ok,1926
72457,unknown,
72461,ok,1913
72462,recent,
72463,ok,1833
72464,ok,1833
72465,ok,1833
72466,ok,1944
72468,recent,
72469,unknown,
72471,ok,1926
72472,recent,
72477,recent,
72479,ok,1901
72480,unknown,
72482,ok,1859
72483,unknown,
72485,recent,
72486,ok,1947
72488,ok,1935
72489,recent,
72490,ok,1950
72492,unknown,
72495,recent,
72496,unknown,
72497,recent,
72498,recent,
72499,ok,1918
72500,unknown,
72501,ok,1916
72502,ok,1948
72504,recent,
72505,ok,1924
72506,recent,
72507,recent,
72508,ok,1903
72510,recent,
72511,unknown,
72512,recent,
72513,ok,1947
72514,ok,1937
72515,ok,1919
72516,unknown,
72517,recent,
72518,recent,
72519,ok,1920
72520,ok,1860
72521,ok,1929
72524,ok,1921
72525,unknown,
72526,unknown,
72528,recent,
72529,unknown,
72531,ok,1921
72532,ok,1933
72534,ok,1899
72537,recent,
72538,recent,
72539,recent,
72540,ok,1878
72541,ok,1930
72542,unknown,
72543,ok,1939
72544,ok,1855
72545,ok,1921
72546,unknown,
72547,unknown,
72548,recent,
72550,ok,1920
72551,ok,1929
72552,ok,1938
72553,recent,
72554,ok,1787
72555,recent,
72556,ok,1920
72557,ok,1903
72558,recent,
72559,ok,1939
72560,ok,1892
72561,ok,1892
72562,ok,1892
72563,recent,
72564,unknown,
72565,recent,
72569,unknown,
72571,unknown,
72572,recent,
72573,ok,1937
72574,ok,1899
72575,ok,1899
72576,ok,1899
72577,recent,
72578,unknown,
72581,ok,1947
72582,unknown,
72583,ok,1861
72584,unknown,
72585,recent,
72586,ok,1907
72589,unknown,
72597,recent,
72598,ok,1932
72599,recent,
72600,recent,
72601,ok,1840
72602,ok,1893
72605,ok,1945
72607,recent,
72609,ok,1951
72610,ok,1897
72611,recent,
72612,recent,
72614,recent,
72615,recent,
72619,ok,1942
72620,ok,1951
72621,ok,1904
72622,ok,1903
72624,unknown,
72625,unknown,
72626,ok,1894
72627,recent,
72628,recent,
72629,ok,1946
72630,ok,1941
72632,recent,
72633,ok,1922
72636,ok,1929
72637,ok,1951
72638,recent,
72639,recent,
72640,ok,1893
72641,unknown,
72642,recent,
72643,ok,1431
72644,unknown,
72645,ok,1633
72646,unknown,
72647,recent,
72648,ok,1949
72651,recent,
72653,unknown,
72654,ok,1682
72655,recent,
72658,ok,1914
72659,unknown,
72660,ok,1836
72661,ok,1929
72662,unknown,
72667,ok,1918
72668,ok,1918
72669,ok,1929
72670,ok,1884
72671,ok,1940
72672,ok,1900
72673,recent,
72675,recent,
72676,ok,1903
72677,ok,1903
72678,ok,1950
72679,ok,1936
72680,ok,1878
72681,ok,1878
72682,ok,1878
72683,unknown,
72686,ok,1932
72688,unknown,
72689,recent,
72693,ok,1883
72694,ok,1951
72695,ok,1926
72696,ok,1893
72697,ok,1946
72698,ok,1946
72699,ok,1928
72700,ok,1887
72701,unknown,
72702,ok,1910
72704,ok,1948
72705,unknown,
72706,recent,
72707,ok,1936
72708,ok,1903
72712,unknown,
72713,ok,1944
72714,recent,
72715,ok,1897
72716,recent,
72717,ok,1935
72718,ok,1938
72719,ok,1939
72720,ok,1897
72721,ok,1907
72722,ok,1899
72723,unknown,
72726,ok,1947
72728,ok,1892
72729,ok,1903
72730,unknown,
72731,recent,
72732,ok,1946
72735,recent,
72736,ok,1954
72737,ok,1798
72740,ok,1894
72741,ok,1951
72742,ok,1939
72743,ok,1887
72744,ok,1887
72745,ok,1887
72746,recent,
72747,ok,1858
72847,unknown,
72751,unknown,
72752,unknown,
72756,ok,1929
72757,ok,1911
72759,ok,1942
72760,ok,1925
72761,ok,1892
72764,ok,1906
72765,ok,1948
72766,unknown,
72767,unknown,
72769,ok,1945
72770,recent,
72771,recent,
72772,ok,1920
72773,ok,1885
72774,ok,1953
72775,ok,1859
72776,ok,1923
72777,ok,1897
72778,ok,1848
72779,ok,1940
72781,recent,
72782,ok,1943
72784,ok,1947
72786,recent,
72787,recent,
72789,recent,
72795,recent,
72796,ok,1952
72797,unknown,
72798,ok,1930
72799,ok,1939
72800,recent,
72802,ok,1941
72848,ok,1935
72803,unknown,
72804,ok,1930
72805,ok,1931
72806,ok,1765
72807,ok,1951
72808,ok,1945
72811,unknown,
72812,ok,1937
72813,ok,1818
72814,ok,1938
72815,ok,1835
72816,ok,1947
72817,unknown,
72818,ok,1924
72819,ok,1942
72820,ok,1939
72822,ok,1906
72823,ok,1878
72824,recent,
72825,ok,1943
72826,ok,1899
72827,ok,1895
72828,ok,1938
72830,ok,1920
72831,ok,1941
72835,ok,1912
72836,ok,1948
72837,unknown,
72838,unknown,
72839,unknown,
72840,unknown,
72843,recent,
72844,ok,1883
72846,ok,1918
72852,ok,1932
72854,recent,
72855,recent,
72859,recent,
72860,ok,1880
72861,ok,1940
72862,unknown,
72863,ok,1931
72864,unknown,
72865,ok,1934
72867,ok,1926
72869,recent,
72870,ok,1927
72871,ok,1949
72872,ok,1937
72873,unknown,
72875,recent,
72880,ok,1923
72881,ok,1936
72882,ok,1939
72883,recent,
72884,ok,1918
72885,ok,1885
72886,unknown,
72889,unknown,
72890,recent,
72891,ok,1938
72892,unknown,
72893,recent,
72894,ok,1858
72897,unknown,
72898,ok,1929
72901,ok,1947
72902,recent,
72903,ok,1953
72904,recent,
72905,ok,1953
72906,ok,1925
72907,unknown,
72908,ok,1938
72909,ok,1934
72910,ok,1925
72911,ok,1828
72912,ok,1938
72913,recent,
72914,recent,
72916,ok,1945
72917,ok,1938
72918,ok,1950
72919,ok,1931
72921,unknown,
72922,ok,1930
72923,ok,1876
72924,recent,
72926,recent,
72927,ok,1916
72928,ok,1951
72929,unknown,
72930,ok,1922
72931,ok,1906
72932,ok,1913
72933,ok,1939
72934,unknown,
72935,unknown,
72936,ok,1953
72938,ok,1950
72939,ok,1940
72940,unknown,
72941,unknown,
72942,recent,
72943,recent,
72944,ok,1908
72945,ok,1943
72946,ok,1930
72948,ok,1924
72949,unknown,
72950,unknown,
72953,ok,1940
72954,ok,1951
72955,unknown,
72957,ok,1948
72958,unknown,
72960,ok,1934
72961,recent,
72962,recent,
72963,ok,1944
72966,ok,1937
72967,recent,
72968,ok,1893
72969,ok,1939
72970,ok,1929
72971,ok,1943
72972,recent,
72973,ok,1827
72974,ok,1915
72975,ok,1938
72978,ok,1938
72979,ok,1941
72981,recent,
72982,ok,1887
72983,ok,1926
72986,recent,
72987,ok,1939
72988,recent,
72989,ok,1928
72990,ok,1928
72991,ok,1835
72992,ok,1938
72995,ok,1942
72996,ok,1846
72997,ok,1948
72998,ok,1926
72999,ok,1923
73000,ok,1954
73001,ok,1909
73002,ok,1947
73004,unknown,
73005,ok,1922
73007,unknown,
73008,recent,
73009,ok,1952
73010,ok,1950
73011,recent,
73012,ok,1770
73013,unknown,
73015,ok,1943
73016,recent,
73017,recent,
73018,ok,1832
73019,ok,1947
73020,ok,1875
73021,ok,1929
73022,ok,1951
73023,ok,1938
73024,ok,1946
73026,unknown,
73027,ok,1893
73028,ok,1952
73029,recent,
73031,recent,
73032,unknown,
73033,ok,1933
73034,ok,1902
73035,ok,1882
73039,ok,1948
73040,ok,1930
73041,ok,1950
73042,ok,1943
73043,ok,1952
73047,ok,1900
73048,ok,1931
73049,unknown,
73050,recent,
73051,ok,1953
73052,ok,1930
73053,recent,
73056,ok,1938
73057,ok,1918
73058,ok,1951
73059,ok,1933
73065,recent,
73068,ok,1911
73069,ok,1946
73070,ok,1929
73071,ok,1921
73072,ok,1905
73073,unknown,
73074,recent,
73075,ok,1936
73077,ok,1894
73078,ok,1902
73079,recent,
73080,ok,1927
73081,unknown,
73082,recent,
73085,recent,
73086,ok,1897
73087,recent,
73090,unknown,
73091,recent,
73092,ok,1910
73093,ok,1895
73096,ok,1936
73097,ok,1893
73098,ok,1909
73099,ok,1899
73101,unknown,
73102,unknown,
73103,ok,1930
73104,ok,1930
73106,recent,
73109,ok,1907
73110,ok,1936
73111,ok,1878
73112,ok,1878
73115,recent,
73116,ok,1919
73117,ok,1910
73118,ok,1921
73120,unknown,
73121,ok,1926
73122,recent,
73123,unknown,
73125,recent,
73126,ok,1947
73127,ok,1946
73128,ok,1933
73131,ok,1931
73132,recent,
73133,ok,1936
73134,ok,1897
73135,recent,
73136,ok,1937
73138,ok,1891
73139,ok,1949
73140,recent,
73141,ok,1935
73142,recent,
73144,ok,1930
73145,recent,
73146,unknown,
73147,unknown,
73148,recent,
73149,ok,1943
73150,recent,
73154,recent,
73155,ok,1924
73156,unknown,
73157,ok,1942
73158,ok,1951
73159,ok,1930
73160,ok,1816
73164,ok,1930
73165,ok,1911
73166,ok,1932
73167,recent,
73168,ok,1930
73169,ok,1944
73170,recent,
73172,ok,1927
73173,recent,
73174,ok,1938
73175,recent,
73176,recent,
73177,ok,1937
73178,recent,
73180,ok,1926
73181,ok,1937
73182,ok,1937
73184,unknown,
73186,ok,1933
73187,ok,1887
73188,recent,
73189,ok,1909
73190,ok,1902
73191,ok,1936
73192,ok,1942
73193,ok,1883
73196,ok,1939
73198,recent,
73199,ok,1874
73200,ok,1893
73201,ok,1908
73203,ok,1929
73204,unknown,
73206,ok,1942
73207,recent,
73254,recent,
73208,ok,1873
73209,ok,1897
73210,ok,1907
73211,ok,1950
73213,ok,1893
73214,ok,1929
73217,unknown,
73218,recent,
73219,unknown,
73220,recent,
73221,recent,
73222,recent,
73223,ok,1929
73224,ok,1909
73226,unknown,
73227,ok,1919
73228,unknown,
73229,ok,1939
73230,ok,1937
73231,recent,
73232,ok,1874
73233,ok,1937
73234,ok,1937
73235,ok,1930
73237,ok,1944
73243,ok,1937
73244,ok,1942
73245,unknown,
73247,ok,1942
73248,ok,1951
73249,recent,
73250,ok,1936
73251,unknown,
73252,unknown,
73256,unknown,
73258,ok,1913
73259,ok,1941
73260,ok,1872
73261,ok,1791
73264,recent,
73265,unknown,
73266,ok,1927
73267,ok,1770
73269,ok,1917
73270,recent,
73271,unknown,
73272,ok,1952
73273,unknown,
73274,recent,
73275,ok,1893
73279,ok,1749
73280,recent,
73281,ok,1924
73282,ok,1917
73283,ok,1804
73285,recent,
73286,ok,1899
73287,ok,1926
73288,recent,
73291,ok,1950
73292,ok,1920
73293,ok,1930
73294,ok,1933
73295,recent,
73296,unknown,
73297,ok,1953
73300,unknown,
73301,ok,1940
73302,ok,1930
73303,ok,1886
73304,recent,
73305,ok,1865
73308,ok,1941
73310,ok,1924
73312,ok,1926
73313,recent,
73314,recent,
73315,ok,1950
73316,ok,1951
73317,ok,1929
73318,unknown,
73319,unknown,
73323,unknown,
73324,recent,
73325,ok,1926
73326,recent,
73328,recent,
73329,ok,1936
73330,ok,1934
73331,ok,1939
73333,ok,1938
73334,ok,1932
73335,ok,1915
73338,ok,1926
73339,ok,1901
73340,ok,1907
73341,ok,1869
73344,ok,1935
73345,unknown,
73346,unknown,
73347,unknown,
73350,ok,1940
73351,recent,
73352,ok,1943
73353,ok,1791
73354,unknown,
73355,recent,
73356,recent,
73357,recent,
73358,unknown,
73359,ok,1828
73362,ok,1944
73363,ok,1828
73364,recent,
73365,ok,1899
73366,ok,1944
73368,ok,1928
73369,ok,1943
73370,ok,1930
73371,ok,1828
73375,recent,
73376,ok,1953
73377,ok,1920
73378,ok,1936
73379,ok,1888
73381,unknown,
73382,recent,
73383,recent,
73384,ok,1909
73385,recent,
73388,ok,1927
73389,ok,1939
73390,recent,
73391,ok,1888
73392,ok,1888
73393,unknown,
73394,ok,1727
73395,unknown,
73396,ok,1828
73397,unknown,
73398,ok,1914
73401,recent,
73402,ok,1936
73403,ok,1933
73404,ok,1858
73406,ok,1925
73407,recent,
73409,recent,
73410,ok,1920
73411,ok,1947
73413,ok,1875
73414,ok,1936
73415,ok,1865
73416,ok,1916
73417,unknown,
73418,unknown,
73419,ok,1791
73420,ok,1945
73421,unknown,
73422,unknown,
73423,ok,1713
73425,ok,1930
73426,ok,1919
73427,ok,1855
73428,recent,
73429,ok,1811
73430,ok,1937
73431,recent,
73433,recent,
73434,ok,1917
73435,ok,1944
73436,ok,1938
73438,unknown,
73441,unknown,
73442,recent,
73443,ok,1892
73444,recent,
73447,unknown,
73448,ok,1937
73450,ok,1939
73452,ok,1929
73453,ok,1931
73454,ok,1939
73455,ok,1951
73456,unknown,
73460,ok,1945
73461,recent,
73462,ok,1930
73463,recent,
73464,ok,1944
73465,unknown,
73466,unknown,
73468,unknown,
73469,unknown,
73470,ok,1878
73472,ok,1935
73473,ok,1926
73474,recent,
73475,ok,1928
73476,ok,1888
73477,recent,
73478,ok,1936
73481,ok,1921
73483,recent,
73484,ok,1947
73487,unknown,
73488,ok,1928
73489,ok,1938
73490,unknown,
73491,recent,
73492,ok,1929
73493,ok,1924
73495,recent,
73496,recent,
73497,recent,
73498,ok,1876
73499,ok,1912
73503,unknown,
73504,recent,
73505,recent,
73506,ok,1926
73507,ok,1915
73508,recent,
73510,ok,1925
73511,ok,1893
73514,ok,1933
73515,recent,
73516,ok,1860
73517,ok,1865
73518,ok,1948
73519,ok,1791
73520,recent,
73521,ok,1952
73522,ok,1900
73523,recent,
73524,ok,1932
73525,recent,
73526,ok,1889
73527,recent,
73528,ok,1939
73530,unknown,
73531,ok,1954
73532,ok,1951
73533,ok,1939
73536,recent,
73537,recent,
73540,recent,
73541,ok,1941
73542,recent,
73543,ok,1929
73544,unknown,
73545,recent,
73546,recent,
73547,ok,1937
73548,ok,1920
73549,recent,
73550,ok,1952
73551,recent,
73552,ok,1850
73554,unknown,
73555,recent,
73556,unknown,
73557,ok,1949
73558,ok,1932
73559,ok,1884
73560,ok,1913
73562,ok,1913
73563,ok,1913
73564,ok,1911
73565,ok,1910
73566,recent,
73567,ok,1942
73568,ok,1899
73569,ok,1916
73570,unknown,
73571,ok,1832
73572,recent,
73575,recent,
73576,recent,
73577,recent,
73578,unknown,
73579,recent,
73580,unknown,
73581,unknown,
73583,ok,1885
73584,ok,1910
73585,ok,1933
73586,unknown,
73588,ok,1922
73589,recent,
73590,recent,
73591,recent,
73593,recent,
73594,recent,
73595,recent,
73596,ok,1939
73597,ok,1935
73600,unknown,
73601,ok,1894
73602,unknown,
73603,recent,
73604,recent,
73605,recent,
73606,ok,1919
73607,ok,1911
73608,ok,1938
73609,unknown,
73610,ok,1894
73611,recent,
73612,recent,
73613,unknown,
73614,ok,1924
73615,ok,1889
73616,ok,1932
73617,ok,1791
73618,ok,1942
73619,recent,
73620,ok,1928
73621,ok,1946
73622,ok,1749
73623,recent,
73624,recent,
73626,unknown,
73629,ok,1934
73630,ok,1936
73631,ok,1906
73632,ok,1892
73633,ok,1893
73636,unknown,
73637,ok,1893
73638,ok,1935
73639,ok,1913
73641,ok,1907
73643,ok,1953
73644,ok,1929
73645,recent,
73647,ok,1953
73648,ok,1953
73649,ok,1922
73651,ok,1932
73652,recent,
73653,ok,1913
73654,ok,1920
73657,ok,1791
73658,recent,
73659,ok,1893
73660,ok,1893
73661,unknown,
73662,ok,1941
73663,recent,
73664,ok,1876
73665,recent,
73668,recent,
73670,recent,
73671,unknown,
73672,ok,1933
73673,recent,
73674,recent,
73675,recent,
73677,ok,1930
73678,unknown,
73679,recent,
73680,recent,
73681,ok,1944
73682,recent,
73683,ok,1906
73685,ok,1944
73686,unknown,
73689,ok,1900
73690,ok,1900
73691,ok,1930
73692,ok,1955
73693,ok,1944
73694,ok,1871
73695,ok,1871
73696,ok,1929
73699,ok,1955
73700,unknown,
73701,unknown,
73702,ok,1950
73703,unknown,
73704,recent,
73705,recent,
73706,ok,1927
73707,ok,1926
73708,ok,1932
73709,unknown,
73710,ok,1891
73711,ok,1945
73712,ok,1941
73714,ok,1913
73715,recent,
73716,recent,
73718,ok,1923
73721,ok,1881
73722,ok,1926
73723,ok,1913
73724,recent,
73727,ok,1954
73728,unknown,
73729,ok,1934
73730,recent,
73731,unknown,
73732,ok,1952
73734,ok,1925
73736,unknown,
73737,recent,
73738,ok,1861
73739,recent,
73740,ok,1943
73741,ok,1918
73742,recent,
73744,unknown,
73745,recent,
73746,unknown,
73748,ok,1951
73749,ok,1925
73750,recent,
73751,ok,1884
73752,ok,1884
73753,ok,1947
73754,unknown,
73755,ok,1933
73756,unknown,
73757,ok,1877
73758,ok,1867
73759,ok,1925
73760,ok,1929
73761,ok,1815
73763,unknown,
73765,recent,
73766,ok,1943
73767,ok,1885
73768,ok,1892
73770,ok,1945
73771,ok,1933
73772,ok,1870
73774,recent,
73778,ok,1932
73779,unknown,
73780,unknown,
73782,recent,
73783,ok,1931
73784,recent,
73786,ok,1923
73787,recent,
73788,ok,1928
73789,ok,1928
73790,ok,1921
73791,recent,
73792,ok,1909
73793,ok,1936
73797,ok,1791
73798,ok,1929
73801,ok,1947
73802,ok,1911
73803,ok,1929
73805,ok,1946
73807,ok,1901
73811,ok,1932
73812,ok,1908
73814,recent,
73816,ok,1913
73819,recent,
73820,recent,
73824,ok,1907
73955,ok,1939
73825,ok,1946
73826,ok,1936
73827,recent,
73828,ok,1924
73829,ok,1909
73830,ok,1903
73831,ok,1948
73832,ok,1896
73833,ok,1791
73834,ok,1935
73838,recent,
73839,unknown,
73840,ok,1939
73841,recent,
73842,ok,1951
73843,ok,1872
73844,ok,1924
73845,ok,1934
73847,ok,1874
73848,ok,1949
73849,unknown,
73850,ok,1945
73851,recent,
73852,recent,
73855,recent,
73856,ok,1937
73857,recent,
73858,ok,1942
73859,ok,1946
73860,ok,1912
73863,unknown,
73864,ok,1914
73865,ok,1941
73866,unknown,
73867,ok,1938
73868,unknown,
73869,recent,
73870,ok,1951
73873,ok,1936
73874,ok,1947
73875,ok,1886
73876,unknown,
73877,ok,1855
73878,ok,1910
73879,ok,1941
73882,ok,1921
73884,ok,1947
73885,ok,1950
73886,recent,
73887,ok,1922
73889,ok,1891
73891,ok,1889
73893,ok,1936
73894,ok,1928
73899,unknown,
73900,recent,
73902,ok,1893
73903,ok,1893
73904,ok,1908
73906,ok,1855
73910,ok,1939
73911,ok,1869
74007,ok,1907
73912,ok,1876
73914,ok,1929
73917,recent,
73918,ok,1925
73921,ok,1927
73922,unknown,
73923,ok,1915
73924,recent,
73925,recent,
73926,recent,
73928,ok,1913
73929,recent,
73930,ok,1913
73931,ok,1915
73932,ok,1945
73933,ok,1949
73936,recent,
73937,unknown,
73938,recent,
73940,ok,1954
73941,ok,1950
73942,recent,
73943,recent,
73944,recent,
73945,ok,1869
73946,unknown,
73948,ok,1911
73949,ok,1877
73950,unknown,
73951,recent,
73952,recent,
73953,ok,1931
73954,unknown,
73956,unknown,
73957,ok,1855
73958,unknown,
73959,ok,1875
73960,recent,
73964,ok,1946
73967,ok,1892
73972,ok,1899
73973,ok,1899
73974,ok,1899
73975,ok,1916
73976,unknown,
73977,ok,1952
73978,unknown,
73983,ok,1816
73984,ok,1955
73985,ok,1925
73986,unknown,
73987,ok,1945
73988,unknown,
73990,ok,1946
73991,ok,1930
73996,recent,
73997,ok,1912
73998,unknown,
73999,ok,1948
74000,recent,
74001,ok,1797
74002,ok,1940
74003,ok,1941
74006,ok,1937
74010,ok,1928
74011,recent,
74012,ok,1926
74014,recent,
74015,recent,
74018,recent,
74019,recent,
74020,recent,
74021,recent,
74022,ok,1947
74023,recent,
74024,recent,
74025,recent,
74032,ok,1910
74033,ok,1933
74034,ok,1941
74035,ok,1941
74038,ok,1946
74039,unknown,
74040,ok,1919
74042,ok,1875
74043,ok,1875
74044,ok,1950
74045,ok,1950
74046,ok,1950
74047,ok,1914
74048,ok,1943
74049,ok,1942
74050,ok,1857
74051,ok,1893
74052,unknown,
74056,ok,1908
74057,ok,1940
74061,ok,1947
74062,unknown,
74064,ok,1932
74067,recent,
74068,ok,1886
74069,ok,1949
74070,unknown,
74071,recent,
74074,recent,
74075,recent,
74076,ok,1929
74077,ok,1937
74080,ok,1770
74081,ok,1928
74082,ok,1918
74083,unknown,
74084,ok,1890
74085,ok,1951
74086,recent,
74088,ok,1931
74090,ok,1922
74091,ok,1922
74092,ok,1942
74093,ok,1921
74094,ok,1921
74095,recent,
74098,recent,
74099,unknown,
74101,recent,
74102,ok,1877
74103,ok,1920
74104,ok,1921
74105,ok,1919
74106,ok,1907
74108,ok,1879
74109,recent,
74110,recent,
74111,unknown,
74112,unknown,
74113,recent,
74116,ok,1949
74118,ok,1937
74119,recent,
74120,recent,
74121,recent,
74122,unknown,
74124,ok,1947
74126,ok,1850
74127,ok,1892
74128,ok,1939
74129,ok,1947
74130,unknown,
74131,ok,1894
74132,recent,
74134,unknown,
74135,ok,1923
74136,ok,1932
74137,unknown,
74138,recent,
74139,recent,
74140,unknown,
74141,ok,1431
74142,recent,
74143,ok,1951
74144,recent,
74145,recent,
74183,ok,1941
74146,unknown,
74147,recent,
74148,ok,1944
74149,ok,1954
74150,ok,1932
74151,ok,1863
74152,unknown,
74154,ok,1939
74155,ok,1926
74156,ok,1827
74157,ok,1907
74158,ok,1953
74160,unknown,
74161,recent,
74162,unknown,
74163,ok,1935
74164,ok,1953
74165,recent,
74166,ok,1943
74167,ok,1954
74168,recent,
74170,ok,1939
74171,recent,
74172,recent,
74173,recent,
74174,recent,
74175,ok,1947
74176,ok,1921
74177,ok,1926
74178,ok,1912
74179,ok,1901
74180,unknown,
74181,ok,1946
74182,ok,1910
74187,ok,1886
74188,ok,1923
74189,ok,1899
74190,ok,1909
74191,ok,1924
74192,ok,1940
74195,unknown,
74196,unknown,
74197,ok,1930
74198,recent,
74199,recent,
74200,ok,1939
74201,ok,1858
74203,ok,1941
74205,unknown,
74206,unknown,
74207,ok,1881
74208,ok,1892
74209,ok,1911
74210,ok,1935
74212,recent,
74214,ok,1955
74215,ok,1948
74216,ok,1947
74217,unknown,
74219,recent,
74220,ok,1935
74221,recent,
74222,recent,
74223,unknown,
74224,ok,1939
74225,ok,1944
74226,recent,
74227,recent,
74228,ok,1832
74229,ok,1923
74230,recent,
74231,ok,1912
74232,ok,1939
74233,recent,
74234,ok,1833
74235,ok,1925
74236,ok,1855
74237,ok,1924
74238,ok,1876
74239,ok,1933
74240,ok,1711
74243,ok,1946
74244,ok,1946
74245,ok,1948
74246,ok,1932
74247,unknown,
74250,ok,1952
74251,ok,1937
74252,ok,1955
74253,ok,1835
74254,ok,1876
74255,ok,1921
74256,recent,
74257,ok,1945
74258,ok,1941
74261,ok,1882
74262,ok,1886
74263,ok,1950
74264,recent,
74266,ok,1941
74268,unknown,
74269,ok,1941
74270,ok,1922
74271,ok,1902
74272,ok,1911
74275,ok,1893
74276,ok,1909
74277,unknown,
74280,ok,1851
74281,ok,1940
74284,unknown,
74285,ok,1931
74286,ok,1931
74287,recent,
74288,recent,
74290,ok,1778
74291,ok,1940
74292,unknown,
74293,ok,1929
74294,recent,
74295,recent,
74298,ok,1933
74300,ok,1878
74301,ok,1851
74302,recent,
74303,ok,1930
74306,ok,1893
74307,recent,
74308,ok,1939
74309,recent,
74310,ok,1940
74313,ok,1929
74314,ok,1944
74315,ok,1953
74316,ok,1928
74317,ok,1874
74318,unknown,
74319,recent,
74322,ok,1871
74323,ok,1922
74324,recent,
74327,ok,1950
74328,recent,
74329,ok,1932
74331,ok,1886
74333,ok,1903
74334,ok,1947
74335,ok,1921
74336,unknown,
74337,recent,
74338,ok,1945
74339,recent,
74340,ok,1922
74345,ok,1951
74346,ok,1913
74347,ok,1829
74349,recent,
74350,ok,1952
74351,ok,1923
74354,recent,
74355,unknown,
74356,recent,
74357,unknown,
74359,ok,1805
74360,recent,
74361,recent,
74362,recent,
74364,ok,1952
74367,recent,
74368,ok,1902
74369,ok,1937
74370,ok,1893
74373,unknown,
74374,unknown,
74375,recent,
74376,ok,1952
74378,unknown,
74379,unknown,
74380,ok,1929
74381,recent,
74382,ok,1903
74384,unknown,
74385,ok,1915
74390,ok,1939
74391,ok,1921
74393,ok,1877
74395,recent,
74397,ok,1933
74398,ok,1938
74400,ok,1930
74401,ok,1886
74404,ok,1918
74406,ok,1910
74409,ok,1951
74411,ok,1918
74412,ok,1953
74413,recent,
74416,ok,1935
74417,ok,1868
74418,ok,1939
74419,ok,1889
74420,ok,1938
74421,ok,1930
74422,ok,1951
74423,recent,
74425,unknown,
74426,ok,1952
74427,ok,1908
74428,ok,1899
74429,ok,1944
74431,unknown,
74434,ok,1930
74435,ok,1922
74436,ok,1912
74437,recent,
74438,recent,
74440,ok,1932
74441,unknown,
74442,ok,1923
74443,ok,1935
74444,recent,
74445,ok,1948
74446,ok,1949
74447,ok,1952
74448,ok,1939
74452,ok,1943
74453,ok,1947
74454,ok,1932
74455,ok,1938
74458,ok,1952
74459,ok,1953
74460,ok,1903
74461,ok,1903
74462,ok,1903
74463,ok,1920
74465,ok,1952
74466,ok,1931
74467,ok,1859
74469,unknown,
74471,ok,1932
74473,ok,1924
74474,recent,
74477,ok,1950
74478,ok,1943
74479,ok,1926
74480,unknown,
74481,ok,1900
74482,ok,1932
74484,ok,1915
74485,unknown,
74487,unknown,
74488,ok,1952
74489,ok,1875
74490,recent,
74491,ok,1917
74494,ok,1912
74495,ok,1938
74496,ok,1930
74498,ok,1951
74499,ok,1931
74500,unknown,
74501,unknown,
74504,unknown,
74506,ok,1933
74507,unknown,
74508,ok,1911
74509,ok,1951
74510,ok,1910
74513,ok,1939
74514,ok,1935
74518,ok,1951
74519,ok,1943
74521,ok,1914
74522,ok,1938
74523,ok,1875
74524,ok,1900
74525,unknown,
74526,ok,1926
74527,ok,1911
74528,ok,1813
74529,recent,
74531,recent,
74532,ok,1799
74533,ok,1943
74534,ok,1953
74535,recent,
74536,ok,1831
74537,ok,1909
74538,unknown,
74544,ok,1907
74545,ok,1893
74546,ok,1911
74548,ok,1936
74549,ok,1936
74550,ok,1936
74551,recent,
74553,ok,1949
74554,ok,1942
74599,ok,1945
74555,ok,1894
74556,ok,1944
74558,ok,1804
74559,unknown,
74560,recent,
74562,ok,1935
74563,ok,1865
74565,ok,1944
74567,unknown,
74569,ok,1953
74570,ok,1932
74571,ok,1930
74572,ok,1947
74575,ok,1946
74576,recent,
74579,ok,1943
74580,ok,1936
74581,unknown,
74582,ok,1854
74583,ok,1952
74584,unknown,
74585,unknown,
74587,ok,1897
74588,unknown,
74589,unknown,
74590,unknown,
74591,recent,
74593,ok,1930
74594,ok,1950
74595,recent,
74601,ok,1937
74602,ok,1952
74603,ok,1955
74608,ok,1950
74612,recent,
74614,unknown,
74618,ok,1938
74619,recent,
74620,ok,1923
74621,recent,
74622,ok,1951
74624,ok,1916
74625,unknown,
74626,ok,1939
74628,ok,1936
74629,ok,1810
74630,ok,1922
74631,recent,
74632,ok,1894
74633,ok,1902
74635,ok,1937
74636,ok,1946
74638,ok,1943
74640,ok,1823
74642,ok,1924
74643,ok,1823
74644,recent,
74645,ok,1901
74646,ok,1948
74647,ok,1816
74650,ok,1906
74651,ok,1909
74652,ok,1939
74654,ok,1893
74655,ok,1914
74657,ok,1928
74660,ok,1930
74661,ok,1881
74662,ok,1893
74664,unknown,
74667,ok,1898
74669,ok,1930
74670,ok,1922
74672,ok,1945
74673,ok,1945
74674,ok,1932
74675,ok,1893
74676,ok,1893
74680,ok,1919
74681,ok,1919
74682,ok,1946
74683,ok,1909
74687,ok,1932
74688,ok,1883
74690,ok,1932
74691,recent,
74693,ok,1947
74694,ok,1885
74695,ok,1948
74696,recent,
74698,ok,1947
74699,unknown,
74700,unknown,
74701,ok,1933
74702,unknown,
74703,ok,1909
74706,ok,1922
74708,unknown,
74709,ok,1900
74710,ok,1892
74711,ok,1941
74713,recent,
74714,ok,1896
74716,ok,1903
74717,ok,1938
74718,ok,1907
74719,ok,1916
74720,ok,1936
74721,ok,1936
74723,ok,1903
74725,ok,1937
74726,ok,1955
74727,ok,1945
74728,ok,1945
74730,ok,1923
74732,ok,1924
74733,recent,
74734,ok,1897
74736,unknown,
74737,ok,1947
74738,unknown,
74739,ok,1835
74741,ok,1741
74742,ok,1937
74744,ok,1922
74745,recent,
74746,ok,1886
74748,recent,
74749,ok,1926
74750,recent,
74751,unknown,
74753,ok,1921
74754,ok,1926
74755,ok,1941
74756,ok,1933
74757,ok,1939
74759,ok,1922
74762,ok,1929
74763,ok,1911
74764,ok,1935
74765,ok,1935
74767,recent,
74768,ok,1953
74769,ok,1938
74770,ok,1932
74771,ok,1932
74772,ok,1932
74773,ok,1929
74774,recent,
74776,ok,1937
74778,ok,1945
74779,ok,1945
74780,unknown,
74782,ok,1938
74783,unknown,
74785,ok,1885
74786,ok,1930
74787,recent,
74789,ok,1932
74790,ok,1948
74791,ok,1927
74792,ok,1913
74793,ok,1932
74796,ok,1937
74798,ok,1944
74799,ok,1935
74800,ok,1947
74801,ok,1891
74802,ok,1951
74804,ok,1925
74805,ok,1909
74806,ok,1909
74807,ok,1909
74809,ok,1875
74810,ok,1897
74812,ok,1914
74813,ok,1918
74814,recent,
74815,ok,1934
74817,ok,1953
74818,recent,
74819,ok,1885
74822,ok,1919
74823,ok,1907
74826,ok,1916
74827,recent,
74828,ok,1930
74830,ok,1920
74831,ok,1944
74832,ok,1908
74834,ok,1919
74835,ok,1927
74836,ok,1942
74838,ok,1934
74839,ok,1942
74840,ok,1902
74842,ok,1917
74844,ok,1949
74846,ok,1952
74847,recent,
74848,ok,1930
74849,ok,1899
74852,ok,1924
74853,ok,1938
74856,ok,1941
74857,ok,1947
74858,ok,1911
74860,ok,1942
74861,ok,1929
74863,ok,1953
74864,ok,1882
74865,ok,1913
74866,ok,1954
74867,ok,1955
74869,ok,1943
74870,ok,1916
74871,ok,1913
74872,ok,1919
74873,ok,1919
74874,recent,
74875,ok,1912
74876,ok,1899
74878,ok,1940
74879,ok,1929
74880,ok,1908
74883,ok,1926
74884,ok,1905
74885,unknown,
74886,ok,1907
74887,unknown,
74888,ok,1899
74890,ok,1933
74891,ok,1865
74892,ok,1937
74893,ok,1944
74896,ok,1926
74897,unknown,
74898,ok,1918
74899,ok,1858
74901,unknown,
74902,ok,1907
74903,recent,
74904,ok,1940
74905,ok,1927
74909,ok,1947
74910,ok,1804
74912,ok,1886
74913,ok,1947
74916,ok,1933
74918,unknown,
74919,unknown,
74921,ok,1907
74922,unknown,
74925,ok,1947
74926,ok,1928
74927,ok,1930
74928,ok,1918
74929,ok,1907
74930,ok,1897
74932,ok,1942
74933,ok,1865
74934,ok,1951
74935,ok,1949
74936,ok,1851
74937,ok,1851
74938,ok,1870
74939,ok,1929
74940,recent,
74941,ok,1941
74942,ok,1927
74943,ok,1897
74945,ok,1930
74946,ok,1933
74947,ok,1939
74948,ok,1844
74949,recent,
74950,ok,1901
74953,ok,1946
74954,ok,1864
74955,ok,1953
74956,ok,1922
74957,ok,1906
74958,recent,
74962,ok,1901
74964,ok,1950
74966,ok,1943
74967,ok,1919
74968,ok,1919
74969,unknown,
74971,recent,
74972,ok,1954
74973,ok,1927
74974,recent,
74975,recent,
74976,ok,1830
74978,ok,1828
74979,unknown,
74980,ok,1947
74982,ok,1939
74984,ok,1903
74986,unknown,
74987,ok,1888
74988,ok,1955
74989,recent,
74990,ok,1927
74993,ok,1906
74994,ok,1907
74995,ok,1911
74998,ok,1930
74999,ok,1849
75000,ok,1943
75001,ok,1934
75002,ok,1930
75003,ok,1909
75005,ok,1940
75006,ok,1899
75009,unknown,
75010,unknown,
75011,recent,
75012,unknown,
75013,unknown,
75015,ok,1941
75016,unknown,
75017,ok,1916
75018,recent,
75019,recent,
75020,unknown,
75021,ok,1904
75024,ok,1909
75025,ok,1942
75026,recent,
75027,ok,1904
75028,ok,1873
75029,ok,1938
75030,ok,1953
75031,ok,1880
75032,unknown,
75033,ok,1914
75034,ok,1930
75036,ok,1851
75038,ok,1902
75039,ok,1763
75040,unknown,
75041,unknown,
75043,ok,1953
75047,ok,1948
75048,unknown,
75049,unknown,
75050,ok,1952
75051,ok,1891
75052,ok,1743
75056,ok,1929
75057,ok,1929
75059,ok,1844
75060,ok,1844
75061,ok,1949
75062,recent,
75063,ok,1949
75064,unknown,
75066,recent,
75067,unknown,
75068,unknown,
75069,ok,1926
75070,recent,
75071,recent,
75072,ok,1894
75074,ok,1940
75075,ok,1935
75076,ok,1947
75077,ok,1943
75078,ok,1941
75081,unknown,
75089,ok,1935
75092,ok,1944
75093,recent,
75094,recent,
75095,recent,
75096,recent,
75097,recent,
75098,unknown,
75099,ok,1934
75100,ok,1930
75101,ok,1899
75102,ok,1939
75105,recent,
75106,ok,1924
75107,ok,1896
75110,ok,1947
75111,ok,1839
75112,unknown,
75113,ok,1953
75114,ok,1927
75117,recent,
75118,ok,1905
75119,ok,1918
75120,recent,
75121,ok,1907
75125,ok,1915
75130,recent,
75131,ok,1915
75132,ok,1948
75137,ok,1922
75138,ok,1930
75142,recent,
75144,recent,
75145,ok,1929
75146,unknown,
75147,ok,1955
75148,recent,
75149,ok,1897
75150,ok,1951
75153,recent,
75154,ok,1936
75155,ok,1936
75156,ok,1936
75157,ok,1939
75161,ok,1940
75163,unknown,
75164,ok,1950
75165,recent,
75166,ok,1946
75167,unknown,
75168,unknown,
75170,recent,
75171,unknown,
75172,ok,1939
75173,ok,1915
75174,ok,1915
75175,ok,1915
75176,recent,
75177,unknown,
75178,ok,1945
75179,ok,1908
75180,ok,1934
75181,ok,1945
75182,ok,1945
75183,recent,
75184,ok,1835
75186,ok,1857
75188,ok,1929
75189,ok,1913
75190,recent,
75191,ok,1899
75192,recent,
75193,recent,
75195,recent,
75198,ok,1953
75199,ok,1953
75200,ok,1932
75201,recent,
75202,recent,
75203,recent,
75204,unknown,
75205,ok,1880
75206,ok,1880
75209,recent,
75210,ok,1938
75211,unknown,
75212,recent,
75213,ok,1865
75214,ok,1921
75215,unknown,
75216,ok,1912
75217,ok,1953
75218,recent,
75219,ok,1950
75221,ok,1878
75222,ok,1950
75225,ok,1932
75226,ok,1947
75227,ok,1910
75228,unknown,
75229,recent,
75230,ok,1950
75231,ok,1929
75232,ok,1901
75233,recent,
75234,recent,
75235,ok,1942
75237,recent,
75238,unknown,
75239,ok,1928
75240,ok,1924
75243,recent,
75244,ok,1943
75245,unknown,
75246,ok,1944
75247,unknown,
75248,recent,
75250,ok,1945
75252,unknown,
75253,ok,1940
75254,ok,1735
75256,ok,1945
75257,ok,1928
75258,ok,1927
75261,unknown,
75262,unknown,
75263,unknown,
75264,ok,1947
75265,ok,1919
75266,unknown,
75270,recent,
75271,ok,1945
75272,ok,1944
75273,recent,
75274,ok,1899
75275,ok,1899
75276,ok,1899
75279,ok,1922
75281,ok,1930
75282,ok,1943
75283,recent,
75284,ok,1877
75287,ok,1945
75288,recent,
75289,unknown,
75292,ok,1903
75293,unknown,
75294,ok,1919
75295,ok,1912
75296,ok,1916
75297,ok,1916
75299,ok,1944
75300,ok,1947
75302,ok,1945
75303,unknown,
75304,recent,
75307,ok,1929
75309,ok,1907
75310,unknown,
75313,ok,1888
75314,ok,1888
75315,ok,1939
75316,ok,1905
75317,ok,1899
75318,recent,
75320,unknown,
75322,unknown,
75323,ok,1935
75324,ok,1933
75325,ok,1943
75326,ok,1919
75327,ok,1903
75329,unknown,
75331,ok,1849
75332,ok,1929
75333,ok,1939
75334,recent,
75337,ok,1878
75338,ok,1899
75339,ok,1912
75340,unknown,
75341,recent,
75342,ok,1930
75343,unknown,
75344,ok,1870
75345,unknown,
75348,ok,1906
75349,ok,1849
75350,ok,1906
75351,unknown,
75353,ok,1929
75356,recent,
75357,ok,1941
75359,recent,
75360,ok,1896
75361,unknown,
75363,recent,
75364,unknown,
75366,ok,1934
75367,ok,1902
75368,unknown,
75369,ok,1953
75370,recent,
75372,ok,1928
75373,ok,1785
75376,recent,
75377,ok,1936
75378,ok,1824
75379,unknown,
75380,ok,1926
75381,unknown,
75383,ok,1944
75384,recent,
75385,ok,1859
75389,ok,1930
75390,ok,1944
75391,unknown,
75392,ok,1951
75393,ok,1939
75394,ok,1930
75395,unknown,
75398,ok,1936
75399,ok,1866
75400,unknown,
75401,ok,1914
75402,ok,1920
75403,ok,1929
75404,ok,1929
75407,ok,1947
75408,unknown,
75410,ok,1915
75411,ok,1915
75412,ok,1915
75413,ok,1855
75415,unknown,
75416,ok,1929
75417,ok,1939
75418,ok,1954
75419,recent,
75420,ok,1942
75421,recent,
75422,ok,1943
75423,ok,1900
75425,ok,1950
75427,recent,
75428,ok,1929
75431,ok,1933
75432,ok,1797
75433,ok,1951
75434,ok,1950
75435,recent,
75436,ok,1941
75437,ok,1520
75438,recent,
75439,ok,1933
75440,ok,1945
75441,recent,
75442,ok,1871
75446,recent,
75447,ok,1938
75448,ok,1951
75449,unknown,
75451,recent,
75452,recent,
75453,recent,
75454,recent,
75456,ok,1950
75459,ok,1921
75460,ok,1941
75461,ok,1947
75462,ok,1916
75463,ok,1952
75464,ok,1951
75465,unknown,
75466,recent,
75467,ok,1946
75469,ok,1936
75471,ok,1899
75473,unknown,
75474,recent,
75475,unknown,
75476,recent,
75477,ok,1916
75478,recent,
75479,recent,
75482,ok,1940
75483,ok,1941
75484,ok,1893
75485,ok,1912
75486,ok,1914
75487,recent,
75488,recent,
75489,recent,
75490,unknown,
75491,ok,1947
75492,ok,1917
75493,ok,1951
75494,ok,1879
75497,ok,1899
75498,unknown,
75499,ok,1927
75500,recent,
75502,ok,1948
75503,ok,1884
75505,ok,1945
75506,ok,1915
75507,recent,
75508,recent,
75509,unknown,
75511,ok,1946
75512,unknown,
75515,unknown,
75516,recent,
75517,ok,1896
75518,ok,1932
75519,ok,1953
75520,recent,
75522,ok,1886
75523,recent,
75526,recent,
75527,ok,1936
75528,ok,1842
75529,ok,1923
75530,recent,
75531,ok,1912
75533,recent,
75534,ok,1927
75537,unknown,
75538,ok,1917
75539,ok,1933
75540,recent,
75542,ok,1945
75543,ok,1922
75545,recent,
75546,ok,1936
75547,recent,
75548,ok,1916
75549,ok,1949
75550,ok,1944
75551,ok,1910
75552,ok,1932
75553,ok,1922
75554,ok,1431
75555,ok,1931
75556,ok,1905
75557,ok,1953
75558,ok,1926
75559,ok,1933
75560,ok,1944
75561,ok,1938
75562,recent,
75563,recent,
75564,unknown,
75565,ok,1951
75566,recent,
75567,recent,
75570,unknown,
75571,ok,1933
75576,ok,1899
75577,ok,1941
75578,ok,1895
75580,ok,1932
75581,ok,1908
75583,recent,
75584,ok,1930
75585,recent,
75586,ok,1948
75587,ok,1917
75589,ok,1932
75590,ok,1933
75593,unknown,
75596,ok,1849
75598,ok,1928
75599,recent,
75600,ok,1907
75601,ok,1931
75602,ok,1935
75603,ok,1869
75604,ok,1869
75605,ok,1869
75606,ok,1869
75607,ok,1869
75608,ok,1951
75609,ok,1951
75610,recent,
75615,ok,1931
75616,ok,1916
75617,ok,1916
75618,recent,
75619,recent,
75620,ok,1944
75623,unknown,
75624,recent,
75625,ok,1898
75627,ok,1947
75628,recent,
75629,ok,1953
75630,ok,1949
75631,unknown,
75637,recent,
75642,ok,1942
75643,ok,1932
75644,ok,1715
75646,ok,1937
75650,ok,1880
75652,ok,1848
75653,recent,
75654,recent,
75655,ok,1908
75656,unknown,
75657,ok,1930
75659,unknown,
75663,ok,1947
75664,ok,1893
75665,ok,1914
75666,recent,
75667,ok,1758
75668,ok,1907
75669,ok,1933
75671,ok,1949
75675,ok,1947
75676,ok,1911
75677,recent,
75678,ok,1922
75682,ok,1922
75683,ok,1884
75684,ok,1931
75687,unknown,
75689,ok,1945
75690,recent,
75691,ok,1952
75692,unknown,
75696,ok,1939
75697,recent,
75702,ok,1932
75705,recent,
75706,unknown,
75707,ok,1948
75708,recent,
75709,ok,1854
75710,ok,1910
75711,ok,1941
75713,recent,
75717,ok,1883
75718,ok,1882
75719,ok,1937
75720,recent,
75723,ok,1919
75725,ok,1931
75726,ok,1899
75727,ok,1899
75728,ok,1899
75729,ok,1932
75730,unknown,
75731,unknown,
75732,unknown,
75733,ok,1899
75734,ok,1929
75737,ok,1849
75738,ok,1906
75740,ok,1896
75741,ok,1896
75743,ok,1939
75744,ok,1939
75745,ok,1939
75746,ok,1930
75747,unknown,
75754,unknown,
75755,unknown,
75756,recent,
75757,unknown,
75758,recent,
75759,recent,
75760,ok,1927
75765,ok,1926
75766,ok,1911
75767,ok,1932
75768,ok,1885
75769,ok,1893
75770,unknown,
75771,unknown,
75773,recent,
75776,ok,1940
75777,recent,
75778,unknown,
75780,recent,
75783,unknown,
75784,ok,1930
75785,unknown,
75786,ok,1946
75790,recent,
75792,ok,1951
75794,ok,1944
75796,recent,
75799,ok,1881
75800,ok,1911
75801,unknown,
75806,ok,1911
75807,ok,1955
75808,ok,1932
75810,recent,
75812,ok,1937
75815,ok,1950
75816,unknown,
75817,ok,1950
75818,unknown,
75820,ok,1931
75823,ok,1917
75826,recent,
75827,ok,1934
75832,ok,1911
75833,unknown,
75834,ok,1946
75835,ok,1935
75836,recent,
75837,unknown,
75840,ok,1915
75845,unknown,
75846,ok,1928
75847,ok,1922
75848,ok,1926
75849,ok,1926
75850,unknown,
75851,ok,1908
75852,recent,
75853,ok,1933
75854,unknown,
75855,unknown,
75856,ok,1927
75857,ok,1916
75858,ok,1932
75859,ok,1950
75863,unknown,
75864,recent,
75865,unknown,
75867,ok,1939
75869,recent,
75870,recent,
75871,ok,1891
75872,ok,1868
75873,ok,1868
75874,ok,1932
75875,ok,1915
75876,ok,1915
75877,ok,1915
75878,unknown,
75879,recent,
75880,ok,1946
75882,ok,1927
75883,ok,1921
75886,recent,
75990,ok,1923
75887,recent,
75890,ok,1905
75892,ok,1858
75893,unknown,
75895,recent,
75896,ok,1941
75897,unknown,
75898,ok,1913
75899,recent,
75900,unknown,
75901,ok,1937
75904,ok,1955
75905,ok,1909
75908,recent,
75909,unknown,
75910,ok,1934
75912,unknown,
75913,unknown,
75914,recent,
75915,ok,1948
75917,ok,1924
75918,recent,
75921,ok,1948
75922,recent,
75924,recent,
75926,ok,1904
75927,ok,1940
75928,ok,1931
75930,unknown,
75931,unknown,
75934,ok,1935
75935,ok,1938
75936,ok,1944
75937,unknown,
75938,ok,1830
75942,ok,1903
75943,ok,1933
75944,ok,1948
75947,ok,1915
75948,ok,1952
75949,ok,1932
75952,ok,1930
75953,ok,1930
75954,ok,1899
75955,ok,1899
75956,ok,1892
75957,ok,1923
75958,recent,
75961,ok,1899
75962,ok,1943
75965,ok,1910
75967,unknown,
75968,ok,1912
75969,recent,
75970,ok,1880
75972,ok,1947
75976,unknown,
75977,ok,1942
75978,ok,1945
75979,ok,1910
75982,ok,1854
75984,ok,1807
75985,recent,
75986,ok,1928
75989,ok,1931
75991,ok,1882
75994,ok,1946
75995,unknown,
75996,ok,1924
75997,recent,
75998,recent,
75999,ok,1926
76000,unknown,
76003,ok,1930
76004,recent,
76007,ok,1949
76008,ok,1940
76009,ok,1924
76013,unknown,
76014,ok,1937
76015,ok,1916
76016,recent,
76017,ok,1937
76018,ok,1867
76019,unknown,
76020,ok,1919
76021,ok,1919
76023,unknown,
76024,unknown,
76025,unknown,
76027,ok,1888
76028,ok,1867
76029,ok,1875
76031,recent,
76033,ok,1911
76038,unknown,
76039,ok,1953
76040,ok,1894
76041,ok,1919
76043,ok,1899
76044,recent,
76045,ok,1902
76046,ok,1910
76047,recent,
76048,ok,1945
76049,recent,
76050,ok,1950
76051,ok,1904
76054,ok,1949
76055,ok,1946
76056,recent,
76057,ok,1941
76058,ok,1916
76059,unknown,
76061,recent,
76063,ok,1921
76065,ok,1936
76066,ok,1926
76069,ok,1930
76070,ok,1914
76071,unknown,
76072,ok,1943
76074,ok,1926
76075,unknown,
76076,ok,1939
76077,ok,1891
76079,ok,1932
76082,recent,
76083,recent,
76084,recent,
76085,unknown,
76086,ok,1930
76087,ok,1930
76097,recent,
76100,ok,1932
76101,ok,1715
76102,ok,1876
76103,ok,1939
76105,ok,1922
76108,recent,
76109,ok,1946
76112,recent,
76113,recent,
76114,recent,
76115,ok,1945
76116,ok,1943
76117,ok,1904
76122,ok,1929
76123,ok,1927
76126,ok,1923
76127,ok,1947
76128,recent,
76131,recent,
76132,ok,1915
76137,recent,
76138,ok,1929
76139,unknown,
76142,recent,
76145,unknown,
76146,ok,1941
76148,ok,1944
76151,ok,1937
76153,ok,1917
76154,ok,1938
76155,unknown,
76156,ok,1941
76157,recent,
76162,ok,1913
76166,unknown,
76167,ok,1916
76168,ok,1932
76171,recent,
76172,ok,1925
76173,ok,1908
76174,ok,1929
76176,recent,
76177,ok,1941
76178,unknown,
76179,ok,1932
76182,ok,1916
76183,ok,1916
76184,ok,1928
76189,ok,1921
76190,recent,
76192,ok,1938
76193,ok,1731
76194,ok,1941
76195,ok,1837
76198,ok,1900
76200,unknown,
76201,ok,1921
76203,ok,1936
76205,ok,1947
76206,unknown,
76207,recent,
76208,recent,
76209,ok,1913
76210,ok,1914
76211,ok,1940
76212,ok,1932
76214,recent,
76215,ok,1891
76216,ok,1928
76219,ok,1924
76220,ok,1891
76221,ok,1938
76222,recent,
76223,unknown,
76224,ok,1936
76225,ok,1909
76228,ok,1785
76229,ok,1785
76232,ok,1899
76233,ok,1890
76241,unknown,
76242,ok,1938
76243,ok,1864
76244,ok,1892
76245,recent,
76247,recent,
76249,ok,1953
76250,recent,
76252,ok,1909
76253,ok,1938
76256,ok,1918
76257,ok,1932
76260,unknown,
76261,ok,1934
76262,unknown,
76263,unknown,
76265,unknown,
76266,ok,1930
76267,ok,1915
76268,recent,
76269,ok,1931
76272,recent,
76274,recent,
76275,unknown,
76277,ok,1870
76278,recent,
76279,ok,1924
76281,ok,1893
76282,ok,1907
76284,recent,
76286,ok,1942
76287,ok,1922
76288,recent,
76289,unknown,
76293,ok,1933
76294,unknown,
76295,ok,1928
76296,ok,1888
76297,ok,1906
76298,ok,1948
76299,unknown,
76300,unknown,
76301,ok,1906
76302,ok,1906
76304,ok,1948
76305,ok,1953
76307,ok,1938
76311,ok,1926
76314,unknown,
76316,ok,1865
76317,ok,1865
76318,ok,1865
76319,ok,1886
76320,ok,1897
76322,ok,1932
76323,ok,1950
76324,ok,1951
76327,ok,1797
76328,ok,1928
76329,ok,1928
76330,ok,1928
76331,unknown,
76332,recent,
76336,ok,1901
76337,ok,1914
76338,ok,1918
76339,unknown,
76340,recent,
76341,recent,
76344,ok,1938
76348,unknown,
76352,recent,
76353,ok,1935
76354,ok,1893
76355,ok,1893
76356,ok,1946
76357,recent,
76358,recent,
76359,unknown,
76361,ok,1939
76362,ok,1929
76363,ok,1929
76365,ok,1928
76367,ok,1901
76368,ok,1940
76370,ok,1921
76371,ok,1921
76372,ok,1921
76377,unknown,
76378,unknown,
76379,unknown,
76383,recent,
76384,ok,1939
76385,unknown,
76386,ok,1870
76387,recent,
76391,ok,1894
76392,unknown,
76393,ok,1938
76394,ok,1905
76395,ok,1916
76396,ok,1885
76397,ok,1922
76398,recent,
76399,ok,1946
76400,ok,1892
76401,recent,
76403,recent,
76404,unknown,
76407,ok,1910
76408,ok,1858
76409,ok,1905
76411,recent,
76412,ok,1909
76413,ok,1937
76416,ok,1905
76417,ok,1937
76419,recent,
76420,recent,
76421,ok,1944
76422,ok,1953
76426,ok,1882
76427,ok,1941
76428,ok,1889
76429,ok,1889
76432,recent,
76433,ok,1930
76434,ok,1912
76435,recent,
76438,ok,1951
76439,ok,1946
76440,unknown,
76441,recent,
76442,ok,1936
76443,recent,
76444,unknown,
76447,recent,
76448,unknown,
76449,ok,1949
76451,unknown,
76452,ok,1927
76453,ok,1899
76454,unknown,
76460,ok,1901
76461,unknown,
76462,ok,1932
76463,ok,1943
76464,ok,1893
76465,ok,1932
76466,unknown,
76467,ok,1929
76470,ok,1915
76472,ok,1881
76474,ok,1879
76476,recent,
76477,ok,1950
76480,ok,1915
76481,ok,1924
76482,recent,
76483,ok,1911
76489,ok,1892
76490,recent,
76491,ok,1929
76493,ok,1946
76494,recent,
76495,ok,1926
76498,unknown,
76499,recent,
76502,ok,1915
76503,recent,
76504,ok,1912
76505,ok,1937
76506,ok,1869
76507,ok,1871
76510,ok,1951
76513,ok,1948
76514,recent,
76521,ok,1950
76522,ok,1934
76523,ok,1897
76528,ok,1939
76530,ok,1929
76531,ok,1938
76532,recent,
76533,ok,1935
76536,ok,1908
76537,ok,1949
76538,unknown,
76539,ok,1950
76540,ok,1925
76541,ok,1932
76544,ok,1954
76545,ok,1897
76546,ok,1932
76547,ok,1937
76548,ok,1873
76550,ok,1930
76551,ok,1946
76552,ok,1896
76553,ok,1897
76554,ok,1929
76555,ok,1952
76556,unknown,
76557,ok,1936
76559,recent,
76562,ok,1940
76566,ok,1871
76570,ok,1886
76571,recent,
76573,ok,1934
76576,ok,1919
76579,ok,1899
76583,ok,1941
76584,ok,1945
76585,ok,1897
76586,ok,1893
76587,ok,1892
76590,ok,1873
76591,ok,1899
76592,recent,
76594,recent,
76595,recent,
76596,ok,1899
76597,ok,1911
76599,ok,1946
76600,ok,1922
76601,recent,
76602,recent,
76603,ok,1928
76604,recent,
76605,ok,1928
76606,ok,1848
76607,ok,1916
76608,ok,1954
76609,ok,1927
76610,ok,1953
76611,unknown,
76612,ok,1955
76613,recent,
76615,recent,
76616,recent,
76617,unknown,
76618,ok,1921
76619,ok,1909
76620,ok,1908
76621,recent,
76622,ok,1911
76623,recent,
76624,ok,1886
76625,unknown,
76626,recent,
76628,unknown,
76629,ok,1937
76630,unknown,
76632,ok,1948
76633,ok,1931
76634,ok,1902
76636,recent,
76637,ok,1919
76638,ok,1885
76639,ok,1779
76641,ok,1884
76642,unknown,
76643,ok,1925
76644,recent,
76645,recent,
76646,recent,
76647,ok,1923
76648,ok,1946
76649,ok,1933
76650,ok,1855
76651,ok,1921
76653,ok,1875
76654,recent,
76655,unknown,
76656,ok,1912
76658,ok,1946
76659,recent,
76660,unknown,
76664,ok,1932
76665,recent,
76666,ok,1932
76667,ok,1918
76668,recent,
76669,unknown,
76670,ok,1873
76671,ok,1929
76672,ok,1921
76673,ok,1940
76676,ok,1930
76677,ok,1932
76681,unknown,
76682,ok,1930
76683,unknown,
76684,ok,1945
76685,ok,1927
76688,recent,
76689,ok,1948
76690,ok,1920
76691,ok,1919
76692,ok,1952
76693,recent,
76694,ok,1909
76696,ok,1939
76699,ok,1935
76700,recent,
76701,recent,
76702,ok,1928
76703,ok,1894
76706,ok,1887
76707,ok,1935
76708,recent,
76710,ok,1934
76712,ok,1851
76713,ok,1954
76714,recent,
76716,ok,1849
76769,ok,1891
76717,ok,1925
76718,ok,1945
76719,recent,
76722,recent,
76724,ok,1905
76725,ok,1946
76727,unknown,
76728,ok,1943
76731,recent,
76732,ok,1938
76733,ok,1907
76734,ok,1873
76736,recent,
76737,ok,1915
76740,unknown,
76741,ok,1934
76744,ok,1945
76745,ok,1941
76748,unknown,
76749,recent,
76750,unknown,
76752,ok,1873
76753,ok,1873
76755,ok,1927
76756,ok,1939
76757,ok,1933
76758,unknown,
76759,unknown,
76760,ok,1899
76764,recent,
76767,unknown,
76768,ok,1943
76900,ok,1942
76770,ok,1955
76771,ok,1858
76772,ok,1886
76773,ok,1804
76774,recent,
76775,ok,1890
76776,ok,1949
76777,ok,1916
76778,ok,1921
76780,ok,1899
76781,ok,1899
76782,ok,1954
76783,ok,1927
76784,ok,1922
76785,unknown,
76786,ok,1867
76787,ok,1867
76788,ok,1944
76789,ok,1951
76791,ok,1898
76792,ok,1773
76794,ok,1852
76795,ok,1951
76796,ok,1943
76799,ok,1900
76800,ok,1944
76801,unknown,
76802,unknown,
76803,ok,1947
76804,recent,
76805,ok,1859
76806,ok,1850
76807,unknown,
76808,ok,1904
76809,ok,1904
76810,ok,1904
76811,recent,
76812,unknown,
76813,ok,1933
76814,ok,1950
76815,recent,
76816,recent,
76817,ok,1942
76818,ok,1873
76820,ok,1892
76821,ok,1950
76822,recent,
76825,ok,1904
76826,ok,1939
76827,ok,1929
76828,recent,
76829,ok,1948
76830,ok,1944
76834,ok,1945
76836,ok,1951
76837,recent,
76838,ok,1916
76839,recent,
76842,recent,
76843,recent,
76844,ok,1935
76845,ok,1943
76846,recent,
76849,recent,
76850,ok,1905
76851,ok,1954
76852,unknown,
76854,ok,1954
76856,unknown,
76857,recent,
76858,ok,1876
76859,recent,
76861,ok,1903
76864,unknown,
76867,ok,1846
76868,unknown,
76869,ok,1945
76871,recent,
76872,recent,
76873,recent,
76874,ok,1873
76875,ok,1873
76876,ok,1931
76880,unknown,
76881,unknown,
76882,ok,1889
76884,unknown,
76885,ok,1915
76886,ok,1915
76887,ok,1915
76888,ok,1939
76889,ok,1946
76891,recent,
76892,ok,1897
76893,ok,1912
76897,ok,1873
76898,ok,1860
76899,recent,
76901,ok,1947
76902,ok,1852
76903,ok,1925
76904,ok,1954
76905,recent,
76906,ok,1888
76907,ok,1885
76910,ok,1873
76911,recent,
76914,unknown,
76915,unknown,
76916,ok,1899
76917,ok,1907
76918,ok,1899
76919,ok,1943
76920,ok,1915
76921,ok,1950
76922,ok,1938
76925,ok,1955
76926,ok,1927
76927,ok,1915
76928,ok,1951
76929,ok,1913
76930,unknown,
76931,ok,1950
76934,recent,
76935,ok,1925
76936,ok,1895
76938,ok,1950
76939,unknown,
76940,ok,1911
76941,ok,1936
76942,ok,1908
76944,ok,1951
76945,ok,1914
76947,ok,1950
76948,ok,1930
76949,ok,1954
76950,ok,1899
76952,ok,1832
76954,ok,1892
76955,ok,1940
76956,unknown,
76958,ok,1950
76960,ok,1870
76961,ok,1937
76963,ok,1936
76964,unknown,
76965,recent,
76966,recent,
76967,ok,1955
76969,ok,1929
76970,ok,1899
76971,ok,1950
76973,unknown,
76974,ok,1924
76975,recent,
76976,ok,1951
76977,ok,1888
76978,ok,1935
76979,unknown,
76980,unknown,
76981,unknown,
76982,ok,1954
76983,recent,
76984,ok,1902
76985,ok,1947
77065,ok,1945
76987,unknown,
76988,recent,
76989,ok,1937
76990,ok,1954
76991,ok,1951
76993,ok,1926
76994,unknown,
76995,recent,
76996,ok,1925
76997,unknown,
76998,recent,
76999,ok,1877
77000,ok,1911
77001,recent,
77003,ok,1926
77004,ok,1939
77005,ok,1873
77006,ok,1873
77007,ok,1873
77008,ok,1873
77010,unknown,
77011,ok,1947
77013,ok,1945
77014,ok,1835
77016,recent,
77017,recent,
77019,recent,
77020,ok,1932
77021,recent,
77022,ok,1950
77023,ok,1890
77024,unknown,
77025,ok,1930
77026,unknown,
77027,ok,1891
77028,unknown,
77029,ok,1911
77031,unknown,
77032,recent,
77033,recent,
77034,ok,1770
77035,recent,
77036,ok,1897
77038,recent,
77040,ok,1908
77041,ok,1770
77045,ok,1934
77046,ok,1851
77047,ok,1939
77048,ok,1938
77049,recent,
77050,recent,
77051,recent,
77052,recent,
77053,ok,1950
77054,unknown,
77055,ok,1939
77056,recent,
77058,ok,1943
77059,ok,1876
77060,unknown,
77062,ok,1891
77063,ok,1950
77064,ok,1923
77066,ok,1934
77067,ok,1930
77069,recent,
77070,ok,1944
77071,recent,
77074,recent,
77075,ok,1955
77076,recent,
77078,ok,1936
77080,recent,
77081,ok,1930
77082,ok,1915
77086,ok,1954
77088,ok,1893
77089,ok,1893
77090,unknown,
77091,ok,1941
77092,recent,
77093,unknown,
77095,ok,1771
77096,ok,1953
77097,ok,1858
77098,ok,1858
77099,ok,1858
77100,ok,1931
77101,ok,1925
77102,unknown,
77103,ok,1748
77104,recent,
77105,ok,1913
77108,ok,1946
77109,ok,1754
77151,ok,1893
77110,ok,1916
77111,unknown,
77112,ok,1916
77113,ok,1926
77115,recent,
77116,recent,
77117,ok,1955
77119,recent,
77120,ok,1934
77124,unknown,
77125,ok,1873
77128,ok,1906
77129,recent,
77131,unknown,
77133,recent,
77134,ok,1944
77136,ok,1919
77137,unknown,
77138,ok,1937
77139,ok,1873
77140,ok,1873
77141,ok,1873
77142,ok,1873
77143,ok,1940
77145,ok,1948
77146,ok,1951
77147,ok,1906
77148,recent,
77149,ok,1915
77150,ok,1924
77154,unknown,
77155,ok,1952
77157,ok,1952
77161,ok,1899
77163,ok,1899
77164,ok,1903
77165,ok,1903
77170,recent,
77171,unknown,
77172,recent,
77173,ok,1902
77174,ok,1869
77175,unknown,
77176,unknown,
77177,ok,1897
77179,ok,1882
77180,unknown,
77181,ok,1942
77183,ok,1919
77184,ok,1879
77186,ok,1948
77187,ok,1916
77188,ok,1923
77191,unknown,
77192,ok,1942
77195,ok,1917
77196,ok,1873
77197,ok,1873
77199,recent,
77200,ok,1930
77201,ok,1921
77202,ok,1913
77204,ok,1944
77207,recent,
77209,ok,1930
77210,ok,1926
77212,ok,1943
77213,unknown,
77214,ok,1950
77215,recent,
77216,ok,1854
77217,ok,1933
77218,ok,1931
77219,ok,1899
77220,ok,1899
77221,unknown,
77222,ok,1885
77223,ok,1938
77224,ok,1904
77228,ok,1947
77229,ok,1936
77230,ok,1905
77231,ok,1948
77232,ok,1914
77234,recent,
77236,ok,1942
77237,ok,1924
77238,ok,1936
77239,ok,1858
77240,ok,1946
77242,ok,1946
77243,ok,1922
77244,ok,1888
77245,ok,1930
77246,unknown,
77247,ok,1930
77248,ok,1908
77249,ok,1800
77250,ok,1945
77253,recent,
77254,recent,
77257,recent,
77258,recent,
77259,ok,1879
77260,ok,1943
77262,recent,
77263,unknown,
77265,ok,1916
77266,ok,1865
77267,ok,1904
77269,ok,1873
77270,ok,1873
77271,ok,1945
77272,ok,1921
77273,ok,1926
77274,ok,1946
77275,ok,1936
77276,recent,
77277,ok,1823
77278,ok,1951
77279,ok,1923
77280,recent,
77281,unknown,
77282,recent,
77284,ok,1952
77286,ok,1954
77287,ok,1912
77288,ok,1953
77289,ok,1940
77290,unknown,
77291,ok,1934
77292,ok,1916
77293,ok,1872
77294,ok,1924
77295,ok,1899
77296,unknown,
77297,ok,1885
77299,ok,1946
77300,ok,1936
77301,ok,1911
77302,ok,1940
77303,ok,1876
77304,ok,1851
77305,ok,1851
77308,ok,1913
77309,ok,1940
77310,ok,1954
77311,ok,1944
77313,ok,1893
77314,ok,1912
77315,ok,1916
77316,recent,
77317,recent,
77318,ok,1890
77319,unknown,
77320,ok,1927
77321,recent,
77322,ok,1835
77323,ok,1835
77324,ok,1913
77325,ok,1918
77326,ok,1919
77327,ok,1929
77328,ok,1941
77329,ok,1936
77330,ok,1931
77331,ok,1946
77332,recent,
77335,ok,1940
77336,ok,1894
77338,ok,1855
77340,recent,
77341,unknown,
77342,ok,1934
77343,recent,
77344,recent,
77345,recent,
77346,ok,1943
77347,recent,
77348,ok,1899
77349,ok,1939
77350,ok,1930
77351,ok,1902
77354,ok,1870
77356,ok,1924
77357,recent,
77358,ok,1953
77359,unknown,
77360,ok,1938
77361,ok,1952
77362,ok,1936
77363,ok,1925
77364,ok,1783
77365,unknown,
77366,ok,1894
77369,unknown,
77370,ok,1944
77372,ok,1897
77373,recent,
77374,unknown,
77375,ok,1836
77376,ok,1903
77377,recent,
77378,ok,1927
77379,ok,1911
77383,recent,
77384,unknown,
77388,ok,1800
77389,ok,1944
77390,ok,1932
77391,ok,1924
77393,ok,1835
77394,unknown,
77395,ok,1873
77396,recent,
77397,ok,1943
77398,ok,1898
77400,unknown,
77401,ok,1920
77402,ok,1947
77403,unknown,
77404,ok,1884
77405,ok,1930
77406,recent,
77407,ok,1949
77408,recent,
77410,ok,1843
77411,ok,1834
77412,recent,
77413,recent,
77414,ok,1502
77415,ok,1943
77416,ok,1938
77418,ok,1919
77420,ok,1910
77421,recent,
77423,ok,1924
77424,recent,
77425,recent,
77426,ok,1927
77427,recent,
77428,ok,1951
77429,recent,
77430,ok,1909
77431,ok,1914
77432,recent,
77434,ok,1712
77436,ok,1892
77438,recent,
77440,ok,1627
77441,recent,
77442,ok,1946
77443,unknown,
77444,ok,1942
77446,ok,1951
77447,ok,1936
77448,ok,1954
77449,ok,1899
77450,ok,1899
77452,ok,1937
77453,recent,
77455,ok,1939
77456,ok,1931
77457,ok,1955
77461,ok,1891
77463,ok,1948
77464,unknown,
77465,ok,1950
77466,ok,1948
77467,unknown,
77468,recent,
77469,ok,1909
77470,ok,1949
77471,ok,1892
77472,ok,1951
77473,ok,1907
77475,recent,
77476,ok,1894
77477,recent,
77478,ok,1911
77479,recent,
77480,ok,1948
77481,ok,1930
77482,ok,1941
77483,ok,1911
77484,ok,1947
77485,ok,1907
77487,ok,1936
77493,ok,1916
77494,ok,1951
77496,recent,
77498,ok,1954
77500,ok,1933
77501,ok,1941
77503,ok,1897
77505,recent,
77506,ok,1877
77595,unknown,
77508,recent,
77509,ok,1933
77510,recent,
77511,ok,1937
77512,recent,
77514,ok,1909
77515,ok,1930
77516,ok,1940
77517,ok,1870
77518,ok,1917
77519,ok,1850
77523,unknown,
77524,unknown,
77526,ok,1925
77527,recent,
77528,recent,
77529,recent,
77530,ok,1927
77531,ok,1916
77532,ok,1893
77534,ok,1952
77537,unknown,
77538,ok,1930
77539,recent,
77541,ok,1914
77542,ok,1807
77543,ok,1940
77544,ok,1935
77545,unknown,
77546,ok,1905
77548,ok,1738
77549,ok,1866
77550,ok,1791
77551,ok,1946
77552,ok,1934
77554,ok,1945
77557,ok,1946
77558,ok,1905
77559,recent,
77560,ok,1923
77562,ok,1942
77563,recent,
77565,recent,
77566,unknown,
77567,unknown,
77568,ok,1893
77569,ok,1893
77570,unknown,
77572,ok,1942
77575,ok,1927
77576,ok,1915
77579,ok,1897
77580,ok,1930
77582,recent,
77584,recent,
77585,recent,
77586,ok,1914
77587,ok,1946
77588,ok,1887
77590,ok,1919
77591,ok,1874
77592,unknown,
77593,unknown,
77594,unknown,
77596,ok,1946
77597,recent,
77598,ok,1800
77599,unknown,
77600,recent,
77601,recent,
77602,unknown,
77603,ok,1936
77604,ok,1936
77605,ok,1936
77606,unknown,
77608,recent,
77609,ok,1929
77610,recent,
77611,ok,1926
77612,ok,1900
77613,recent,
77617,ok,1935
77619,unknown,
77621,recent,
77622,ok,1935
77623,ok,1938
77627,ok,1954
77628,ok,1941
77630,ok,1810
77631,ok,1915
77632,ok,1933
77633,ok,1916
77634,unknown,
77636,ok,1936
77637,ok,1937
77638,recent,
77641,ok,1930
77643,ok,1932
77647,recent,
77648,ok,1928
77651,ok,1929
77652,recent,
77653,ok,1940
77655,recent,
77656,ok,1927
77657,ok,1913
77658,recent,
77659,recent,
77660,ok,1896
77661,ok,1896
77662,recent,
77663,ok,1953
77664,recent,
77665,recent,
77666,ok,1954
77668,ok,1945
77671,recent,
77672,ok,1942
77673,recent,
77674,unknown,
77675,ok,1937
77676,ok,1933
77677,ok,1876
77680,ok,1951
77681,ok,1941
77682,ok,1944
77683,ok,1926
77685,ok,1859
77686,ok,1941
77687,ok,1944
77688,ok,1908
77689,ok,1952
77690,ok,1935
77691,ok,1768
77692,ok,1930
77696,recent,
77697,unknown,
77698,unknown,
77699,recent,
77702,recent,
77704,ok,1859
77705,ok,1949
77706,recent,
77707,ok,1922
77708,unknown,
77709,ok,1939
77710,recent,
77712,ok,1955
77715,ok,1932
77716,ok,1899
77717,recent,
77718,recent,
77719,ok,1863
77720,ok,1863
77721,ok,1951
77722,ok,1933
77723,recent,
77725,ok,1900
77727,unknown,
77728,recent,
77729,ok,1887
77733,unknown,
77734,ok,1931
77735,ok,1884
77736,ok,1939
77737,ok,1927
77784,ok,1903
77738,ok,1926
77741,ok,1819
77742,ok,1919
77743,ok,1919
77744,ok,1940
77746,ok,1950
77747,ok,1898
77748,ok,1907
77749,recent,
77750,ok,1886
77752,ok,1911
77753,recent,
77754,ok,1945
77755,ok,1907
77756,recent,
77757,unknown,
77760,recent,
77761,ok,1929
77762,ok,1890
77763,ok,1945
77764,ok,1923
77765,recent,
77766,ok,1941
77767,ok,1934
77768,ok,1943
77769,recent,
77770,ok,1943
77771,recent,
77774,ok,1931
77775,ok,1937
77776,unknown,
77777,ok,1923
77781,unknown,
77782,ok,1952
77783,ok,1947
77788,ok,1942
77789,unknown,
77790,ok,1938
77791,recent,
77792,ok,1930
77793,ok,1942
77794,ok,1871
77795,ok,1939
77796,ok,1865
77797,ok,1939
77798,recent,
77799,ok,1899
77800,recent,
77801,ok,1939
77802,ok,1939
77803,ok,1901
77804,ok,1928
77805,ok,1945
77806,ok,1930
77807,recent,
77808,ok,1953
77809,ok,1894
77810,unknown,
77811,ok,1937
77812,ok,1937
77814,ok,1943
77815,ok,1838
77816,ok,1950
77817,recent,
77818,ok,1938
77819,recent,
77820,ok,1891
77821,recent,
77822,ok,1904
77823,recent,
77826,ok,1920
77827,ok,1930
77828,ok,1935
77829,recent,
77830,ok,1909
77831,ok,1950
77832,unknown,
77833,ok,1939
77834,ok,1942
77835,ok,1928
77836,ok,1946
77837,recent,
77838,ok,1947
77839,ok,1952
77840,ok,1901
77841,ok,1918
77842,recent,
77843,recent,
77844,ok,1926
77845,ok,1926
77846,ok,1926
77847,ok,1920
77848,ok,1930
77851,ok,1843
77852,ok,1894
77853,ok,1904
77854,ok,1943
77855,recent,
77856,ok,1893
77858,ok,1919
77859,ok,1939
77860,ok,1899
77861,ok,1907
77862,recent,
77863,ok,1955
77864,ok,1951
77865,ok,1946
77866,ok,1945
77867,ok,1932
77868,recent,
77869,unknown,
77870,recent,
77871,unknown,
77873,unknown,
77875,ok,1939
77876,unknown,
77878,ok,1900
77879,ok,1930
77880,ok,1934
77881,ok,1928
77882,ok,1859
77883,recent,
77884,ok,1926
77886,ok,1792
77890,unknown,
77892,ok,1941
77893,recent,
77894,recent,
77895,ok,1945
77896,recent,
77897,unknown,
77899,ok,1926
77900,recent,
77901,unknown,
77902,ok,1948
77903,ok,1951
77904,ok,1850
77907,ok,1940
77908,ok,1949
77910,ok,1941
77911,recent,
77912,unknown,
77914,ok,1930
77915,ok,1882
77916,ok,1893
77917,ok,1919
77918,ok,1901
77919,recent,
77920,ok,1951
77921,ok,1859
77922,ok,1938
77923,recent,
77924,unknown,
77925,ok,1931
77926,ok,1878
77928,ok,1951
77929,recent,
77930,ok,1914
77931,ok,1906
77932,ok,1944
77935,ok,1950
77936,ok,1945
77937,ok,1922
77938,ok,1935
77939,recent,
77940,recent,
77941,recent,
77943,recent,
77944,ok,1930
77946,ok,1892
77947,recent,
77948,ok,1933
77994,ok,1954
77950,ok,1916
77951,ok,1916
77952,ok,1806
77953,ok,1916
77954,ok,1916
77955,ok,1947
77956,ok,1948
77957,ok,1947
77958,ok,1919
77959,ok,1938
77961,ok,1920
77963,unknown,
77966,ok,1942
77967,ok,1951
77968,recent,
77969,unknown,
77970,recent,
77973,ok,1943
77974,ok,1942
77976,ok,1932
77977,ok,1926
77978,ok,1913
77979,recent,
77981,recent,
77982,ok,1951
77983,ok,1942
77984,ok,1944
77985,ok,1923
77986,ok,1937
77989,ok,1945
77990,ok,1877
77991,ok,1877
77992,ok,1877
77993,ok,1943
77997,unknown,
77998,ok,1899
77999,ok,1907
78000,ok,1912
78002,unknown,
78003,recent,
78004,ok,1792
78005,recent,
78006,unknown,
78009,ok,1938
78010,recent,
78011,ok,1943
78012,ok,1955
78013,ok,1856
78014,ok,1894
78015,ok,1894
78016,recent,
78017,ok,1818
78019,ok,1792
78020,ok,1953
78021,ok,1948
78022,ok,1919
78023,recent,
78024,recent,
78025,ok,1929
78027,ok,1907
78028,recent,
78029,ok,1927
78031,ok,1899
78032,unknown,
78033,unknown,
78034,ok,1952
78035,ok,1945
78036,ok,1941
78037,ok,1937
78038,ok,1952
78039,recent,
78040,ok,1928
78041,ok,1942
78043,ok,1931
78044,ok,1899
78045,ok,1909
78046,ok,1945
78047,ok,1903
78048,recent,
78050,recent,
78051,ok,1916
78053,unknown,
78055,recent,
78057,recent,
78059,ok,1909
78060,ok,1926
78061,ok,1870
78062,unknown,
78063,ok,1945
78064,ok,1941
78065,recent,
78066,recent,
78067,unknown,
78069,ok,1936
78072,recent,
78073,recent,
78074,ok,1911
78075,ok,1933
78076,recent,
78077,ok,1955
78078,ok,1946
78080,ok,1827
78082,ok,1905
78084,recent,
78085,ok,1953
78086,ok,1950
78087,ok,1950
78088,recent,
78089,ok,1932
78090,unknown,
78091,ok,1834
78092,ok,1834
78094,recent,
78095,ok,1930
78098,ok,1909
78099,ok,1870
78101,ok,1948
78102,recent,
78103,ok,1935
78104,ok,1792
78105,recent,
78106,ok,1947
78107,ok,1944
78108,recent,
78109,ok,1916
78110,ok,1946
78111,ok,1899
78112,recent,
78114,ok,1953
78115,ok,1918
78116,unknown,
78117,ok,1921
78118,ok,1944
78119,recent,
78120,ok,1935
78121,ok,1862
78162,ok,1948
78122,ok,1892
78124,recent,
78126,recent,
78127,ok,1930
78128,ok,1954
78129,recent,
78130,unknown,
78131,ok,1937
78132,ok,1921
78133,ok,1843
78134,ok,1912
78135,ok,1916
78136,recent,
78137,ok,1858
78138,recent,
78139,ok,1881
78141,ok,1947
78142,ok,1930
78143,ok,1843
78147,ok,1912
78148,ok,1951
78149,unknown,
78150,ok,1919
78151,unknown,
78152,ok,1951
78153,recent,
78154,ok,1951
78155,ok,1870
78156,ok,1950
78157,recent,
78158,recent,
78161,recent,
78164,ok,1882
78165,ok,1918
78166,ok,1870
78167,ok,1870
78168,ok,1870
78169,recent,
78170,ok,1870
78171,ok,1950
78172,ok,1870
78173,ok,1870
78174,ok,1870
78175,ok,1870
78176,ok,1870
78177,ok,1870
78178,ok,1870
78179,ok,1870
78180,unknown,
78181,ok,1870
78182,ok,1870
78183,ok,1870
78184,ok,1870
78185,ok,1870
78186,ok,1878
78187,unknown,
78189,ok,1930
78191,ok,1870
78192,ok,1870
78193,ok,1870
78194,ok,1870
78195,ok,1870
78196,ok,1951
78197,recent,
78198,ok,1945
78199,ok,1951
78202,recent,
78203,unknown,
78204,ok,1929
78205,ok,1944
78206,unknown,
78207,ok,1925
78208,ok,1955
78209,recent,
78210,ok,1922
78211,ok,1931
78212,recent,
78213,recent,
78214,ok,1891
78215,ok,1955
78216,ok,1935
78217,recent,
78218,recent,
78219,recent,
78220,recent,
78221,recent,
78222,recent,
78223,ok,1947
78224,recent,
78225,recent,
78226,recent,
78227,recent,
78228,ok,1924
78229,recent,
78230,ok,1921
78234,recent,
78235,ok,1943
78236,ok,1951
78237,ok,1936
78238,recent,
78239,ok,1843
78240,ok,1936
78241,recent,
78243,ok,1940
78245,ok,1895
78246,recent,
78247,recent,
78248,ok,1928
78249,ok,1885
78250,ok,1892
78252,unknown,
78253,ok,1929
78254,ok,1940
78255,recent,
78256,ok,1929
78257,ok,1876
78258,ok,1948
78259,ok,1674
78260,unknown,
78261,ok,1929
78262,recent,
78263,ok,1916
78264,recent,
78266,ok,1929
78268,ok,1932
78269,ok,1951
78270,recent,
78272,ok,1930
78273,recent,
78274,ok,1951
78275,ok,1894
78278,ok,1938
78280,ok,1899
78281,recent,
78282,recent,
78283,ok,1947
78284,ok,1916
78285,unknown,
78287,unknown,
78288,ok,1940
78289,ok,1946
78290,recent,
78291,ok,1909
78292,ok,1899
78293,recent,
78294,recent,
78295,unknown,
78296,ok,1933
78297,ok,1911
78298,ok,1903
78299,ok,1914
78300,ok,1922
78301,ok,1922
78302,ok,1918
78304,ok,1936
78305,ok,1930
78306,recent,
78307,ok,1918
78308,ok,1843
78309,ok,1880
78310,ok,1944
78314,unknown,
78315,ok,1914
78316,recent,
78317,recent,
78457,ok,1903
78318,unknown,
78319,ok,1914
78320,ok,1950
78321,ok,1925
78322,ok,1940
78323,ok,1955
78324,unknown,
78325,ok,1938
78326,ok,1914
78327,recent,
78328,ok,1940
78329,recent,
78330,ok,1908
78332,ok,1946
78333,recent,
78334,ok,1895
78335,ok,1940
78336,ok,1946
78339,ok,1950
78340,recent,
78341,recent,
78342,recent,
78343,recent,
78345,ok,1942
78346,ok,1916
78348,ok,1926
78350,ok,1945
78351,recent,
78352,ok,1945
78355,ok,1926
78356,ok,1955
78360,ok,1946
78361,ok,1946
78363,recent,
78364,ok,1916
78365,ok,1916
78368,recent,
78369,ok,1849
78370,ok,1929
78371,ok,1954
78372,ok,1927
78373,recent,
78374,ok,1923
78376,ok,1923
78377,ok,1946
78379,ok,1926
78380,recent,
78381,ok,1897
78382,recent,
78384,ok,1870
78386,ok,1945
78388,ok,1935
78389,recent,
78393,recent,
78398,ok,1917
78399,ok,1951
78400,ok,1941
78401,unknown,
78402,recent,
78403,ok,1951
78405,ok,1943
78406,ok,1882
78407,recent,
78408,recent,
78409,recent,
78410,unknown,
78411,ok,1940
78412,recent,
78413,unknown,
78414,ok,1945
78415,ok,1850
78416,ok,1942
78417,ok,1936
78418,ok,1955
78419,ok,1945
78420,ok,1929
78424,recent,
78425,ok,1904
78426,ok,1939
78427,ok,1947
78428,recent,
78430,ok,1947
78431,recent,
78432,ok,1906
78433,ok,1909
78434,ok,1883
78435,recent,
78436,ok,1951
78438,ok,1942
78439,ok,1953
78440,recent,
78441,recent,
78442,recent,
78443,recent,
78446,ok,1928
78449,ok,1897
78450,ok,1897
78451,ok,1890
78452,ok,1890
78456,ok,1903
78458,ok,1903
78459,ok,1950
78460,unknown,
78461,ok,1939
78462,ok,1900
78463,ok,1935
78464,recent,
78467,recent,
78468,ok,1823
78469,ok,1924
78470,ok,1886
78471,ok,1939
78472,ok,1880
78473,ok,1939
78474,recent,
78478,ok,1944
78479,ok,1941
78480,ok,1950
78481,ok,1928
78482,ok,1929
78483,ok,1933
78484,ok,1914
78485,recent,
78491,ok,1902
78492,ok,1951
78495,recent,
78496,ok,1903
78497,ok,1922
78498,ok,1920
78499,ok,1919
78500,ok,1901
78501,ok,1947
78502,ok,1908
78503,ok,1899
78504,ok,1943
78506,recent,
78507,unknown,
78508,ok,1932
78509,recent,
78510,ok,1951
78511,unknown,
78512,ok,1893
78513,ok,1937
78514,recent,
78515,recent,
78518,ok,1937
78519,ok,1926
78520,ok,1945
78522,ok,1949
78523,ok,1938
78524,recent,
78525,ok,1937
78526,ok,1893
78528,ok,1935
78529,ok,1937
78530,recent,
78533,ok,1939
78534,ok,1938
78535,ok,1938
78536,unknown,
78537,ok,1924
78538,recent,
78539,recent,
78540,unknown,
78541,ok,1950
78542,ok,1947
78543,ok,1923
78544,ok,1930
78545,recent,
78546,ok,1951
78547,unknown,
78548,ok,1915
78549,ok,1915
78550,ok,1915
78551,recent,
78552,ok,1886
78556,ok,1951
78557,ok,1949
78558,ok,1893
78559,ok,1933
78560,ok,1868
78561,ok,1921
78562,ok,1935
78563,recent,
78565,ok,1914
78566,recent,
78567,ok,1918
78569,recent,
78570,ok,1890
78571,ok,1890
78572,recent,
78575,ok,1876
78576,ok,1876
78577,ok,1876
78578,ok,1893
78579,ok,1879
78581,ok,1944
78582,ok,1907
78583,ok,1924
78585,recent,
78586,ok,1898
78587,recent,
78633,recent,
78588,ok,1906
78589,ok,1943
78596,ok,1899
78598,ok,1899
78599,ok,1919
78600,recent,
78602,recent,
78603,ok,1904
78604,ok,1951
78605,ok,1942
78606,recent,
78607,ok,1827
78609,recent,
78610,ok,1907
78611,ok,1950
78612,ok,1929
78613,unknown,
78614,recent,
78615,recent,
78616,ok,1950
78617,ok,1942
78618,ok,1870
78622,unknown,
78623,recent,
78624,ok,1939
78625,ok,1937
78626,recent,
78627,recent,
78628,recent,
78629,recent,
78631,recent,
78632,recent,
78637,recent,
78638,unknown,
78639,recent,
78640,unknown,
78641,ok,1950
78642,recent,
78643,ok,1916
78644,recent,
78645,recent,
78650,ok,1941
78651,recent,
78652,ok,1914
78653,recent,
78654,ok,1890
78655,ok,1939
78656,ok,1930
78657,ok,1934
78658,ok,1923
78659,recent,
78660,ok,1903
78661,ok,1929
78662,ok,1899
78663,ok,1790
78664,unknown,
78665,ok,1940
78668,ok,1937
78669,ok,1911
78670,ok,1944
78671,ok,1943
78672,recent,
78673,ok,1945
78674,ok,1855
78675,ok,1914
78676,recent,
78678,ok,1852
78681,recent,
78682,ok,1926
78684,ok,1945
78685,recent,
78686,ok,1841
78687,ok,1952
78688,ok,1863
78689,ok,1863
78690,ok,1863
78692,unknown,
78693,recent,
78694,recent,
78695,recent,
78696,recent,
78697,ok,1950
78698,recent,
78700,recent,
78702,recent,
78703,recent,
78704,unknown,
78705,ok,1893
78706,unknown,
78707,recent,
78708,recent,
78709,ok,1841
78710,ok,1897
78711,ok,1932
78713,recent,
78715,recent,
78716,ok,1954
78717,recent,
78718,recent,
78719,recent,
78720,ok,1937
78901,recent,
78721,ok,1916
78722,ok,1893
78723,recent,
78724,ok,1863
78725,unknown,
78726,recent,
78727,recent,
78728,ok,1949
78729,recent,
78730,ok,1859
78731,recent,
78732,recent,
78733,ok,1940
78734,recent,
78735,recent,
78736,recent,
78737,unknown,
78738,recent,
78740,recent,
78741,ok,1880
78742,ok,1929
78743,ok,1955
78744,ok,1872
78745,ok,1872
78746,ok,1950
78747,ok,1934
78748,recent,
78749,recent,
78750,recent,
78751,recent,
78752,ok,1947
78753,recent,
78754,ok,1944
78755,recent,
78756,recent,
78757,recent,
78758,ok,1863
78762,ok,1935
78763,ok,1955
78764,recent,
78765,recent,
78766,recent,
78767,recent,
78768,ok,1950
78770,ok,1948
78771,recent,
78772,ok,1915
78773,ok,1915
78774,ok,1915
78776,recent,
78778,unknown,
78779,ok,1935
78780,unknown,
78781,ok,1954
78784,ok,1944
78785,recent,
78786,ok,1930
78788,ok,1863
78789,ok,1949
78790,recent,
78791,ok,1876
78792,ok,1876
78793,ok,1876
78794,ok,1932
78795,ok,1939
78796,ok,1944
78797,unknown,
78798,ok,1919
78799,ok,1926
78800,ok,1835
78801,ok,1871
78802,ok,1936
78803,ok,1918
78804,ok,1822
78805,ok,1939
78806,ok,1870
78807,recent,
78809,unknown,
78810,recent,
78811,ok,1896
78812,ok,1904
78813,ok,1940
78814,ok,1859
78816,ok,1930
78818,ok,1904
78821,ok,1804
78822,recent,
78823,unknown,
78824,ok,1926
78826,ok,1913
78827,unknown,
78828,ok,1950
78829,ok,1927
78830,ok,1916
78831,ok,1901
78832,unknown,
78836,ok,1945
78838,ok,1863
78839,unknown,
78842,recent,
78843,ok,1910
78844,recent,
78846,ok,1906
78847,ok,1935
78848,recent,
78849,ok,1920
78850,recent,
78851,ok,1912
78852,recent,
78854,ok,1931
78855,ok,1894
78870,recent,
78871,recent,
78872,ok,1941
78873,recent,
78874,unknown,
78875,ok,1901
78876,ok,1910
78877,recent,
78878,ok,1841
78879,recent,
78882,ok,1945
78883,recent,
78884,ok,1927
78885,ok,1894
78887,unknown,
78888,unknown,
78889,ok,1917
78890,ok,1943
78891,recent,
78892,recent,
78893,recent,
78894,ok,1951
78895,ok,1942
78896,unknown,
78898,unknown,
78902,ok,1935
78903,ok,1944
78904,ok,1927
78905,unknown,
78906,ok,1951
78907,recent,
78908,recent,
78909,recent,
78910,recent,
78911,recent,
78912,recent,
78913,ok,1914
78914,recent,
78915,recent,
78916,ok,1931
78917,unknown,
78918,recent,
78919,ok,1935
78920,ok,1927
78921,unknown,
78922,ok,1920
78923,recent,
78924,recent,
78925,ok,1916
78926,recent,
78927,ok,1951
78928,recent,
78929,ok,1877
78930,ok,1916
78931,ok,1939
78934,ok,1930
78935,recent,
78936,ok,1948
78937,ok,1907
78938,ok,1921
78939,ok,1907
78940,ok,1907
78941,ok,1907
78942,recent,
78943,ok,1931
78944,ok,1903
78945,ok,1906
78946,recent,
78947,ok,1922
78948,recent,
78949,ok,1922
78950,ok,1910
78951,ok,1936
78952,ok,1929
78953,recent,
78954,recent,
78955,recent,
78956,ok,1934
78957,recent,
78958,ok,1938
78960,recent,
78961,recent,
78962,ok,1951
78964,ok,1893
78965,recent,
78966,recent,
78967,ok,1860
78968,ok,1927
78969,ok,1923
78970,recent,
78972,unknown,
78973,ok,1920
78974,ok,1944
78975,recent,
78976,ok,1950
78977,ok,1947
78978,unknown,
78979,recent,
78980,ok,1912
78981,ok,1818
78983,recent,
78984,recent,
78985,ok,1951
78986,ok,1927
78987,recent,
78988,recent,
78989,recent,
78991,ok,1914
78992,ok,1947
78993,ok,1945
78994,recent,
78995,ok,1922
78996,recent,
79003,ok,1950
79004,ok,1878
79005,ok,1939
79006,recent,
79007,recent,
79008,recent,
79009,recent,
79010,ok,1951
79011,ok,1931
79012,ok,1935
79013,recent,
79014,recent,
79015,ok,1953
79016,ok,1954
79017,ok,1794
79018,recent,
79019,ok,1849
79020,ok,1870
79021,recent,
79022,ok,1916
79023,recent,
79024,ok,1923
79026,unknown,
79027,ok,1938
79028,ok,1951
79038,unknown,
79039,ok,1896
79040,ok,1950
79041,ok,1882
79044,ok,1932
79045,unknown,
79046,ok,1926
79047,recent,
79049,recent,
79050,unknown,
79051,unknown,
79052,ok,1873
79053,recent,
79054,ok,1899
79055,ok,1954
79056,ok,1908
79057,unknown,
79058,ok,1905
79059,ok,1852
79060,unknown,
79061,ok,1906
79062,ok,1945
79063,ok,1930
79064,ok,1938
79065,recent,
79068,ok,1924
79069,ok,1829
79070,ok,1907
79071,recent,
79072,unknown,
79073,recent,
79075,ok,1830
79076,ok,1930
79078,ok,1916
79079,ok,1882
79080,ok,1898
79084,ok,1943
79085,ok,1927
79086,ok,1944
79087,recent,
79088,recent,
79089,ok,1865
79090,recent,
79091,ok,1951
79092,recent,
79093,recent,
79094,ok,1899
79095,ok,1923
79096,unknown,
79097,ok,1942
79098,recent,
79099,recent,
79100,ok,1942
79101,recent,
79102,recent,
79103,ok,1932
79104,ok,1930
79105,ok,1936
79191,recent,
79106,ok,1943
79107,ok,1674
79108,ok,1936
79109,ok,1908
79110,ok,1940
79111,recent,
79112,recent,
79114,unknown,
79115,ok,1890
79116,recent,
79117,ok,1944
79118,ok,1947
79119,ok,1931
79120,recent,
79121,ok,1918
79122,ok,1949
79124,recent,
79125,recent,
79126,recent,
79127,recent,
79128,recent,
79129,ok,1932
79130,ok,1937
79131,unknown,
79132,unknown,
79133,recent,
79134,ok,1950
79135,recent,
79136,recent,
79138,recent,
79139,ok,1930
79140,ok,1951
79141,recent,
79142,ok,1915
79236,recent,
79143,ok,1922
79144,ok,1883
79145,recent,
79146,ok,1942
79149,recent,
79150,recent,
79151,ok,1948
79153,recent,
79154,ok,1953
79156,ok,1929
79159,ok,1880
79160,ok,1952
79161,recent,
79162,ok,1906
79163,recent,
79164,ok,1951
79165,ok,1876
79166,recent,
79168,ok,1908
79169,ok,1909
79170,ok,1945
79171,unknown,
79172,ok,1951
79175,ok,1916
79176,ok,1942
79177,ok,1907
79178,recent,
79179,recent,
79180,recent,
79181,ok,1930
79182,unknown,
79183,recent,
79184,recent,
79188,recent,
79189,recent,
79190,ok,1922
79192,recent,
79193,ok,1950
79194,recent,
79195,unknown,
79196,recent,
79198,ok,1890
79200,recent,
79201,recent,
79202,recent,
79203,unknown,
79204,ok,1941
79205,recent,
79206,recent,
79207,recent,
79210,ok,1949
79211,ok,1932
79212,recent,
79213,ok,1841
79214,recent,
79215,recent,
79216,recent,
79217,ok,1950
79218,recent,
79221,recent,
79222,recent,
79223,recent,
79224,recent,
79225,recent,
79226,unknown,
79227,ok,1907
79228,ok,1945
79229,recent,
79230,recent,
79231,ok,1943
79233,ok,1876
79234,ok,1919
79237,recent,
79238,unknown,
79239,ok,1940
79240,ok,1941
79241,ok,1913
79242,recent,
79243,recent,
79244,ok,1939
79246,recent,
79247,recent,
79248,ok,1921
79249,ok,1864
79250,recent,
79252,ok,1930
79253,recent,
79255,ok,1904
79257,ok,1946
79259,ok,1947
79261,ok,1944
79263,recent,
79264,recent,
79265,recent,
79266,recent,
79267,ok,1935
79268,ok,1938
79269,ok,1953
79270,ok,1951
79271,recent,
79272,recent,
79273,ok,1906
79274,unknown,
79275,ok,1914
79276,ok,1939
79277,recent,
79279,recent,
79283,recent,
79286,recent,
79290,ok,1899
79291,ok,1880
79292,ok,1955
79293,ok,1946
79294,recent,
79295,recent,
79296,ok,1937
79297,recent,
79298,recent,
79299,ok,1947
79300,unknown,
79303,ok,1938
79304,unknown,
79305,recent,
79314,ok,1915
79316,ok,1939
79317,recent,
79318,recent,
79319,recent,
79320,ok,1917
79321,ok,1877
79322,unknown,
79323,ok,1799
79324,ok,1877
79325,ok,1918
79327,ok,1937
79328,ok,1951
79330,unknown,
79331,ok,1955
79335,recent,
79336,recent,
79337,recent,
79338,ok,1864
79339,recent,
79340,recent,
79341,ok,1900
79342,ok,1948
79343,ok,1947
79344,ok,1947
79345,ok,1909
79347,ok,1954
79348,unknown,
79349,ok,1952
79350,ok,1844
79351,unknown,
79352,recent,
79354,recent,
79355,ok,1907
79357,ok,1955
79358,ok,1828
79359,ok,1950
79360,ok,1946
79361,ok,1716
79362,recent,
79363,ok,1922
79364,ok,1882
79365,ok,1937
79366,recent,
79367,ok,1859
79368,ok,1859
79369,unknown,
79370,ok,1920
79371,ok,1914
79372,ok,1914
79373,ok,1914
79374,recent,
79375,ok,1939
79376,ok,1936
79377,recent,
79378,unknown,
79380,ok,1922
79381,recent,
79382,unknown,
79383,recent,
79384,ok,1950
79385,ok,1945
79386,recent,
79387,ok,1906
79388,ok,1877
79389,ok,1877
79390,ok,1877
79392,recent,
79393,ok,1950
79394,recent,
79395,recent,
79396,ok,1954
79398,unknown,
79399,ok,1929
79400,recent,
79401,ok,1937
79402,ok,1922
79403,ok,1922
79404,recent,
79405,ok,1937
79406,ok,1914
79407,ok,1942
79408,ok,1948
79409,ok,1890
79410,ok,1890
79411,ok,1936
79412,unknown,
79413,ok,1791
79414,ok,1937
79415,ok,1916
79416,ok,1951
79417,ok,1938
79418,ok,1936
79419,ok,1855
79420,unknown,
79421,ok,1807
79423,unknown,
79424,ok,1825
79426,ok,1825
79427,ok,1825
79428,ok,1825
79429,recent,
79430,ok,1951
79431,unknown,
79432,recent,
79433,ok,1940
79434,ok,1887
79435,recent,
79436,unknown,
79437,ok,1892
79438,ok,1953
79439,ok,1936
79440,recent,
79441,unknown,
79442,ok,1933
79444,ok,1943
79445,ok,1893
79446,ok,1951
79447,ok,1941
79448,ok,1911
79449,recent,
79450,recent,
79451,ok,1842
79452,recent,
79453,recent,
79454,ok,1930
79455,ok,1835
79456,ok,1933
79457,ok,1955
79459,ok,1907
79460,ok,1953
79461,ok,1877
79462,ok,1877
79463,ok,1877
79464,recent,
79465,recent,
79466,ok,1912
79467,unknown,
79468,ok,1918
79469,ok,1904
79470,ok,1944
79471,ok,1917
79472,ok,1908
79473,ok,1950
79474,ok,1954
79475,ok,1880
79476,recent,
79477,ok,1929
79478,ok,1886
79479,ok,1950
79480,ok,1947
79481,unknown,
79556,ok,1939
79482,unknown,
79483,recent,
79484,ok,1953
79485,ok,1944
79486,ok,1865
79487,recent,
79488,ok,1928
79489,recent,
79490,ok,1829
79491,ok,1932
79492,ok,1922
79493,ok,1885
79494,unknown,
79495,ok,1829
79496,ok,1948
79497,recent,
79498,ok,1915
79499,recent,
79500,ok,1942
79501,recent,
79502,ok,1932
79503,recent,
79504,ok,1951
79505,recent,
79506,ok,1940
79507,ok,1921
79508,ok,1874
79509,unknown,
79510,recent,
79511,recent,
79512,ok,1941
79514,ok,1943
79515,ok,1919
79516,recent,
79517,ok,1930
79518,recent,
79519,ok,1943
79520,unknown,
79523,ok,1870
79525,recent,
79526,ok,1950
79527,ok,1946
79529,recent,
79530,ok,1950
79531,ok,1927
79532,ok,1941
79533,ok,1930
79534,recent,
79535,ok,1870
79536,ok,1927
79537,ok,1929
79538,ok,1927
79539,recent,
79540,ok,1950
79541,ok,1917
79543,ok,1951
79544,ok,1951
79545,unknown,
79546,unknown,
79547,ok,1934
79548,recent,
79549,ok,1908
79550,ok,1944
79551,recent,
79552,ok,1912
79553,recent,
79554,ok,1944
79557,ok,1954
79558,ok,1954
79560,ok,1774
79561,ok,1932
79562,ok,1897
79563,recent,
79565,ok,1946
79566,recent,
79569,recent,
79570,ok,1937
79571,ok,1945
79572,recent,
79573,ok,1871
79574,ok,1897
79575,ok,1924
79576,ok,1924
79577,ok,1922
79579,recent,
79580,ok,1922
79581,ok,1945
79582,recent,
79583,ok,1951
79586,ok,1906
79588,ok,1912
79590,ok,1887
79591,ok,1887
79592,ok,1887
79593,ok,1916
79594,ok,1885
79595,recent,
79597,recent,
79598,ok,1945
79599,ok,1912
79600,ok,1931
79601,ok,1862
79602,recent,
79603,recent,
79604,ok,1948
79606,ok,1922
79607,ok,1922
79608,recent,
79609,ok,1950
79610,ok,1928
79612,ok,1931
79613,ok,1919
79615,ok,1832
79616,ok,1832
79617,ok,1832
79618,ok,1896
79620,recent,
79621,unknown,
79623,recent,
79624,ok,1945
79625,ok,1912
79626,ok,1914
79627,unknown,
79628,ok,1882
79629,ok,1924
79630,recent,
79631,recent,
79632,ok,1891
79633,recent,
79634,ok,1924
79635,recent,
79636,recent,
79637,ok,1935
79638,recent,
79639,ok,1946
79640,ok,1899
79641,recent,
79642,ok,1930
79643,recent,
79644,ok,1933
79645,recent,
79646,recent,
79647,recent,
79648,unknown,
79649,recent,
79651,unknown,
79652,recent,
79653,ok,1914
79654,recent,
79655,recent,
79656,ok,1941
79657,ok,1935
79658,ok,1932
79659,ok,1885
79660,recent,
79661,ok,1894
1342,ok,1817
2680,ok,180
15,ok,1891
11,ok,1898
12,ok,1898
16,ok,1937
45,ok,1942
55,ok,1919
113,ok,1924
146,ok,1924
271,ok,1878
289,ok,1932
132,recent,
150,ok,1893
61,ok,1895
205,ok,1862
1232,ok,1927
41445,ok,1851
345,ok,1912
1661,ok,1930
2852,ok,1930
244,ok,1930
74,ok,1910
76,ok,1910
1400,ok,1870
730,ok,1870
46,ok,1870
766,ok,1870
1260,ok,1855
768,ok,1848
158,ok,1817
161,ok,1817
105,ok,1817
174,ok,1900
844,ok,1900
120,ok,1894
35,ok,1946
5230,ok,1946
164,ok,1905
103,ok,1905
70841,ok,1731
829,ok,1745
1184,ok,1888
135,ok,1928
2610,ok,1928
2413,ok,1898
2554,ok,1946
28054,ok,1946
2600,ok,1939
1399,ok,1946
996,ok,1895
3160,ok,1744
2199,ok,1902
1112,ok,1616
1533,ok,1616
3825,ok,1950
100,ok,1616
64317,ok,1940
5200,unknown,
910,ok,1916
219,ok,1924
33,ok,1864
203,ok,1896
58585,ok,1931
2500,recent,
1998,ok,1919
4363,ok,1934
3300,ok,1790
34901,ok,1873
2130,ok,1894
216,unknown,
3330,ok,1897
246,ok,1883
128,ok,1912
28,ok,1916
2591,ok,1863
27200,ok,1875
57,unknown,
20,ok,1674
58,ok,1674
10,ok,
30,ok,
2145,ok,1905
1,ok,1826
5,unknown,
2,unknown,
7,unknown,
23,ok,1895
3,recent,
4,ok,1865
6,ok,1799
8,ok,1865
9,ok,1865
18,ok,1836
70,ok,1910
71,ok,1862
130,ok,1936
19,unknown,
151,ok,1834
13,ok,1898
228,ok,1700
301,ok,1900
833,ok,1929
445,ok,1931
448,ok,1931
47,ok,1942
51,ok,1942
54,ok,1919
136,ok,1894
225,ok,1905
384,ok,1924
37134,ok,1946
408,recent,
2009,ok,1882
3207,ok,1679
19942,ok,1778
2527,ok,1888
54873,ok,1905
800,ok,1905
13951,ok,1888
5711,ok,1902
4650,ok,1778
1952,ok,1935
160,ok,1904
145,ok,1880
4300,ok,1941
2814,ok,1941
15492,ok,1951
981,ok,1919
27827,unknown,
57243,recent,
45109,ok,1911
5827,recent,
34380,ok,1939
17989,ok,1888
1995,ok,1908
636,ok,1889
3023,ok,1832
236,ok,1936
514,ok,1888
59,ok,1894
66048,ok,1948
98,ok,1870
