gutenberg_id,title,"ly_do (tac gia/dich gia, nam mat)"
34,Zen and the Art of the Internet,"Kehoe, Brendan P. (2011)"
88,Price/Cost Indexes from 1875 to 1989; Estimated to 2010,"Hart, Michael (2011)"
140,The Jungle,"Sinclair, Upton (1968)"
172,The Haunted Bookshop,"Morley, Christopher (1957)"
173,The Insidious Dr. Fu Manchu,"Rohmer, Sax (1959)"
207,The Spell of the Yukon and Other Verses,"Service, Robert W. (Robert William) (1958)"
222,The Moon and Sixpence,"Maugham, W. Somerset (William Somerset) (1965)"
250,A Brief History of the Internet The Bright Side: The Dark Side,"Hart, Michael (2011)"
259,Ballads of a Cheechako,"Service, Robert W. (Robert William) (1958)"
288,The Certain Hour (Dizain des Poëtes),"Cabell, James Branch (1958)"
309,Rhymes of a Rolling Stone,"Service, Robert W. (Robert William) (1958)"
352,Buttered Side Down: Stories,"Ferber, Edna (1968)"
314,"Guide to Life and Literature of the Southwest, with a Few Observations","Dobie, J. Frank (James Frank) (1964)"
315,Rhymes of a Red Cross Man,"Service, Robert W. (Robert William) (1958)"
328,A Heap o' Livin',"Guest, Edgar A. (Edgar Albert) (1959)"
330,Where There's a Will,"Rinehart, Mary Roberts (1958)"
350,Fanny Herself,"Ferber, Edna (1968)"
351,Of Human Bondage,"Maugham, W. Somerset (William Somerset) (1965)"
359,Good Stories for Great Holidays Arranged for Story-Telling and Reading Aloud and for the Children's Own Reading,"Olcott, Frances Jenkins (1963)"
366,Bab: A Sub-Deb,"Rinehart, Mary Roberts (1958)"
398,The First Book of Adam and Eve,"Platt, Rutherford Hayes (1975)"
449,"Pathology of Lying, Accusation, and Swindling: A Study in Forensic Psychology","Healy, William (1963)"
434,The Circular Staircase,"Rinehart, Mary Roberts (1958)"
453,Emma McChesney and Co.,"Ferber, Edna (1968)"
473,Stories to Tell to Children,"Bryant, Sara Cone (1956)"
474,"How to Tell Stories to Children, and Some Stories to Tell","Bryant, Sara Cone (1956)"
488,She Stands Accused,"MacClure, Victor (1963)"
489,One Basket,"Ferber, Edna (1968)"
500,The Adventures of Pinocchio,"Della Chiesa, Carol (1972)"
542,The Life of Me: An Autobiography,"Johnson, Clarence Edgar (1994)"
546,Under the Andes,"Stout, Rex (1975)"
594,Twilight Stories,"Miller, Francis Trevelyan (1959)"
690,Proposed Roads to Freedom,"Russell, Bertrand (1970)"
748,The Brother of Daphne,"Yates, Dornford (1960)"
749,Barlaam and Ioasaph,"Mattingly, Harold (1964)"
752,A Young Girl's Diary,"Paul, Cedar (1972)"
759,James Pethel,"Beerbohm, Max, Sir (1956)"
760,Enoch Soames: A Memory of the Eighteen-Nineties,"Beerbohm, Max, Sir (1956)"
761,A. V. Laider,"Beerbohm, Max, Sir (1956)"
818,The Aeroplane Speaks,"Barber, H. (Horatio) (1964)"
832,Robin Hood,"McSpadden, J. Walker (Joseph Walker) (1960)"
863,The Mysterious Affair at Styles,"Christie, Agatha (1976)"
874,A History of Aeronautics,"Marsh, W. Lockwood (William Lockwood) (1963)"
915,Library Work with Children,"Hazeltine, Alice Isabel (1959)"
941,Just Folks,"Guest, Edgar A. (Edgar Albert) (1959)"
995,Ballads of a Bohemian,"Service, Robert W. (Robert William) (1958)"
1034,Poems,"Sassoon, Siegfried (1967)"
1155,The Secret Adversary,"Christie, Agatha (1976)"
1157,"Damaged Goods The great play ""Les avariés"" by Brieux, novelized with the approval of the author","Sinclair, Upton (1968)"
1159,Fire-Tongue,"Rohmer, Sax (1959)"
1182,Dope,"Rohmer, Sax (1959)"
1183,The Return of Dr. Fu-Manchu,"Rohmer, Sax (1959)"
1214,The Street of Seven Stars,"Rinehart, Mary Roberts (1958)"
1224,Sidney Lanier,"Mims, Edwin (1959)"
1234,Organic Syntheses An Annual Publication of Satisfactory Methods for the Preparation of Organic Chemicals,"Conant, James Bryant (1978)"
1246,The House of Dust: A Symphony,"Aiken, Conrad (1973)"
1249,Anthem,"Rand, Ayn (1982)"
1250,Anthem,"Rand, Ayn (1982)"
1270,In Defense of Women,"Mencken, H. L. (Henry Louis) (1956)"
1274,"Martin Hyde, the Duke's Messenger","Masefield, John (1967)"
1306,Seven Men [Excerpts],"Beerbohm, Max, Sir (1956)"
1311,If: A Play in Four Acts,"Dunsany, Lord (1957)"
1320,"Criminal Psychology: A Manual for Judges, Practitioners, and Students","Kallen, Horace Meyer (1974)"
1321,The Waste Land,"Eliot, T. S. (Thomas Stearns) (1965)"
1324,Russia in 1919,"Ransome, Arthur (1967)"
1326,The Crisis in Russia,"Ransome, Arthur (1967)"
1402,Where the Blue Begins,"Morley, Christopher (1957)"
1418,Country Sentiment,"Graves, Robert (1985)"
1446,Perfect Behavior: A Guide for Ladies and Gentlemen in All Social Crises,"Stewart, Donald Ogden (1980)"
1459,Prufrock and Other Observations,"Eliot, T. S. (Thomas Stearns) (1965)"
1478,"A Parody Outline of History Wherein May Be Found a Curiously Irreverent Treatment of American Historical Events, Imagining Them as They Would Be Narrated by America's Most Characteristic Contemporary Authors","Stewart, Donald Ogden (1980)"
1558,The Profits of Religion: An Essay in Economic Interpretation,"Sinclair, Upton (1968)"
1564,"Boswell's Life of Johnson Abridged and edited, with an introduction by Charles Grosvenor Osgood","Osgood, Charles Grosvenor (1964)"
1567,Poems,"Eliot, T. S. (Thomas Stearns) (1965)"
1577,The Grey Room,"Phillpotts, Eden (1960)"
1590,The Amazing Interlude,"Rinehart, Mary Roberts (1958)"
1601,The Breaking Point,"Rinehart, Mary Roberts (1958)"
1602,Dawn O'Hara: The Girl Who Laughed,"Ferber, Edna (1968)"
1612,Poems By a Little Girl,"Conkling, Hilda (1986)"
1615,Old English libraries,"Savage, Ernest Albert (1966)"
1664,Songs for Parents,"Farrar, John Chipman (1974)"
1671,When a Man Marries,"Rinehart, Mary Roberts (1958)"
1675,New Forces in Old China: An Inevitable Awakening,"Brown, Arthur Judson (1963)"
1689,The Pivot of Civilization,"Sanger, Margaret (1966)"
1693,Dangerous Days,"Rinehart, Mary Roberts (1958)"
1759,The Black-Bearded Barbarian : The Life of George Leslie Mackay of Formosa,"MacGregor, Mary Esther Miller (1961)"
1825,The Adventures of Reddy Fox,"Burgess, Thornton W. (Thornton Waldo) (1965)"
1845,"Zuleika Dobson; Or, An Oxford Love Story","Beerbohm, Max, Sir (1956)"
1859,The Works of Max Beerbohm,"Beerbohm, Max, Sir (1956)"
1869,The Man in Lower Ten,"Rinehart, Mary Roberts (1958)"
1872,The Red House Mystery,"Milne, A. A. (Alan Alexander) (1956)"
1888,The Bittermeads Mystery,"Punshon, E. R. (Ernest Robertson) (1956)"
1956,And Even Now,"Beerbohm, Max, Sir (1956)"
1960,Sight Unseen,"Rinehart, Mary Roberts (1958)"
1963,The Confession,"Rinehart, Mary Roberts (1958)"
1970,A Poor Wise Man,"Rinehart, Mary Roberts (1958)"
1978,"Buttercup Gold, and Other Stories","Field, Ellen Robena (1957)"
1999,Crome Yellow,"Huxley, Aldous (1963)"
2003,Spirits in Bondage: A Cycle of Lyrics,"Lewis, C. S. (Clive Staples) (1963)"
2005,Piccadilly Jim,"Wodehouse, P. G. (Pelham Grenville) (1975)"
2013,The Pit-Prop Syndicate,"Crofts, Freeman Wills (1957)"
2019,The Bat,"Rinehart, Mary Roberts (1958)"
2028,The Yellow Claw,"Rohmer, Sax (1959)"
2029,Lahoma,"Ellis, J. Breckenridge (John Breckenridge) (1956)"
2031,The Lock and Key Library: The Most Interesting Stories of All Nations: Real Life,"Carrington, Hereward (1959)"
2032,Martin Pippin in the Apple Orchard,"Farjeon, Eleanor (1965)"
2042,Something New,"Wodehouse, P. G. (Pelham Grenville) (1975)"
2065,"Dick Hamilton's Airship; Or, A Young Millionaire in the Clouds","Garis, Howard Roger (1962)"
2067,"Beasts, men and gods","Palen, Lewis Stanton (1960)"
2126,The Quest of the Sacred Slipper,"Rohmer, Sax (1959)"
2233,A Damsel in Distress,"Wodehouse, P. G. (Pelham Grenville) (1975)"
2292,Yet Again,"Beerbohm, Max, Sir (1956)"
2294,Anthology of Massachusetts Poets,"Braithwaite, William Stanley (1962)"
2325,The Iceberg Express,"Cory, David (1966)"
2357,Great Jehoshaphat and Gully Dirt!,"Smith, Jewell Ellen (1998)"
2358,The After House,"Rinehart, Mary Roberts (1958)"
2362,The Story of Wellesley,"Converse, Florence (1967)"
2390,"The Conquest of the Old Southwest; the romantic story of the early pioneers into Virginia, the Carolinas, Tennessee, and Kentucky, 1740-1790","Henderson, Archibald (1963)"
2395,The Golden Fleece and the Heroes Who Lived Before Achilles,"Colum, Padraic (1972)"
2397,"The Story of My Life With her letters (1887-1901) and a supplementary account of her education, including passages from the reports and letters of her teacher, Anne Mansfield Sullivan, by John Albert Macy","Keller, Helen (1968)"
2412,The Categories,"Edghill, E. M. (Ella Mary) (1964)"
2441,The Burgess Animal Book for Children,"Burgess, Thornton W. (Thornton Waldo) (1965)"
2468,"Repertory of The Comedie Humaine, Part 1","McSpadden, J. Walker (Joseph Walker) (1960)"
2469,"Repertory of The Comedie Humaine, Part 2","McSpadden, J. Walker (Joseph Walker) (1960)"
2487,Cross Roads,"Sangster, Margaret E. (Margaret Elizabeth) (1981)"
2488,Twenty Thousand Leagues Under the Seas: An Underwater Tour of the World,"Walter, Frederick Paul (2024)"
2493,The Adventures of Paddy the Beaver,"Burgess, Thornton W. (Thornton Waldo) (1965)"
2509,The Lani People,"Bone, Jesse F. (Jesse Franklin) (2006)"
2529,The Analysis of Mind,"Russell, Bertrand (1970)"
2546,"Hopalong Cassidy's Rustler Round-Up; Or, Bar-20","Mulford, Clarence Edward (1956)"
2557,Old Mother West Wind,"Burgess, Thornton W. (Thornton Waldo) (1965)"
2568,Trent's Last Case,"Bentley, E. C. (Edmund Clerihew) (1956)"
2604,The Longest Journey,"Forster, E. M. (Edward Morgan) (1970)"
2607,"Psmith, Journalist","Wodehouse, P. G. (Pelham Grenville) (1975)"
2619,The Home Book of Verse — Volume 1,"Stevenson, Burton Egbert (1962)"
2620,The Home Book of Verse — Volume 2,"Stevenson, Burton Egbert (1962)"
2621,The Home Book of Verse — Volume 3,"Stevenson, Burton Egbert (1962)"
2622,The Home Book of Verse — Volume 4,"Stevenson, Burton Egbert (1962)"
2641,A Room with a View,"Forster, E. M. (Edward Morgan) (1970)"
2677,Epistles from Pap: Letters from the man known as 'The Will Rogers of Indiana',"Durham, J. Frank (2011)"
2714,Long Live the King!,"Rinehart, Mary Roberts (1958)"
2725,Red Pepper Burns,"Richmond, Grace S. (Grace Smith) (1959)"
2881,The Legends of the Jews — Volume 3,"Radin, Paul (1959)"
2882,The Legends of the Jews — Volume 4,"Radin, Paul (1959)"
2891,Howards End,"Forster, E. M. (Edward Morgan) (1970)"
2896,Story of the Session of the California Legislature of 1909,"Hichborn, Franklin (1963)"
2899,The Agrarian Crusade: A Chronicle of the Farmer in Politics,"Buck, Solon J. (Solon Justus) (1962)"
2943,The Great Hunger,"Bojer, Johan (1959)"
2946,Howards End,"Forster, E. M. (Edward Morgan) (1970)"
2948,Where Angels Fear to Tread,"Forster, E. M. (Edward Morgan) (1970)"
2989,Garrison's finish,"Ferguson, W. B. M. (William Blair Morton) (1967)"
3019,Pointed roofs,"Richardson, Dorothy M. (Dorothy Miller) (1957)"
3021,A Boy's Will,"Frost, Robert (1963)"
3026,North of Boston,"Frost, Robert (1963)"
3036,The Railroad Builders: A Chronicle of the Welding of the States,"Moody, John (1958)"
3068,Washington Square Plays,"Gerstenberg, Alice (1972)"
3074,The Burgess Bird Book for Children,"Burgess, Thornton W. (Thornton Waldo) (1965)"
3075,The Return,"De la Mare, Walter (1956)"
3164,Women in the Life of Balzac,"Floyd, Juanita Helm (1979)"
3165,Rashi,"Liber, Maurice (1956)"
3264,Dennison Grant: A Novel of To-day,"Stead, Robert J. C. (1959)"
3291,"John Marshall and the Constitution, a Chronicle of the Supreme Court","Corwin, Edward Samuel (1963)"
3301,The Naturewoman,"Sinclair, Upton (1968)"
3302,The Second-Story Man,"Sinclair, Upton (1968)"
3303,Prince Hagen,"Sinclair, Upton (1968)"
3304,The Machine,"Sinclair, Upton (1968)"
3306,"At Suvla Bay Being the notes and sketches of scenes, characters and adventures of the Dardanelles campaign, made by John Hargrave (""White Fox"") while serving with the 32nd field ambulance, X division, Mediterranean expeditionary force, during the great war.","Hargrave, John (1982)"
3311,The Californiacs,"Gillmore, Inez Haynes (1970)"
3312,The Native Son,"Gillmore, Inez Haynes (1970)"
3317,Now It Can Be Told,"Gibbs, Philip (1962)"
3431,The Gadfly,"Voynich, E. L. (Ethel Lillian) (1960)"
3432,Quotations from the Project Gutenberg Editions of the Works of Mark Twain,"Widger, David (2021)"
3459,Quotations from the Project Gutenberg Editions of the Works of John Galsworthy,"Widger, David (2021)"
3464,Tish,"Rinehart, Mary Roberts (1958)"
3471,Quotations from the Project Gutenberg Editions of the Works of Charles Dudley Warner,"Widger, David (2021)"
3477,The Verse-Book of a Homely Woman,"Inchfawn, Fay (1978)"
3483,Widger's Quotations from the Project Gutenberg Editions of the Works of William Dean Howells,"Widger, David (2021)"
3493,"Widger's Quotations from the Project Gutenberg Editions of the Works of Oliver W. Holmes, Sr.","Widger, David (2021)"
3495,The King of Ireland's Son,"Colum, Padraic (1972)"
3527,The Blue Moon,"Housman, Laurence (1959)"
3528,"Beethoven, the Man and the Artist, as Revealed in His Own Words","Kerst, Friedrich (1961)"
3531,Widger's Quotations from the Project Gutenberg Editions of the Works of Lord Chesterfield,"Widger, David (2021)"
3542,Widger's Quotations from the Project Gutenberg Editions of the Works of Jacques Casanova,"Widger, David (2021)"
3603,Widger's Quotations from the Project Gutenberg Editions of the Works of Guy de Maupassant,"Widger, David (2021)"
3604,Jailed for Freedom,"Stevens, Doris (1963)"
3617,Widger's Quotations from the Project Gutenberg Editions of Dumas' Celebrated Crimes,"Widger, David (2021)"
3626,Widger's Quotations from the Project Gutenberg Editions of the Works of Abraham Lincoln,"Widger, David (2021)"
3635,Mother: A Story,"Norris, Kathleen Thompson (1966)"
3643,Widger's Quotations from the Project Gutenberg Editions of Paine's Writings on Mark Twain,"Widger, David (2021)"
3661,Widger's Quotations from the Project Gutenberg Editions of the Works of Montaigne,"Widger, David (2021)"
3676,The Firefly of France,"Angellotti, Marion Polk (1975)"
3688,The Chronicles of Clovis,"Milne, A. A. (Alan Alexander) (1956)"
3749,Widger's Quotations from Project Gutenberg Edition of The Confessions of Jean Jacques Rousseau,"Widger, David (2021)"
3753,"Peacock Pie, a Book of Rhymes","De la Mare, Walter (1956)"
3756,Indiscretions of Archie,"Wodehouse, P. G. (Pelham Grenville) (1975)"
3829,Love Among the Chickens,"Wodehouse, P. G. (Pelham Grenville) (1975)"
4001,Widger's Quotations from Project Gutenberg Edition of French Immortals Series,"Widger, David (2021)"
4042,"Mozart: The Man and the Artist, as Revealed in His Own Words","Kerst, Friedrich (1961)"
4050,Mates at Billabong,"Bruce, Mary Grant (1958)"
4075,The Intrusion of Jimmy,"Wodehouse, P. G. (Pelham Grenville) (1975)"
4202,Quotations from Diary of Samuel Pepys,"Widger, David (2021)"
4211,The Treasure,"Norris, Kathleen Thompson (1966)"
4249,In the Sweet Dry and Dry,"Morley, Christopher (1957)"
4256,"Stammering, its cause and cure","Bogue, Benjamin Nathaniel (1964)"
4266,A Woman's Way Through Unknown Labrador,"Hubbard, Mina (1956)"
4282,Don Rodriguez; Chronicles of Shadow Valley,"Dunsany, Lord (1957)"
4288,The Rich Mrs. Burgoyne,"Norris, Kathleen Thompson (1966)"
4325,The New Book of Martyrs,"Duhamel, Georges (1966)"
4348,"Poor, Dear Margaret Kirby","Norris, Kathleen Thompson (1966)"
4392,"Martie, the Unconquered","Norris, Kathleen Thompson (1966)"
4530,Precipitations,"Scott, Evelyn (1963)"
4546,Memoirs of the Union's Three Great Civil War Generals,"Widger, David (2021)"
4556,A Woman of Thirty,"Seiffert, Marjorie Allen (1970)"
4637,Angel Island,"Gillmore, Inez Haynes (1970)"
4655,The Seigneurs of Old Canada : A Chronicle of New World Feudalism,"Munro, William Bennett (1957)"
4670,Lightfoot the Deer,"Burgess, Thornton W. (Thornton Waldo) (1965)"
4672,The Galleries of the Exposition,"Neuhaus, Eugen (1963)"
4687,Saturday's Child,"Norris, Kathleen Thompson (1966)"
4698,Whitefoot the Wood Mouse,"Burgess, Thornton W. (Thornton Waldo) (1965)"
4699,We of the Never-Never,"Gunn, Jeannie (1961)"
4706,"Yama [The Pit], a Novel in Three Parts","Guerney, Bernard Guilbert (1979)"
4731,Seven Little Australians,"Turner, Ethel (1958)"
4756,The Love Sonnets of a Hoodlum,"Irwin, Wallace (1959)"
4776,Political Ideals,"Russell, Bertrand (1970)"
4784,Brother and Sister,"Lawrence, Josephine (1978)"
4786,Zone Policeman 88; a close range study of the Panama canal and its workers,"Franck, Harry Alverson (1962)"
4787,The Story of Julia Page,"Norris, Kathleen Thompson (1966)"
4904,Quotations from the Project Gutenberg Editions of the Collected Works of George Meredith,"Widger, David (2021)"
4910,The Magic Pudding Being the Adventures of Bunyip Bluegum and His Friends Bill Barnacle & Sam Sawnoff,"Lindsay, Norman (1969)"
4913,Chess and Checkers : the Way to Mastership,"Lasker, Edward (1981)"
4915,The Heart of Rachael,"Norris, Kathleen Thompson (1966)"
4916,Undertow,"Norris, Kathleen Thompson (1966)"
4922,Bar-20 Days,"Mulford, Clarence Edward (1956)"
4923,King Midas: a Romance,"Sinclair, Upton (1968)"
4943,The River War: An Account of the Reconquest of the Sudan,"Churchill, Winston (1965)"
4947,Sisters,"Norris, Kathleen Thompson (1966)"
4963,Moral,"Recht, Charles (1965)"
4979,Blacky the Crow,"Burgess, Thornton W. (Thornton Waldo) (1965)"
4980,Old Granny Fox,"Burgess, Thornton W. (Thornton Waldo) (1965)"
5006,Harriet and the Piper,"Norris, Kathleen Thompson (1966)"
5009,The Unspeakable Perk,"Adams, Samuel Hopkins (1958)"
5037,State of the Union Addresses,"Hoover, Herbert (1964)"
5039,State of the Union Addresses,"Truman, Harry S. (1972)"
5040,State of the Union Addresses,"Eisenhower, Dwight D. (Dwight David) (1969)"
5041,State of the Union Addresses,"Kennedy, John F. (John Fitzgerald) (1963)"
5042,State of the Union Addresses,"Johnson, Lyndon B. (Lyndon Baines) (1973)"
5043,State of the Union Addresses,"Nixon, Richard M. (Richard Milhous) (1994)"
5044,State of the Union Addresses,"Ford, Gerald R. (2006)"
5045,State of the Union Addresses,"Carter, Jimmy (2024)"
5046,State of the Union Addresses,"Reagan, Ronald (2004)"
5047,State of the Union Addresses,"Bush, George (2018)"
5061,The Children's Book of Christmas Stories,"Dickinson, Asa Don (1960)"
5063,The Iphigenia in Tauris of Euripides,"Murray, Gilbert (1957)"
5066,The Whole Family: a Novel by Twelve Authors,"Vorse, Mary Heaton (1966)"
5110,The Adventures of Jerry Muskrat,"Burgess, Thornton W. (Thornton Waldo) (1965)"
5133,Quotations from John L. Motley Works,"Widger, David (2021)"
5196,Their Mariposa Legend: A Romance of Santa Catalina,"Herr, Charlotte B. (Charlotte Bronte) (1963)"
5246,Modern French Philosophy: a Study of the Development Since Comte,"Gunn, John Alexander (1975)"
5253,The Maid of the Whispering Hills,"Roe, Vingie E. (Vingie Eve) (1958)"
5262,Curly and Floppy Twistytail (The Funny Piggie Boys),"Garis, Howard Roger (1962)"
5311,Parnassus on Wheels,"Morley, Christopher (1957)"
5321,Concerning the Spiritual in Art,"Sadleir, Michael (1957)"
5332,The Love Sonnets of a Car Conductor,"Irwin, Wallace (1959)"
5347,Understood Betsy,"Fisher, Dorothy Canfield (1958)"
5408,The Rubaiyat of Omar Khayyam Jr.,"Irwin, Wallace (1959)"
5421,The Metropolis,"Sinclair, Upton (1968)"
5425,The Five Books of Youth,"Hillyer, Robert (1961)"
5614,Chess Strategy,"Lasker, Edward (1981)"
5641,Man or Matter Introduction to a Spiritual Understanding of Nature on the Basis of Goethe's Method of Training Observation and Thought,"Lehrs, Ernst (1979)"
5652,"Thoughts out of Season, Part I","Ludovici, Anthony M. (Anthony Mario) (1971)"
5675,The holiday round,"Milne, A. A. (Alan Alexander) (1956)"
5677,Jimmie Higgins,"Sinclair, Upton (1968)"
5685,The Conservation of Races,"Du Bois, W. E. B. (William Edward Burghardt) (1963)"
5696,A Yankee Girl at Fort Sumter,"Curtis, Alice Turner (1958)"
5697,Tales of Chinatown,"Rohmer, Sax (1959)"
5713,Tales of War,"Dunsany, Lord (1957)"
5717,Bergson and His Philosophy,"Gunn, John Alexander (1975)"
5735,The Valley of the Giants,"Kyne, Peter B. (Peter Bernard) (1957)"
5738,"Cappy Ricks; Or, the Subjugation of Matt Peasley","Kyne, Peter B. (Peter Bernard) (1957)"
5740,Tractatus Logico-Philosophicus,"Russell, Bertrand (1970)"
5749,"Comedies by Holberg : Jeppe of the Hill, The Political Tinker, Erasmus Montanus","Campbell, Oscar James (1970)"
5771,"The Art of the Exposition Personal Impressions of the Architecture, Sculpture, Mural Decorations, Color Scheme & Other Aesthetic Aspects of the Panama-Pacific International Exposition","Neuhaus, Eugen (1963)"
5774,They Call Me Carpenter: A Tale of the Second Coming,"Sinclair, Upton (1968)"
5776,100%: the Story of a Patriot,"Sinclair, Upton (1968)"
5791,Mrs. Peter Rabbit,"Burgess, Thornton W. (Thornton Waldo) (1965)"
5797,Youth Challenges,"Kelland, Clarence Budington (1964)"
5800,The Marvelous Exploits of Paul Bunyan As Told in the Camps of the White Pine Lumbermen for Generations During Which Time the Loggers Have Pioneered the Way Through the North Woods From Maine to California. Collected from Various Sources and Embellished for Publication,"Laughead, William B. (1958)"
5803,Not that it Matters,"Milne, A. A. (Alan Alexander) (1956)"
5806,The Pot Boiler: A Comedy in Four Acts,"Sinclair, Upton (1968)"
5807,Sylvia's Marriage: A Novel,"Sinclair, Upton (1968)"
5829,The Moneychangers,"Sinclair, Upton (1968)"
5844,The Adventures of Johnny Chuck,"Burgess, Thornton W. (Thornton Waldo) (1965)"
5846,The Adventures of Poor Mrs. Quack,"Burgess, Thornton W. (Thornton Waldo) (1965)"
5876,Ten Englishmen of the Nineteenth Century,"Joy, James Richard (1957)"
5883,The Flying Saucers are Real,"Keyhoe, Donald E. (Donald Edward) (1988)"
5900,"Umboo, the Elephant","Garis, Howard Roger (1962)"
5947,Billy Bunny and Uncle Bull Frog,"Cory, David (1966)"
5954,Religious Reality: A Book for Men,"Rawlinson, A. E. J. (Alfred Edward John) (1960)"
5961,Samuel the Seeker,"Sinclair, Upton (1968)"
5964,Love's Pilgrimage: A Novel,"Sinclair, Upton (1968)"
5982,Eeldrop and Appleplex,"Eliot, T. S. (Thomas Stearns) (1965)"
5989,"The Curlytops on Star Island; Or, Camping out with Grandpa","Garis, Howard Roger (1962)"
6016,"Roast Beef, Medium: The Business Adventures of Emma McChesney","Ferber, Edna (1968)"
6020,Cappy Ricks Retires: But That Doesn't Keep Him from Coming Back Stronger Than Ever,"Kyne, Peter B. (Peter Bernard) (1957)"
6057,Fran,"Ellis, J. Breckenridge (John Breckenridge) (1956)"
6088,The Lay of the Cid,"Rose, R. Selden (Robert Selden) (1964)"
6106,Definitions: Essays in Contemporary Criticism [First Series],"Canby, Henry Seidel (1961)"
6115,The Long Chance,"Kyne, Peter B. (Peter Bernard) (1957)"
6122,Tobogganing on Parnassus,"Adams, Franklin P. (Franklin Pierce) (1960)"
6126,Quotations from Georg Ebers,"Widger, David (2021)"
6136,Bars and Shadows: The Prison Poems of Ralph Chaplin,"Chaplin, Ralph (1961)"
6137,"The Home of the Blizzard Being the Story of the Australasian Antarctic Expedition, 1911-1914","Mawson, Douglas, Sir (1958)"
6347,Hobson's Choice: A Lancashire Comedy in Four Acts,"Brighouse, Harold (1958)"
6362,Three Soldiers,"Dos Passos, John (1970)"
6382,Bat Wing,"Rohmer, Sax (1959)"
6410,Once Aboard the Lugger-- The History of George and his Mary,"Hutchinson, A. S. M. (Arthur Stuart-Menteth) (1971)"
6415,This Freedom,"Hutchinson, A. S. M. (Arthur Stuart-Menteth) (1971)"
6417,A Political and Social History of Modern Europe V.1.,"Hayes, Carlton J. H. (Carlton Joseph Huntley) (1964)"
6879,The Gold Bat,"Wodehouse, P. G. (Pelham Grenville) (1975)"
6452,Right Royal,"Masefield, John (1967)"
6456,Public opinion,"Lippmann, Walter (1974)"
6460,Problems in American Democracy,"Williamson, Thames (1961)"
6506,Old Mission Stories of California,"Carter, Charles Franklin (1957)"
6565,Chaucer's Official Life,"Hulbert, James R. (James Root) (1969)"
6574,Watchers of the Sky,"Noyes, Alfred (1958)"
6579,"Men, Women, and God A Discussion of Sex Questions from the Christian Point of View","Gray, A. Herbert (Arthur Herbert) (1956)"
6587,King Arthur's Socks and Other Village Plays,"Dell, Floyd (1969)"
6588,"Types of Children's Literature A Collection of the World's Best Literature for Children, For Use in Colleges, Normal Schools and Library Schools","Barnes, Walter (1969)"
6590,Quotations from the PG Collected Works of Gilbert Parker,"Widger, David (2021)"
6631,The Sculpture and Mural Decorations of the Exposition A Pictorial Survey of the Art of the Panama-Pacific international exposition,"Perry, Stella G. S. (Stella George Stern) (1956)"
6675,The Loss of the S. S. Titanic: Its Story and Its Lessons,"Beesley, Lawrence (1967)"
6678,Nonsenseorship,"Hecht, Ben (1964)"
6683,The Little Nugget,"Wodehouse, P. G. (Pelham Grenville) (1975)"
6684,Uneasy Money,"Wodehouse, P. G. (Pelham Grenville) (1975)"
6747,The Log of the Empire State,"Shaffer, Geneve L. A. (1976)"
6753,Psmith in the City,"Wodehouse, P. G. (Pelham Grenville) (1975)"
6763,Aristotle on the art of poetry,"Murray, Gilbert (1957)"
6768,The Man Upstairs and Other Stories,"Wodehouse, P. G. (Pelham Grenville) (1975)"
6814,"The Curlytops at Uncle Frank's Ranch; Or, Little Folks on Ponyback","Garis, Howard Roger (1962)"
6836,Three Men and a Maid,"Wodehouse, P. G. (Pelham Grenville) (1975)"
6837,The Little Warrior,"Wodehouse, P. G. (Pelham Grenville) (1975)"
6845,The Whistling Mother,"Richmond, Grace S. (Grace Smith) (1959)"
6860,Keineth,"Abbott, Jane (1968)"
6864,Average Jones,"Adams, Samuel Hopkins (1958)"
6873,Mark Twain,"Henderson, Archibald (1963)"
6877,The Head of Kay's,"Wodehouse, P. G. (Pelham Grenville) (1975)"
6880,The Coming of Bill,"Wodehouse, P. G. (Pelham Grenville) (1975)"
6894,Chimes of Mission Bells; an historical sketch of California and her missions,"Field, Maria Antonia (1962)"
6895,"The Camp Fire Girls Go Motoring; Or, Along the Road That Leads the Way","Frey, Hildegard G. (1957)"
6912,School and Home Cooking,"Greer, Carlotta C. (Carlotta Cherryholmes) (1965)"
6927,The White Feather,"Wodehouse, P. G. (Pelham Grenville) (1975)"
6955,The Prince and Betty,"Wodehouse, P. G. (Pelham Grenville) (1975)"
6980,Tales of St. Austin's,"Wodehouse, P. G. (Pelham Grenville) (1975)"
6984,The Pothunters,"Wodehouse, P. G. (Pelham Grenville) (1975)"
6985,A Prefect's Uncle,"Wodehouse, P. G. (Pelham Grenville) (1975)"
6992,Belinda: An April Folly in Three Acts,"Milne, A. A. (Alan Alexander) (1956)"
7017,A Study in Tinguian Folk-Lore,"Cole, Fay-Cooper (1961)"
7020,Louis Agassiz as a Teacher; illustrative extracts on his method of instruction,"Cooper, Lane (1959)"
7028,The Clicking of Cuthbert,"Wodehouse, P. G. (Pelham Grenville) (1975)"
7039,"The Angel Adjutant of ""Twice Born Men""","Carpenter, Minnie Lindsay Rowell (1960)"
7047,Back to Billabong,"Bruce, Mary Grant (1958)"
7050,"The Swoop! or, How Clarence Saved England: A Tale of the Great Invasion","Wodehouse, P. G. (Pelham Grenville) (1975)"
7072,"Tramping Through Mexico, Guatemala and Honduras Being the Random Notes of an Incurable Vagabond","Franck, Harry Alverson (1962)"
7077,We Can't Have Everything: A Novel,"Hughes, Rupert (1956)"
7123,"Home Vegetable Gardening A Complete and Practical Guide to the Planting and Care of All Vegetables, Fruits and Berries Worth Growing for Home Use","Rockwell, F. F. (Frederick Frye) (1976)"
7167,The Guide to Reading — the Pocket University Volume XXIII,"Dickinson, Asa Don (1960)"
7190,The Biography of a Rabbit,"Benson, Roy (1990)"
7208,Kathleen,"Morley, Christopher (1957)"
7224,Within You is the Power,"Hamblin, Henry Thomas (1958)"
7230,Not George Washington — an Autobiographical Novel,"Wodehouse, P. G. (Pelham Grenville) (1975)"
7234,"Species and Varieties, Their Origin by Mutation","MacDougal, Daniel Trembly (1958)"
7239,"Men, Women, and Boats","Starrett, Vincent (1974)"
7253,The Letter-Bag of Lady Elizabeth Spencer-Stanhope — Volume 1,"Stirling, A. M. W. (Anna Maria Wilhelmina) (1965)"
7275,Ezra Pound: His Metric and Poetry,"Eliot, T. S. (Thomas Stearns) (1965)"
7294,Battle Studies; Ancient and Modern Battle,"Greely, John N. (John Nesmith) (1965)"
7296,"John M. Synge: a Few Personal Recollections, with Biographical Notes","Masefield, John (1967)"
7298,William Tell Told Again,"Wodehouse, P. G. (Pelham Grenville) (1975)"
7310,Mr. Pim Passes By: A Comedy in Three Acts,"Milne, A. A. (Alan Alexander) (1956)"
7321,The Nibelungenlied Translated into Rhymed English Verse in the Metre of the Original,"Needler, G. H. (George Henry) (1962)"
7365,If I May,"Milne, A. A. (Alan Alexander) (1956)"
7369,Jim Davis,"Masefield, John (1967)"
7411,"An Art-Lovers Guide to the Exposition Explanations of the Architecture, Sculpture and Mural Paintings, With a Guide for Study in the Art Gallery","Cheney, Sheldon (1980)"
7423,Mike,"Wodehouse, P. G. (Pelham Grenville) (1975)"
7424,The Wishing-Ring Man,"Widdemer, Margaret (1978)"
7464,The Adventures of Sally,"Wodehouse, P. G. (Pelham Grenville) (1975)"
7471,"The Man with Two Left Feet, and Other Stories","Wodehouse, P. G. (Pelham Grenville) (1975)"
7477,The Book of Wonder,"Dunsany, Lord (1957)"
7480,The Created Legend,"Cournos, John (1966)"
7515,The Glory of the Trenches,"Dawson, Coningsby (1959)"
7520,Snow-Blind,"Burt, Katharine Newlin (1977)"
7522,King Coal,"Sinclair, Upton (1968)"
7530,The Renascence of Hebrew Literature (1743-1885),"Slouschz, Nahum (1966)"
7531,A Book of Old Ballads — Volume 1,"Nichols, Beverley (1983)"
7532,A Book of Old Ballads — Volume 2,"Nichols, Beverley (1983)"
7533,A Book of Old Ballads — Volume 3,"Nichols, Beverley (1983)"
7534,A Book of Old Ballads — Volume 4,"Nichols, Beverley (1983)"
7535,A Book of Old Ballads — Complete,"Nichols, Beverley (1983)"
7538,Quotes and Images from the Memoirs of Jacques Casanova de Seingalt,"Widger, David (2021)"
7539,Quotes and Images from Chesterfield's Letters to His Son,"Widger, David (2021)"
7540,Quotes and Images from Christopher Columbus,"Widger, David (2021)"
7541,Quotes and Images from Celebrated Crimes,"Widger, David (2021)"
7542,Quotes and Images From The Novels of Georg Ebers,"Widger, David (2021)"
7543,Quotes and Images From The Tales and Novels of Jean de La Fontaine,"Widger, David (2021)"
7544,Quotes and Images From the Works of John Galsworthy,"Widger, David (2021)"
7545,"Quotes and Images From the Works of Oliver Wendell Holmes, Sr.","Widger, David (2021)"
7546,Quotes and Images From The Works of William Dean Howells,"Widger, David (2021)"
7547,Quotes and Images from the Writings of Abraham Lincoln,"Widger, David (2021)"
7548,Quotes and Images From The Confessions of Harry Lorrequer,"Widger, David (2021)"
7549,Quotes and Images From The Short Stories of Maupassant,"Widger, David (2021)"
7550,Quotes and Images From The Works of George Meredith,"Widger, David (2021)"
7551,Quotes and Images From The Works of Michel De Montaigne,"Widger, David (2021)"
7552,Quotes and Images From Motley's History of the Netherlands,"Widger, David (2021)"
7553,Quotes and Images From The Works of Gilbert Parker,"Widger, David (2021)"
7554,Quotes and Images From The Diary of Samuel Pepys,"Widger, David (2021)"
7555,Quotes and Images From The Confessions of Jean Jacques Rousseau,"Widger, David (2021)"
7556,Quotes and Images From The Works of Mark Twain,"Widger, David (2021)"
7557,Quotes and Images From The Works of Charles Dudley Warner,"Widger, David (2021)"
7558,Quotes and Images From Memoirs of Marie Antoinette,"Widger, David (2021)"
7559,Quotes and Images from Memoirs of the Court of St. Cloud,"Widger, David (2021)"
7560,Quotes and Images From Memoirs of Count Grammont,"Widger, David (2021)"
7561,Quotes and Images From Memoirs of Louis XV. and XVI.,"Widger, David (2021)"
7562,Quotes and Images From Memoirs of Madame De Montespan,"Widger, David (2021)"
7563,Quotes and Images From Memoirs of Louis XIV.,"Widger, David (2021)"
7564,Quotes and Images From Memoirs of Cardinal De Retz,"Widger, David (2021)"
7565,Quotes and Images From Memoirs of Louis XIV.,"Widger, David (2021)"
7566,Quotes and Images From Memoirs of Marguerite de Valois,"Widger, David (2021)"
7567,Widger's Quotes and Images from The Ink Stain by René Bazin The French Immortals: Quotes and Images,"Widger, David (2021)"
7568,Widger's Quotes and Images from Jacqueline by Therese Bentzon The French Immortals: Quotes And Images,"Widger, David (2021)"
7569,Widger's Quotes and Images from Gerfaut by Charles de Bernard The French Immortals: Quotes And Images,"Widger, David (2021)"
7570,Widger's Quotes and Images from Cosmopolis by Paul Bourget The French Immortals: Quotes And Images,"Widger, David (2021)"
7571,Widger's Quotes and Images from Zilah by Jules Claretie The French Immortals: Quotes And Images,"Widger, David (2021)"
7572,Widger's Quotes and Images from A Romance of Youth by François Coppée The French Immortals: Quotes And Images,"Widger, David (2021)"
7573,Widger's Quotes and Images from Fromont and Risler by Alphonse Daudet The French Immortals: Quotes and Images,"Widger, David (2021)"
7574,Widger's Quotes and Images from Cinq Mars by Alfred de Vigny The French Immortals: Quotes and Images,"Widger, David (2021)"
7575,"Widger's Quotes and Images from Monsieur, Madame, and Bébé by Gustave Droz The French Immortals: Quotes and Images","Widger, David (2021)"
7576,Widger's Quotes and Images from Monsieur de Camors by Octave Feuillet The French Immortals: Quotes and Images,"Widger, David (2021)"
7577,Widger's Quotes and Images from The Red Lily by Anatole France The French Immortals: Quotes and Images,"Widger, David (2021)"
7578,Widger's Quotes and Images from L'Abbe Constantin by Ludovic Halévy The French Immortals: Quotes and Images,"Widger, David (2021)"
7579,Widger's Quotes and Images from Madame Chrysantheme by Pierre Loti The French Immortals: Quotes and Images,"Widger, David (2021)"
7580,Widger's Quotes and Images from Conscience by Hector Malot The French Immortals: Quotes and Images,"Widger, David (2021)"
7581,Widger's Quotes and Images from Zibeline by Phillipe de Massa The French Immortals: Quotes and Images,"Widger, David (2021)"
7582,Widger's Quotes and Images from The Confession of a Child of the Century by Alfred de Musset The French Immortals: Quotes and Images,"Widger, David (2021)"
7583,Widger's Quotes and Images from Serge Panine by George Ohnet The French Immortals: Quotes and Images,"Widger, David (2021)"
7584,Widger's Quotes and Images from An Attic Philosopher in Paris by Émile Souvestre The French Immortals: Quotes and Images,"Widger, David (2021)"
7585,Widger's Quotes and Images from A Woodland Queen by André Theuriet The French Immortals: Quotes and Images,"Widger, David (2021)"
7700,Lysistrata,"Lindsay, Jack (1990)"
7764,Little Bear at Work and at Play,"Fox, Frances Margaret (1959)"
7765,Night Must Fall : a Play in Three Acts,"Williams, Emlyn (1987)"
7774,"The Journal of Arthur Stirling : (""The Valley of the Shadow"")","Sinclair, Upton (1968)"
7776,The Call of the Cumberlands,"Buck, Charles Neville (1957)"
7780,Notes to Shakespeare — Volume 01: Comedies,"Sherbo, Arthur (2010)"
7785,Leonardo Da Vinci,"Brockwell, Maurice W. (1958)"
7787,A Complete Grammar of Esperanto,"Reed, Ivy Kellerman (1968)"
7801,Five Little Friends,"Adams, Sherred Willcox (1960)"
7803,The Story of Sugar,"Bassett, Sara Ware (1968)"
7804,"Expressive Voice Culture, Including the Emerson System","Southwick, Jessie Eldridge (1957)"
7805,First Plays,"Milne, A. A. (Alan Alexander) (1956)"
7837,The Nest Builder: A Novel,"Hale, Beatrice Forbes-Robertson (1967)"
7838,Fifty-One Tales,"Dunsany, Lord (1957)"
7856,The Cheerful Cricket and Others,"Marks, Jeannette Augustus (1964)"
7928,The Poet's Poet : essays on the character and mission of the poet as interpreted in English verse of the last one hundred and fifty years,"Atkins, Elizabeth (1962)"
7940,"The Native Born; or, the Rajah's People","Wylie, I. A. R. (Ida Alexa Ross) (1959)"
7947,The Diary of a U-boat Commander With an Introduction and Explanatory Notes by Etienne,"King-Hall, Stephen, Sir (1966)"
7962,"""Over the Top,"" by an American Soldier Who Went Together with Tommy's Dictionary of the Trenches","Empey, Arthur Guy (1963)"
7968,Lying Prophets: A Novel,"Phillpotts, Eden (1960)"
7983,The Vitamine Manual,"Eddy, Walter Hollis (1959)"
7988,A Thousand and One Afternoons in Chicago,"Hecht, Ben (1964)"
8094,Certain Noble Plays of Japan: From the manuscripts of Ernest Fenollosa,"Pound, Ezra (1972)"
8129,A Dreamer's Tales,"Dunsany, Lord (1957)"
8141,Mr. Hawkins' Humorous Adventures,"Franklin, Edgar (1958)"
8148,Youth and Egolatry,"Baroja, Pío (1956)"
8164,My man Jeeves,"Wodehouse, P. G. (Pelham Grenville) (1975)"
8176,"Death at the Excelsior, and other stories","Wodehouse, P. G. (Pelham Grenville) (1975)"
8178,"The Politeness of Princes, and Other School Stories","Wodehouse, P. G. (Pelham Grenville) (1975)"
8183,Time and the Gods,"Dunsany, Lord (1957)"
8190,A Wodehouse Miscellany: Articles & Stories,"Wodehouse, P. G. (Pelham Grenville) (1975)"
8378,Selected Polish Tales,"Busch, Marie (1958)"
8395,The Gods of Pegana,"Dunsany, Lord (1957)"
8418,Hippolytus; The Bacchae,"Murray, Gilbert (1957)"
8426,Poems of Paul Verlaine,"Brownell, Gertrude Hall (1961)"
8435,The sturdy oak,"Fisher, Dorothy Canfield (1958)"
8437,The Path of Life,"Streuvels, Stijn (1969)"
8444,Cæsar or Nothing,"Baroja, Pío (1956)"
8446,The Enormous Room,"Cummings, E. E. (Edward Estlin) (1962)"
8465,The Russian Revolution; The Jugo-Slav Movement,"Petrunkevitch, Alexander (1964)"
8496,The Quest,"Baroja, Pío (1956)"
8499,Plays: the Father; Countess Julie; the Outlaw; the Stronger,"Oland, Edith (1968)"
8500,Plays: Comrades; Facing Death; Pariah; Easter,"Oland, Edith (1968)"
8505,"Normandy: The Scenery & Romance of Its Ancient Towns, Complete","Home, Gordon (1969)"
8521,Maintaining Health (Formerly Health and Efficiency),"Alsaker, Rasmus Larssen (1960)"
8550,"T. Haviland Hicks, Senior","Elderdice, James Raymond (1967)"
8555,Initiation into Literature,"Gordon, Home (1956)"
8565,A Book of German Lyrics,"Bruns, Friedrich (1961)"
8593,"Normandy: The Scenery & Romance of Its Ancient Towns, Part 1","Home, Gordon (1969)"
8594,"Normandy: The Scenery & Romance of Its Ancient Towns, Part 2","Home, Gordon (1969)"
8595,"Normandy: The Scenery & Romance of Its Ancient Towns, Part 3","Home, Gordon (1969)"
8598,Introduction to the Dramas of Balzac,"McSpadden, J. Walker (Joseph Walker) (1960)"
8660,Woman and the New Race,"Sanger, Margaret (1966)"
8662,The Camp Fire Girls at Sunrise Hill,"Vandercook, Margaret (1958)"
8713,A Man of Means,"Wodehouse, P. G. (Pelham Grenville) (1975)"
8715,Gallantry: Dizain des Fetes Galantes,"Cabell, James Branch (1958)"
8729,The Dancing Mouse: A Study in Animal Behavior,"Yerkes, Robert Mearns (1956)"
8730,A Little Bush Maid,"Bruce, Mary Grant (1958)"
8771,Jurgen: A Comedy of Justice,"Cabell, James Branch (1958)"
8773,Birth Control: A Statement of Christian Doctrine against the Neo-Malthusians,"Sutherland, Halliday (1960)"
8866,Wild Flowers Worth Knowing,"Dickinson, Asa Don (1960)"
8868,Botchan (Master Darling),"Mori, Yasotaro (1959)"
8890,Mary Jane: Her Book,"Judson, Clara Ingram (1960)"
8930,Counter-Attack and Other Poems,"Sassoon, Siegfried (1967)"
8931,The Gem Collector,"Wodehouse, P. G. (Pelham Grenville) (1975)"
9055,Bad Medicine,"Sheckley, Robert (2005)"
9089,Handel,"Dent, Edward J. (Edward Joseph) (1957)"
9172,A Study of Association in Insanity,"Kent, Grace Helen (1973)"
9304,Initiation into Philosophy,"Gordon, Home (1956)"
9310,Casanova's Homecoming,"Paul, Cedar (1972)"
9363,The best British short stories of 1922,"Cournos, John (1966)"
9412,A Woman Tenderfoot,"Seton-Thompson, Grace Gallatin (1959)"
9404,The Story of the Malakand Field Force: An Episode of Frontier War,"Churchill, Winston (1965)"
9456,Opera Stories from Wagner,"Akin, Florence (1962)"
9459,Indian Legends of Vancouver Island,"Carmichael, Alfred (1963)"
9461,The Foolish Lovers,"Ervine, St. John G. (St. John Greer) (1971)"
9488,The Line of Love; Dizain des Mariages,"Cabell, James Branch (1958)"
9547,The Cruise of the Dry Dock,"Stribling, T. S. (Thomas Sigismund) (1965)"
9608,The Cords of Vanity: A Comedy of Shirking,"Cabell, James Branch (1958)"
9640,"Georgian poetry, 1920-22","Armstrong, Martin (1974)"
9650,Independent Bohemia An Account of the Czecho-Slovak Struggle for Liberty,"Nosek, Vladimir (1964)"
9652,Miscellany of Poetry 1919,"Seymour, William Kean (1975)"
9663,Domnei: A Comedy of Woman-Worship,"Cabell, James Branch (1958)"
9748,The Old Gray Homestead,"Keyes, Frances Parkinson (1970)"
9749,The Highwayman,"Bailey, H. C. (Henry Christopher) (1961)"
9793,Josephus,"Bentwich, Norman (1971)"
9829,The Jewel Merchants: A Comedy in One Act,"Cabell, James Branch (1958)"
9858,Star-Dust: A Story of an American Girl,"Hurst, Fannie (1968)"
9862,City of Endless Night,"Hastings, Milo (1957)"
9864,Humoresque: A Laugh on Life with a Tear Behind It,"Hurst, Fannie (1968)"
9917,"Your Child: Today and Tomorrow Some Problems for Parents Concerning Punishment, Reasoning, Lies, Ideals and Ambitions, Fear, Work and Play, Imagination, Social Activities, Obedience, Adolescence, Will, Heredity","Gruenberg, Sidonie Matsner (1974)"
9931,K,"Rinehart, Mary Roberts (1958)"
9973,Yorkshire,"Home, Gordon (1969)"
9978,The Happy Foreigner,"Bagnold, Enid (1981)"
10008,The Mystery,"Adams, Samuel Hopkins (1958)"
10025,Gaslight Sonatas,"Hurst, Fannie (1968)"
10041,The Rivet in Grandfather's Neck: A Comedy of Limitations,"Cabell, James Branch (1958)"
10063,Happiness and Marriage,"Towne, Elizabeth (1960)"
10067,The Mystery of the Boule Cabinet: A Detective Story,"Stevenson, Burton Egbert (1962)"
10073,The Century Vocabulary Builder,"Greever, Garland (1967)"
10094,A Soldier of Virginia: A Tale of Colonel Washington and Braddock's Defeat,"Stevenson, Burton Egbert (1962)"
10096,The Trojan women of Euripides,"Murray, Gilbert (1957)"
10107,With British Guns in Italy: A Tribute to Italian Achievement,"Dalton, Hugh Dalton, Baron (1962)"
10109,The Unspeakable Gentleman,"Marquand, John P. (John Phillips) (1960)"
10120,England of My Heart : Spring,"Hutton, Edward (1969)"
10122,Fairies and Fusiliers,"Graves, Robert (1985)"
10135,"The Great English Short-Story Writers, Volume 1","Dawson, Coningsby (1959)"
10140,Rhetoric and Poetry in the Renaissance A Study of Rhetorical Terms in English Renaissance Literary Criticism,"Clark, Donald Lemen (1966)"
10145,Turkey: a Past and a Future,"Toynbee, Arnold (1975)"
10161,English Poets of the Eighteenth Century,"Bernbaum, Ernest (1958)"
10220,Daddy Takes Us Skating,"Garis, Howard Roger (1962)"
10290,Confession de Minuit: Roman,"Duhamel, Georges (1966)"
10337,Lady into Fox,"Garnett, David (1981)"
10393,Making the House a Home,"Guest, Edgar A. (Edgar Albert) (1959)"
10397,Affairs of State Being an Account of Certain Surprising Adventures Which Befell an American Family in the Land of Windmills,"Stevenson, Burton Egbert (1962)"
10460,When Day is Done,"Guest, Edgar A. (Edgar Albert) (1959)"
10463,The Little House in the Fairy Wood,"Eliot, Ethel Cook (1972)"
10511,A Rogue by Compulsion: An Affair of the Secret Service,"Bridges, Victor (1972)"
10523,Alcestis,"Murray, Gilbert (1957)"
10541,"Children's Classics in Dramatic Form, A Reader for the Fourth Grade","Stevenson, Augusta (1976)"
10554,"Right Ho, Jeeves","Wodehouse, P. G. (Pelham Grenville) (1975)"
10586,Mike and Psmith,"Wodehouse, P. G. (Pelham Grenville) (1975)"
10599,Lost in the Air,"Snell, Roy J. (Roy Judson) (1959)"
10621,Birthright: A Novel,"Stribling, T. S. (Thomas Sigismund) (1965)"
10668,The War and Democracy,"Wilson, John Dover (1969)"
10674,How to Use Your Mind A Psychology of Study: Being a Manual for the Use of Students and Teachers in the Administration of Supervised Study,"Kitson, Harry Dexter (1959)"
10688,"The Camp Fire Girls at Camp Keewaydin; Or, Paddles Down","Frey, Hildegard G. (1957)"
10713,"The Bullitt Mission to Russia Testimony before the Committee on Foreign Relations, United States Senate, of William C. Bullitt","Bullitt, William C. (William Christian) (1967)"
10725,The Centralia Conspiracy,"Chaplin, Ralph (1961)"
10747,Chantecler: Play in Four Acts,"Brownell, Gertrude Hall (1961)"
10763,It can be done,"Adams, St. Clair (1967)"
10772,Inca Land: Explorations in the Highlands of Peru,"Bingham, Hiram (1956)"
10795,Yorkshire—Coast and Moorland Scenes,"Home, Gordon (1969)"
10806,The Sword of Welleran and Other Stories,"Dunsany, Lord (1957)"
10843,The Mental Life of Monkeys and Apes: A Study of Ideational Behavior,"Yerkes, Robert Mearns (1956)"
10882,The Eagle's Shadow,"Cabell, James Branch (1958)"
10932,Over the Pass,"Palmer, Frederick (1958)"
10944,From a Bench in Our Square,"Adams, Samuel Hopkins (1958)"
10957,"The Love Affairs of Great Musicians, Volume 1","Hughes, Rupert (1956)"
10961,Lawn Tennis for Ladies,"Lambert Chambers, Mrs. (1960)"
10967,Four Weeks in the Trenches: The War Story of a Violinist,"Kreisler, Fritz (1962)"
10970,Pragmatism,"Murray, D. L. (David Leslie) (1962)"
10978,Hidden Creek,"Burt, Katharine Newlin (1977)"
11009,"Labor's Martyrs: Haymarket 1887, Sacco and Vanzetti 1927","Foster, William Z. (1961)"
11014,Christmas in Legend and Story: A Book for Boys and Girls,"Smith, Elva Sophronia (1965)"
11020,"Angels and Ministers, and Other Victorian Plays","Housman, Laurence (1959)"
12639,Spanish Doubloons,"Kenyon, Camilla (1957)"
11037,La veille d'armes: Pièce en cinq actes,"Farrère, Claude (1957)"
11040,"Le passage, suivi de Transfiguration (Nouvelle)","Aleramo, Sibilla (1960)"
11043,Midnight,"Cohen, Octavus Roy (1959)"
11046,La vie d'Ernest Psichari,"Massis, Henri (1970)"
11062,The Dozen from Lakerim,"Hughes, Rupert (1956)"
11086,A Surgeon in Belgium,"Souttar, Henry Sessions (1964)"
11116,The Wonderful Bed,"Knevels, Gertrude (1962)"
11127,The Case of Jennie Brice,"Rinehart, Mary Roberts (1958)"
11156,Buddy and Brighteyes Pigg: Bed Time Stories,"Garis, Howard Roger (1962)"
11163,Potterism: A Tragi-Farcical Tract,"Macaulay, Rose (1958)"
11165,Wild Wings: A Romance of Youth,"Chalmers, Margaret Piper (1962)"
11200,"The World War and What was Behind It; Or, The Story of the Map of Europe","Bénézet, Louis Paul (1961)"
11216,The Happy Venture,"Price, Edith Ballinger (1997)"
11221,The Bent Twig,"Fisher, Dorothy Canfield (1958)"
11223,Big Timber: A Story of the Northwest,"Sinclair, Bertrand W. (1972)"
11232,Bullets & Billets,"Bairnsfather, Bruce (1959)"
11249,"Four Famous American Writers: Washington Irving, Edgar Allan Poe, James Russell Lowell, Bayard Taylor A Book for Young Americans","Cody, Sherwin (1959)"
11283,Plays of Gods and Men,"Dunsany, Lord (1957)"
11345,Education as Service,"Krishnamurti, J. (Jiddu) (1986)"
11367,A History of China,"Eberhard, Wolfram (1989)"
11394,Fighting in Flanders,"Powell, E. Alexander (Edward Alexander) (1957)"
11395,Cheerful—By Request,"Ferber, Edna (1968)"
11402,The Sky Line of Spruce,"Marshall, Edison (1967)"
11414,In the Claws of the German Eagle,"Williams, Albert Rhys (1962)"
11419,"The Love Affairs of Great Musicians, Volume 2","Hughes, Rupert (1956)"
11440,Tales of Three Hemispheres,"Dunsany, Lord (1957)"
11574,Master Skylark: A Story of Shakspere's Time,"Bennett, John (1956)"
11639,Figures of Earth: A Comedy of Appearances,"Cabell, James Branch (1958)"
11642,"What to See in England A Guide to Places of Historic Interest, Natural Beauty or Literary Association","Home, Gordon (1969)"
11658,"A Williams Anthology A Collection of the Verse and Prose of Williams College, 1798-1910","Park, Julian (1965)"
11664,"The Camp Fire Girls Do Their Bit; Or, Over the Top with the Winnebagos","Frey, Hildegard G. (1957)"
11679,The White Road to Verdun,"Burke, Kathleen (1958)"
11682,The Soul of the War,"Gibbs, Philip (1962)"
11690,Calvert of Strathore,"Goodloe, Abbe Carter (1960)"
11716,The Balkans: A History of Bulgaria—Serbia—Greece—Rumania—Turkey,"Mitrany, David (1975)"
11718,"The Camp Fire Girls at School; Or, The Wohelo Weavers","Frey, Hildegard G. (1957)"
11752,Chivalry: Dizain des Reines,"Cabell, James Branch (1958)"
11758,Baldy of Nome,"Darling, Esther Birdsall (1965)"
14734,Second Plays,"Milne, A. A. (Alan Alexander) (1956)"
11878,"Three Plays: The Fiddler's House, The Land, Thomas Muskerry","Colum, Padraic (1972)"
11895,Peace Theories and the Balkan War,"Angell, Norman (1967)"
11912,The Brown Study,"Richmond, Grace S. (Grace Smith) (1959)"
11915,The Adventures of Mr. Mocker,"Burgess, Thornton W. (Thornton Waldo) (1965)"
11924,The Loves of Krishna in Indian Painting and Poetry,"Archer, W. G. (William George) (1979)"
11936,The Wise Mamma Goose,"Herr, Charlotte B. (Charlotte Bronte) (1963)"
11938,Folklore of the Santal Parganas,"Bompas, Cecil Henry (1956)"
11965,Sex and Common-Sense,"Royden, A. Maude (Agnes Maude) (1956)"
11977,The United Empire Loyalists: A Chronicle of the Great Migration [1914 ed.],"Wallace, W. Stewart (William Stewart) (1970)"
11980,A Tramp's Sketches,"Graham, Stephen (1975)"
11998,Sight to the Blind,"Furman, Lucy S. (1958)"
12013,My Year of the War Including an Account of Experiences with the Troops in France and the Record of a Visit to the Grand Fleet Which is Here Given for the First Time in its Complete Form,"Palmer, Frederick (1958)"
12031,Collected Poems 1901-1918 in Two Volumes. Volume I.,"De la Mare, Walter (1956)"
12032,Collected Poems 1901-1918 in Two Volumes. Volume II.,"De la Mare, Walter (1956)"
12034,"Knights of Malta, 1523-1798","Cohen, Reuben (1981)"
12084,Revelations of a Wife The Story of a Honeymoon,"Garrison, Adele (1956)"
12093,The Song of the Stone Wall,"Keller, Helen (1968)"
12136,Government and Administration of the United States,"Willoughby, William F. (William Franklin) (1960)"
12164,Strawberry Acres,"Richmond, Grace S. (Grace Smith) (1959)"
12171,Women Workers in Seven Professions A Survey of Their Economic Conditions and Prospects,"Morley, Edith J. (Edith Julia) (1964)"
12185,My Home in the Field of Honor,"Huard, Frances Wilson (1969)"
12218,"Pastoral Poetry & Pastoral Drama A Literary Inquiry, with Special Reference to the Pre-Restoration Stage in England","Greg, W. W. (Walter Wilson) (1959)"
12220,Rada: A Drama of War in One Act,"Noyes, Alfred (1958)"
12257,The Go-Getter: A Story That Tells You How to be One,"Kyne, Peter B. (Peter Bernard) (1957)"
12296,"Camps and Trails in China A Narrative of Exploration, Adventure, and Sport in Little-Known China","Andrews, Roy Chapman (1960)"
12320,Civilization and Beyond: Learning from History,"Nearing, Scott (1983)"
12330,A Volunteer Poilu,"Beston, Henry (1968)"
12418,The Land of Deepening Shadow: Germany-at-War,"Curtin, D. Thomas (Daniel Thomas) (1963)"
12494,Note-Book of Anton Chekhov,"Woolf, Leonard (1969)"
12512,The Deacon of Dobbinsville A Story Based on Actual Happenings,"Morrison, John Arch (1965)"
12523,"Crusaders of New France A Chronicle of the Fleur-de-Lis in the Wilderness Chronicles of America, Volume 4","Munro, William Bennett (1957)"
12527,Kimono,"Paris, John (1976)"
12542,"Ravenna, a Study","Hutton, Edward (1969)"
12545,Traditions of the Tinguian: a Study in Philippine Folk-Lore,"Cole, Fay-Cooper (1961)"
12560,Port O' Gold A History-Romance of the San Francisco Argonauts,"Stellman, Louis J. (Louis John) (1961)"
12615,The Song of our Syrian Guest,"Knight, William Allen (1957)"
12630,The Adventures of Old Mr. Toad,"Burgess, Thornton W. (Thornton Waldo) (1965)"
12646,La maison,"Bordeaux, Henry (1963)"
12659,The Vertical City,"Hurst, Fannie (1968)"
12677,"Personality Plus: Some Experiences of Emma McChesney and Her Son, Jock","Ferber, Edna (1968)"
12681,Us and the Bottle Man,"Price, Edith Ballinger (1997)"
12763,Every Soul Hath Its Song,"Hurst, Fannie (1968)"
12769,How to Teach,"Strayer, George D. (George Drayton) (1962)"
12814,Philippine Folk Tales,"Cole, Mabel Cook (1978)"
12832,Said the Observer,"Stellman, Louis J. (Louis John) (1961)"
12839,"The Young Wireless Operator—As a Fire Patrol Or, The Story of a Young Wireless Amateur Who Made Good as a Fire Patrol","Theiss, Lewis E. (Lewis Edwin) (1963)"
12849,"The Tinguian: Social, Religious, and Economic Life of a Philippine Tribe","Cole, Fay-Cooper (1961)"
12857,Cambridge,"Home, Gordon (1969)"
12881,Mrs. Budlong's Christmas Presents,"Hughes, Rupert (1956)"
12909,Romance of the Rabbit,"Edgerton, Gladys (1977)"
12914,One Hundred Best Books With Commentary and an Essay on Books and Reading,"Powys, John Cowper (1963)"
12949,Contes Français,"Buffum, Douglas Labaree (1961)"
12968,"Our Government: Local, State, and National: Idaho Edition","James, James Alton (1962)"
12996,True Version of the Philippine Revolution,"Aguinaldo, Emilio (1964)"
16683,Secret Bread,"Jesse, F. Tennyson (Fryniwyd Tennyson) (1958)"
13034,Mary Minds Her Business,"Weston, George (1965)"
13086,The Diwan of Abu'l-Ala,"Baerlein, Henry (1960)"
13087,Sammie and Susie Littletail,"Garis, Howard Roger (1962)"
13091,Hillsboro People,"Fisher, Dorothy Canfield (1958)"
13097,"Lives of the Most Remarkable Criminals Who have been Condemned and Executed for Murder, the Highway, Housebreaking, Street Robberies, Coining or other offences","Hayward, Arthur Lawrence (1967)"
13136,The Silence: What It Is and How To Use It,"Bush, David V. (David Van) (1959)"
13137,The Secret of Dreams,"Raizizun, Yacki (1966)"
13181,The Boy With the U.S. Census,"Rolt-Wheeler, Francis (1960)"
13208,Characters and events of Roman History,"Ferrero, Frances Lance (1956)"
13209,The Second Violin,"Richmond, Grace S. (Grace Smith) (1959)"
13254,The Dollar Hen,"Hastings, Milo (1957)"
13282,The Island of Faith,"Sangster, Margaret E. (Margaret Elizabeth) (1981)"
13278,Women of the Country,"Bone, Gertrude (1962)"
13301,"The New Ideal in Education An Address Given Before the League of the Empire on July 16th, 1916","Velimirović, Nikolaj (1956)"
13307,Scattergood Baines,"Kelland, Clarence Budington (1964)"
13331,Bell's Cathedrals: The Cathedral Church of Chichester (1901) A Short History & Description of Its Fabric with an Account of the Diocese and See,"Corlette, Hubert C. (Hubert Christian) (1956)"
13343,The Rim of the Desert,"Anderson, Ada Woodruff (1956)"
13350,The Vanity of Human Wishes (1749) and Two Rambler papers (1750),"Bronson, Bertrand Harris (1986)"
13355,Happy Jack,"Burgess, Thornton W. (Thornton Waldo) (1965)"
13370,"Q. E. D., or New Light on the Doctrine of Creation","Price, George McCready (1963)"
13372,The Gloved Hand,"Stevenson, Burton Egbert (1962)"
13388,"The Religious Spirit of the Slavs Three Lectures Given in Lent, 1916","Velimirović, Nikolaj (1956)"
13395,Since Cézanne,"Bell, Clive (1964)"
13397,History of the Comstock Patent Medicine Business and Dr. Morse's Indian Root Pills,"Shaw, Robert B. (2013)"
13403,English Travellers of the Renaissance,"Howard, Clare (1967)"
13420,Across China on Foot,"Dingle, Edwin John (1972)"
13441,The sunny side,"Milne, A. A. (Alan Alexander) (1956)"
13464,Essays on Taste,"Cohen, Ralph (2016)"
13482,What the Schools Teach and Might Teach,"Bobbitt, John Franklin (1956)"
13484,Essay upon Wit,"Boys, Richard C. (Richard Charles) (1975)"
13485,"An Enquiry Concerning the Principles of Taste, and of the Origin of our Ideas of Beauty, etc.","Clifford, James L. (James Lowry) (1978)"
13487,The Ideal Bartender,"Bullock, Tom (1964)"
13488,An Essay on Mediæval Economic Teaching,"O'Brien, George (1973)"
13498,The Fortieth Door,"Bradley, Mary Hastings (1976)"
13526,In the Clutch of the War-God,"Hastings, Milo (1957)"
13532,Kindred of the Dust,"Kyne, Peter B. (Peter Bernard) (1957)"
13537,The Library of Work and Play: Gardening and Farming.,"Shaw, Ellen Eddy (1960)"
13546,The Dark House,"Wylie, I. A. R. (Ida Alexa Ross) (1959)"
13664,Selections from the Writings of Lord Dunsany,"Dunsany, Lord (1957)"
13693,The Theory of Numbers,"Carmichael, R. D. (Robert Daniel) (1967)"
13694,Mince Pie,"Morley, Christopher (1957)"
13702,Non-Euclidean Geometry,"Manning, Henry Parker (1956)"
13706,Socialism and American ideals,"Myers, William Starr (1956)"
13714,Talbot Mundy Biblio Materials Toward a Bibliography of the Works of Talbot Mundy,"Day, Bradford M. (Bradford Marshall) (2004)"
13738,The Last Shot,"Palmer, Frederick (1958)"
13739,"Shandygaff A number of most agreeable Inquirendoes upon Life & Letters, interspersed with Short Stories & Skits, the whole most Diverting to the Reader","Morley, Christopher (1957)"
13751,Characters from the Histories & Memoirs of the Seventeenth Century,"Smith, David Nichol (1962)"
13758,Gerda in Sweden,"McDonald, Etta Blaisdell (1963)"
13791,Psychology and Achievement Being the First of a Series of Twelve Volumes on the Applications of Psychology to the Problems of Personal and Business Efficiency,"Hilton, Warren (1958)"
13820,Unhappy Far-Off Things,"Dunsany, Lord (1957)"
13821,Tales of Wonder,"Dunsany, Lord (1957)"
13836,Wide Courses,"Connolly, James B. (James Brendan) (1957)"
13880,Triple Spies,"Snell, Roy J. (Roy Judson) (1959)"
13890,Canterbury,"Home, Gordon (1969)"
13918,"Secret Chambers and Hiding Places Historic, Romantic, & Legendary Stories & Traditions About Hiding-Holes, Secret Chambers, Etc.","Fea, Allan (1956)"
13940,The Problem of China,"Russell, Bertrand (1970)"
13993,Dere Mable: Love Letters of a Rookie,"Streeter, Edward (1976)"
13998,Ireland and the Home Rule Movement,"McDonnell, Michael, Sir (1956)"
14039,Through stained glass: A Novel,"Chamberlain, George Agnew (1966)"
14047,A Letter to A.H. Esq.; Concerning the Stage (1698) and The Occasional Paper No. IX (1698),"Swedenberg, H. T. (Hugh Thomas) (1978)"
14086,Carry On: Letters in War-Time,"Dawson, Coningsby (1959)"
14090,Elements of Debating: A Manual for Use in High Schools and Academies,"Lyon, Leverett S. (Leverett Samuel) (1959)"
14110,Kernel Cob And Little Miss Sweetclover,"Mitchell, George (1967)"
14119,"The White Riband; Or, A Young Female's Folly","Jesse, F. Tennyson (Fryniwyd Tennyson) (1958)"
14145,If Winter Comes,"Hutchinson, A. S. M. (Arthur Stuart-Menteth) (1971)"
14159,Les Roquevillard,"Bordeaux, Henry (1963)"
14167,The Red Redmaynes,"Phillpotts, Eden (1960)"
14168,Widdershins,"Onions, Oliver (1961)"
14188,Fifty-Two Story Talks to Boys and Girls,"Chidley, Howard J. (Howard James) (1966)"
14219,The Helmet of Navarre,"Runkle, Bertha (1958)"
14301,Atlantida,"Benoît, Pierre (1962)"
14257,The Magician,"Maugham, W. Somerset (William Somerset) (1965)"
14264,The Practice and Science of Drawing,"Speed, Harold (1957)"
14273,Invisible Links,"Flach, Pauline Bancroft (1966)"
14278,The Radio Boys on the Mexican Border,"Breckenridge, Gerald (1964)"
14293,The Complete Book of Cheese,"Brown, Bob (1959)"
14312,"What All The World's A-Seeking The Vital Law of True Life, True Greatness Power and Happiness","Trine, Ralph Waldo (1958)"
14314,Etiquette,"Post, Emily (1960)"
14317,The Sorcery Club,"O'Donnell, Elliott (1965)"
14322,The Electra of Euripides Translated into English rhyming verse,"Murray, Gilbert (1957)"
14325,Taboo and genetics,"Knight, Melvin M. (Melvin Moses) (1981)"
14339,Music Talks with Children,"Tapper, Thomas (1958)"
14363,"The Worst Journey in the World: Antarctic, 1910-1913","Cherry-Garrard, Apsley (1959)"
14375,The Adventures of Grandfather Frog,"Burgess, Thornton W. (Thornton Waldo) (1965)"
14417,The Agamemnon of Aeschylus Translated into English Rhyming Verse with Explanatory Notes,"Murray, Gilbert (1957)"
14426,London to Ladysmith via Pretoria,"Churchill, Winston (1965)"
14457,"Kings, Queens and Pawns: An American Woman at the Front","Rinehart, Mary Roberts (1958)"
14458,A History of Trade Unionism in the United States,"Perlman, Selig (1959)"
14470,"The German Classics of the Nineteenth and Twentieth Centuries, Volume 12","Howard, William Guild (1960)"
14481,"The Function of the Poet, and Other Essays","Mordell, Albert (1965)"
14491,The Twenty-Fourth of June: Midsummer's Day,"Richmond, Grace S. (Grace Smith) (1959)"
14492,Notable Women of Modern China,"Burton, Margaret E. (Margaret Ernestine) (1969)"
14495,De Carmine Pastorali Prefixed to Thomas Creech's translation of the Idylliums of Theocritus (1684),"Congleton, J. E. (James Edmund) (1993)"
14506,The White Linen Nurse,"Abbott, Eleanor Hallowell (1958)"
14515,The Nervous Child,"Cameron, Hector Charles (1958)"
14525,Prefaces to Fiction,"Boyce, Benjamin (1997)"
14527,Children of the Mist,"Phillpotts, Eden (1960)"
14528,Discourse on Criticism and of Poetry From Poems On Several Occasions (1707),"Bredvold, Louis I. (Louis Ignatius) (1977)"
14573,The Truce of God,"Rinehart, Mary Roberts (1958)"
14577,The Teaching of History,"Hartwell, E. C. (Ernest Clark) (1964)"
14604,Scandinavian influence on Southern Lowland Scotch A contribution to the study of the linguistic relations of English and Scandinavian,"Flom, George T. (George Tobias) (1960)"
14613,The foundations of Japan,"Robertson Scott, J. W. (John William) (1962)"
14625,Military Instructors Manual,"Cole, J. P. (James Perry) (1977)"
14633,The Transgressors. Story of a Great Sin. A Political Novel of the Twentieth Century,"Adams, Francis A. (Francis Alexandre) (1975)"
14637,Aspects of Literature,"Murry, John Middleton (1957)"
14657,Philo-Judæus of Alexandria,"Bentwich, Norman (1971)"
14667,A Christmas Garland,"Beerbohm, Max, Sir (1956)"
14676,Women and War Work,"Moyes, Helen Miller (1979)"
14714,Half Portions,"Ferber, Edna (1968)"
14732,The Adventures of Unc' Billy Possum,"Burgess, Thornton W. (Thornton Waldo) (1965)"
14739,The Altar Steps,"MacKenzie, Compton (1972)"
14757,The War Poems of Siegfried Sassoon,"Sassoon, Siegfried (1967)"
14764,The grey book,"Snoek, Johan M. (2012)"
14782,England Over Seas,"Roberts, Lloyd (1966)"
14783,The Twelve Tables,"Coleman-Norton, Paul R. (Paul Robinson) (1971)"
14800,"The present state of wit (1711), and excerpts from The English Theophrastus; or, The manners of the age (1702)","Bond, Donald Frederic (1987)"
14849,"Leaves of life, for daily inspiration","Steinmetz, Margaret Bird (1960)"
14859,Daddy Takes Us to the Garden The Daddy Series for Little Folks,"Garis, Howard Roger (1962)"
14943,An American Idyll: The Life of Carleton H. Parker,"Parker, Cornelia Stratton (1972)"
14957,The Brimming Cup,"Fisher, Dorothy Canfield (1958)"
14958,"Mother West Wind ""Why"" Stories","Burgess, Thornton W. (Thornton Waldo) (1965)"
14973,Essays on Wit No. 2,"Hooker, Edward Niles (1957)"
14980,Outwitting our nerves,"Salisbury, Helen M. (1963)"
15005,Readings in the History of Education: Mediaeval Universities,"Norton, Arthur O. (1959)"
15007,The belles of Canterbury,"Stewart, Anna Bird (1968)"
15033,Tell England: A Study in a Generation,"Raymond, Ernest (1974)"
15041,The Negro Problem,"Du Bois, W. E. B. (William Edward Burghardt) (1963)"
15053,The Evolution of an English Town,"Home, Gordon (1969)"
15074,His Majesties Declaration Defended,"Davies, Godfrey (1957)"
15120,The Broadway Anthology,"Bernays, Edward L. (1995)"
15140,Washington's Birthday,"Schauffler, Robert Haven (1964)"
15143,Famous Modern Ghost Stories,"Closser, Myla Jo (1962)"
15160,On Commando,"Van Warmelo, Dietlof (1966)"
15167,London River,"Tomlinson, H. M. (Henry Major) (1958)"
15168,Bowser the Hound,"Burgess, Thornton W. (Thornton Waldo) (1965)"
15170,The Child's World: Third Reader,"Browne, Hetty Sibyl (1966)"
15177,Nocturne,"Swinnerton, Frank (1982)"
15194,Out To Win: The Story of America in France,"Dawson, Coningsby (1959)"
15200,Selections From the Works of John Ruskin,"Tinker, Chauncey Brewster (1963)"
15210,Darkwater: Voices from Within the Veil,"Du Bois, W. E. B. (William Edward Burghardt) (1963)"
15248,Success (Second Edition),"Beaverbrook, Max Aitken, Baron (1964)"
15265,The Quest of the Silver Fleece: A Novel,"Du Bois, W. E. B. (William Edward Burghardt) (1963)"
15280,"Lulu, Alice and Jimmie Wibblewobble","Garis, Howard Roger (1962)"
15281,Uncle Wiggily's Adventures,"Garis, Howard Roger (1962)"
15282,Uncle Wiggily's Travels,"Garis, Howard Roger (1962)"
15290,Why the Chimes Rang: A Play in One Act,"McFadden, Elizabeth A. (Elizabeth Apthorp) (1961)"
15298,"Sword and crozier, drama in five acts","Hollander, Lee M. (Lee Milton) (1972)"
15313,A Full Enquiry into the Nature of the Pastoral (1717),"Wasserman, Earl R. (Earl Reeves) (1973)"
15323,The Green Eyes of Bâst,"Rohmer, Sax (1959)"
15359,The Negro,"Du Bois, W. E. B. (William Edward Burghardt) (1963)"
15415,Tramping on Life An Autobiographical Narrative,"Kemp, Harry (1960)"
15416,The Spinners,"Phillpotts, Eden (1960)"
15420,Broken Homes: A Study of Family Desertion and its Social Treatment,"Colcord, Joanna C. (Joanna Carver) (1960)"
15431,Success: A Novel,"Adams, Samuel Hopkins (1958)"
15432,"Henry Brocken His Travels and Adventures in the Rich, Strange, Scarce-Imaginable Regions of Romance","De la Mare, Walter (1956)"
15443,Heiress of Haddon,"Doubleday, W. E. (William Elliott) (1959)"
19029,The Gifts of Asti,"Norton, Andre (2005)"
15461,The Lives of the Most Famous English Poets (1687),"Parker, William Riley (1968)"
15473,Love Stories,"Rinehart, Mary Roberts (1958)"
15482,The Primrose Ring,"Sawyer, Ruth (1970)"
15521,The Adventures of Prickly Porky,"Burgess, Thornton W. (Thornton Waldo) (1965)"
15527,Captivity,"Eyles, Leonora (1960)"
15552,Christmas Outside of Eden,"Dawson, Coningsby (1959)"
15566,"Notes to Shakespeare, Volume III: The Tragedies","Sherbo, Arthur (2010)"
15595,Vocational Guidance for Girls,"Puffer, Joseph Adams (1958)"
15656,Representation of the Impiety and Immorality of the English Stage (1704); Some Thoughts Concerning the Stage in a Letter to a Lady (1704),"Avery, Emmett Langdon (1970)"
15660,Little Eve Edgarton,"Abbott, Eleanor Hallowell (1958)"
15725,Doña Perfecta,"Byington, Steven T. (Steven Tracy) (1957)"
15728,The Indiscreet Letter,"Abbott, Eleanor Hallowell (1958)"
15730,A short history of a long travel from Babylon to Bethel,"Brinton, Anna Cox (1969)"
15737,The Torch and Other Tales,"Phillpotts, Eden (1960)"
15738,Married life;,"Edginton, May (1957)"
15758,"""Same old Bill, eh Mable!""","Streeter, Edward (1976)"
15768,The Gist of Swedenborg,"Wunsch, William F. (William Frederic) (1969)"
15770,"Germany, The Next Republic?","Ackerman, Carl W. (Carl William) (1970)"
15779,Joanna Godden,"Kaye-Smith, Sheila (1956)"
15781,El Estudiante de Salamanca and Other Selections,"Northup, George Tyler (1964)"
15794,"Plum Pudding: Of Divers Ingredients, Discreetly Blended & Seasoned","Morley, Christopher (1957)"
15826,Uncle Noah's Christmas Inspiration,"Dalrymple, Leona (1968)"
15888,The Unwritten Literature of the Hopi,"Lockett, Hattie Greene (1962)"
15902,Poker!,"Hurston, Zora Neale (1960)"
15930,A Dutch Boy Fifty Years After,"Haney, John Louis (1960)"
15937,"""I was there"" with the Yanks on the western front, 1917-1919","Baldridge, Cyrus Leroy (1977)"
15941,An Englishwoman's Love-Letters,"Housman, Laurence (1959)"
15953,The City of Delight: A Love Drama of the Siege and Fall of Jerusalem,"Miller, Elizabeth (1961)"
15954,Mary Jane—Her Visit,"Judson, Clara Ingram (1960)"
15983,Read-Aloud Plays,"Holley, Horace (1960)"
15997,"Alfred Russel Wallace: Letters and Reminiscences, Vol. 1","Marchant, James, Sir (1956)"
15998,"Alfred Russel Wallace: Letters and Reminiscences, Vol. 2","Marchant, James, Sir (1956)"
16040,Kenny,"Dalrymple, Leona (1968)"
16046,Boy Blue and His Friends,"McDonald, Etta Blaisdell (1963)"
16054,The Palace of Darkened Windows,"Bradley, Mary Hastings (1976)"
16059,Modern Spanish Lyrics,"Morley, S. Griswold (Sylvanus Griswold) (1970)"
16078,The Amateur Army,"MacGill, Patrick (1963)"
16101,Diane of the Green Van,"Dalrymple, Leona (1968)"
16109,Doña Clarines y Mañana de Sol,"Morley, S. Griswold (Sylvanus Griswold) (1970)"
16115,Red Pepper's Patients With an Account of Anne Linton's Case in Particular,"Richmond, Grace S. (Grace Smith) (1959)"
16119,"Doctrina Christiana The first book printed in the Philippines, Manila, 1593.","Wolf, Edwin (1991)"
16125,The Judge,"West, Rebecca (1983)"
16142,The Communist Threat in the Taiwan Area,"Eisenhower, Dwight D. (Dwight David) (1969)"
16174,The Gun-Brand,"Hendryx, James B. (James Beardsley) (1963)"
16233,"An Essay towards Fixing the True Standards of Wit, Humour, Railery, Satire, and Ridicule (1744)","Clifford, James L. (James Lowry) (1978)"
16256,"The Psychology of Management The Function of the Mind in Determining, Teaching and Installing Methods of Least Waste","Gilbreth, Lillian Moller (1972)"
16277,New Discoveries at Jamestown Site of the First Successful English Settlement in America,"Cotter, John L. (John Lambert) (1999)"
16335,Essays on the Stage Preface to the Campaigners (1689) and Preface to the Translation of Bossuet's Maxims and Reflections on Plays (1699),"Krutch, Joseph Wood (1970)"
16346,Preface to the Works of Shakespeare (1734),"Dick, Hugh G. (Hugh Gilchrist) (1971)"
16355,Combed Out,"Voigt, F. A. (Frederick Augustus) (1957)"
16373,Mrs. Red Pepper,"Richmond, Grace S. (Grace Smith) (1959)"
16379,"Children's Classics in Dramatic Form, Book Two","Stevenson, Augusta (1976)"
16397,"Larry Dexter's Great Search; Or, The Hunt for the Missing Millionaire","Garis, Howard Roger (1962)"
16435,The Atlantic Book of Modern Plays,"Brighouse, Harold (1958)"
16442,The Doctrine of Evolution: Its Basis and Its Scope,"Crampton, Henry Edward (1956)"
16447,The Clarion,"Adams, Samuel Hopkins (1958)"
16450,The Reminiscences of an Irish Land Agent,"Gordon, Home (1956)"
16470,"The Profits of Religion, Fifth Edition","Sinclair, Upton (1968)"
16477,"Florence and Northern Tuscany with Genoa With Sixteen Illustrations in Colour by William Parkinson and Sixteen Other Illustrations, Second Edition","Hutton, Edward (1969)"
16500,More Translations from the Chinese,"Waley, Arthur (1966)"
16506,"Epistle to a Friend Concerning Poetry (1700) and the Essay on Heroic Poetry (second edition, 1697)","Hooker, Edward Niles (1957)"
16508,American Men of Action,"Stevenson, Burton Egbert (1962)"
16517,Liza of Lambeth,"Maugham, W. Somerset (William Somerset) (1965)"
16521,Fanny goes to war,"Washington, Pat Beauchamp (1972)"
16526,Morocco,"Bensusan, S. L. (Samuel Levy) (1958)"
16532,The Plastic Age,"Marks, Percy (1956)"
16541,Poor Man's Rock,"Sinclair, Bertrand W. (1972)"
16553,Burned Bridges,"Sinclair, Bertrand W. (1972)"
16564,"Amphitryo, Asinaria, Aulularia, Bacchides, Captivi Amphitryon, The Comedy of Asses, The Pot of Gold, The Two Bacchises, The Captives","Nixon, Paul (1956)"
16583,The Yoke A Romance of the Days when the Lord Redeemed the Children of Israel from the Bondage of Egypt,"Miller, Elizabeth (1961)"
16588,Over the Top With the Third Australian Division,"Cuttriss, G. P. (George Percival) (1974)"
16612,The Lee Shore,"Macaulay, Rose (1958)"
16613,Bolshevism: The Enemy of Political and Industrial Democracy,"Spargo, John (1966)"
16626,Letters to Helen: Impressions of an Artist on the Western Front,"Henderson, Keith (1982)"
16632,Over Here,"Guest, Edgar A. (Edgar Albert) (1959)"
16636,Makers of Madness A Play in One Act and Three Scenes,"Hagedorn, Hermann (1964)"
16637,Sleep-book,"Everett, Leolyn Louise (1971)"
16639,"""The Fotygraft Album"" Shown to the New Neighbor by Rebecca Sparks Peters Aged Eleven","Wing, Francis Marion (1956)"
16674,The Pride of Palomar,"Kyne, Peter B. (Peter Bernard) (1957)"
16685,Private Peat,"Peat, Harold Reginald (1960)"
16693,Stories to Tell Children Fifty-Four Stories With Some Suggestions For Telling,"Bryant, Sara Cone (1956)"
16706,A Sixth-Century Fragment of the Letters of Pliny the Younger A Study of Six Leaves of an Uncial Manuscript Preserved in the Pierpont Morgan Library New York,"Lowe, E. A. (Elias Avery) (1969)"
16731,The Garden of the Plynck,"Baker, Karle Wilson (1960)"
16763,"""Say Fellows—"" Fifty Practical Talks with Boys on Life's Big Issues","Smith, Wade C. (Wade Cothran) (1960)"
16771,Jacqueline of Golden River,"Emanuel, V. R. (Victor Rousseau) (1960)"
16772,The Story of a Soul (L'Histoire d'une Âme): The Autobiography of St. Thérèse of Lisieux With Additional Writings and Sayings of St. Thérèse,"Taylor, Thomas N. (Thomas Nimmo) (1963)"
16793,The River and I,"Neihardt, John G. (1973)"
16799,Dangerous Ages,"Macaulay, Rose (1958)"
16867,The Adventures of Odysseus and The Tales of Troy,"Colum, Padraic (1972)"
16909,The Halo,"Hutten zum Stolzenberg, Betsey Riddle, Freifrau von (1957)"
16916,The Fatal Jealousie (1673),"Thorp, Willard (1990)"
16917,Art,"Bell, Clive (1964)"
16921,Plague Ship,"Norton, Andre (2005)"
16926,"Skookum Chuck Fables: Bits of History, Through the Microscope","Cumming, R. D. (Robert Dalziel) (1958)"
16927,"Tacitus: The Histories, Volumes I and II","Fyfe, W. Hamilton (William Hamilton) (1965)"
16945,The White Road to Verdun,"Burke, Kathleen (1958)"
16955,Three translations of the Koran (Al-Qur'an) side by side,"Shakir, M. H. (1959)"
16960,History of the United States,"Beard, Mary Ritter (1958)"
16976,The Texan A Story of the Cattle Country,"Hendryx, James B. (James Beardsley) (1963)"
16981,Old Peter's Russian Tales,"Ransome, Arthur (1967)"
16991,The Circus Comes to Town,"Mitchell, Lebbeus (1963)"
17125,More William,"Crompton, Richmal (1969)"
17128,Noteworthy families (modern science),"Schuster, Edgar (1969)"
17134,"Taboo A Legend Retold from the Dirghic of Sævius Nicanor, with Prolegomena, Notes, and a Preliminary Memoir","Cabell, James Branch (1958)"
17141,Destiny,"Buck, Charles Neville (1957)"
17144,The House of the Vampire,"Viereck, George Sylvester (1962)"
17147,"Theodicy Essays on the Goodness of God, the Freedom of Man and the Origin of Evil","Farrer, Austin (1968)"
17187,Three plays,"Hurston, Zora Neale (1960)"
17190,Greek and Roman Ghost Stories,"Collison-Morley, Lacy (1958)"
17202,Lists of Stories and Programs for Story Hours,"Power, Effie (1969)"
17229,The Haunted Hour: An Anthology,"Widdemer, Margaret (1978)"
17250,"Mother West Wind ""Where"" Stories","Burgess, Thornton W. (Thornton Waldo) (1965)"
17292,The new frontiers of freedom from the Alps to the Ægean,"Powell, E. Alexander (Edward Alexander) (1957)"
17307,Principles of Teaching,"Bennion, Adam S. (Adam Samuel) (1958)"
17315,Abe Lincoln Gets His Chance,"Cavanah, Frances (1982)"
17316,"Letters of a Soldier, 1914-1915","Chevrillon, André (1957)"
17334,Initiative Psychic Energy Being the Sixth of a Series of Twelve Volumes on the Applications of Psychology to the Problems of Personal and Business Efficiency,"Hilton, Warren (1958)"
17346,The Report on Unidentified Flying Objects,"Ruppelt, Edward J. (1960)"
17350,The Practice and Theory of Bolshevism,"Russell, Bertrand (1970)"
17355,The Runaway Skyscraper,"Leinster, Murray (1975)"
17405,The Art of War,"Giles, Lionel (1958)"
17408,The Florentine Painters of the Renaissance With An Index To Their Works,"Berenson, Bernard (1959)"
17414,The Blood Ship,"Springer, Norman (1974)"
17433,Arkansas Governors and United States Senators,"Ferguson, John L. (John Lewis) (2006)"
17469,Berry and Co.,"Yates, Dornford (1960)"
17481,The Parts Men Play,"Baxter, Beverley (1964)"
17495,The Stolen Singer,"Bellinger, Martha Idell Fletcher (1960)"
17510,When the Yule Log Burns: A Christmas Story,"Dalrymple, Leona (1968)"
17530,Maida's Little Shop,"Gillmore, Inez Haynes (1970)"
17535,The Jester of St. Timothy's,"Pier, Arthur Stanwood (1966)"
17587,Field hospital and flying column,"Thurstan, Violetta (1978)"
17625,Artificial Light: Its Influence upon Civilization,"Luckiesh, Matthew (1967)"
17635,"Repertory of The Comedie Humaine, Complete, A — Z","McSpadden, J. Walker (Joseph Walker) (1960)"
17680,The Title Market,"Post, Emily (1960)"
17681,Lippa,"Kemp, Beatrice (1966)"
17695,"A history of China., [3d ed. rev. and enl.]","Eberhard, Wolfram (1989)"
17700,The Suppression of the African Slave Trade to the United States of America 1638-1870,"Du Bois, W. E. B. (William Edward Burghardt) (1963)"
17778,Sir John French: An Authentic Biography,"Chisholm, Cecil (1961)"
17804,If You're Going to Live in the Country,"Ormsbee, Thomas H. (Thomas Hamilton) (1969)"
17807,Uncle Wiggily in the Woods,"Garis, Howard Roger (1962)"
17813,At Ypres with Best-Dunkley,"Floyd, Thomas Hope (1973)"
17829,The Trained Memory Being the Fourth of a Series of Twelve Volumes on the Applications of Psychology to the Problems of Personal and Business Efficiency,"Hilton, Warren (1958)"
17833,An Apologie for the Royal Party (1659); and A Panegyric to Charles the Second (1661),"Keynes, Geoffrey (1982)"
17866,Murder in the Gunroom,"Piper, H. Beam (1964)"
17870,Operation Terror,"Leinster, Murray (1975)"
17939,A Statement: On the Future of This Church,"Holmes, John Haynes (1964)"
17958,Warlord of Kor,"Carr, Terry (1987)"
17959,"The Hand of Fu-Manchu Being a New Phase in the Activities of Fu-Manchu, the Devil Doctor","Rohmer, Sax (1959)"
17966,Life History of the Kangaroo Rat,"Taylor, Walter P. (Walter Penn) (1972)"
18050,The House Fly and How to Suppress It,"Bishopp, F. C. (Fred Corry) (1970)"
18079,Autumn,"Nathan, Robert (1985)"
18093,From the Valley of the Missing,"White, Grace Miller (1957)"
18105,Genesis,"Piper, H. Beam (1964)"
18109,Graveyard of Dreams,"Piper, H. Beam (1964)"
18117,Georges Guynemer: Knight of the Air,"Bordeaux, Henry (1963)"
18129,South with Scott,"Mountevans, Edward Ratcliffe Garth Russell Evans, Baron (1957)"
18137,Little Fuzzy,"Piper, H. Beam (1964)"
18139,Rip Foster in Ride the Gray Planet,"Goodwin, Harold L. (Harold Leland) (1990)"
18150,The Hidden Places,"Sinclair, Bertrand W. (1972)"
18151,Time Crime,"Piper, H. Beam (1964)"
18163,Patriotic Plays and Pageants for Young People,"Mackay, Constance D'Arcy (1966)"
18172,This World Is Taboo,"Leinster, Murray (1975)"
18177,In the Field (1914-1915): The Impressions of an Officer of Light Cavalry,"Dupont, Marcel (1964)"
18187,Hebrew Life and Times,"Hunting, Harold B. (Harold Bruce) (1958)"
18189,Growing Nuts in the North A Personal Story of the Author's Experience of 33 Years with Nut Culture in Minnesota and Wisconsin,"Weschcke, Carl (1973)"
18213,"The Story of the Great War, Volume III (of 12) The War Begins, Invasion of Belgium, Battle of the Marne","Miller, Francis Trevelyan (1959)"
18269,Pascal's Pensées,"Eliot, T. S. (Thomas Stearns) (1965)"
18233,"Animal Ghosts; Or, Animal Hauntings and the Hereafter","O'Donnell, Elliott (1965)"
18234,A Girl's Student Days and After,"Marks, Jeannette Augustus (1964)"
18237,A Bird Calendar for Northern India,"Dewar, Douglas (1957)"
18261,Operation R.S.V.P.,"Piper, H. Beam (1964)"
18273,"The Wild Tribes of Davao District, Mindanao The R. F. Cummings Philippine Expedition","Cole, Fay-Cooper (1961)"
18324,The Third Great Plague A Discussion of Syphilis for Everyday People,"Stokes, John H. (John Hinchman) (1961)"
18325,With Our Soldiers in France,"Eddy, Sherwood (1963)"
18336,The Lighted Match,"Buck, Charles Neville (1957)"
18342,The Answer,"Piper, H. Beam (1964)"
18346,Null-ABC,"Piper, H. Beam (1964)"
18361,Operation: Outer Space,"Leinster, Murray (1975)"
18366,The Challenge of the North,"Hendryx, James B. (James Beardsley) (1963)"
18378,Catholic Problems in Western Canada,"Daly, George Thomas (1956)"
18380,The War After the War,"Marcosson, Isaac Frederick (1961)"
18390,Letters from France,"Bean, C. E. W. (Charles Edwin Woodrow) (1968)"
18392,"Thoughts I Met on the Highway: Words of Friendly Cheer From ""The Life Books""","Trine, Ralph Waldo (1958)"
18413,Prudence of the Parsonage,"Hueston, Ethel (1971)"
18419,Liberalism and the Social Problem,"Churchill, Winston (1965)"
18426,Sunny Slopes,"Hueston, Ethel (1971)"
18458,Star Born,"Norton, Andre (2005)"
18460,Flight From Tomorrow,"Piper, H. Beam (1964)"
18469,"Captain Scraggs; Or, The Green-Pea Pirates","Kyne, Peter B. (Peter Bernard) (1957)"
18489,A Court of Inquiry,"Richmond, Grace S. (Grace Smith) (1959)"
18492,Star Surgeon,"Nourse, Alan Edward (1992)"
18497,My Second Year of the War,"Palmer, Frederick (1958)"
18498,King John of Jingalo: The Story of a Monarch in Difficulties,"Housman, Laurence (1959)"
18507,Angelic Wisdom about Divine Providence,"Wunsch, William F. (William Frederic) (1969)"
18538,I Married a Ranger,"Smith, Dama Margaret (1973)"
18563,Raw gold,"Sinclair, Bertrand W. (1972)"
18564,The Religion of Ancient Rome,"Bailey, Cyril (1957)"
18584,The Edge of the Knife,"Piper, H. Beam (1964)"
18597,"Stories of Achievement, Volume III, Orators and Reformers","Dickinson, Asa Don (1960)"
18598,"Stories of Achievement, Volume IV, Authors and Journalists","Dickinson, Asa Don (1960)"
18599,Bully and Bawly No-Tail (the Jumping Frogs),"Garis, Howard Roger (1962)"
18602,"The Fourth ""R""","Smith, George O. (George Oliver) (1981)"
18606,"The Camp Fire Girls in the Maine Woods; Or, The Winnebagos Go Camping","Frey, Hildegard G. (1957)"
18613,The Golden Scorpion,"Rohmer, Sax (1959)"
18632,Crossroads of Destiny,"Piper, H. Beam (1964)"
18637,"The Constitution of the United States of America: Analysis and Interpretation Annotations of Cases Decided by the Supreme Court of the United States to June 30, 1952","Corwin, Edward Samuel (1963)"
18641,Hunter Patrol,"Piper, H. Beam (1964)"
18653,The mind of the artist,"Binyon, Cicely (1962)"
18655,The Cruise of the Noah's Ark,"Cory, David (1966)"
18665,Molly Make-Believe,"Abbott, Eleanor Hallowell (1958)"
18681,Across the Fruited Plain,"Means, Florence Crannell (1980)"
18707,Gilbert Keith Chesterton,"Ward, Maisie (1975)"
18709,"The best short stories of 1921, and the yearbook of the American short story","Bercovici, Konrad (1961)"
18719,Space Tug,"Leinster, Murray (1975)"
18741,Introduction to Infinitesimal Analysis; Functions of One Real Variable,"Veblen, Oswald (1960)"
18743,Krindlesyke,"Gibson, Wilfrid Wilson (1962)"
18760,Wee Peter Pug The Story of a Bit of Mischief and What Came of It,"Aris, Ernest A. (Ernest Alfred) (1963)"
18766,Early Reviews of English Poets,"Haney, John Louis (1960)"
18768,The Sky Is Falling,"Del Rey, Lester (1993)"
18789,Swirling Waters,"Rittenberg, Max (1965)"
18800,Last Enemy,"Piper, H. Beam (1964)"
18807,He Walked Around the Horses,"Piper, H. Beam (1964)"
18814,The Mercenaries,"Piper, H. Beam (1964)"
18817,Ralestone Luck,"Norton, Andre (2005)"
18831,Time and Time Again,"Piper, H. Beam (1964)"
29455,Invasion,"Leinster, Murray (1975)"
18846,Voodoo Planet,"Norton, Andre (2005)"
18855,The Return,"Piper, H. Beam (1964)"
18861,Temple Trouble,"Piper, H. Beam (1964)"
18863,The Loom of Youth,"Waugh, Alec (1981)"
29457,Loot of the Void,"Sloat, Edwin K. (1986)"
18872,The Field of Clover,"Housman, Laurence (1959)"
18874,The Boy With the U. S. Foresters,"Rolt-Wheeler, Francis (1960)"
18884,Ducks at a Distance: A Waterfowl Identification Guide,"Hines, Bob (1994)"
18902,Flood Tide,"Bassett, Sara Ware (1968)"
18905,"The War and Unity Being Lectures Delivered At The Local Lectures Summer Meeting Of The University Of Cambridge, 1918","Cranage, D. H. S. (David Herbert Somerset) (1957)"
18908,Christmas,"Schauffler, Robert Haven (1964)"
18948,Damn! A Book of Calumny,"Mencken, H. L. (Henry Louis) (1956)"
18949,Day of the Moron,"Piper, H. Beam (1964)"
18961,The Craft of Fiction,"Lubbock, Percy (1965)"
18975,The North Pole: Its Discovery in 1909 under the auspices of the Peary Arctic Club,"Grosvenor, Gilbert Hovey (1966)"
19028,Irish Plays and Playwrights,"Weygandt, Cornelius (1957)"
19038,English walnuts,"Allen, Walter Fox (1958)"
19051,Modern Religious Cults and Movements,"Atkins, Gaius Glenn (1956)"
19057,Red-Robin,"Abbott, Jane (1968)"
19065,Swimming scientifically taught,"Dalton, Louis C. (Louis Cecil) (1974)"
19066,Brigands of the Moon,"Cummings, Ray (1957)"
19067,Police Operation,"Piper, H. Beam (1964)"
19074,Italy at war and the Allies in the West,"Powell, E. Alexander (Edward Alexander) (1957)"
19076,Naudsonce,"Piper, H. Beam (1964)"
19079,The Adventures of Lightfoot the Deer,"Burgess, Thornton W. (Thornton Waldo) (1965)"
19089,A Pagan of the Hills,"Buck, Charles Neville (1957)"
19090,Star Hunter,"Norton, Andre (2005)"
19092,The Adventures of Paddy Beaver,"Burgess, Thornton W. (Thornton Waldo) (1965)"
19102,Dearest,"Piper, H. Beam (1964)"
19104,Secret societies and subversive movements,"Webster, Nesta Helen (1960)"
19111,Code Three,"Raphael, Rick (1994)"
19126,Raemaekers' Cartoons: With Accompanying Notes by Well-known English Writers,"Raemaekers, Louis (1956)"
19139,The Buccaneers in the West Indies in the XVII Century,"Haring, Clarence Henry (1960)"
19142,The Devil Doctor,"Rohmer, Sax (1959)"
19145,The Time Traders,"Norton, Andre (2005)"
19158,The Return,"Piper, H. Beam (1964)"
19173,The Cow Puncher,"Stead, Robert J. C. (1959)"
19194,Rebel Raider,"Piper, H. Beam (1964)"
19197,How Freckle Frog Made Herself Pretty,"Herr, Charlotte B. (Charlotte Bronte) (1963)"
19207,The Firelight Fairy Book,"Beston, Henry (1968)"
19236,Japan Will Turn Ablaze!,"Sims, Barbara R. (Barbara Rutledge) (2002)"
19243,The Advent of Divine Justice,"Shoghi, Effendi (1957)"
19244,The Light of Divine Guidance (Volume 1),"Shoghi, Effendi (1957)"
19245,The Light of Divine Guidance (Volume 2),"Shoghi, Effendi (1957)"
19251,Arohanui: Letters from Shoghi Effendi to New Zealand,"Shoghi, Effendi (1957)"
19252,Bahá'í Administration,"Shoghi, Effendi (1957)"
19254,Citadel of Faith,"Shoghi, Effendi (1957)"
19261,Bronchoscopy and Esophagoscopy A Manual of Peroral Endoscopy and Laryngeal Surgery,"Jackson, Chevalier (1958)"
19270,Directives from the Guardian,"Shoghi, Effendi (1957)"
19271,Dawn of a New Day,"Shoghi, Effendi (1957)"
19274,Letters from the Guardian to Australia and New Zealand,"Shoghi, Effendi (1957)"
19275,God Passes By,"Shoghi, Effendi (1957)"
19276,High Endeavours: Messages to Alaska,"Shoghi, Effendi (1957)"
19277,Messages to America Selected Letters and Cablegrams Addressed to the Bahá'í's of North America 1932–1946,"Shoghi, Effendi (1957)"
19278,Messages to Canada,"Shoghi, Effendi (1957)"
19280,Messages to the Bahá'í World: 1950–1957,"Shoghi, Effendi (1957)"
19282,The Promised Day Is Come,"Shoghi, Effendi (1957)"
19297,The Unfolding Destiny of the British Bahá'í Community : the Messages from the Guardian of the Bahá'í Faith to the Bahá'ís of the British Isles,"Shoghi, Effendi (1957)"
19298,The World Order of Bahá'u'lláh,"Shoghi, Effendi (1957)"
19302,"Dinosaurs, with Special Reference to the American Museum Collections","Brown, Barnum (1963)"
19322,The Antichrist,"Mencken, H. L. (Henry Louis) (1956)"
19338,The Keeper,"Piper, H. Beam (1964)"
19351,Curlie Carson Listens In,"Snell, Roy J. (Roy Judson) (1959)"
19355,A Book of Prefaces,"Mencken, H. L. (Henry Louis) (1956)"
19370,Ullr Uprising,"Piper, H. Beam (1964)"
19384,On Christmas Day In The Evening,"Richmond, Grace S. (Grace Smith) (1959)"
19393,Plays of Near & Far,"Dunsany, Lord (1957)"
19396,"On the Spanish Main; Or, Some English forays on the Isthmus of Darien","Masefield, John (1967)"
19403,Murder at Bridge,"Austin, Anne (1975)"
19423,The Story of Porcelain,"Bassett, Sara Ware (1968)"
19435,The mule-bone,"Hughes, Langston (1967)"
19436,The Fifth Wheel: A Novel,"Prouty, Olive Higgins (1974)"
19445,Omnilingual,"Piper, H. Beam (1964)"
19453,The shield,"Yarmolinsky, Avrahm (1975)"
19471,Badge of Infamy,"Del Rey, Lester (1993)"
19474,Uller Uprising,"Piper, H. Beam (1964)"
19475,Tenting To-night A Chronicle of Sport and Adventure in Glacier Park and the Cascade Mountains,"Rinehart, Mary Roberts (1958)"
19478,Four-Day Planet,"Piper, H. Beam (1964)"
19499,Music Notation and Terminology,"Gehrkens, Karl Wilson (1975)"
19510,North of Fifty-Three,"Sinclair, Bertrand W. (1972)"
19552,The Plattsburg Manual: A Handbook for Military Training,"Ellis, O. O. (Olin Oglesby) (1968)"
19560,Applied Eugenics,"Popenoe, Paul (1979)"
19564,The Pirates' Who's Who Giving Particulars Of The Lives and Deaths Of The Pirates And Buccaneers,"Gosse, Philip (1959)"
19651,Key Out of Time,"Norton, Andre (2005)"
19660,Man of Many Minds,"Evans, E. Everett (Edward Everett) (1958)"
19661,Tell Me Another Story: The Book of Story Programs,"Bailey, Carolyn Sherwin (1961)"
19672,The Holladay case,"Stevenson, Burton Egbert (1962)"
19696,The Joyful Heart,"Schauffler, Robert Haven (1964)"
19706,Brood of the Witch-Queen,"Rohmer, Sax (1959)"
19710,The Red Horizon,"MacGill, Patrick (1963)"
19719,The Art of Writing & Speaking the English Language Word-Study and Composition & Rhetoric,"Cody, Sherwin (1959)"
19721,The Literary World Seventh Reader,"Browne, Hetty Sibyl (1966)"
19726,The Door Through Space,"Bradley, Marion Zimmer (1999)"
19747,Where the Sun Swings North,"Willoughby, Barrett (1959)"
19811,"A Book of English Prose Part II, Arranged for Secondary and High Schools","Lubbock, Percy (1965)"
19850,The Human Side of Animals,"Dixon, Royal (1962)"
19851,More Tish,"Rinehart, Mary Roberts (1958)"
19853,Bob Hunt in Canada,"Orton, George W. (1958)"
19869,While Caroline Was Growing,"Bacon, Josephine Daskam (1961)"
19871,"Serbia in Light and Darkness With Preface by the Archbishop of Canterbury, (1916)","Velimirović, Nikolaj (1956)"
19876,On the Fringe of the Great Fight,"Nasmith, George Gallie (1965)"
19878,The Passaic Flood of 1903,"Leighton, Marshall Ora (1958)"
19909,Good Cheer Stories Every Child Should Know,"Dickinson, Asa Don (1960)"
19910,Boys' Book of Famous Soldiers,"McSpadden, J. Walker (Joseph Walker) (1960)"
19916,Civilization: Tales of the Orient,"La Motte, Ellen N. (Ellen Newbold) (1961)"
29742,The Long Voyage,"Jacobi, Carl (1997)"
19962,Piccaninnies,"Peacocke, Isabel M. (Isabel Maud) (1973)"
19963,Stop Look and Dig,"Smith, George O. (George Oliver) (1981)"
19964,Regeneration,"Dye, Charles (1960)"
19986,Martyred Armenia,"Ghusayn, Fa'iz (1968)"
20073,Diophantine Analysis,"Carmichael, R. D. (Robert Daniel) (1967)"
20034,Scottish Ghost Stories,"O'Donnell, Elliott (1965)"
20070,Four days,"Hemenway, Hetty (1961)"
20111,With Those Who Wait,"Huard, Frances Wilson (1969)"
20121,Lone Star Planet,"Piper, H. Beam (1964)"
20125,A preface to politics,"Lippmann, Walter (1974)"
20136,The Seventeenth Highland Light Infantry (Glasgow Chamber of Commerce Battalion),"Munro, Ion S. (Ion Smeaton) (1970)"
20141,More Jonathan Papers,"Morris, Elisabeth Woodbridge (1964)"
20147,Rip Foster Rides the Gray Planet,"Goodwin, Harold L. (Harold Leland) (1990)"
20154,Invaders from the Infinite,"Campbell, John W., Jr. (John Wood) (1971)"
20172,"The Flutter of the Goldleaf, and Other Plays","Dargan, Olive Tilford (1968)"
20176,The Drone A Play in Three Acts,"Mayne, Rutherford (1967)"
20187,On Christmas Day in the Morning,"Richmond, Grace S. (Grace Smith) (1959)"
20193,Mary's Rainbow,Clementia (1957)
20194,The Petticoat Commando: Boer Women in Secret Service,"Brandt, Johanna (1964)"
20196,Victorian worthies,"Blore, George Henry (1960)"
20206,The Agony of the Church (1917),"Velimirović, Nikolaj (1956)"
20212,Police Your Planet,"Del Rey, Lester (1993)"
20213,"Peace on Earth, Good-will to Dogs","Abbott, Eleanor Hallowell (1958)"
20224,The Invisible Government,"Smoot, Dan (2003)"
20248,The Necessity of Atheism,"Brooks, David Marshall (1994)"
20282,"The Working of Steel Annealing, Heat Treating and Hardening of Carbon and Alloy Steel","Colvin, Fred H. (Fred Herbert) (1965)"
20289,"Herein is Love A Study of the Biblical Doctrine of Love in Its Bearing on Personality, Parenthood, Teaching, and All Other Human Relationships.","Howe, Reuel L. (1985)"
20306,Europe After 8:15,"Mencken, H. L. (Henry Louis) (1956)"
20340,A Little Maid of Old Maine,"Curtis, Alice Turner (1958)"
20353,The Best Nonsense Verses,"Bacon, Josephine Daskam (1961)"
20367,The Coming of the King,"Babcock, Bernie (1962)"
20385,Some Three Hundred Years Ago,"Brewster, Edith Gilman (1960)"
20411,The Witch-cult in Western Europe: A Study in Anthropology,"Murray, Margaret Alice (1963)"
20419,Gigolo,"Ferber, Edna (1968)"
20553,Out Around Rigel,"Wilson, Robert H. (1998)"
20442,"A Catalogue of Early Pennsylvania and Other Firearms and Edged Weapons at ""Restless Oaks"", McElhattan, Pa.","Shoemaker, Henry W. (Henry Wharton) (1958)"
20445,The Coast of Chance,"Chamberlain, Lucia (1978)"
20468,The Delta of the Triple Elevens,"Bachman, William Elmer (1966)"
20519,Highways in Hiding,"Smith, George O. (George Oliver) (1981)"
20532,Love Among the Chickens A Story of the Haps and Mishaps on an English Chicken Farm,"Wodehouse, P. G. (Pelham Grenville) (1975)"
20533,Jill the Reckless,"Wodehouse, P. G. (Pelham Grenville) (1975)"
20540,My Man Sandy,"Salmond, James Bell (1958)"
20548,The Secret of the Storm Country,"White, Grace Miller (1957)"
20551,The White Invaders,"Cummings, Ray (1957)"
20578,Sermons on Biblical Characters,"Chappell, Clovis Gillham (1972)"
20616,The Old Front Line,"Masefield, John (1967)"
20620,Rosemary,"Lawrence, Josephine (1978)"
20649,Oomphel in the Sky,"Piper, H. Beam (1964)"
20659,Ministry of Disturbance,"Piper, H. Beam (1964)"
20662,The measurement of intelligence,"Terman, Lewis M. (Lewis Madison) (1956)"
20666,The Debs Decision,"Nearing, Scott (1983)"
20698,The Story of Glass,"Bassett, Sara Ware (1968)"
20705,Humoresques,"Klingsor, Tristan (1966)"
20707,The Black Star Passes,"Campbell, John W., Jr. (John Wood) (1971)"
20712,Trail's End,"Ogden, George W. (George Washington) (1966)"
20717,The Girl on the Boat,"Wodehouse, P. G. (Pelham Grenville) (1975)"
20719,Under the Country Sky,"Richmond, Grace S. (Grace Smith) (1959)"
20726,A Slave is a Slave,"Piper, H. Beam (1964)"
20727,The Cosmic Computer,"Piper, H. Beam (1964)"
20728,Space Viking,"Piper, H. Beam (1964)"
20739,Rebels of the Red Planet,"Fontenay, Charles L. (2007)"
20743,The Marx He Knew,"Spargo, John (1966)"
20756,Rabbi and Priest: A Story,"Goldsmith, Milton (1957)"
20770,Apple Growing,"Burritt, M. C. (Maurice Chase) (1959)"
20772,Agriculture for Beginners Revised Edition,"Burkett, Charles William (1962)"
20782,Triplanetary,"Smith, E. E. (Edward Elmer) (1965)"
20788,Storm Over Warlock,"Norton, Andre (2005)"
20796,The Colors of Space,"Bradley, Marion Zimmer (1999)"
20817,The Mother and Her Child,"Sadler, William S. (William Samuel) (1969)"
20830,The Good Housekeeping Marriage Book,"Bigelow, William F. (William Frederick) (1966)"
20838,The Infra-Medians,"Wright, Sewell Peaslee (1970)"
20840,Rebel Spurs,"Norton, Andre (2005)"
20856,Ten From Infinity,"Fairman, Paul W. (1977)"
20857,Spacehounds of IPC,"Smith, E. E. (Edward Elmer) (1965)"
20859,Wandl the Invader,"Cummings, Ray (1957)"
20869,The Skylark of Space,"Smith, E. E. (Edward Elmer) (1965)"
20877,Mother West Wind's Children,"Burgess, Thornton W. (Thornton Waldo) (1965)"
20888,The Blood of the Conquerors,"Fergusson, Harvey (1971)"
20890,Bussy D'Ambois and The Revenge of Bussy D'Ambois,"Boas, Frederick S. (Frederick Samuel) (1957)"
20898,The Galaxy Primes,"Smith, E. E. (Edward Elmer) (1965)"
20919,The Status Civilization,"Sheckley, Robert (2005)"
20920,Morale: A Story of the War of 1941-43,"Leinster, Murray (1975)"
20959,"Mexico Its Ancient and Modern Civilisation, History, Political Conditions, Topography, Natural Resources, Industries and General Development","Enock, C. Reginald (Charles Reginald) (1970)"
20988,Islands of Space,"Campbell, John W., Jr. (John Wood) (1971)"
21008,The Boy With the U. S. Fisheries,"Rolt-Wheeler, Francis (1960)"
21015,The Adventures of Jimmy Skunk,"Burgess, Thornton W. (Thornton Waldo) (1965)"
21022,Lessons on Soil,"Russell, Edward J. (Edward John) (1965)"
21029,The New Morning: Poems,"Noyes, Alfred (1958)"
21046,Story Hour Readings: Seventh Year,"Hartwell, E. C. (Ernest Clark) (1964)"
21049,"The Curlytops and Their Pets; Or, Uncle Toby's Strange Collection","Garis, Howard Roger (1962)"
21051,Skylark Three,"Smith, E. E. (Edward Elmer) (1965)"
21079,The Trawler,"Connolly, James B. (James Brendan) (1957)"
21094,The Girl in the Golden Atom,"Cummings, Ray (1957)"
21267,Lincoln's Birthday,"Schauffler, Robert Haven (1964)"
21276,The Wars Between England and America,"Smith, Theodore Clarke (1960)"
21279,2 B R 0 2 B,"Vonnegut, Kurt (2007)"
21286,"Mother West Wind ""How"" Stories","Burgess, Thornton W. (Thornton Waldo) (1965)"
21325,Outlines of Greek and Roman Medicine,"Elliott, James, Sir (1959)"
21342,The Principles of English Versification,"Baum, Paull F. (Paull Franklin) (1964)"
21353,Civics and Health,"Allen, William H. (WIlliam Harvey) (1963)"
21415,"The Young Visiters or, Mr. Salteena's Plan","Ashford, Daisy (1972)"
21497,Little Jack Rabbit and the Squirrel Brothers,"Cory, David (1966)"
21499,Europe—whither bound? (Quo vadis Europa?),"Graham, Stephen (1975)"
21502,Fundamentals of Prosperity: What They Are and Whence They Come,"Babson, Roger Ward (1967)"
21510,Legacy,"Schmitz, James H. (1981)"
21532,The University of Michigan,"Shaw, Wilfred Byron (1959)"
21539,The Blue Envelope,"Snell, Roy J. (Roy Judson) (1959)"
21627,Gambler's World,"Laumer, Keith (1993)"
21635,Prudence Says So,"Hueston, Ethel (1971)"
21638,Tarrano the Conqueror,"Cummings, Ray (1957)"
21647,Subspace Survivors,"Smith, E. E. (Edward Elmer) (1965)"
21668,The Complex Vision,"Powys, John Cowper (1963)"
21678,Tales of Giants from Brazil,"Eells, Elsie Spicer (1963)"
21689,The Tyranny of Weakness,"Buck, Charles Neville (1957)"
21724,The handbook of soap manufacture,"Simmons, W. H. (William Herbert) (1960)"
21782,The Yillian Way,"Laumer, Keith (1993)"
21791,The Aeroplane Speaks. Fifth Edition,"Barber, H. (Horatio) (1964)"
21830,The little mixer,"Shearon, Lillian Nicholson (1961)"
21835,The Jew and American Ideals,"Spargo, John (1966)"
21854,The Woman in Black,"Bentley, E. C. (Edmund Clerihew) (1956)"
21873,Planet of the Damned,"Harrison, Harry (2012)"
21877,Woodrow Wilson and the World War A Chronicle of Our Own Times.,"Seymour, Charles (1963)"
21879,The Sins of Séverac Bablon,"Rohmer, Sax (1959)"
21890,The Path to Home,"Guest, Edgar A. (Edgar Albert) (1959)"
21891,The Brand of Silence: A Detective Story,"McCulley, Johnston (1958)"
21897,An Incident on Route 12,"Schmitz, James H. (1981)"
21948,"Little Busybodies: The Life of Crickets, Ants, Bees, Beetles, and Other Busybodies","Marks, Jeannette Augustus (1964)"
21955,"The Secret Wireless; Or, The Spy Hunt of the Camp Brady Patrol","Theiss, Lewis E. (Lewis Edwin) (1963)"
21988,Breaking Point,"Gunn, James E. (2020)"
21992,Christianity and Progress,"Fosdick, Harry Emerson (1969)"
21993,The Devil's Pool,"Sedgwick, Ellery (1960)"
22014,The Peter Patter Book of Nursery Rhymes,"Jackson, Leroy F. (Leroy Freeman) (1958)"
22033,Plotting in pirate seas,"Rolt-Wheeler, Francis (1960)"
22102,The Hills of Home,"Coppel, Alfred (2004)"
22057,Kid Wolf of Texas A Western Story,"Powers, Paul S. (Paul Sylvester) (1971)"
22063,The Trail of '98: A Northland Romance,"Service, Robert W. (Robert William) (1958)"
22064,Tess of the Storm Country,"White, Grace Miller (1957)"
22073,The Repairman,"Harrison, Harry (2012)"
22077,Les Origines et la Jeunesse de Lamartine 1790-1812,"Lacretelle, Pierre de (1969)"
22081,"Parodies of Ballad Criticism (1711-1787) A Comment Upon the History of Tom Thumb, 1711, by William Wagstaffe; The Knave of Hearts, 1787, by George Canning","Wimsatt, William K. (William Kurtz) (1975)"
22095,The Red Cross Girls with the Russian Army,"Vandercook, Margaret (1958)"
22125,The Venetian Painters of the Renaissance Third Edition,"Berenson, Bernard (1959)"
22132,Giants on the Earth,"Meek, S. P. (Sterner St. Paul) (1972)"
22135,The Moral Economy,"Perry, Ralph Barton (1957)"
22140,The Wrong Woman,"Stewart, Charles D. (Charles David) (1960)"
22145,A Book of Burlesques,"Mencken, H. L. (Henry Louis) (1956)"
22146,De turkey and de law,"Hurston, Zora Neale (1960)"
22154,Creatures of Vibration,"Vincent, Harl (1968)"
22156,The Boy with the U. S. Weather Men,"Rolt-Wheeler, Francis (1960)"
22171,The Radiant Shell,"Ernst, Paul (1985)"
22180,Prairie Flowers,"Hendryx, James B. (James Beardsley) (1963)"
22185,Sonnie-Boy's People,"Connolly, James B. (James Brendan) (1957)"
22190,The Stamps of Canada,"Poole, Bertram W. H. (Bertram William Henry) (1957)"
22194,Spring Street A Story of Los Angeles,"Richardson, James Hugh (1963)"
22196,Little Miss Grouch A Narrative Based on the Log of Alexander Forsyth Smith's Maiden Transatlantic Voyage,"Adams, Samuel Hopkins (1958)"
22216,Project Mastodon,"Simak, Clifford D. (1988)"
22218,The Street That Wasn't There,"Simak, Clifford D. (1988)"
22222,How to Write Letters (Formerly The Book of Letters) A Complete Guide to Correct Business and Personal Correspondence,"Crowther, Mary Owens (1972)"
22226,The Whispering Spheres,"Winterbotham, R. R. (Russell Robert) (1971)"
22239,Security,"Anderson, Poul (2001)"
22244,Miss Pat at Artemis Lodge,"Ginther, Pemberton (1959)"
22245,Steve and the Steam Engine,"Bassett, Sara Ware (1968)"
22257,Bulgaria,"Fox, Frank (1960)"
22259,"The Legacy of Greece Essays By: Gilbert Murray, W. R. Inge, J. Burnet, Sir T. L. Heath, D'arcy W. Thompson, Charles Singer, R. W. Livingston, A. Toynbee, A. E. Zimmern, Percy Gardner, Sir Reginald Blomfield","Livingstone, Richard Winn, Sir (1960)"
22263,John Baptist Jackson: 18th-Century Master of the Color Woodcut,"Kainen, Jacob (2001)"
22310,In the Border Country,"Bacon, Josephine Daskam (1961)"
22319,Mezzerow Loves Company,"Wallace, F. L. (Floyd L.) (2004)"
22327,Development of the Digestive Canal of the American Alligator,"Reese, A. M. (Albert Moore) (1965)"
22332,Brain Twister,"Garrett, Randall (1987)"
22338,The Impossibles,"Garrett, Randall (1987)"
22342,Supermind,"Garrett, Randall (1987)"
22346,Exile,"Fyfe, H. B. (Horace Bowne) (1997)"
22358,Erik Dorn,"Hecht, Ben (1964)"
22370,A Little Maid of Old Philadelphia,"Curtis, Alice Turner (1958)"
22392,Essentials in Conducting,"Gehrkens, Karl Wilson (1975)"
22407,"The adventures of Piang, the Moro jungle boy","Stuart, Florence Partello (1959)"
22414,"The Birth of Yugoslavia, Volume 1","Baerlein, Henry (1960)"
22425,"Stanford Achievement Test, Ed. 1922","Kelley, Truman Lee (1961)"
22426,The Players,"Cole, Everett B. (2001)"
22463,Chivalry,"Cabell, James Branch (1958)"
22467,Sand Doom,"Leinster, Murray (1975)"
22476,"The Tale Of Mr. Peter Brown - Chelsea Justice From ""The New Decameron"", Volume III.","Sackville-West, V. (Victoria) (1962)"
22526,Cubs of the Wolf,"Jones, Raymond F. (1994)"
22484,"Gardening Indoors and Under Glass A Practical Guide to the Planting, Care and Propagation of House Plants, and to the Construction and Management of Hotbed, Coldframe and Small Greenhouse","Rockwell, F. F. (Frederick Frye) (1976)"
22489,Power of Mental Imagery Being the Fifth of a Series of Twelve Volumes on the Applications of Psychology to the Problems of Personal and Business Efficiency,"Hilton, Warren (1958)"
22512,The Stutterer,"Merliss, Reuben (Reuben Robert) (1987)"
22513,Sense from Thought Divide,"Clifton, Mark (1963)"
22524,The Hunters,"Samachson, Joseph (1980)"
22525,John Lyly,"Wilson, John Dover (1969)"
22527,Beyond the Vanishing Point,"Cummings, Ray (1957)"
22536,"Jane Austen, Her Life and Letters: A Family Record","Austen-Leigh, Richard Arthur (1961)"
22538,The Devil's Asteroid,"Wellman, Manly Wade (1986)"
22540,The K-Factor,"Harrison, Harry (2012)"
22541,The Misplaced Battleship,"Harrison, Harry (2012)"
22544,A World is Born,"Brackett, Leigh (1978)"
22549,Space Prison,"Godwin, Tom (1980)"
22559,The Day of the Boomer Dukes,"Pohl, Frederik (2013)"
22560,The Worshippers,"Knight, Damon (2002)"
22569,The Listeners and Other Poems,"De la Mare, Walter (1956)"
22579,Bread Overhead,"Leiber, Fritz (1992)"
22585,—And Devious the Line of Duty,"Godwin, Tom (1980)"
22590,Wind,"Fontenay, Charles L. (2007)"
22596,Measure for a Loner,"Harmon, Jim (2010)"
22597,Question of Comfort,"Cole, Les (2019)"
22599,The Hindu-Arabic Numerals,"Karpinski, Louis Charles (1956)"
22623,Divinity,"Samachson, Joseph (1980)"
22629,The Vortex Blaster,"Smith, E. E. (Edward Elmer) (1965)"
22682,Secret armies,"Spivak, John L. (John Louis) (1981)"
22696,Colonel Crockett's Co-operative Christmas,"Hughes, Rupert (1956)"
22699,Pipefuls,"Morley, Christopher (1957)"
22716,The Book-Hunter at Home,"Allan, P. B. M. (Philip Bertram Murray) (1973)"
22733,Socialism: A Summary and Interpretation of Socialist Principles,"Spargo, John (1966)"
22754,Masters of Space,"Smith, E. E. (Edward Elmer) (1965)"
22763,Suite Mentale,"Garrett, Randall (1987)"
22765,Lynton and Lynmouth: A Pageant of Cliff & Moorland,"Presland, John (1975)"
22767,Pagan Passions,"Garrett, Randall (1987)"
22776,From a Terrace in Prague,"Baker, B. Granville (Bernard Granville) (1957)"
22816,The Adventures of Buster Bear,"Burgess, Thornton W. (Thornton Waldo) (1965)"
22866,An Ounce of Cure,"Nourse, Alan Edward (1992)"
22867,Meeting of the Board,"Nourse, Alan Edward (1992)"
22869,The Dark Door,"Nourse, Alan Edward (1992)"
22875,Circus,"Nourse, Alan Edward (1992)"
22876,The Link,"Nourse, Alan Edward (1992)"
22881,My Friend Bobby,"Nourse, Alan Edward (1992)"
22882,Image of the Gods,"Nourse, Alan Edward (1992)"
22885,Hindu gods and heroes,"Barnett, Lionel D. (Lionel David) (1960)"
22892,The Best Made Plans,"Cole, Everett B. (2001)"
22900,Erasmus and the Age of Reformation,"Clark, G. N. (George Norman), Sir (1979)"
22904,I've Married Marjorie,"Widdemer, Margaret (1978)"
22938,The Camp Fire Girls in the Outside World,"Vandercook, Margaret (1958)"
22958,One-Shot,"Blish, James (1975)"
22966,Toy Shop,"Harrison, Harry (2012)"
22967,The Stoker and the Stars,"Budrys, Algis (2008)"
22974,"The City Bride (1696) Or, The Merry Cuckold","Dearing, Vinton A. (Vinton Adams) (2005)"
22995,Miss Pat at School,"Ginther, Pemberton (1959)"
22997,Second Sight,"Nourse, Alan Edward (1992)"
23025,The Book of Business Etiquette,"Braddy, Nella (1973)"
23028,Greylorn,"Laumer, Keith (1993)"
23053,Night of the living dead,"Romero, George A. (2017)"
23091,The Troubadour,"Lowndes, Robert A. W. (Robert Augustine Ward) (1998)"
23099,The Fourth Invasion,"Lowndes, Robert A. W. (Robert Augustine Ward) (1998)"
23101,Three Thousand Years of Mental Healing,"Cutten, George Barton (1962)"
23102,This World Must Die!,"Fyfe, H. B. (Horace Bowne) (1997)"
23103,Traders Risk,"Aycock, Roger D. (2004)"
23104,The Blue Tower,"Smith, Evelyn E. (2000)"
23146,And All the Earth a Grave,"MacApp, C. C. (1971)"
23147,Untechnological Employment,"Clinton, Ed M. (2006)"
23153,The Big Bounce,"Tevis, Walter S. (1984)"
23159,Stairway to the Stars,"Shaw, Larry T. (1985)"
23160,Solomon's Orbit,"Carroll, William (2014)"
23161,"Sodom and Gomorrah, Texas","Lafferty, R. A. (2002)"
23162,No Great Magic,"Leiber, Fritz (1992)"
23164,The Creature from Cleveland Depths,"Leiber, Fritz (1992)"
23194,The Common Man,"Reynolds, Mack (1983)"
23196,Songs for a Little House,"Morley, Christopher (1957)"
23197,Subversive,"Reynolds, Mack (1983)"
23198,With No Strings Attached,"Garrett, Randall (1987)"
23210,Missing Link,"Herbert, Frank (1986)"
23213,Uncle Wiggily and Old Mother Hubbard Adventures of the Rabbit Gentleman with the Mother Goose Characters,"Garis, Howard Roger (1962)"
23232,The Servant Problem,"Young, Robert F. (1986)"
23234,"Semiramis, and Other Plays","Dargan, Olive Tilford (1968)"
23244,The Dude Wrangler,"Lockhart, Caroline (1962)"
23292,Ted and the Telephone,"Bassett, Sara Ware (1968)"
23296,The Fighting Shepherdess,"Lockhart, Caroline (1962)"
23304,The Lady Doc,"Lockhart, Caroline (1962)"
23320,The Deaf Their Position in Society and the Provision for Their Education in the United States,"Best, Harry (1971)"
23335,Unwise Child,"Garrett, Randall (1987)"
23337,Tight Squeeze,"Ing, Dean (2020)"
23338,The Rubaiyat of Ohow Dryyam With Apologies to Omar,"Duff, J. L. (James Leo) (1987)"
23339,Indirection,"Cole, Everett B. (2001)"
23364,A Reversion To Type,"Bacon, Josephine Daskam (1961)"
23365,In The Valley Of The Shadow,"Bacon, Josephine Daskam (1961)"
23366,A Philanthropist,"Bacon, Josephine Daskam (1961)"
23367,Julia The Apostate,"Bacon, Josephine Daskam (1961)"
23368,The courting of Lady Jane,"Bacon, Josephine Daskam (1961)"
23369,Mrs. Dud's Sister,"Bacon, Josephine Daskam (1961)"
23379,Old Mr. Wiley,"La Spina, Greye (1969)"
23392,The Hours of Fiammetta A Sonnet Sequence,"Taylor, Rachel Annand (1960)"
23426,The Last Place on Earth,"Harmon, Jim (2010)"
23434,An Elementary Study of Insects,"Haseman, Leonard (1969)"
23439,Attention Saint Patrick,"Leinster, Murray (1975)"
23534,...Or Your Money Back,"Garrett, Randall (1987)"
23538,Hugh Selwyn Mauberley,"Pound, Ezra (1972)"
23545,Songs of Childhood,"De la Mare, Walter (1956)"
23559,"In Tune with the Infinite; or, Fullness of Peace, Power, and Plenty","Trine, Ralph Waldo (1958)"
23560,Carl and the Cotton Gin,"Bassett, Sara Ware (1968)"
23561,Anchorite,"Garrett, Randall (1987)"
23563,Viewpoint,"Garrett, Randall (1987)"
23568,The Mississippi Saucer,"Long, Frank Belknap (1994)"
23571,General Max Shorter,"Neville, Kris (1980)"
23581,Opportunities in Aviation,"Sweetser, Arthur (1968)"
23588,A Filbert Is a Nut,"Raphael, Rick (1994)"
23599,The Big Fix,"Smith, George O. (George Oliver) (1981)"
23601,The U-boat hunters,"Connolly, James B. (James Brendan) (1957)"
23611,Why They Married,"Flagg, James Montgomery (1960)"
23612,The Leader,"Leinster, Murray (1975)"
23624,"Ride Proud, Rebel!","Norton, Andre (2005)"
23625,The Magic Pudding,"Lindsay, Norman (1969)"
23636,A Matter of Importance,"Leinster, Murray (1975)"
23657,That Sweet Little Old Lady,"Garrett, Randall (1987)"
23660,The Problems of Psychical Research Experiments and Theories in the Realm of the Supernormal,"Carrington, Hereward (1959)"
23669,Summit,"Reynolds, Mack (1983)"
23688,The Indulgence of Negu Mah,"Arthur, Robert (1969)"
23728,Walter and the Wireless,"Bassett, Sara Ware (1968)"
23730,The Promise A Tale of the Great Northwest,"Hendryx, James B. (James Beardsley) (1963)"
23755,Birds of the Indian Hills,"Dewar, Douglas (1957)"
23757,Men of Affairs,"Pertwee, Roland (1963)"
23762,Blessed are the meek,"Edmondson, G. C. (1995)"
23764,The Bramble Bush,"Garrett, Randall (1987)"
23767,The Talkative Tree,"Fyfe, H. B. (Horace Bowne) (1997)"
23768,The Squirrel-Cage,"Fisher, Dorothy Canfield (1958)"
23790,The Ultimate Weapon,"Campbell, John W., Jr. (John Wood) (1971)"
23791,Scrimshaw,"Leinster, Murray (1975)"
23799,Cry from a Far Planet,"Godwin, Tom (1980)"
23800,"Contemporary American Composers Being a Study of the Music of This Country, Its Present Conditions and Its Future, with Critical Estimates and Biographies of the Principal Living Composers; and an Abundance of Portraits, Fac-simile Musical Autographs, and Compositions","Hughes, Rupert (1956)"
23845,"Talents, Incorporated","Leinster, Murray (1975)"
23858,The American Credo A Contribution Toward the Interpretation of the National Mind,"Nathan, George Jean (1958)"
23861,"The Story of the Great War, Volume V (of 12) Neuve Chapelle, Battle of Ypres, Przemysl, Mazurian Lakes","Miller, Francis Trevelyan (1959)"
23868,Vanishing Point,"Beck, C. C. (Charles Clarence) (1989)"
23872,The Professional Approach,"Harness, Charles L. (2005)"
23880,A New Name for the Mexican Red Bat,"Hall, E. Raymond (Eugene Raymond) (1986)"
23882,Gold in the Sky,"Nourse, Alan Edward (1992)"
23884,History Repeats,"Smith, George O. (George Oliver) (1981)"
23889,Charley de Milo,"Janifer, Laurence M. (2002)"
23929,Revolution,"Reynolds, Mack (1983)"
23931,Instinct,"Smith, George O. (George Oliver) (1981)"
23942,Unborn Tomorrow,"Reynolds, Mack (1983)"
23943,The Chickens of Fowl Farm,"Barksdale, Lena (1964)"
23960,...After a Few Words...,"Garrett, Randall (1987)"
23973,Mrs. Christy's Bridge Party,"Bassett, Sara Ware (1968)"
24005,"But, I Don't Think","Garrett, Randall (1987)"
24010,The Gods are Athirst,"Jackson, Emilie (1963)"
24011,Zodiac Town,"Turner, Nancy Byrd (1971)"
24035,The Pirates of Ersatz,"Leinster, Murray (1975)"
24054,Dead Giveaway,"Garrett, Randall (1987)"
24064,Damned If You Don't,"Garrett, Randall (1987)"
24069,"Heroes in Peace The 6th William Penn Lecture, May 9, 1920","Holmes, John Haynes (1964)"
24091,Despoilers of the Golden Empire,"Garrett, Randall (1987)"
24104,The Aliens,"Leinster, Murray (1975)"
24119,Make Mine Homogenized,"Raphael, Rick (1994)"
24134,Mushrooms on the Moor,"Boreham, Frank (1959)"
24135,The Measure of a Man,"Garrett, Randall (1987)"
24149,The Ambulance Made Two Trips,"Leinster, Murray (1975)"
24150,Disturbing Sun,"Richardson, Robert S. (Robert Shirley) (1981)"
24151,The Sky Trap,"Long, Frank Belknap (1994)"
24152,The Guardians,"Cox, Irving E., Jr. (2001)"
24166,The Destroyers,"Garrett, Randall (1987)"
24180,Alarm Clock,"Cole, Everett B. (2001)"
24187,A Transmutation of Muddles,"Fyfe, H. B. (Horace Bowne) (1997)"
24189,Something Will Turn Up,"Mason, David (1974)"
24192,The First One,"Kastle, Herbert D. (1987)"
24196,Victory,"Del Rey, Lester (1993)"
24198,A Spaceship Named McGuire,"Garrett, Randall (1987)"
24200,American Men of Mind,"Stevenson, Burton Egbert (1962)"
24202,One Man's Initiation—1917,"Dos Passos, John (1970)"
24237,Grasshopper Green and the Meadow Mice,"Rae, John (1963)"
24241,Judy of York Hill,"Bennett, Ethel Hume (1956)"
24246,Greener Than You Think,"Moore, Ward (1978)"
24247,Gun for Hire,"Reynolds, Mack (1983)"
24259,"'Oh, Well, You Know How Women Are!'","Rinehart, Mary Roberts (1958)"
24274,The Native Soil,"Nourse, Alan Edward (1992)"
24275,Letter of the Law,"Nourse, Alan Edward (1992)"
24276,The Coffin Cure,"Nourse, Alan Edward (1992)"
24277,Card Trick,"Berryman, John (1988)"
24287,The Man from the Bitter Roots,"Lockhart, Caroline (1962)"
24290,PRoblem,"Nourse, Alan Edward (1992)"
24302,The Highest Treason,"Garrett, Randall (1987)"
24313,Once a week,"Milne, A. A. (Alan Alexander) (1956)"
24317,Roosevelt in the Bad Lands,"Hagedorn, Hermann (1964)"
24340,"The Common Sense of Socialism A Series of Letters Addressed to Jonathan Edwards, of Pittsburg","Spargo, John (1966)"
24364,"The Defeat of Youth, and Other Poems","Huxley, Aldous (1963)"
24370,Mercenary,"Reynolds, Mack (1983)"
24375,Wizard,"Janifer, Laurence M. (2002)"
24382,Vigorish,"Berryman, John (1988)"
24392,Cat and Mouse,"Williams, Ralph (1959)"
24395,The Winds of Time,"Schmitz, James H. (1981)"
24397,Hex,"Janifer, Laurence M. (2002)"
24399,Criminal Negligence,"McComas, J. Francis (1978)"
24424,La Renaissance de la littérature hébraïque (1743-1885),"Slouschz, Nahum (1966)"
24436,Anything You Can Do ...,"Garrett, Randall (1987)"
24444,Out Like a Light,"Garrett, Randall (1987)"
24489,Little White Fox and his Arctic Friends,"Snell, Roy J. (Roy Judson) (1959)"
24493,The Boy Who Knew What the Birds Said,"Colum, Padraic (1972)"
24509,In the Mist of the Mountains,"Turner, Ethel (1958)"
24521,In Case of Fire,"Garrett, Randall (1987)"
24529,The Unnecessary Man,"Garrett, Randall (1987)"
24558,Watch the Sky,"Schmitz, James H. (1981)"
24566,Faithfully Yours,"Tabakow, Lou (1981)"
24576,An Interpretation of Friends Worship,"Toomer, Jean (1967)"
24623,Mother Goose The Original Volland Edition,"Grover, Eulalie Osgood (1958)"
24627,"Booker T. Washington, Builder of a Civilization","Scott, Emmett J. (Emmett Jay) (1957)"
24637,"Bromide Printing and Enlarging A Practical Guide to the Making of Bromide Prints by Contact and Bromide Enlarging by Daylight and Artificial Light, With the Toning of Bromide Prints and Enlargements","Tennant, John A. (1957)"
24682,Quilts: Their Story and How to Make Them,"Webster, Marie D. (Marie Daugherty) (1956)"
24695,The Snowshoe Trail,"Marshall, Edison (1967)"
24707,By Proxy,"Garrett, Randall (1987)"
24712,The Negro at Work in New York City: A Study in Economic Progress,"Haynes, George Edmund (1960)"
24714,Fairy Tales from Brazil: How and Why Tales from Brazilian Folk-Lore,"Eells, Elsie Spicer (1963)"
24721,Operation Haystack,"Herbert, Frank (1986)"
24723,Final Weapon,"Cole, Everett B. (2001)"
24737,The Children of Odin: The Book of Northern Myths,"Colum, Padraic (1972)"
24742,"Mary, Mary","Colum, Padraic (1972)"
24749,Adaptation,"Reynolds, Mack (1983)"
24770,"A Prisoner of Morro; Or, In the Hands of the Enemy","Sinclair, Upton (1968)"
24771,Tutors' Lane,"Lewis, W. S. (Wilmarth Sheldon) (1979)"
24779,Millennium,"Cole, Everett B. (2001)"
24781,"The Birth of Yugoslavia, Volume 2","Baerlein, Henry (1960)"
24858,The Story of Wool,"Bassett, Sara Ware (1968)"
24860,Samuel Richardson's Introduction to Pamela,"Baker, Sheridan Warner (2000)"
24870,"The Stars, My Brothers","Hamilton, Edmond (1977)"
24917,Mariucha,"Morley, S. Griswold (Sylvanus Griswold) (1970)"
25051,Space Platform,"Leinster, Murray (1975)"
24921,"It's like this, cat","Neville, Emily (1997)"
24949,Control Group,"Aycock, Roger D. (2004)"
24958,Second Landing,"Wallace, F. L. (Floyd L.) (2004)"
24959,Working With the Working Woman,"Parker, Cornelia Stratton (1972)"
24965,The Deadly Daughters,"Marks, Winston K. (Winston Kinney) (1979)"
24975,The Gift Bearer,"Fontenay, Charles L. (2007)"
24978,Thirty Indian legends,"Bemister, Margaret (1984)"
25024,The Night of the Long Knives,"Leiber, Fritz (1992)"
25025,The Story of Silk,"Bassett, Sara Ware (1968)"
25028,Heist Job on Thizar,"Garrett, Randall (1987)"
25037,War and the Weird,"Hopkins, R. Thurston (Robert Thurston) (1958)"
25043,Hidden Gold,"Anthony, Wilder (1965)"
25061,The Penal Cluster,"Garrett, Randall (1987)"
25067,The Planet Strappers,"Gallun, Raymond Z. (Raymond Zinke) (1994)"
25086,The Delegate from Venus,"Slesar, Henry (2002)"
25094,Daughters of Doom,"Hickey, H. B. (1987)"
25110,The Approach to Philosophy,"Perry, Ralph Barton (1957)"
25141,The Pursuit of God,"Tozer, A. W. (Aiden Wilson) (1963)"
25143,"The Curlytops and Their Playmates; Or, Jolly Times Through the Holidays","Garis, Howard Roger (1962)"
25156,An introduction to nonassociative algebras,"Schafer, Richard D. (Richard Donald) (2014)"
25166,What The Left Hand Was Doing,"Garrett, Randall (1987)"
25205,Light On the Child's Path,"Bixler, William Allen (1961)"
25230,The Return of Blue Pete,"Allan, Luke (1962)"
25234,Cum Grano Salis,"Garrett, Randall (1987)"
25269,Elements of Plumbing,"Dibble, Samuel Edward (1970)"
25270,Hunters Out of Space,"Kelleam, Joseph E. (Joseph Everidge) (1975)"
25282,The Jewish State,"Bein, Alex (1988)"
25283,Explorers of the Dawn,"De la Roche, Mazo (1961)"
25301,The Adventures of Danny Meadow Mouse,"Burgess, Thornton W. (Thornton Waldo) (1965)"
25306,A Dominie in Doubt,"Neill, Alexander Sutherland (1973)"
25410,The Miracle of the Great St. Nicolas 1920,"May, J. Lewis (James Lewis) (1961)"
25383,Boy Life Stories and Readings Selected From The Works of William Dean Howells,"Chubb, Percival (1960)"
25406,Marguerite,"May, J. Lewis (James Lewis) (1961)"
25409,The Story of the Duchess of Cicogne and of Monsieur de Boulingrin 1920,"May, J. Lewis (James Lewis) (1961)"
34329,I Run with the Fox,"Gould, Mona (1999)"
25411,The Seven Wives of Bluebeard 1920,"May, J. Lewis (James Lewis) (1961)"
25447,Mysticism and Logic and Other Essays,"Russell, Bertrand (1970)"
25470,Mud and Khaki: Sketches from Flanders and France,"Bartlett, Vernon (1983)"
25477,"The Curlytops on Star Island; Or, Camping out with Grandpa","Garis, Howard Roger (1962)"
25497,Five Little Friends,"Adams, Sherred Willcox (1960)"
25523,Old Junk,"Tomlinson, H. M. (Henry Major) (1958)"
25529,The Adventures of Danny Meadow Mouse,"Burgess, Thornton W. (Thornton Waldo) (1965)"
25544,"The Pioneer Steamship Savannah: A Study for a Scale Model United States National Museum Bulletin 228, 1961, pages 61-80","Chapelle, Howard Irving (1975)"
25546,Songs of a Sourdough,"Service, Robert W. (Robert William) (1958)"
25550,The Defiant Agents,"Norton, Andre (2005)"
25567,Impact,"Cox, Irving E., Jr. (2001)"
25569,An African Adventure,"Marcosson, Isaac Frederick (1961)"
25588,Outline of the development of the internal commerce of the United States 1789-1900,"Van Metre, Thurman William (1961)"
34330,Gossip,"Gould, Mona (1999)"
25628,The Nothing Equation,"Godwin, Tom (1980)"
25644,The Man Who Hated Mars,"Garrett, Randall (1987)"
25658,Daisy Ashford: Her Book,"Ashford, Daisy (1972)"
25684,A World Called Crimson,"Marlowe, Stephen (2008)"
25702,The Kingdom Round the Corner: A Novel,"Dawson, Coningsby (1959)"
25713,The Judas Valley,"Garrett, Randall (1987)"
25717,The History of the Decline and Fall of the Roman Empire Table of Contents with links in the HTML file to the two Project Gutenberg editions (12 volumes),"Widger, David (2021)"
25724,The Other Side of the Door,"Chamberlain, Lucia (1978)"
25728,"Desert Conquest; or, Precious Waters","Chisholm, A. M. (Arthur Murray) (1960)"
25749,A tall ship on other naval occasions,Bartimeus (1967)
25776,This Crowded Earth,"Bloch, Robert (1994)"
25780,The Fire People,"Cummings, Ray (1957)"
25797,The School and the World,"Gollancz, Victor (1967)"
25801,The Girl Scouts in Beechwood Forest,"Vandercook, Margaret (1958)"
25808,Index of the Project Gutenberg works of Thomas Carlyle,"Widger, David (2021)"
25921,The Long Trick,Bartimeus (1967)
25823,The Story of Leather,"Bassett, Sara Ware (1968)"
25829,The Dark Tower,"Bottome, Phyllis (1963)"
25835,The Branding Iron,"Burt, Katharine Newlin (1977)"
25862,The Chamber of Life,"Peyton, Green (1968)"
25880,"American Poetry, 1922: A Miscellany","Frost, Robert (1963)"
25888,Edge of the Jungle,"Beebe, William (1962)"
25892,Eve to the Rescue,"Hueston, Ethel (1971)"
25893,Beatrice Leigh at College: A Story for Girls,"Schwartz, Julia Augusta (1957)"
25902,"The History of England, from the Accession of James II. Complete Contents of the Five Volumes","Widger, David (2021)"
25903,The Miscellaneous Writings and Speeches of Lord Macaulay Complete Table of Contents of the Four Volumes,"Widger, David (2021)"
25938,Nancy McVeigh of the Monk Road,"Mainer, R. Henry (Robert Henry) (1965)"
25942,The Translations of Beowulf: A Critical Bibliography,"Tinker, Chauncey Brewster (1963)"
25951,Fragments from France,"Bairnsfather, Bruce (1959)"
25976,Peeps At Many Lands: Australia,"Fox, Frank (1960)"
26029,"Printing and the Renaissance A paper read before the Fortnightly Club of Rochester, New York","Slater, John Rothwell (1965)"
26049,Stand By! Naval Sketches and Stories,"Dorling, H. Taprell (Henry Taprell) (1968)"
26058,The Starvation Treatment of Diabetes,"Hill, Lewis Webb (1968)"
26061,The Gold Girl,"Hendryx, James B. (James Beardsley) (1963)"
26066,The Cosmic Express,"Williamson, Jack (2006)"
26093,The Memory of Mars,"Jones, Raymond F. (1994)"
26098,Happy Days,"Milne, A. A. (Alan Alexander) (1956)"
26109,Hail to the Chief,"Garrett, Randall (1987)"
26130,Stories of the Saints by Candle-Light,"Barclay, Vera C. (Vera Charlesworth) (1989)"
26146,Charles Frohman: Manager and Man,"Marcosson, Isaac Frederick (1961)"
26162,Peking Dust,"La Motte, Ellen N. (Ellen Newbold) (1961)"
26168,The success machine,"Slesar, Henry (2002)"
26174,The Machine That Saved The World,"Leinster, Murray (1975)"
26177,The Book of Stories for the Story-teller,"Coe, Fanny E. (Fanny Eliza) (1956)"
26191,Citadel,"Budrys, Algis (2008)"
26206,Pandemic,"Bone, Jesse F. (Jesse Franklin) (2006)"
26233,The Indifference of Juliet,"Richmond, Grace S. (Grace Smith) (1959)"
26241,"Antony Gray,—Gardener",LM (Leslie Moore) (1978)
26256,A Little Maid of Province Town,"Curtis, Alice Turner (1958)"
26277,Margarita's Soul: The Romantic Recollections of a Man of Fifty,"Bacon, Josephine Daskam (1961)"
26292,The Star Hyacinths,"Schmitz, James H. (1981)"
26320,The Merry-Go-Round,"Van Vechten, Carl (1964)"
26329,The Inquisition A Critical and Historical Study of the Coercive Power of the Church,"Conway, Bertrand L. (Bertrand Louis) (1959)"
26332,A Prize for Edie,"Bone, Jesse F. (Jesse Franklin) (2006)"
26344,Letters of a Dakota Divorcee,"Burr, Jane (1958)"
26372,Panther Eye,"Snell, Roy J. (Roy Judson) (1959)"
26399,Fairy Prince and Other Stories,"Abbott, Eleanor Hallowell (1958)"
26405,Penguin Persons & Peppermints,"Eaton, Walter Prichard (1957)"
26474,Some Naval Yarns,"Hall, Mordaunt (1973)"
26516,The Log of the Sun: A Chronicle of Nature's Year,"Beebe, William (1962)"
26517,Mary Jane's City Home,"Judson, Clara Ingram (1960)"
26521,Earthmen Bearing Gifts,"Brown, Fredric (1972)"
26532,Over the Line,"Sherman, Harold M. (Harold Morrow) (1987)"
26533,Rainbow Hill,"Lawrence, Josephine (1978)"
26536,The Good Neighbors,"Pangborn, Edgar (1976)"
26537,The Windy Hill,"Meigs, Cornelia (1973)"
26543,Clematis,"Cobb, Ernest (1964)"
26548,The Tale of a Trooper,"Mackenzie, Clutha N. (Clutha Nantes) (1966)"
26557,If you don't write fiction,"Cushing, Charles Phelps (1973)"
26569,Monkey On His Back,"De Vet, Charles V. (1997)"
26623,"The Brass Bell; or, The Chariot of Death","De Leon, Solon (1975)"
26629,Werwolves,"O'Donnell, Elliott (1965)"
26635,The Rose-Garden Husband,"Widdemer, Margaret (1978)"
26641,The Submarine Hunters: A Story of the Naval Patrol Work in the Great War,"Westerman, Percy F. (Percy Francis) (1959)"
26642,Wilmshurst of the Frontier Force,"Westerman, Percy F. (Percy Francis) (1959)"
26649,Terribly Intimate Portraits,"Coward, Noël (1973)"
26697,"Principles of Mining: Valuation, Organization and Administration","Hoover, Herbert (1964)"
26707,Wanderings in the Orient,"Reese, A. M. (Albert Moore) (1965)"
26713,Norman Ten Hundred,"Blicq, A. Stanley (Arthur Stanley) (1976)"
26723,A Little Maid of Ticonderoga,"Curtis, Alice Turner (1958)"
26730,"Turandot, Princess of China: A Chinoiserie in Three Acts","Bithell, Jethro (1962)"
26741,I'm a Stranger Here Myself,"Reynolds, Mack (1983)"
26743,The Putnam Tradition,"Dorman, Sonya (2005)"
26772,A Question of Courage,"Bone, Jesse F. (Jesse Franklin) (2006)"
26782,It Could Be Anything,"Laumer, Keith (1993)"
26785,Modern British Poetry,"Untermeyer, Louis (1977)"
26795,Get out of our skies!,"Slesar, Henry (2002)"
26797,Something Else Again,"Adams, Franklin P. (Franklin Pierce) (1960)"
26835,Where the Souls of Men are Calling,"Harris, Credo Fitch (1956)"
26843,The Dope on Mars,"Sharkey, Jack (1992)"
26854,The Trembling of a Leaf: Little Stories of the South Sea Islands,"Maugham, W. Somerset (William Somerset) (1965)"
26855,Hard Guy,"Browne, Howard (1999)"
26857,Christopher and the Clockmakers,"Bassett, Sara Ware (1968)"
26867,John Jones's Dollar,"Keeler, Harry Stephen (1967)"
26881,"The Gospel of Luke, an exposition","Erdman, Charles Rosenbury (1960)"
26884,The backwash of war,"La Motte, Ellen N. (Ellen Newbold) (1961)"
26890,The Rat Racket,"Keller, David H. (David Henry) (1966)"
26901,"A History of the Nineteenth Century, Year by Year. Volume 2 (of 3)","Emerson, Edwin (1959)"
26906,The Jameson Satellite,"Jones, Neil R. (1988)"
26910,"Stories of Authors, British and American","Chubb, Edwin Watts (1959)"
26912,Report of the Juvenile Delinquency Committee,"Algie, R. M. (Ronald Macmillan) (1978)"
26918,Spectra: A Book of Poetic Experiments,"Bynner, Witter (1968)"
26919,The New Education A Review of Progressive Educational Movements of the Day (1915),"Nearing, Scott (1983)"
26933,Visions and Revisions: A Book of Literary Devotions,"Powys, John Cowper (1963)"
26936,The Gallery,"Phillips, Rog (1965)"
26937,A syllabus of Kentucky folk-songs,"Combs, Josiah Henry (1960)"
26941,Wanted—7 Fearless Engineers!,"Tremaine, Frederick Orlin (1956)"
26944,The Magic Soap Bubble,"Cory, David (1966)"
26957,Star Mother,"Young, Robert F. (1986)"
26966,A Place in the Sun,"Marlowe, Stephen (2008)"
26967,The Coming of the Ice,"Peyton, Green (1968)"
26968,Summer Snow Storm,"Marlowe, Stephen (2008)"
26984,Across the Mesa,"Bagg, Helen (1959)"
26989,"B. C. 30,000","Meek, S. P. (Sterner St. Paul) (1972)"
27013,Hellhounds of the Cosmos,"Simak, Clifford D. (1988)"
27019,My Shipmate—Columbus,"Marlowe, Stephen (2008)"
27063,The Hero,"Maugham, W. Somerset (William Somerset) (1965)"
27022,A New Subspecies of the Black Myotis (Bat) from Eastern Mexico,"Hall, E. Raymond (Eugene Raymond) (1986)"
27053,The Day Time Stopped Moving,"Repp, Ed Earl (1979)"
27068,The Dead Command From the Spanish Los Muertos Mandan,"Douglas, Frances (1969)"
27069,Sonnets from the Crimea,"Underwood, Edna Worthley (1961)"
27075,Here and Now Story Book Two- to seven-year-olds,"Mitchell, Lucy Sprague (1967)"
27079,Jonah and Co.,"Yates, Dornford (1960)"
27085,Rootabaga Stories,"Sandburg, Carl (1967)"
27089,The Risk Profession,"Westlake, Donald E. (2008)"
27106,Kinematics of Mechanisms from the Time of Watt,"Ferguson, Eugene S. (2004)"
27110,The Eternal Wall,"Gallun, Raymond Z. (Raymond Zinke) (1994)"
27137,The Scholfield Wool-Carding Machines,"Cooper, Grace Rogers (2004)"
27163,Suspended Judgments: Essays on Books and Sensations,"Powys, John Cowper (1963)"
27174,Captain Jim,"Bruce, Mary Grant (1958)"
27198,The Explorer,"Maugham, W. Somerset (William Somerset) (1965)"
27211,Jerry's Charge Account,"Wilson, Hazel Hutchins (1992)"
27246,Waiting for Daylight,"Tomlinson, H. M. (Henry Major) (1958)"
27248,The Raid on the Termites,"Ernst, Paul (1985)"
27252,The Land of The Blessed Virgin; Sketches and Impressions in Andalusia,"Maugham, W. Somerset (William Somerset) (1965)"
27256,A Pioneer Railway of the West,"Lafferty, Maude Ward (1962)"
27261,Fantazius Mallare: A Mysterious Oath,"Hecht, Ben (1964)"
27264,William Shakespeare,"Masefield, John (1967)"
27265,The Wagnerian Romances,"Brownell, Gertrude Hall (1961)"
27297,"Path Flower, and Other Verses","Dargan, Olive Tilford (1968)"
27338,"Baseball Joe Around the World; or, Pitching on a Grand Tour","Chadwick, Lester (1962)"
27343,Fireside Stories for Girls in Their Teens,"Eggleston, Margaret W. (Margaret White) (1971)"
27357,The Landing of the Pilgrims,"Carlton, Henry Fisk (1973)"
27377,A Little Maid of Massachusetts Colony,"Curtis, Alice Turner (1958)"
27393,Medal of Honor,"Reynolds, Mack (1983)"
27404,Where the strange trails go down,"Powell, E. Alexander (Edward Alexander) (1957)"
27426,Shenanigans at Sugar Creek,"Hutchens, Paul (1977)"
27438,'Me--Smith',"Lockhart, Caroline (1962)"
27453,Colorado Jim,"Goodchild, George (1969)"
27461,The Orchard of Tears,"Rohmer, Sax (1959)"
27462,The Last Evolution,"Campbell, John W., Jr. (John Wood) (1971)"
27464,A Scientist Rises,"Hall, Desmond Winter (1992)"
27471,The Wall Between,"Bassett, Sara Ware (1968)"
27491,Unthinkable,"Phillips, Rog (1965)"
27492,Upstarts,"Stecher, L. J., Jr. (1988)"
27500,The New Theology,"Campbell, R. J. (Reginald John) (1956)"
27514,A Handful of Stars: Texts That Have Moved Great Minds,"Boreham, Frank (1959)"
27519,The Settlement of Wage Disputes,"Feis, Herbert (1972)"
27522,Virginia of Elk Creek Valley,"Chase, Mary Ellen (1973)"
27557,Learning to Fly: A Practical Manual for Beginners,"Grahame-White, Claude (1959)"
27569,Gilbert Keith Chesterton,"Braybrooke, Patrick (1956)"
27584,"Baseball Joe in the Big League; or, A Young Pitcher's Hardest Struggles","Chadwick, Lester (1962)"
41714,The Syndic,"Kornbluth, C. M. (Cyril M.) (1958)"
27588,The Jupiter Weapon,"Fontenay, Charles L. (2007)"
27595,Eight Keys to Eden,"Clifton, Mark (1963)"
27606,The Library of William Congreve,"Hodges, John Cunyus (1967)"
27609,The Undersea Tube,"Hansen, L. Taylor (Lucile Taylor) (1976)"
42255,A Little Fleet,"Yeats, Jack B. (Jack Butler) (1957)"
27643,Lucile Triumphant,"Duffield, Elizabeth M. (1983)"
27645,The Beginning,"Hasse, Henry (1977)"
27660,A Book Without a Title,"Nathan, George Jean (1958)"
27673,Oedipus King of Thebes Translated into English Rhyming Verse with Explanatory Notes,"Murray, Gilbert (1957)"
27683,The World I Live In,"Keller, Helen (1968)"
27684,Anthony Lyveden,"Yates, Dornford (1960)"
27716,A portrait of Old George Town,"Peter, Grace Dunlop (1974)"
27731,The New World,"Bynner, Witter (1968)"
27756,Revenge,"Porges, Arthur (2006)"
27771,Once on a Time,"Milne, A. A. (Alan Alexander) (1956)"
27776,The Methodist,"Bentman, Raymond (2013)"
27787,The American Empire,"Nearing, Scott (1983)"
27789,A Royal Prisoner,"Allain, Marcel (1969)"
27794,Fantômas,"Allain, Marcel (1969)"
27824,Juggernaut,"Campbell, Alice (1976)"
27834,Paul and the Printing Press,"Bassett, Sara Ware (1968)"
27842,The Economic Aspect of Geology,"Leith, C. K. (Charles Kenneth) (1956)"
27890,The Merriweather Girls in Quest of Treasure,"Edholm, Lizette M. (Lizette McCully) (1967)"
27921,The Love of Frank Nineteen,"Knight, David C. (1984)"
27968,Tulan,"MacApp, C. C. (1971)"
27969,The county regiment,"Vaill, Dudley Landon (1967)"
28010,"Bacon's Rebellion, 1676","Wertenbaker, Thomas Jefferson (1966)"
28016,In the tail of the peacock,"Savory, Isabel (1966)"
28026,"Great Pianists on Piano Playing Study Talks with Foremost Virtuosos. A Series of Personal Educational Conferences with Renowned Masters of the Keyboard, Presenting the Most Modern Ideas upon the Subjects of Technic, Interpretation, Style and Expression","Cooke, James Francis (1960)"
28030,Reluctant Genius,"Slesar, Henry (2002)"
28031,Resurrection,"Shea, Robert (1994)"
28043,Ships in Harbour,"Morton, David (1957)"
28045,Walls of Acid,"Hasse, Henry (1977)"
28047,Strange Alliance,"Walton, Bryce (1988)"
28051,Caesar Rodney's Ride,"Carlton, Henry Fisk (1973)"
28062,The Man Who Saw the Future,"Hamilton, Edmond (1977)"
28063,The Next Logical Step,"Bova, Ben (2020)"
28065,The Pecan and its Culture,"Hume, H. Harold (Hardrada Harold) (1965)"
28076,"Original Short Stories, Complete, Volumes 1-13 An Index to All Stories","Widger, David (2021)"
28106,Tres Comedias,"Van Horne, John (1959)"
28110,Jimsy: The Christmas Kid,"Dalrymple, Leona (1968)"
28111,Moment of Truth,"Wells, Basil (2003)"
28118,The Great Gray Plague,"Jones, Raymond F. (1994)"
28119,"My Father, the Cat","Slesar, Henry (2002)"
28145,"Attack: An Infantry Subaltern's Impression of July 1st, 1916","Liveing, Edward G. D. (Edward George Downing) (1963)"
28156,Minor Detail,"Sharkey, Jack (1992)"
28163,The Higher Powers of Mind and Spirit,"Trine, Ralph Waldo (1958)"
28173,Three Young Pioneers A Story of the Early Settlement of Our Country,"Mueller, John Theodore (1967)"
28205,Washington Crossing the Delaware,"Carlton, Henry Fisk (1973)"
28215,Empire,"Simak, Clifford D. (1988)"
28216,Respiration Calorimeters for Studying the Respiratory Exchange and Energy Transformations of Man,"Benedict, Francis Gano (1957)"
28218,Three Unpublished Poems,"Sears, Clara Endicott (1960)"
28232,Possession: A Peep-Show in Paradise,"Housman, Laurence (1959)"
28234,'Lizbeth of the Dale,"MacGregor, Mary Esther Miller (1961)"
28235,In Orchard Glen,"MacGregor, Mary Esther Miller (1961)"
28257,"The Story of the Great War, Volume 1 Introductions; Special Articles; Causes of War; Diplomatic and State Papers","Miller, Francis Trevelyan (1959)"
28271,Seven Miles to Arden,"Sawyer, Ruth (1970)"
28276,The End of the Rainbow,"MacGregor, Mary Esther Miller (1961)"
28301,The Beloved Woman,"Norris, Kathleen Thompson (1966)"
28308,The Children's Book of Christmas Stories,"Dickinson, Asa Don (1960)"
28309,"Christopher Hibbault, Roadmaker","Bryant, Marguerite (1962)"
28312,Atheism in Pagan Antiquity,"Andersen, Ingeborg (1960)"
28333,Messengers of Evil Being a Further Account of the Lures and Devices of Fantômas,"Allain, Marcel (1969)"
28346,Deathworld,"Harrison, Harry (2012)"
28359,Applied Psychology: Making Your Own World Being the Second of a Series of Twelve Volumes on the Applications of Psychology to the Problems of Personal and Business Efficiency,"Hilton, Warren (1958)"
28378,Too Old for Dolls: A Novel,"Ludovici, Anthony M. (Anthony Mario) (1971)"
28383,The Love Story of Abner Stone,"Litsey, Edwin Carlile (1970)"
28406,Why I Believe in Scouting for Girls,"Rinehart, Mary Roberts (1958)"
28418,The Black Buccaneer,"Meader, Stephen W. (Stephen Warren) (1977)"
28437,It's a Small Solar System,"Howard, Allan (1988)"
28438,The Helpful Robots,"Shea, Robert (1994)"
28451,I Like Martian Music,"Fritch, Charles E. (2012)"
28453,Flight Through Tomorrow,"Coblentz, Stanton A. (Stanton Arthur) (1982)"
28460,Bolden's Pets,"Wallace, F. L. (Floyd L.) (2004)"
28462,Rose O'Paradise,"White, Grace Miller (1957)"
28472,Patrician and Plebeian Or The Origin and Development of the Social Classes of the Old Dominion,"Wertenbaker, Thomas Jefferson (1966)"
28486,The Weakling,"Cole, Everett B. (2001)"
28496,Introduction to the Science of Sociology,"Burgess, E. W. (Ernest Watson) (1966)"
28511,The Tree That Saved Connecticut,"Carlton, Henry Fisk (1973)"
28515,The Saracen: Land of the Infidel,"Shea, Robert (1994)"
28516,The Saracen: The Holy War,"Shea, Robert (1994)"
28518,Mex,"Janifer, Laurence M. (2002)"
28527,The Story of Nathan Hale,"Carlton, Henry Fisk (1973)"
28535,Out of This World Convention,"Ackerman, Forrest J. (2008)"
28550,Song in a Minor Key,"Moore, C. L. (Catherine Lucile) (1987)"
28554,Beyond Lies the Wub,"Dick, Philip K. (1982)"
28555,"The Virginia Company Of London, 1606-1624","Craven, Wesley Frank (1981)"
28574,Connie Morgan in the fur country,"Hendryx, James B. (James Beardsley) (1963)"
28579,The Homesteaders: A Novel of the Canadian West,"Stead, Robert J. C. (1959)"
28583,The Calm Man,"Long, Frank Belknap (1994)"
28670,Arizona's yesterday,"Woon, Basil (1974)"
28634,Religious Life of Virginia in the Seventeenth Century The Faith of Our Fathers,"Brydon, G. MacLaren (George MacLaren) (1963)"
28643,Belly Laugh,"Garrett, Randall (1987)"
28644,Beyond the Door,"Dick, Philip K. (1982)"
28650,Year of the Big Thaw,"Bradley, Marion Zimmer (1999)"
28665,Sea Garden,H. D. (Hilda Doolittle) (1961)
28666,Hymen,H. D. (Hilda Doolittle) (1961)
28683,The Roof Tree,"Buck, Charles Neville (1957)"
28688,The Silver Maple,"MacGregor, Mary Esther Miller (1961)"
28689,"Duncan Polite, the Watchman of Glenoro","MacGregor, Mary Esther Miller (1961)"
28698,The Crystal Crypt,"Dick, Philip K. (1982)"
28699,Historic Ghosts and Ghost Hunters,"Bruce, H. Addington (Henry Addington) (1959)"
28701,Stories of W.W. Jacobs: An Index to All Volumes and Stories,"Widger, David (2021)"
28705,The God in the Box,"Wright, Sewell Peaslee (1970)"
28730,"Agriculture in Virginia, 1607-1699","Carrier, Lyman (1963)"
28735,The Radio Boys with the Revenue Guards,"Breckenridge, Gerald (1964)"
28747,The Works of Oliver Wendell Holmes: An Index of the Project Gutenberg Editions,"Widger, David (2021)"
28750,The Fairfax County Courthouse,"Netherton, Ross De Witt (2010)"
28760,The Works of John Galsworthy An Index of the Project Gutenberg Works of Galsworthy,"Widger, David (2021)"
28765,Rafael in Italy,"McDonald, Etta Blaisdell (1963)"
28767,The Defenders,"Dick, Philip K. (1982)"
28775,Mendelism Third Edition,"Punnett, Reginald Crundall (1967)"
28803,The Works of Mark Twain: An Index of all Project Gutenberg Editions,"Widger, David (2021)"
28813,The Electronic Mind Reader: A Rick Brant Science-Adventure Story,"Goodwin, Harold L. (Harold Leland) (1990)"
28821,The Works of Charles Dudley Warner Project Gutenberg Editions,"Widger, David (2021)"
28822,The Works of Winston Churchill: A Linked Index of the Project Gutenberg Editions,"Widger, David (2021)"
28823,The Works of George Meredith: A Linked Index to the Project Gutenberg Editions,"Widger, David (2021)"
28832,The Sargasso of Space,"Hamilton, Edmond (1977)"
28846,Little Jack Rabbit's Adventures,"Cory, David (1966)"
28849,Smugglers' Reef: A Rick Brant Science-Adventure Story,"Goodwin, Harold L. (Harold Leland) (1990)"
28850,The Project Gutenberg Works of John Lothrop Motley A Linked Index for: The Rise of the Dutch Republic; The History of the United Netherlands; The Life and Death of John of Barneveld,"Widger, David (2021)"
28852,"Seventeen Species of Bats Recorded from Barro Colorado Island, Panama Canal Zone","Hall, E. Raymond (Eugene Raymond) (1986)"
28858,"The Heptameron of Margaret, Queen of Navarre A Linked Index to the Project Gutenberg Edition","Widger, David (2021)"
28859,The Life of George Washington: A Linked Index to the Project Gutenberg Editions,"Widger, David (2021)"
28860,"The Memoirs, Correspondence, and Miscellanies, From the Papers of Thomas Jefferson A Linked Index to the Project Gutenberg Editions","Widger, David (2021)"
28864,A New Subspecies of Microtus montanus from Montana and Comments on Microtus canicaudus Miller,"Hall, E. Raymond (Eugene Raymond) (1986)"
28871,The Seven Great Monarchies of the Ancient Asian World A Linked Index to the Project Gutenberg Editions,"Widger, David (2021)"
28874,Comments on the Taxonomy and Geographic Distribution of Some North American Rabbits,"Hall, E. Raymond (Eugene Raymond) (1986)"
28876,"History of Egypt, Chaldæa, Syria, Babylonia, and Assyria A Linked Index to the Project Gutenberg Editions","Widger, David (2021)"
28879,A Popular History of France from the Earliest Times A Linked Index to the Project Gutenberg Editions,"Widger, David (2021)"
28883,The Copper-Clad World,"Vincent, Harl (1968)"
28892,Benefactor,"Smith, George H. (George Henry) (1996)"
28893,Of Time and Texas,"Nolan, William F. (2021)"
28894,Two Plus Two Makes Crazy,"Sheldon, Walter J. (1996)"
28896,Stories and Tales of the Irish: A Linked Index to the Project Gutenberg Editions,"Widger, David (2021)"
28898,The Historical Novels of Georg Ebers A Linked Index to the Project Gutenberg Editions,"Widger, David (2021)"
28903,All That Matters,"Guest, Edgar A. (Edgar Albert) (1959)"
28905,The Works of Edward Bulwer-Lytton: A Linked Index to the Project Gutenberg Editions,"Widger, David (2021)"
28921,An Essay on True and Apparent Beauty in which from Settled Principles is Rendered the Grounds for Choosing and Rejecting Epigrams,"Cunningham, J. V. (James Vincent) (1985)"
28924,Collector's Item,"Young, Robert F. (1986)"
28933,One out of ten,"Ferlaine, J. Anthony (John Anthony) (2011)"
28950,The Geneva Protocol,"Miller, David Hunter (1961)"
28954,This is Klon Calling,"Sheldon, Walter J. (1996)"
28956,Tharon of Lost Valley,"Roe, Vingie E. (Vingie Eve) (1958)"
28959,The Illustrated Works of Gordon Home: A Linked Index to the Project Gutenberg Editions,"Home, Gordon (1969)"
28969,The Illustrated Works of Friedrich Schiller A Linked Index to the Project Gutenberg Editions,"Widger, David (2021)"
28970,"Works of George W. Peck A Linked Index to the Project Gutenberg Editions of the ""Bad Boy"" Series and Others","Widger, David (2021)"
28972,The Works of Louis Becke: A Linked Index to the Project Gutenberg Editions,"Widger, David (2021)"
28976,Shaman,"Shea, Robert (1994)"
28987,Sunlight Patch,"Harris, Credo Fitch (1956)"
28991,The Next Step: A Plan for Economic World Federation,"Nearing, Scott (1983)"
29004,English Translations of Works of Emile Zola An Index to the Project Gutenberg Works of Zola in English,"Widger, David (2021)"
29019,All cats are gray,"Norton, Andre (2005)"
29023,Treasure Valley,"MacGregor, Mary Esther Miller (1961)"
29024,Across Mongolian Plains A Naturalist's Account of China's 'Great Northwest',"Andrews, Roy Chapman (1960)"
29027,Spawn of the Comet,"Rich, H. Thompson (Harold Thompson) (1974)"
29029,A Nest of Spies,"Allain, Marcel (1969)"
29038,In the Orbit of Saturn,"Starzl, Roman Frederick (1976)"
29041,The Education of Eric Lane,"McKenna, Stephen (1967)"
29045,From the St. Lawrence to the Yser with the 1st Canadian brigade,"Curry, Frederic C. (Crawford) (1965)"
29053,Raiders Invisible,"Hall, Desmond Winter (1992)"
29059,The World Beyond,"Cummings, Ray (1957)"
29069,Poisoned Air,"Meek, S. P. (Sterner St. Paul) (1972)"
29073,Rosinante to the Road Again,"Dos Passos, John (1970)"
29118,The Terror from the Depths,"Wright, Sewell Peaslee (1970)"
29122,"Mammals Obtained by Dr. Curt von Wedel from the Barrier Beach of Tamaulipas, Mexico","Hall, E. Raymond (Eugene Raymond) (1986)"
29132,The Gun,"Dick, Philip K. (1982)"
29138,The Doorway,"Smith, Evelyn E. (2000)"
29139,No Pets Allowed,"Cummings, Monette (1999)"
29141,Two New Pocket Gophers from Wyoming and Colorado,"Hall, E. Raymond (Eugene Raymond) (1986)"
29142,Keep Out,"Brown, Fredric (1972)"
29147,Educational Work of the Boy Scouts,"Barclay, Lorne W. (Lorne Webster) (1970)"
29149,"Cogito, Ergo Sum","West, John Foster (2008)"
29156,The Project Gutenberg Works of Joseph Conrad: An Index,"Widger, David (2021)"
29159,Acid Bath,"Garson, Bill (2000)"
29168,Houlihan's Equation,"Sheldon, Walter J. (1996)"
29170,The Hoofer,"Miller, Walter M. (1996)"
29177,The Pygmy Planet,"Williamson, Jack (2006)"
29193,Dream Town,"Slesar, Henry (2002)"
29195,It's All Yours,"Merwin, Sam, Jr. (1996)"
29196,Mutineer,"Shea, Robert (1994)"
29201,Comments on the Taxonomy and Geographic Distribution of North American Microtines,"Hall, E. Raymond (Eugene Raymond) (1986)"
29202,The Hammer of Thor,"Diffin, Charles Willard (1966)"
29204,Arm of the Law,"Harrison, Harry (2012)"
29206,Happy Ending,"Brown, Fredric (1972)"
29209,Reel Life Films,"Merwin, Sam, Jr. (1996)"
29234,"Presentation Pieces in the Museum of History and Technology Contributions from the Museum of History and Technology, Paper No. 47 [Smithsonian Institution]","Klapthor, Margaret Brown (1994)"
29240,Be It Ever Thus,"Williams, Robert Moore (1977)"
29242,Made in Tanganyika,"Jacobi, Carl (1997)"
29258,The Enclosures in England: An Economic Reconstruction,"Fitt, Harriett Bradley (1980)"
29265,"The Story of the Great War, Volume 3 History of the European War from Official Sources","Miller, Francis Trevelyan (1959)"
29270,"The Story of the Great War, Volume 2 History of the European War from Official Sources","Miller, Francis Trevelyan (1959)"
29271,The Issahar Artifacts,"Bone, Jesse F. (Jesse Franklin) (2006)"
29277,"Mountain Meditations, and some subjects of the day and the war","Lind-af-Hageby, L. (Lizzy) (1963)"
29278,The Innocent Adventuress,"Bradley, Mary Hastings (1976)"
29283,Salvage in Space,"Williamson, Jack (2006)"
29285,The Migrations of an American Boat Type,"Chapelle, Howard Irving (1975)"
29290,Now We Are Three,"Hensley, Joe L. (2007)"
29293,Priestess of the Flame,"Wright, Sewell Peaslee (1970)"
29303,Operation Earthworm,"Archibald, Joe (1986)"
29308,Small World,"Nolan, William F. (2021)"
29309,The Death-Traps of FX-31,"Wright, Sewell Peaslee (1970)"
29353,Vampires of Space,"Wright, Sewell Peaslee (1970)"
29319,The Trimming of Goosie,"Hopper, James (1956)"
29321,Vulcan's Workshop,"Vincent, Harl (1968)"
29326,The Great Drought,"Meek, S. P. (Sterner St. Paul) (1972)"
29339,The Practice of Autosuggestion,"Brooks, C. Harry (Cyrus Harry) (1978)"
29340,"The Story of the Great War, Volume 4 Champagne, Artois, Grodno; Fall of Nish; Caucasus; Mesopotamia; Development of Air Strategy; United States and the War","Miller, Francis Trevelyan (1959)"
29341,"The Story of the Great War, Volume 5 Battle of Jutland Bank; Russian Offensive; Kut-El-Amara; East Africa; Verdun; The Great Somme Drive; United States and Belligerents; Summary of Two Years' War","Miller, Francis Trevelyan (1959)"
29345,Mountain Interval,"Frost, Robert (1963)"
29355,The Odyssey of Sam Meecham,"Fritch, Charles E. (2012)"
29373,Educational Work of the Girl Scouts,"Bryant, Louise Stevens (1959)"
29381,The Works of Charles James Lever An Index of the Project Gutenberg Works of Lever,"Widger, David (2021)"
29384,Disowned,"Endersby, Victor A. (1988)"
29385,"The Story of the Great War, Volume 6 History of the European War from Official Sources","Miller, Francis Trevelyan (1959)"
29389,Raiders of the universes,"Wandrei, Donald (1987)"
29390,Astounding Stories of Super-Science April 1930,"Bates, Harry (1981)"
29400,Murder Point: A Tale of Keewatin,"Dawson, Coningsby (1959)"
29401,The Solar Magnet,"Meek, S. P. (Sterner St. Paul) (1972)"
29408,Wanderer of Infinity,"Vincent, Harl (1968)"
29410,The End of Time,"West, Wallace (1980)"
29416,The Mind Master,"Burks, Arthur J. (1974)"
29418,The Man from Time,"Long, Frank Belknap (1994)"
29430,The Project Gutenberg Works of Hall Caine: An Index,"Widger, David (2021)"
29431,The Project Gutenberg Works of Rafael Sabatini: An Index,"Widger, David (2021)"
29432,The Man the Martians Made,"Long, Frank Belknap (1994)"
29434,The Project Gutenberg Works of Flavius Josephus: An Index,"Widger, David (2021)"
29437,The Martian Cabal,"Starzl, Roman Frederick (1976)"
29441,The Project Gutenberg Works of Plato: An Index,"Widger, David (2021)"
29445,The Hour of Battle,"Sheckley, Robert (2005)"
29446,Beside Still Waters,"Sheckley, Robert (2005)"
29448,Pariah Planet,"Leinster, Murray (1975)"
29458,Cost of Living,"Sheckley, Robert (2005)"
29459,The Project Gutenberg Works of Xenophon: An Index,"Widger, David (2021)"
29466,Lords of the Stratosphere,"Burks, Arthur J. (1974)"
29467,The Project Gutenberg Works of Joseph Lincoln: An Index,"Widger, David (2021)"
29468,The Story of Don Quixote,"Paulson, Arvid (1977)"
29471,The Velvet Glove,"Harrison, Harry (2012)"
29475,Under Arctic Ice,"Bates, Harry (1981)"
29478,A Letter to Dion,"Viner, Jacob (1970)"
29487,Forever,"Sheckley, Robert (2005)"
29488,"We're Friends, Now","Hasse, Henry (1977)"
29492,Old Rambling House,"Herbert, Frank (1986)"
29501,Negro Migration during the War,"Scott, Emmett J. (Emmett Jay) (1957)"
29503,The Hated,"Pohl, Frederik (2013)"
29504,What's He Doing in There?,"Leiber, Fritz (1992)"
29509,Warm,"Sheckley, Robert (2005)"
29512,Olive in Italy,"Dalton, Moray (1963)"
29525,The Leech,"Sheckley, Robert (2005)"
29542,The Valor of Cappen Varra,"Anderson, Poul (2001)"
29543,Ox-Team Days on the Oregon Trail,"Driggs, Howard R. (Howard Roscoe) (1963)"
29546,"Where Half The World Is Waking Up The Old and the New in Japan, China, the Philippines, and India, Reported With Especial Reference to American Conditions","Poe, Clarence Hamilton (1964)"
29548,Warrior Race,"Sheckley, Robert (2005)"
29559,They Twinkled Like Jewels,"Farmer, Philip José (2009)"
29561,In a Little Town,"Hughes, Rupert (1956)"
29563,"Geographic Variation in the Harvest Mouse, Reithrodontomys megalotis, On the Central Great Plains And in Adjacent Regions","Jones, J. Knox (1992)"
29578,George Loves Gistla,"McKimmey, James (2011)"
29579,Watchbird,"Sheckley, Robert (2005)"
29611,William Shakespeare: His Homes and Haunts,"Bensusan, S. L. (Samuel Levy) (1958)"
29614,The Game of Rat and Dragon,"Linebarger, Paul Myron Anthony (1966)"
29618,The Aggravation of Elmer,"Arthur, Robert (1969)"
29619,The Altar at Midnight,"Kornbluth, C. M. (Cyril M.) (1958)"
29620,Sorry: Wrong Dimension,"Rocklynne, Ross (1988)"
29625,Teething Ring,"Causey, James (2003)"
29629,The Destroyer: A Tale of International Intrigue,"Stevenson, Burton Egbert (1962)"
29632,Competition,"Causey, James (2003)"
29633,The beginnings of cheap steel,"Bishop, Philip W. (1991)"
29643,Death of a Spaceman,"Miller, Walter M. (1996)"
29653,"Conestoga Wagons in Braddock's Campaign, 1755","Berkebile, Donald H. (2008)"
29662,The Moon is Green,"Leiber, Fritz (1992)"
29666,Hymns and Hymnwriters of Denmark,"Aaberg, J. C. (Jens Christian) (1970)"
29668,The Flockmaster of Poison Creek,"Ogden, George W. (George Washington) (1966)"
29680,Decision,"Robinson, Frank M. (2014)"
29682,Erdgeist (Earth-Spirit): A Tragedy in Four Acts,"Eliot, Samuel A. (Samuel Atkins) (1984)"
29685,"Submarine Warfare of To-day How the Submarine Menace Was Met and Vanquished, with Descriptions of the Inventions and Devices Used, Fast Boats, Mystery Ships, Nets, Aircraft, &c. &c., Also Describing the Selection and Training of the Enormous Personnel Used in This New Branch of the Navy","Domville-Fife, Charles W. (Charles William) (1960)"
29698,Lighter Than You Think,"Bond, Nelson S. (2006)"
29702,The Space Rover,"Sloat, Edwin K. (1986)"
29705,Interference and Other Football Stories,"Sherman, Harold M. (Harold Morrow) (1987)"
29717,The Finding of Haldgren,"Diffin, Charles Willard (1966)"
29720,Hall of Mirrors,"Brown, Fredric (1972)"
29748,The Duke Of Chimney Butte,"Ogden, George W. (George Washington) (1966)"
29750,Zen,"Bixby, Jerome (1998)"
29771,The Planetoid of Peril,"Ernst, Paul (1985)"
29774,A Yankee Flier Over Berlin,"Montgomery, Rutherford G. (Rutherford George) (1985)"
29784,A Fortran Program for Elastic Scattering Analyses with the Nuclear Optical Model,"Melkanoff, Michel A. (2013)"
29788,"Four Lectures on Mathematics, Delivered at Columbia University in 1911","Hadamard, Jacques (1963)"
29789,Poppa Needs Shorts,"Richmond, Walt (1977)"
29791,The Most Sentimental Man,"Smith, Evelyn E. (2000)"
29793,The Hohokam Dig,"Pratt, Theodore (1969)"
29794,"Tree, Spare that Woodman","Dryfoos, Dave (2003)"
29800,"La Fonction Gamma: Théorie, Histoire, Bibliographie","Godefroy, Maurice (1971)"
29832,Second Sight,"Wells, Basil (2003)"
29838,Common Science,"Washburne, Carleton (1968)"
29865,Highacres,"Abbott, Jane (1968)"
29876,Death Wish,"Sheckley, Robert (2005)"
29889,Life Sentence,"McConnell, James V. (1990)"
29897,Runaway,"Samachson, Joseph (1980)"
29902,Changing Winds A Novel,"Ervine, St. John G. (St. John Greer) (1971)"
29904,Thoughts on Art and Life,"Einstein, Lewis (1967)"
29908,The Adventurer,"Kornbluth, C. M. (Cyril M.) (1958)"
29910,The Second Voice,"Rubin, Mann (2013)"
29927,With Manchesters in the East,"Hurst, Gerald B. (Gerald Berkeley), Sir (1957)"
29928,Why Bewick Succeeded: A Note in the History of Wood Engraving,"Kainen, Jacob (2001)"
29931,The Big Tomorrow,"Shaver, Richard S. (1975)"
29934,The Auburndale Watch Company,"Battison, Edwin A. (2009)"
29936,Flamedown,"Fyfe, H. B. (Horace Bowne) (1997)"
29940,Dogfight—1973,"Reynolds, Mack (1983)"
29948,Two Timer,"Brown, Fredric (1972)"
29954,There is a Reaper ...,"De Vet, Charles V. (1997)"
29962,Celebrity,"McKimmey, James (2011)"
29964,Clarissa,"Brissenden, R. F. (Robert Francis) (1991)"
29965,Two Thousand Miles Below,"Diffin, Charles Willard (1966)"
29973,The 'Patriotes' of '37: A Chronicle of the Lower Canada Rebellion,"Wallace, W. Stewart (William Stewart) (1970)"
29978,"Shelley, Godwin and Their Circle","Brailsford, Henry Noel (1958)"
29987,Join Our Gang?,"Lanier, Sterling E. (2007)"
29989,The Outbreak of Peace,"Fyfe, H. B. (Horace Bowne) (1997)"
29990,Satellite System,"Fyfe, H. B. (Horace Bowne) (1997)"
29994,Irresistible Weapon,"Fyfe, H. B. (Horace Bowne) (1997)"
30001,"On the Origin of Clockwork, Perpetual Motion Devices, and the Compass","Price, Derek J. de Solla (Derek John de Solla) (1983)"
30002,Sjambak,"Vance, Jack (2013)"
30014,Native Son,"Hamm, T. D. (1994)"
30015,Stopover Planet,"Gilbert, Robert E. (1993)"
30016,Medical investigation in seventeenth century England,"Bodemer, Charles W. (1985)"
30019,Navy Day,"Harrison, Harry (2012)"
30029,Lost in Translation,"Janifer, Laurence M. (2002)"
30035,Off Course,"Reynolds, Mack (1983)"
30044,The Carnivore,"MacLean, Katherine (2019)"
30045,Planet of Dreams,"McKimmey, James (2011)"
30055,The 1893 Duryea Automobile In the Museum of History and Technology,"Berkebile, Donald H. (2008)"
30063,Double Take,"Wilson, Richard (1987)"
30086,Has Anyone Here Seen Kelly?,"Walton, Bryce (1988)"
30090,Robinetta,"Findlater, Mary (1963)"
30092,Lords of the Housetops: Thirteen Cat Tales,"Van Vechten, Carl (1964)"
30093,The Shepherd of the North,"Maher, Richard Aumerle (1959)"
30114,The Journal of Submarine Commander von Forstner,"Hammond, John Hays (1965)"
30127,Tales from Dickens,"Rives, Hallie Erminie (1956)"
30138,The Seiners,"Connolly, James B. (James Brendan) (1957)"
30140,Gone Fishing,"Schmitz, James H. (1981)"
30168,"A History of Giggleswick School from its Foundation, 1499 to 1912","Bell, Edward Allen (1959)"
30170,Lonesome Hearts,"Winterbotham, R. R. (Russell Robert) (1971)"
30179,The Note-Book of an Attaché: Seven Months in the War Zone,"Wood, Eric Fisher (1962)"
30199,McIlvaine's Star,"Derleth, August (1971)"
30214,The Red Hell of Jupiter,"Ernst, Paul (1985)"
30217,"Pleistocene Bats from San Josecito Cave, Nuevo Leon, Mexico","Jones, J. Knox (1992)"
30219,Monophysitism Past and Present: A Study in Christology,"Luce, A. A. (Arthur Aston) (1977)"
30227,Eighteenth Century Essays on Shakespeare,"Smith, David Nichol (1962)"
30228,Officer 666,"Currie, Barton Wood (1962)"
30234,Dead Ringer,"Del Rey, Lester (1993)"
30240,The Big Trip Up Yonder,"Vonnegut, Kurt (2007)"
30242,Prologue to an Analogue,"Richmond, Leigh (1995)"
30250,Five Stages of Greek Religion,"Murray, Gilbert (1957)"
30251,Disqualified,"Fontenay, Charles L. (2007)"
30255,The Skull,"Dick, Philip K. (1982)"
30259,The Man Who Played to Lose,"Janifer, Laurence M. (2002)"
30260,"A New Doglike Carnivore, Genus Cynarctus, From the Clarendonian, Pliocene, of Texas","Hall, E. Raymond (Eugene Raymond) (1986)"
30267,Remember the Alamo!,"Fehrenbach, T. R. (2013)"
30276,Some Imagist Poets: An Anthology,"Aldington, Richard (1962)"
30278,"Friars and Filipinos An Abridged Translation of Dr. Jose Rizal's Tagalog Novel, 'Noli Me Tangere.'","Gannett, Frank E. (Frank Ernest) (1957)"
30284,Virginia under the Stuarts 1607-1688,"Wertenbaker, Thomas Jefferson (1966)"
30288,Sight Gag,"Janifer, Laurence M. (2002)"
30291,Kildares of Storm,"Kelly, Eleanor Mercein (1968)"
30294,The Century Handbook of Writing,"Greever, Garland (1967)"
30297,"Records of the Fossil Mammal Sinclairella, Family Apatemyidae, From the Chadronian and Orellan","Clemens, William A. (William Alvin) (2020)"
30304,Psichopath,"Garrett, Randall (1987)"
30308,Hanging by a Thread,"Garrett, Randall (1987)"
30311,Modus Vivendi,"Berryman, John (1988)"
30312,Carmen Ariza,"Stocking, Charles Francis (1959)"
30316,Velazquez,"Bensusan, S. L. (Samuel Levy) (1958)"
30322,The Helpful Hand of God,"Godwin, Tom (1980)"
30324,The Pathless Trail,"Friel, Arthur O. (Arthur Olney) (1959)"
30329,Black Eyes and the Daily Grind,"Marlowe, Stephen (2008)"
30330,High Dragon Bump,"Thompson, Don (1994)"
30334,Ultima Thule,"Reynolds, Mack (1983)"
30337,Fifty Per Cent Prophet,"Garrett, Randall (1987)"
30338,Freedom,"Reynolds, Mack (1983)"
30339,Status Quo,"Reynolds, Mack (1983)"
30343,A discourse concerning ridicule and irony in writing (1729),"Bloom, Edward A. (Edward Alan) (1994)"
30348,The Last Supper,"Hamm, T. D. (1994)"
30351,The Cup of Fury: A Novel of Cities and Shipyards,"Hughes, Rupert (1956)"
30371,Service with a Smile,"Fontenay, Charles L. (2007)"
54322,Norwich,"Cole, E. V. (Elsie Vera) (1967)"
30378,The Merriweather Girls and the Mystery of the Queen's Fan,"Edholm, Lizette M. (Lizette McCully) (1967)"
30380,Pipe of Peace,"McKimmey, James (2011)"
30383,Spies Die Hard!,"Marmor, Arnold (1978)"
30386,The One and the Many,"Marlowe, Stephen (2008)"
30391,Betelguese,"DÉsque, Jean (1956)"
30398,The Other Likeness,"Schmitz, James H. (1981)"
30399,Pythias,"Pohl, Frederik (2013)"
30401,The Flying Stingaree: A Rick Brant Science-Adventure Story,"Goodwin, Harold L. (Harold Leland) (1990)"
30408,The Fifth-Dimension Tube,"Leinster, Murray (1975)"
30416,"Waste Not, Want","Dryfoos, Dave (2003)"
30427,The Lost Kafoozalum,"Ashwell, Pauline (2015)"
30434,Occasion ... for Disaster,"Garrett, Randall (1987)"
30438,The Eyes Have It,"McKimmey, James (2011)"
30440,Byways of Ghost-Land,"O'Donnell, Elliott (1965)"
30453,The Boy Scout Fire Fighters,"Crump, Irving (1979)"
30458,Novice,"Schmitz, James H. (1981)"
30474,They Also Serve,"Westlake, Donald E. (2008)"
30479,The Camerons of Highboro,"Gilchrist, Beth Bradford (1957)"
30485,The Rustler of Wind River,"Ogden, George W. (George Washington) (1966)"
30491,Vital Ingredient,"De Vet, Charles V. (1997)"
30493,Lion Loose,"Schmitz, James H. (1981)"
30496,Fire Mountain A Thrilling Sea Story,"Springer, Norman (1974)"
30497,The Foreign Hand Tie,"Garrett, Randall (1987)"
30501,Collected Poems: Volume One,"Noyes, Alfred (1958)"
30537,The Royal Book of Oz,"Thompson, Ruth Plumly (1976)"
30558,Claim Number One,"Ogden, George W. (George Washington) (1966)"
30560,Music: An Art and a Language,"Spalding, Walter Raymond (1962)"
30567,The Bondboy,"Ogden, George W. (George Washington) (1966)"
30579,The Shepherd Of My Soul,"Callan, Charles J. (Charles Jerome) (1962)"
30580,The Fairy Books of Andrew Lang A Project Gutenberg Linked Index to All Stories in the 12 Volumes,"Widger, David (2021)"
30583,The Asses of Balaam,"Garrett, Randall (1987)"
30586,"The Exploits of Juve Being the Second of the Series of the ""Fantômas"" Detective Tales","Allain, Marcel (1969)"
30596,General Bramble,"Maurois, André (1967)"
30599,Collected Poems: Volume Two,"Noyes, Alfred (1958)"
30601,How to analyze people on sight through the science of human analysis,"Benedict, Elsie Lincoln (1970)"
30618,Wings of the Wind,"Harris, Credo Fitch (1956)"
30623,The Missourian,"Lyle, Eugene P. (Eugene Percy) (1961)"
30639,"Border, Breed Nor Birth","Reynolds, Mack (1983)"
30642,Aurora the Magnificent,"Brownell, Gertrude Hall (1961)"
30647,Mystery at Geneva: An Improbable Tale of Singular Happenings,"Macaulay, Rose (1958)"
30648,An Ocean Tramp,"McFee, William (1966)"
30673,Sound of Terror,"Berry, Don (2001)"
30679,The Trouble with Telstar,"Berryman, John (1988)"
30683,The Unthinking Destroyer,"Phillips, Rog (1965)"
30687,"The Lord of Misrule, and Other Poems","Noyes, Alfred (1958)"
30712,Combat,"Reynolds, Mack (1983)"
30715,Where There's Hope,"Bixby, Jerome (1998)"
30728,Oneness,"Schmitz, James H. (1981)"
30742,Anything You Can Do!,"Garrett, Randall (1987)"
30750,The Sex Worship and Symbolism of Primitive Races: An Interpretation,"Brown, Sanger (1968)"
30761,The Minus Woman,"Winterbotham, R. R. (Russell Robert) (1971)"
30764,Ham Sandwich,"Schmitz, James H. (1981)"
30765,News writing,"Spencer, M. Lyle (Matthew Lyle) (1969)"
30767,New Apples in the Garden,"Neville, Kris (1980)"
30770,The Right Time,"Berryman, John (1988)"
30773,Dead Man's Planet,"Samachson, Joseph (1980)"
30778,Rhymes and Meters A Practical Manual for Versifiers,"Winslow, Horatio (1972)"
30791,With Joffre at Verdun: A Story of the Western Front,"Brereton, F. S. (Frederick Sadleir) (1957)"
30796,The Dueling Machine,"Bova, Ben (2020)"
30797,The Thirst Quenchers,"Raphael, Rick (1994)"
30798,Sonny,"Raphael, Rick (1994)"
30804,Applied design for printers,"Gage, Harry Lawrence (1982)"
30815,The hate disease,"Leinster, Murray (1975)"
30816,A World by the Tale,"Garrett, Randall (1987)"
30825,"The Camp Fire Girls on Ellen's Isle; Or, The Trail of the Seven Cedars","Frey, Hildegard G. (1957)"
30828,The Barbarians,"Budrys, Algis (2008)"
30832,Nor Iron Bars a Cage....,"Garrett, Randall (1987)"
30833,The Eyes Have It,"Garrett, Randall (1987)"
30842,Poems of West & East,"Sackville-West, V. (Victoria) (1962)"
30846,The Tragedy Of Caesar's Revenge,"Boas, Frederick S. (Frederick Samuel) (1957)"
30869,Thin Edge,"Garrett, Randall (1987)"
30901,Fee of the Frontier,"Fyfe, H. B. (Horace Bowne) (1997)"
30884,Step IV,"Brown, Rosel George (1967)"
30885,Heart,"Slesar, Henry (2002)"
30895,"Rembrandt and His Etchings A Compact Record of the Artist's Life, His Work and his Time. With the complete Chronological List of his Etchings","Hind, Arthur Mayger (1957)"
30898,A New Bog Lemming (Genus Synaptomys) From Nebraska,"Jones, J. Knox (1992)"
30900,The Tyranny of God,"Lewis, Joseph (1968)"
30902,Expediter,"Reynolds, Mack (1983)"
30911,The Demi-Urge,"Disch, Thomas M. (2008)"
30916,A New Long-eared Myotis (Myotis evotis) From Northeastern Mexico,"Baker, Rollin H. (Rollin Harold) (2007)"
30932,Before Egypt,"Bloch, Robert (1994)"
30941,The German Classics of the Nineteenth and Twentieth Centuries Masterpieces of German Literature Vol. 19,"Howard, William Guild (1960)"
30942,Extensions of Known Ranges of Mexican Bats,"Anderson, Sydney (2018)"
30960,The People of the Crater,"Norton, Andre (2005)"
30963,A Knyght Ther Was,"Young, Robert F. (1986)"
30964,The Ethical Engineer,"Harrison, Harry (2012)"
30971,Industrial Revolution,"Anderson, Poul (2001)"
30972,Take the Reason Prisoner,"McGuire, John J. (John Joseph) (1981)"
30982,An Introduction to Shakespeare,"MacCracken, H. N. (Henry Noble) (1970)"
30998,A New Bat (Genus Pipistrellus) from Northeastern Mexico,"Baker, Rollin H. (Rollin Harold) (2007)"
31005,Coquette,"Swinnerton, Frank (1982)"
31008,Frigid Fracas,"Reynolds, Mack (1983)"
31011,The Tadpoles of Bufo cognatus Say,"Smith, Hobart M. (Hobart Muir) (2013)"
31016,Catalogue of the Books Presented by Edward Capell to the Library of Trinity College in Cambridge,"Greg, W. W. (Walter Wilson) (1959)"
31020,A New Subspecies of Pocket Mouse from Kansas,"Hall, E. Raymond (Eugene Raymond) (1986)"
31024,Mine Pumping in Agricola's Time and Later,"Multhauf, Robert P. (2004)"
31029,"""I'll Leave It To You"": A Light Comedy In Three Acts","Coward, Noël (1973)"
31035,"Mammals of Mesa Verde National Park, Colorado","Anderson, Sydney (2018)"
31043,Letters from China and Japan,"Dewey, Evelyn (1965)"
31044,The Turn of the Road A Play in Two Scenes and an Epilogue,"Mayne, Rutherford (1967)"
31046,A New Pocket Mouse (Genus Perognathus) from Kansas,"Cockrum, E. Lendell (2009)"
31050,A New Order of Fishlike Amphibia From the Pennsylvanian of Kansas,"Eaton, Theodore H. (Theodore Hildreth) (1981)"
31062,The Cartels Jungle,"Cox, Irving E., Jr. (2001)"
31063,Two New Moles (Genus Scalopus) from Mexico and Texas,"Baker, Rollin H. (Rollin Harold) (2007)"
31084,Neotropical Bats from Western México,"Anderson, Sydney (2018)"
31088,Taxonomy and Distribution of Some American Shrews,"Findley, James S. (James Smith) (2018)"
31094,Bear Trap,"Nourse, Alan Edward (1992)"
31100,The Complete Project Gutenberg Works of Jane Austen A Linked Index of all PG Editions of Jane Austen,"Widger, David (2021)"
31109,Taxonomic Notes on Mexican Bats of the Genus Rhogeëssa,"Hall, E. Raymond (Eugene Raymond) (1986)"
31116,Where I Wasn't Going,"Richmond, Walt (1977)"
31124,A diary without dates,"Bagnold, Enid (1981)"
31127,Rembrandt's Amsterdam,"Lugt, Frits (1970)"
31136,Distribution of Some Nebraskan Mammals,"Jones, J. Knox (1992)"
31147,A New Bat (Myotis) From Mexico,"Hall, E. Raymond (Eugene Raymond) (1986)"
31148,A New Subspecies of Wood Rat (Neotoma mexicana) from Colorado,"Finley, Robert B. (2008)"
31149,"A New Piñon Mouse (Peromyscus truei) from Durango, Mexico","Finley, Robert B. (2008)"
31174,The Planet with No Nightmare,"Harmon, Jim (2010)"
31175,A New Species of Frog (Genus Tomodactylus) from Western México,"Webb, Robert G. (Robert Gravem) (2018)"
31179,"Fulton's ""Steam Battery"": Blockship and Catamaran","Chapelle, Howard Irving (1975)"
31183,"Rembrandt, With a Complete List of His Etchings","Hind, Arthur Mayger (1957)"
31186,What Shall We Do Now?: Five Hundred Games and Pastimes,"Fisher, Dorothy Canfield (1958)"
31200,The Wide Awake Girls in Winsted,"Barrett, Katharine Ellis (1961)"
31202,The Strange Cases of Dr. Stanchon,"Bacon, Josephine Daskam (1961)"
31207,Where the World is Quiet,"Kuttner, Henry (1958)"
31215,A World Apart,"Merwin, Sam, Jr. (1996)"
31221,The Genera of Phyllomedusine Frogs (Anura: Hylidae),"Duellman, William Edward (2022)"
31223,Infinite Intruder,"Nourse, Alan Edward (1992)"
31224,"Geographic Distribution of the Pocket Mouse, Perognathus fasciatus","Jones, J. Knox (1992)"
31229,Pot-Boilers,"Bell, Clive (1964)"
31236,Martyr,"Nourse, Alan Edward (1992)"
31241,Aliens,"McFee, William (1966)"
31242,"Critical Remarks on Sir Charles Grandison, Clarissa, and Pamela (1754)","McKillop, Alan Dugald (1974)"
59258,The Golden Slave,"Anderson, Poul (2001)"
31249,"Conspecificity of two pocket mice, Perognathus goldmani and P. artus","Hall, E. Raymond (Eugene Raymond) (1986)"
31254,The Conservation of Races The American Negro Academy. Occasional Papers No. 2,"Du Bois, W. E. B. (William Edward Burghardt) (1963)"
31259,The Boy With the U. S. Life-Savers,"Rolt-Wheeler, Francis (1960)"
31262,Rastignac the Devil,"Farmer, Philip José (2009)"
31270,"The Writings of Thomas Paine, Complete With Index to Volumes I - IV","Widger, David (2021)"
31280,"Mammals of the Grand Mesa, Colorado","Anderson, Sydney (2018)"
31282,Mars Confidential,"Browne, Howard (1999)"
31286,Let 'Em Breathe Space!,"Del Rey, Lester (1993)"
31287,Turnover Point,"Coppel, Alfred (2004)"
31307,One Purple Hope!,"Hasse, Henry (1977)"
31308,Orientations,"Maugham, W. Somerset (William Somerset) (1965)"
31313,The Forerunners,"Paul, Cedar (1972)"
31326,The Wealth of Echindul,"Loomis, Noel M. (1969)"
31327,Master of the Moondog,"Mullen, Stanley (1974)"
31334,"Descriptions of Two Species of Frogs, Genus Ptychohyla Studies of American Hylid Frogs, V","Duellman, William Edward (2022)"
31343,The Invaders,"Leinster, Murray (1975)"
31355,To Each His Star,"Walton, Bryce (1988)"
31356,The Man Who Staked the Stars,"MacLean, Katherine (2019)"
31357,The Ultroom Error,"Sohl, Jerry (2002)"
31382,Psychology,"Woodworth, Robert Sessions (1962)"
31383,"The Industrial Canal and Inner Harbor of New Orleans History, Description and Economic Aspects of Giant Facility Created to Encourage Industrial Expansion and Develop Commerce","Dabney, Thomas Ewing (1970)"
31392,The Inhabited,"Wilson, Richard (1987)"
31393,The Camp Fire Girls on the Field of Honor,"Vandercook, Margaret (1958)"
31411,Stories Pictures Tell. Book 4,"Carpenter, Flora L. (Flora Leona) (1963)"
31422,The Kempton-Wace Letters,"Walling, Anna Strunsky (1964)"
31429,Washo Religion,"Downs, James F. (1999)"
31448,"Mammals from Tamaulipas, Mexico","Baker, Rollin H. (Rollin Harold) (2007)"
31458,Additional Records and Extensions of Known Ranges of Mammals from Utah,"Durrant, Stephen David (1975)"
31474,"""La Guzla"" de Prosper Mérimée","Jovanović, Vojislav Mate (1968)"
31493,The Daughter of a Republican,"Babcock, Bernie (1962)"
31495,The Wailing Octopus: A Rick Brant Science-Adventure Story,"Goodwin, Harold L. (Harold Leland) (1990)"
31497,The Brassbounder: A Tale of the Sea,"Bone, David W. (David William) (1959)"
31501,The Sensitive Man,"Anderson, Poul (2001)"
31511,A History of Witchcraft in England from 1558 to 1718,"Notestein, Wallace (1969)"
31513,Fishes of the Wakarusa River in Kansas,"Deacon, James E. (2015)"
31516,The Eyes Have It,"Dick, Philip K. (1982)"
31519,"Narakan Rifles, About Face!","Smith, George H. (George Henry) (1996)"
31523,The Women-Stealers of Thrayx,"Holden, Fox B. (1973)"
31547,Youth,"Asimov, Isaac (1992)"
31565,The Works of Balzac: A linked index to all Project Gutenberg editions,"Widger, David (2021)"
31570,"A Taxonomic Study of the Middle American Snake, Pituophis deppei","Duellman, William Edward (2022)"
31577,The Mighty Dead,"Gault, William Campbell (1995)"
31581,The Scarlet Lake Mystery: A Rick Brant Science-Adventure Story,"Goodwin, Harold L. (Harold Leland) (1990)"
31583,The Venus Trap,"Smith, Evelyn E. (2000)"
31585,The Amazing Mrs. Mimms,"Knight, David C. (1984)"
31586,The Very Black,"Evans, Dean (1963)"
31587,Pursuit,"Del Rey, Lester (1993)"
31588,The House from Nowhere,"Stangland, Arthur G. (1990)"
31589,The Blue Ghost Mystery: A Rick Brant Science-Adventure Story,"Goodwin, Harold L. (Harold Leland) (1990)"
31598,The Egyptian Cat Mystery: A Rick Brant Science-Adventure Story,"Goodwin, Harold L. (Harold Leland) (1990)"
31599,To Remember Charlie By,"Aycock, Roger D. (2004)"
59414,Shango,"Jakes, John (2023)"
31619,The Planet Savers,"Bradley, Marion Zimmer (1999)"
31621,Description of a New Softshell Turtle from the Southeastern United States,"Webb, Robert G. (Robert Gravem) (2018)"
31622,Optimism: An Essay,"Keller, Helen (1968)"
31626,The Vilbar Party,"Smith, Evelyn E. (2000)"
31644,Helpfully Yours,"Smith, Evelyn E. (2000)"
31648,My Fair Planet,"Smith, Evelyn E. (2000)"
31651,The Instant of Now,"Cox, Irving E., Jr. (2001)"
31652,Conquest Over Time,"Shaara, Michael (1988)"
31661,Exile from Space,"Merril, Judith (1997)"
31662,Their Son; The Necklace,"Zamacois, Eduardo (1971)"
31663,The Six Fingers of Time,"Lafferty, R. A. (2002)"
31664,Once a Greech,"Smith, Evelyn E. (2000)"
31665,Skin Game,"Fritch, Charles E. (2012)"
31674,"Comments on the Taxonomic Status of Apodemus peninsulae, with Description of a New Subspecies from North China","Jones, J. Knox (1992)"
31679,"North American Yellow Bats, 'Dasypterus,' and a List of the Named Kinds of the Genus Lasiurus Gray","Hall, E. Raymond (Eugene Raymond) (1986)"
31683,"Noteworthy Mammals from Sinaloa, Mexico","Jones, J. Knox (1992)"
31686,Collector's Item,"Smith, Evelyn E. (2000)"
31699,"""Bring Me His Ears""","Mulford, Clarence Edward (1956)"
31701,Noble Redman,"Bone, Jesse F. (Jesse Franklin) (2006)"
31703,'Mid Pleasures and Palaces,"McKimmey, James (2011)"
31716,Jimsy and the Monsters,"Sheldon, Walter J. (1996)"
31730,"Subspeciation in the Meadow Mouse, Microtus montanus, in Wyoming and Colorado","Anderson, Sydney (2018)"
31736,Star Performer,"Shea, Robert (1994)"
31756,Screw-Thread Cutting by the Master-Screw Method since 1480,"Battison, Edwin A. (2009)"
31758,Call Him Savage,"Browne, Howard (1999)"
31760,Why do we need a public library? Material for a library campaign,"Hadley, Chalmers (1958)"
31762,The Record of Currupira,"Abernathy, Robert (1990)"
31767,The Peacemaker,"Coppel, Alfred (2004)"
31778,The Draw,"Bixby, Jerome (1998)"
31790,Family Limitation,"Sanger, Margaret (1966)"
31798,Games,"MacLean, Katherine (2019)"
31815,Student Body,"Wallace, F. L. (Floyd L.) (2004)"
31821,Sónnica,"Douglas, Frances (1969)"
31833,The Wedge,"Fyfe, H. B. (Horace Bowne) (1997)"
31840,Ring Once for Death,"Arthur, Robert (1969)"
31841,The Water Eater,"Marks, Winston K. (Winston Kinney) (1979)"
31920,The Next Step in Religion: An Essay toward the Coming Renaissance,"Sellars, Roy Wood (1973)"
31878,The Tempers,"Williams, William Carlos (1963)"
31892,The Old Die Rich,"Gold, H. L. (Horace Leonard) (1996)"
31922,Felony,"Causey, James (2003)"
31927,The Portal of Dreams,"Buck, Charles Neville (1957)"
31929,Big Pill,"Gallun, Raymond Z. (Raymond Zinke) (1994)"
31932,Contamination Crew,"Nourse, Alan Edward (1992)"
31948,Thompson's Cat,"Williams, Robert Moore (1977)"
32076,Brown John's Body,"Marks, Winston K. (Winston Kinney) (1979)"
31953,Merchantmen-at-arms : the British merchants' service in the war,"Bone, David W. (David William) (1959)"
31956,Garth and the Visitor,"Stecher, L. J., Jr. (1988)"
31964,Brknk's Bounty,"Sohl, Jerry (2002)"
31970,Feline Red,"Sampson, Robert (1992)"
31976,Derelict,"Nourse, Alan Edward (1992)"
31979,The Tunnel Under the World,"Pohl, Frederik (2013)"
31981,The Eel,"De Ford, Miriam Allen (1975)"
31986,No Charge for Alterations,"Gold, H. L. (Horace Leonard) (1996)"
31995,The Reluctant Weapon,"Myers, Howard L. (1971)"
32004,The Knights of Arthur,"Pohl, Frederik (2013)"
32010,A Feast of Demons,"Samachson, Joseph (1980)"
32011,Special Delivery,"Knight, Damon (2002)"
32025,Forget Me Nearly,"Wallace, F. L. (Floyd L.) (2004)"
32026,The World That Couldn't Be,"Simak, Clifford D. (1988)"
32029,Seed of the Arctic Ice,"Bates, Harry (1981)"
32032,Second Variety,"Dick, Philip K. (1982)"
32038,The Flaming Mountain: A Rick Brant Science-Adventure Story,"Goodwin, Harold L. (Harold Leland) (1990)"
32040,Diplomatic Immunity,"Sheckley, Robert (2005)"
32041,One Man's Poison,"Sheckley, Robert (2005)"
32042,Captain Macedoine's Daughter,"McFee, William (1966)"
32045,The Boy Scouts in A Trapper's Camp,"Burgess, Thornton W. (Thornton Waldo) (1965)"
32048,"Cottage Building in Cob, Pisé, Chalk and Clay: A Renaissance (2nd edition)","Williams-Ellis, Clough (1978)"
32050,The Plants of Michigan Simple Keys for the Identification of the Native Seed Plants of the State,"Gleason, Henry A. (Henry Allan) (1975)"
32053,Happy House,"Abbott, Jane (1968)"
32054,Stamped Caution,"Gallun, Raymond Z. (Raymond Zinke) (1994)"
32055,The Hand,"Sohl, Jerry (2002)"
32059,The Pirates of Shan: A Rick Brant Science-Adventure Story,"Goodwin, Harold L. (Harold Leland) (1990)"
32067,Atom Drive,"Fontenay, Charles L. (2007)"
32068,World of the Drone,"Abernathy, Robert (1990)"
32074,Book Repair and Restoration: A Manual of Practical Suggestions for Bibliophiles,"Buck, Mitchell S. (Mitchell Starrett) (1959)"
32077,Breeder Reaction,"Marks, Winston K. (Winston Kinney) (1979)"
32078,Love Story,"Cox, Irving E., Jr. (2001)"
32079,The Small World of M-75,"Clinton, Ed M. (2006)"
32087,The Executioner,"Riley, Frank (1996)"
32088,Instant of Decision,"Garrett, Randall (1987)"
32090,"The Curlytops Snowed In; Or, Grand Fun with Skates and Sleds","Garis, Howard Roger (1962)"
32091,Down-adown-derry,"De la Mare, Walter (1956)"
32092,The Technique of Fiction Writing,"Dowst, Robert Saunders (1959)"
32095,"The Adventures of Puss in Boots, Jr.","Cory, David (1966)"
32104,Turning Point,"Coppel, Alfred (2004)"
32108,The Ego Machine,"Kuttner, Henry (1958)"
32112,"Records of Harvest Mice, Reithrodontomys, from Central America, with Description of a New Subspecies from Nicaragua","Anderson, Sydney (2018)"
32114,Command,"McFee, William (1966)"
32124,To Choke an Ocean,"Bone, Jesse F. (Jesse Franklin) (2006)"
32127,Wheels Within,"De Vet, Charles V. (1997)"
32128,The Enormous Room,"Gold, H. L. (Horace Leonard) (1996)"
32129,Area Handbook for Albania,"Keefe, Eugene K. (2005)"
32131,The Kenzie Report,"Clifton, Mark (1963)"
32133,The Graveyard of Space,"Marlowe, Stephen (2008)"
32134,The Dictator,"Marlowe, Stephen (2008)"
32142,Marley's Chain,"Nourse, Alan Edward (1992)"
32149,Unbegotten Child,"Marks, Winston K. (Winston Kinney) (1979)"
32150,Prison of a Billion Years,"Marlowe, Stephen (2008)"
32154,The Variable Man,"Dick, Philip K. (1982)"
32159,Mammals from Southeastern Alaska,"Baker, Rollin H. (Rollin Harold) (2007)"
32160,Chain of Command,"Arr, Stephen (2012)"
32161,Tangle Hold,"Wallace, F. L. (Floyd L.) (2004)"
32162,The Beasts in the Void,"Fairman, Paul W. (1977)"
32168,An Introduction to the Philosophy of Law,"Pound, Roscoe (1964)"
32175,"Preliminary Survey of a Paleocene Faunule from the Angels Peak Area, New Mexico","Wilson, Robert W. (Robert Warren) (2006)"
32181,Do Unto Others,"Clifton, Mark (1963)"
32187,"Pleistocene Soricidae from San Josecito Cave, Nuevo Leon, Mexico","Findley, James S. (James Smith) (2018)"
32189,The raising and care of guinea pigs,"Smith, Allen Christian (1958)"
32209,Assignment's End,"Aycock, Roger D. (2004)"
32212,Clean Break,"Aycock, Roger D. (2004)"
32213,Hoiman and the Solar Circuit,"Dewey, G. Gordon (George Gordon) (1975)"
32230,Wainer,"Shaara, Michael (1988)"
32237,Assassin,"Bone, Jesse F. (Jesse Franklin) (2006)"
32238,A Thought For Tomorrow,"Gilbert, Robert E. (1993)"
32243,Confidence Game,"McKimmey, James (2011)"
32256,The Big Time,"Leiber, Fritz (1992)"
32266,Sugar Plum,"Bretnor, Reginald (1992)"
32269,The Caves of Fear: A Rick Brant Science-Adventure Story,"Goodwin, Harold L. (Harold Leland) (1990)"
32270,The Golden Skull: A Rick Brant Science-Adventure Story,"Goodwin, Harold L. (Harold Leland) (1990)"
32272,Insidekick,"Bone, Jesse F. (Jesse Franklin) (2006)"
32288,A Yankee Flier in Italy,"Montgomery, Rutherford G. (Rutherford George) (1985)"
32309,Practical High School Speller,"Chew, Tobias O. (Tobias Otterbein) (1962)"
32317,The World with a Thousand Moons,"Hamilton, Edmond (1977)"
32321,The Book,"Shaara, Michael (1988)"
32322,The Boy With the U.S. Miners,"Rolt-Wheeler, Francis (1960)"
32323,Northern Diamonds,"Pollock, Frank Lillie (1957)"
32324,"Sam, This Is You","Leinster, Murray (1975)"
32327,The Seventh Order,"Sohl, Jerry (2002)"
32331,Dave Dawson at Casablanca,"Bowen, Robert Sidney (1977)"
32334,Jacko and Jumpo Kinkytail (The Funny Monkey Boys),"Garis, Howard Roger (1962)"
32339,Brink of Madness,"Sheldon, Walter J. (1996)"
32344,Pet Farm,"Aycock, Roger D. (2004)"
32346,Keep Your Shape,"Sheckley, Robert (2005)"
32347,Time Fuze,"Garrett, Randall (1987)"
32350,"Noteworthy Records of Bats From Nicaragua, with a Checklist of the Chiropteran Fauna of the Country","Jones, J. Knox (1992)"
32351,Voyage To Eternity,"Marlowe, Stephen (2008)"
32353,The Mind Digger,"Marks, Winston K. (Winston Kinney) (1979)"
32359,Sinister Paradise,"Williams, Robert Moore (1977)"
32360,The Holes Around Mars,"Bixby, Jerome (1998)"
32361,The Prophetic Camera,"McGreevey, John (2010)"
32365,A Boy Knight,"Scott, Martin J. (Martin Jerome) (1964)"
32371,The Bonadventure: A Random Journal of an Atlantic Holiday,"Blunden, Edmund (1974)"
32374,"Dick Hamilton's Fortune; Or, The Stirring Doings of a Millionaire's Son","Garis, Howard Roger (1962)"
32390,Black Man's Burden,"Reynolds, Mack (1983)"
32395,No Strings Attached,"Del Rey, Lester (1993)"
32396,Oogie Finds Love,"Livingston, Berkeley (1975)"
32398,"Brood of the Dark Moon (A Sequel to ""Dark Moon"")","Diffin, Charles Willard (1966)"
32403,Human Error,"Jones, Raymond F. (1994)"
32406,The City Curious,"Jesse, F. Tennyson (Fryniwyd Tennyson) (1958)"
32410,No Shield from the Dead,"Dickson, Gordon R. (2001)"
32412,The Black Tide,"Stangland, Arthur G. (1990)"
32413,At the Post,"Gold, H. L. (Horace Leonard) (1996)"
32416,Way of a Rebel,"Miller, Walter M. (1996)"
32420,A Yankee Flier with the R.A.F.,"Montgomery, Rutherford G. (Rutherford George) (1985)"
32426,A Synopsis of the North American Lagomorpha,"Hall, E. Raymond (Eugene Raymond) (1986)"
32431,The Model of a Judge,"Samachson, Joseph (1980)"
32436,Duel on Syrtis,"Anderson, Poul (2001)"
32440,Dave Dawson at Dunkirk,"Bowen, Robert Sidney (1977)"
32447,The Thing in the Attic,"Blish, James (1975)"
32462,Warrior of the Dawn,"Browne, Howard (1999)"
32469,Here Lies,"Wandrei, Howard (1956)"
32470,Isle of the Undead,"Eshbach, Lloyd Arthur (2003)"
32471,Stories Pictures Tell. Book 1,"Carpenter, Flora L. (Flora Leona) (1963)"
32473,The Buttoned Sky,"Krepps, Robert W. (1980)"
32482,The Introduction of Self-Registering Meteorological Instruments,"Multhauf, Robert P. (2004)"
32485,The Giants From Outer Space,"Krepps, Robert W. (1980)"
32486,The Legion of Lazarus,"Hamilton, Edmond (1977)"
32487,A Gift For Terra,"Holden, Fox B. (1973)"
32489,Stories Pictures Tell. Book 2,"Carpenter, Flora L. (Flora Leona) (1963)"
32493,Witch-Burning,"Counselman, Mary Elizabeth (1995)"
32499,To a Skull on My Bookshelf,"Raplee, Elizabeth Virginia (1982)"
32507,The Planters of Colonial Virginia,"Wertenbaker, Thomas Jefferson (1966)"
32641,Earthsmith,"Marlowe, Stephen (2008)"
32514,Pledged to the Dead,"Quinn, Seabury (1969)"
32522,Mr. Spaceship,"Dick, Philip K. (1982)"
32525,"The Curlytops at Uncle Frank's Ranch; Or, Little Folks on Ponyback","Garis, Howard Roger (1962)"
32532,King Cole,"Masefield, John (1967)"
32535,Puss Junior and Robinson Crusoe,"Cory, David (1966)"
32541,One Way,"De Ford, Miriam Allen (1975)"
32542,Dave Dawson on Guadalcanal,"Bowen, Robert Sidney (1977)"
32544,The Golden Amazons of Venus,"Reynolds, John Murray (1993)"
32547,Essays in Radical Empiricism,"Perry, Ralph Barton (1957)"
32551,Big Stupe,"De Vet, Charles V. (1997)"
32553,A Little Freckled Person: A Book of Child Verse,"Davies, Mary Carolyn (1974)"
32563,The Lost Warship,"Williams, Robert Moore (1977)"
32564,Twelve Times Zero,"Browne, Howard (1999)"
32574,The Telenizer,"Thompson, Don (1994)"
32579,Micro-Man,"Ackerman, Forrest J. (2008)"
32580,The Golgotha Dancers,"Wellman, Manly Wade (1986)"
32582,Of Stegner's Folly,"Shaver, Richard S. (1975)"
32584,The Secret of Kralitz,"Kuttner, Henry (1958)"
32587,The Ambassador,"Merwin, Sam, Jr. (1996)"
32590,The Old Martians,"Phillips, Rog (1965)"
32591,Henry Horn's X-Ray Eye Glasses,"Swain, Dwight V. (1992)"
32592,Let There Be Light,"Fyfe, H. B. (Horace Bowne) (1997)"
32594,Stalemate,"Wells, Basil (2003)"
32596,The Revolt of the Angels,"Jackson, Emilie (1963)"
32597,Accidental Flight,"Wallace, F. L. (Floyd L.) (2004)"
32610,The Long Arm,"Nabl, Franz (1974)"
32613,Tabby,"Marks, Winston K. (Winston Kinney) (1979)"
32615,The Hell Ship,"Palmer, Ray (1977)"
32619,Back to Julie,"Wilson, Richard (1987)"
32620,The Three Mulla-mulgars,"De la Mare, Walter (1956)"
32624,A History of Rome to 565 A. D.,"Boak, Arthur E. R. (Arthur Edward Romilly) (1962)"
32627,Area Handbook for Bulgaria,"Keefe, Eugene K. (2005)"
32630,Tiger Cat,"Keller, David H. (David Henry) (1966)"
32636,The Salesman,"Boyd, Waldo T. (2012)"
32637,"The Envoy, Her","Fyfe, H. B. (Horace Bowne) (1997)"
32638,In the Dark,"Clark, Dale (1988)"
32649,The Middle Years,"Lubbock, Percy (1965)"
32651,Adolescents Only,"Cox, Irving E., Jr. (2001)"
32652,The Chameleon Man,"McGivern, William P. (1982)"
32653,A Review of the Frogs of the Hyla bistincta Group,"Duellman, William Edward (2022)"
32654,Project Hush,"Tenn, William (2010)"
32657,Spillthrough,"Galouye, Daniel F. (1976)"
32663,Ye of Little Faith,"Phillips, Rog (1965)"
32664,Black Amazon of Mars,"Brackett, Leigh (1978)"
32665,The Anglers of Arz,"Aycock, Roger D. (2004)"
32667,The Holes and John Smith,"Ludwig, Edward W. (1990)"
32670,The Time Mirror,"South, Clark (1992)"
32676,The Test Colony,"Marks, Winston K. (Winston Kinney) (1979)"
32677,The Invention of the Sewing Machine,"Cooper, Grace Rogers (2004)"
32712,Cube Root of Conquest,"Phillips, Rog (1965)"
32679,Geographic variation in red-backed mice (genus Clethrionomys) of the southern Rocky Mountain region,"Cockrum, E. Lendell (2009)"
32680,The Worlds of Joe Shannon,"Robinson, Frank M. (2014)"
32683,The Next Time We Die,"Williams, Robert Moore (1977)"
32684,The Invader,"Coppel, Alfred (2004)"
32685,Cold Ghost,"Geier, Chester S. (1990)"
32687,The Colonists,"Jones, Raymond F. (1994)"
32688,The Ordeal of Colonel Johns,"Smith, George H. (George Henry) (1996)"
32696,Planet of the Gods,"Williams, Robert Moore (1977)"
32700,Area Handbook for Romania,"Keefe, Eugene K. (2005)"
32705,Deadly City,"Fairman, Paul W. (1977)"
32706,Triplanetary,"Smith, E. E. (Edward Elmer) (1965)"
32709,Shock Treatment,"Mullen, Stanley (1974)"
32711,Disaster Revisited,"Marlowe, Stephen (2008)"
32715,A History of the Third French Republic,"Wright, C. H. C. (Charles Henry Conrad) (1957)"
32716,Cancer World,"Warner, Harry (2003)"
32718,The Trap,"Curtis, Betsy (2002)"
32719,Mr. President,"Arr, Stephen (2012)"
32724,Feet of Clay,"Hoskins, Robert (1993)"
32726,Death of a B.E.M.,"Livingston, Berkeley (1975)"
32731,Sube Cane,"Partridge, Bellamy (1960)"
32735,Forsyte's Retreat,"Marks, Winston K. (Winston Kinney) (1979)"
32737,Uniform of a Man,"Dryfoos, Dave (2003)"
32739,Probability,"Trimble, Louis (1988)"
32745,The Unlearned,"Jones, Raymond F. (1994)"
32780,Asteroid of Fear,"Gallun, Raymond Z. (Raymond Zinke) (1994)"
32748,Mate in two moves,"Marks, Winston K. (Winston Kinney) (1979)"
32750,The Sphere of Sleep,"Geier, Chester S. (1990)"
32764,Manners of the Age,"Fyfe, H. B. (Horace Bowne) (1997)"
32775,The Ties That Bind,"Miller, Walter M. (1996)"
32778,A Pushcart at the Curb,"Dos Passos, John (1970)"
32779,Above the Battle,"Ogden, C. K. (Charles Kay) (1957)"
32784,The Dark Goddess,"Shaver, Richard S. (1975)"
32801,The Plotters,"Shaver, Richard S. (1975)"
32802,Tillie,"Phillips, Rog (1965)"
32805,The Impossible Voyage Home,"Wallace, F. L. (Floyd L.) (2004)"
32819,Elegy,"Beaumont, Charles (1967)"
32820,World Beyond Pluto,"Marlowe, Stephen (2008)"
32822,Daughter of the Night,"Shaver, Richard S. (1975)"
32827,Think Yourself to Death,"Marlowe, Stephen (2008)"
32828,Backlash,"Marks, Winston K. (Winston Kinney) (1979)"
32831,The Lost Door,"Quick, Dorothy (1962)"
32832,Piper in the Woods,"Dick, Philip K. (1982)"
32833,A Woman's Place,"Clifton, Mark (1963)"
32835,Geraldine Farrar: The Story of an American Singer,"Farrar, Geraldine (1967)"
32836,When the Mountain Shook,"Abernathy, Robert (1990)"
32837,Check and Checkmate,"Miller, Walter M. (1996)"
32847,The Door into Infinity,"Hamilton, Edmond (1977)"
32850,The Tree of Life,"Moore, C. L. (Catherine Lucile) (1987)"
32864,Bedside Manner,"Samachson, Joseph (1980)"
32866,Beyond The Thunder,"Hickey, H. B. (1987)"
32878,Thy Rocks and Rills,"Gilbert, Robert E. (1993)"
32880,Death Makes a Mistake,"McGivern, William P. (1982)"
32889,Cue for Quiet,"Sherred, T. L. (1985)"
32890,Home is Where You Left It,"Marlowe, Stephen (2008)"
32899,The Cosmic Deflector,"Coblentz, Stanton A. (Stanton Arthur) (1982)"
32903,The Victor,"Walton, Bryce (1988)"
32904,The Huddlers,"Gault, William Campbell (1995)"
32905,Mask of Death,"Ernst, Paul (1985)"
32906,Thy Name Is Woman,"Walton, Bryce (1988)"
32907,You Too Can Be A Millionaire,"Loomis, Noel M. (1969)"
32910,With Wolseley to Kumasi: A Tale of the First Ashanti War,"Brereton, F. S. (Frederick Sadleir) (1957)"
32918,With Rifle and Bayonet: A Story of the Boer War,"Brereton, F. S. (Frederick Sadleir) (1957)"
32930,A Gallant Grenadier: A Tale of the Crimean War,"Brereton, F. S. (Frederick Sadleir) (1957)"
32946,Where the Pavement Ends,"Russell, John (1956)"
32953,Quest of the Golden Ape,"Fairman, Paul W. (1977)"
32959,Leerie,"Sawyer, Ruth (1970)"
32964,"Puss in Boots, Jr., and the Good Gray Horse","Cory, David (1966)"
32965,Mothering on Perilous,"Furman, Lucy S. (1958)"
32979,Interpreters,"Van Vechten, Carl (1964)"
32980,Confessions of an Opera Singer,"Howard, Kathleen (1956)"
32994,The Marvelous Exploits of Paul Bunyan As Told in the Camps of the White Pine Lumbermen for Generations During Which Time the Loggers Have Pioneered the Way Through the North Woods from Maine to California; Collected from Various Sources and Embellished for Publication,"Laughead, William B. (1958)"
32996,"The Ten-foot Chain; or, Can Love Survive the Shackles? A Unique Symposium","Means, E. K. (Eldred Kurtz) (1957)"
33001,"My diary in Serbia: April 1, 1915-Nov. 1, 1915","Stanley, Monica M. (1972)"
33012,Carnival,"MacKenzie, Compton (1972)"
33039,The Orphan,"Mulford, Clarence Edward (1956)"
33043,Windyridge,"Riley, W. (William) (1961)"
33047,The Eye of Wilbur Mook,"Hickey, H. B. (1987)"
33050,"Drainage modifications and glaciation in the Danbury region, Connecticut","Harvey, Ruth Sawyer (1977)"
33060,A Living from the Land,"Duryee, William B. (William Budington) (1964)"
33064,The Blind Man's Eyes,"Balmer, Edwin (1959)"
33065,The Indian Drum,"Balmer, Edwin (1959)"
33076,Applied Psychology: Driving Power of Thought Being the Third in a Series of Twelve Volumes on the Applications of Psychology to the Problems of Personal and Business Efficiency,"Hilton, Warren (1958)"
33096,Years of Plenty,"Brown, Ivor John Carnegie (1974)"
33111,"The origin of the family, private property, and the state","Untermann, Gerhard Ernest (1956)"
33118,Just Around the Corner: Romance en casserole,"Hurst, Fannie (1968)"
33137,"Descriptions of Three New Birds from the Belgian Congo Bulletin of the AMNH , Vol. XXXIV, Art. XVI, pp. 509-513, Oct. 20th, 1915","Chapin, James Paul (1964)"
33160,Christian Hymns of the First Three Centuries,"Messenger, Ruth Ellis (1964)"
33198,"The Borghesi Astronomical Clock in the Museum of History and Technology Contributions from the Museum of History and Technology, Paper 35","Bedini, Silvio A. (2007)"
33200,The Women of Tomorrow,"Hard, William (1962)"
33204,"Subspeciation in the Meadow Mouse, Microtus pennsylvanicus, in Wyoming, Colorado, and Adjacent Areas","Anderson, Sydney (2018)"
33206,Plashers Mead: A Novel,"MacKenzie, Compton (1972)"
33212,The Underpup,"Wylie, I. A. R. (Ida Alexa Ross) (1959)"
33233,Tahara Among African Tribes,"Sherman, Harold M. (Harold Morrow) (1987)"
33237,"The Call of the World; or, Every Man's Supreme Opportunity","Doughty, William E. (William Ellison) (1959)"
33270,Just Gerry,"Chaundler, Christine (1972)"
33272,"Green Spring Farm, Fairfax County, Virginia","Netherton, Ross De Witt (2010)"
33289,The Loves of Ambrose,"Vandercook, Margaret (1958)"
63164,Nameless River,"Roe, Vingie E. (Vingie Eve) (1958)"
33358,Great Singers on the Art of Singing Educational Conferences with Foremost Artists,"Cooke, James Francis (1960)"
33364,"A New Subspecies of the Fruit-eating Bat, Sturnira ludovici, From Western Mexico","Jones, J. Knox (1992)"
33373,Kyphosis and other Variations in Soft-shelled Turtles,"Smith, Hobart M. (Hobart Muir) (2013)"
33381,Penny Nichols Finds a Clue,"Clark, Joan (2002)"
33382,Penny Nichols and the Black Imp,"Clark, Joan (2002)"
33383,Penny Nichols and the Knob Hill Mystery,"Clark, Joan (2002)"
33392,In and Out,"Franklin, Edgar (1958)"
33409,The Ranch Girls at Rainbow Lodge,"Vandercook, Margaret (1958)"
33411,A critical history of Greek philosophy,"Stace, W. T. (Walter Terence) (1967)"
33412,Observations on the Mississippi Kite in Southwestern Kansas,"Fitch, Henry S. (Henry Sheldon) (2009)"
33415,Pandora's Box: A Tragedy in Three Acts,"Eliot, Samuel A. (Samuel Atkins) (1984)"
33438,Sea-Hounds,"Freeman, Lewis R. (Lewis Ransome) (1960)"
33444,Sulamith: A Romance of Antiquity,"Guerney, Bernard Guilbert (1979)"
33450,Journal of a trip to California,"Vail, R. W. G. (Robert William Glenroie) (1966)"
33471,Stories and Ballads of the Far Past Translated from the Norse (Icelandic and Faroese) with Introductions and Notes,"Chadwick, Nora K. (Nora Kershaw) (1972)"
33479,The Opium Monopoly,"La Motte, Ellen N. (Ellen Newbold) (1961)"
33482,The Furnace,"Macaulay, Rose (1958)"
33501,The Book of Gud,"Hastings, Milo (1957)"
33508,"A New Subspecies of Lizard, Cnemidophorus sacki, from Michoacán, México","Duellman, William Edward (2022)"
33509,"Taxonomic Status of Some Mice of The Peromyscus boylii Group in Eastern Mexico, With Description of a New Subspecies","Alvarez, Ticul (2001)"
33527,"Whales, dolphins, and porpoises of the western North Atlantic","Leatherwood, Stephen (1997)"
33529,The Return of Tharn,"Browne, Howard (1999)"
33532,The Camp Fire Girls Behind the Lines,"Vandercook, Margaret (1958)"
33535,The development of armor-piercing shells (with suggestions for their improvement),"De Zafra, Carlos (1967)"
33543,"The Amphibians and Reptiles of Michoacán, México","Duellman, William Edward (2022)"
33552,Acanthus and Wild Grape,"Call, Frank Oliver (1956)"
33553,"In a Belgian Garden, and Other Poems","Call, Frank Oliver (1956)"
33554,Nancy of Paradise Cottage,"Watkins, Shirley (1979)"
33560,"A New Genus of Pennsylvanian Fish (Crossopterygii, Coelacanthiformes) from Kansas","Echols, Joan (2013)"
33566,"Ecological Observations on the Woodrat, Neotoma floridana","Fitch, Henry S. (Henry Sheldon) (2009)"
33574,"A Field Study of the Kansas Ant-Eating Frog, Gastrophryne olivacea","Fitch, Henry S. (Henry Sheldon) (2009)"
33578,Comments on the Taxonomy and Geographic Distribution of Some North American Rodents,"Hall, E. Raymond (Eugene Raymond) (1986)"
33584,Women as World Builders: Studies in Modern Feminism,"Dell, Floyd (1969)"
33612,The Land of Strong Men,"Chisholm, A. M. (Arthur Murray) (1960)"
33628,Emma Goldman: Biographical Sketch,"Madison, Charles Allan (1985)"
33639,The Subspecific Status of Two Central American Sloths,"Hall, E. Raymond (Eugene Raymond) (1986)"
33642,Earth Alert!,"Neville, Kris (1980)"
33644,The Secret of the Ninth Planet,"Wollheim, Donald A. (1990)"
33648,"The Mammals of Warren Woods, Berrien County, Michigan Occasional Paper of the Museum of Zoology, Number 86","Dice, Lee R. (Lee Raymond) (1977)"
33653,A New Pocket Gopher (Genus Thomomys) From Wyoming and Colorado,"Hall, E. Raymond (Eugene Raymond) (1986)"
33656,The Ranch Girls' Pot of Gold,"Vandercook, Margaret (1958)"
33658,A history of English poetry,"Baine, Rodney M. (2000)"
33660,The Year When Stardust Fell,"Jones, Raymond F. (1994)"
33663,The Origin and Development of the Quantum Theory,"Clarke, Hans Thacher (1972)"
33823,The Gay Adventure: A Romance,"Bird, Richard (1965)"
33710,"Comments on the Taxonomy and Geographic Distribution of Some North American Marsupials, Insectivores and Carnivores","Hall, E. Raymond (Eugene Raymond) (1986)"
33721,The Barren Ground Caribou of Keewatin,"Harper, Francis (1972)"
33725,Unexplored!,"Chaffee, Allen (1985)"
33727,Creative Intelligence: Essays in the Pragmatic Attitude,"Kallen, Horace Meyer (1974)"
33728,Believe You Me!,"Putnam, Nina Wilcox (1962)"
33729,The Lost Temples of Xantoos,"Calhoun, Howell (2007)"
33730,Lycanthropus,"Bolen, C. Edgar (Charles Edgar) (1988)"
33736,The Tempering,"Buck, Charles Neville (1957)"
33741,The Acquisitive Society,"Tawney, R. H. (Richard Henry) (1962)"
33854,Ask a Foolish Question,"Sheckley, Robert (2005)"
33759,The Key to Yesterday,"Buck, Charles Neville (1957)"
33766,History of Phosphorus,"Farber, Eduard (1969)"
33772,Hawk Eye,"Cory, David (1966)"
33774,Mice & Other Poems,"Bullett, Gerald (1958)"
33779,Majesty: A Novel,"McKenna, Stephen (1967)"
33785,A Star for a Night: A Story of Stage Life,"Janis, Elsie (1956)"
33790,Delayed Action,"De Vet, Charles V. (1997)"
33797,"Sinister Street, vol. 1","MacKenzie, Compton (1972)"
33798,"Sinister Street, vol. 2","MacKenzie, Compton (1972)"
33799,The Blood of the Arena,"Douglas, Frances (1969)"
33806,The Camp Fire Girls Across the Seas,"Vandercook, Margaret (1958)"
33812,The Aboriginal Population of the North Coast of California,"Cook, Sherburne Friend (1974)"
33825,An Atheist Manifesto,"Lewis, Joseph (1968)"
33826,Lippincott's Horn-Ashbaugh Speller For Grades One to Eight,"Horn, Ernest (1967)"
33839,Problem on Balak,"Aycock, Roger D. (2004)"
33842,By Earthlight,"Walton, Bryce (1988)"
33843,The Natives,"MacLean, Katherine (2019)"
33850,The Slizzers,"Bixby, Jerome (1998)"
33871,Old Friends Are the Best,"Sharkey, Jack (1992)"
33872,Nine Men in Time,"Loomis, Noel M. (1969)"
33877,The Voice of the Pack,"Marshall, Edison (1967)"
33906,The Sword of Deborah: First-hand impressions of the British Women's Army in France,"Jesse, F. Tennyson (Fryniwyd Tennyson) (1958)"
33907,One-Act Plays by Modern Authors,"Cohen, Helen Louise (1957)"
33911,Beggars on Horseback,"Jesse, F. Tennyson (Fryniwyd Tennyson) (1958)"
33915,Mammals taken Along the Alaska Highway,"Baker, Rollin H. (Rollin Harold) (2007)"
33919,Suzy,"Parker, Watson (2013)"
33926,"Dick Hamilton's Cadet Days; Or, The Handicap of a Millionaire's Son","Garis, Howard Roger (1962)"
33933,"The Life-Work of Flaubert, from the Russian of Merejowski","Mounsey, G. A. (George Augustus) (1966)"
33934,She Knew He Was Coming,"Neville, Kris (1980)"
33943,Woman,"Marx, Magdeleine (1973)"
33963,The Valiants of Virginia,"Rives, Hallie Erminie (1956)"
33966,"Occurrence of the Garter Snake, Thamnophis sirtalis, in the Great Plains and Rocky Mountains","Fitch, Henry S. (Henry Sheldon) (2009)"
33967,Descriptions of New Hylid Frogs From Mexico and Central America,"Duellman, William Edward (2022)"
33969,New Hire,"Dryfoos, Dave (2003)"
33977,Miss Million's Maid: A Romance of Love and Fortune,"Ruck, Berta (1978)"
33978,"The Aboriginal Population of Alameda and Contra Costa Counties, California","Cook, Sherburne Friend (1974)"
33984,The Man from Jericho,"Litsey, Edwin Carlile (1970)"
33990,The Red Cross Girls with Pershing to Victory,"Vandercook, Margaret (1958)"
33997,The Jonathan Papers,"Morris, Elisabeth Woodbridge (1964)"
34001,Challenge,"Untermeyer, Louis (1977)"
34020,The Window at the White Cat,"Rinehart, Mary Roberts (1958)"
34025,Ancient Rome: The Lives of Great Men,"Hamilton, Mary Agnes (1966)"
34030,"Turning and Boring A specialized treatise for machinists, students in the industrial and engineering schools, and apprentices, on turning and boring methods, including modern practice with engine lathes, turret lathes, vertical and horizontal boring machines","Jones, Franklin Day (1967)"
34057,When 'Bear Cat' Went Dry,"Buck, Charles Neville (1957)"
34089,"The Celestial Omnibus, and Other Stories","Forster, E. M. (Edward Morgan) (1970)"
34130,The Princess Galva: A Romance,"Whitelaw, David (1970)"
34161,"The Story of the Great War, Volume 7 American Food and Ships; Palestine; Italy invaded; Great German Offensive; Americans in Picardy; Americans on the Marne; Foch's Counteroffensive.","Miller, Francis Trevelyan (1959)"
34177,The Idyl of Twin Fires,"Eaton, Walter Prichard (1957)"
34208,The Law of Hemlock Mountain,"Lundsford, Hugh (1957)"
34234,A Lonely Flute,"Shepard, Odell (1967)"
34263,The Banshee,"O'Donnell, Elliott (1965)"
34281,The Sheriff of Badger: A Tale of the Southwest Borderland,"Pattullo, George (1967)"
34295,"Tadarida femorosacca (Merriam) in Tamaulipas, Mexico","Dalquest, Walter Woelber (2000)"
34303,A New Bat (Genus Myotis) From Mexico,"Dalquest, Walter Woelber (2000)"
34307,Condensed guide for the Stanford revision of the Binet-Simon intelligence tests,"Terman, Lewis M. (Lewis Madison) (1956)"
34309,An Outline of Sexual Morality,"Ingram, Kenneth (1965)"
34311,"Geographic Range of the Hooded Skunk, Mephitis macroura With Description of a New Subspecies from Mexico","Hall, E. Raymond (Eugene Raymond) (1986)"
34314,"A New Pocket Gopher (Thomomys) and A New Spiny Pocket Mouse (Liomys) from Michoacán, Mexico","Hall, E. Raymond (Eugene Raymond) (1986)"
34315,Two New Meadow Mice from Michoacán Mexico,"Hall, E. Raymond (Eugene Raymond) (1986)"
34326,"A New Hylid Frog from Eastern Mexico. University of Kansas Publication, Vol 1, No 15","Taylor, Edward Harrison (1978)"
34328,Tasting the Earth,"Gould, Mona (1999)"
34337,Birds Found on the Arctic Slope of Northern Alaska,"Bee, James W. (1996)"
34340,Three New Beavers from Utah,"Durrant, Stephen David (1975)"
34353,The Forest Habitat of the University of Kansas Natural History Reservation,"Fitch, Henry S. (Henry Sheldon) (2009)"
34357,Honor: A Play in Four Acts,"Baukhage, Hilmar R. (Hilmar Robert) (1976)"
34369,Penny Nichols and the Mystery of the Lost Key,"Clark, Joan (2002)"
34371,Pliocene and Pleistocene Records of Fossil Turtles from Western Kansas and Oklahoma University of Kansas Publications Museum of Natural History Volume 1,"Galbreath, Edwin C. (Edwin Carter) (1989)"
34395,Ghost Beyond the Gate,"Wirt, Mildred A. (Mildred Augustine) (2002)"
34403,The Clock Strikes Thirteen,"Wirt, Mildred A. (Mildred Augustine) (2002)"
34410,The Treasure of the Isle of Mist,"Tarn, W. W. (William Woodthorpe) (1957)"
34411,Pipistrellus cinnamomeus Miller 1902 Referred to the Genus Myotis,"Hall, E. Raymond (Eugene Raymond) (1986)"
34412,A New Species of Heteromyid Rodent from the Middle Oligocene of Northeast Colorado with Remarks on the Skull,"Galbreath, Edwin C. (Edwin Carter) (1989)"
34414,Just—William,"Crompton, Richmal (1969)"
34420,Riya's Foundling,"Budrys, Algis (2008)"
34421,The Escaping Club,"Evans, A. J. (Alfred John) (1960)"
34431,"The Islands of Magic: Legends, Folk and Fairy Tales from the Azores","Eells, Elsie Spicer (1963)"
34440,A Jewish Chaplain in France,"Levinger, Lee J. (Lee Joseph) (1966)"
34441,The Cry at Midnight,"Wirt, Mildred A. (Mildred Augustine) (2002)"
34444,"The Story of the Great War, Volume 8 Victory with the Allies; Armistice; Peace Congress; Canada's War Organizations and vast War Industries; Canadian Battles Overseas","Miller, Francis Trevelyan (1959)"
34447,"Across the Prairie in a Motor Caravan A 3,000 Mile Tour by Two Englishwomen on Behalf of Religious Education","Hasell, Frances Hatton Eva (1974)"
34448,Rick and Ruddy: The Story of a Boy and His Dog,"Garis, Howard Roger (1962)"
34449,A New Extinct Emydid Turtle from the Lower Pliocene of Oklahoma,"Galbreath, Edwin C. (Edwin Carter) (1989)"
34450,The Nature of Animal Light,"Harvey, E. Newton (Edmund Newton) (1959)"
34455,Give Me Liberty: The Struggle for Self-Government in Virginia,"Wertenbaker, Thomas Jefferson (1966)"
34457,The Phase Rule and Its Applications,"Findlay, Alexander (1966)"
34466,Rescue Dog of the High Pass,"Kjelgaard, Jim (1959)"
34469,L'Atlantide,"Benoît, Pierre (1962)"
34478,The Modern Ku Klux Klan,"Fry, Henry P. (Henry Peck) (1956)"
34497,The Boy With the U. S. Survey,"Rolt-Wheeler, Francis (1960)"
34532,A Synopsis of the American Bats of the Genus Pipistrellus,"Hall, E. Raymond (Eugene Raymond) (1986)"
34546,Additions to the List of the Birds of Louisiana,"Lowery, George H., Jr. (1978)"
34550,Franz Joseph Haydn : The Story of the Choir Boy who became a Great Composer,"Tapper, Thomas (1958)"
34552,Danger at the Drawbridge,"Wirt, Mildred A. (Mildred Augustine) (2002)"
34554,Selected Records of Reptiles and Amphibians from Kansas,"Breukelman, John (1995)"
34556,Phylogeny of the Waxwings and Allied Birds,"Arvey, M. Dale (Martin Dale) (1979)"
34568,Johann Sebastian Bach : The story of the boy who sang in the streets,"Tapper, Thomas (1958)"
34580,The Ego and His Own,"Byington, Steven T. (Steven Tracy) (1957)"
34582,Mozart : The story of a little boy and his sister who gave concerts,"Tapper, Thomas (1958)"
34591,Clue of the Silken Ladder,"Wirt, Mildred A. (Mildred Augustine) (2002)"
34592,Behind the Green Door,"Wirt, Mildred A. (Mildred Augustine) (2002)"
34604,Middle American Frogs of the Hyla microcephala Group,"Duellman, William Edward (2022)"
34661,The Pioneers,"Prichard, Katharine Susannah (1969)"
34682,The Secret Pact,"Wirt, Mildred A. (Mildred Augustine) (2002)"
34689,The Wishing Well,"Wirt, Mildred A. (Mildred Augustine) (2002)"
34691,Hoofbeats on the Turnpike,"Wirt, Mildred A. (Mildred Augustine) (2002)"
34697,The Lost Wagon,"Kjelgaard, Jim (1959)"
34700,God's Green Country: A Novel of Canadian Rural Life,"Chapman, Ethel M. (1976)"
34703,The Tower of Oblivion,"Onions, Oliver (1961)"
34713,A Short History of English Liberalism,"Blease, W. Lyon (Walter Lyon) (1963)"
34720,We Were There at the Oklahoma Land Run,"Kjelgaard, Jim (1959)"
34724,Lola,"Davis, Owen (1956)"
34729,How to Prosper in Boll Weevil Territory,"Alford, George Howard (1958)"
34737,Beethoven : The story of a little boy who was forced to practice,"Tapper, Thomas (1958)"
34775,The Boss of Wind River,"Chisholm, A. M. (Arthur Murray) (1960)"
34787,"Fish Populations, Following a Drought, in the Neosho and Marais des Cygnes Rivers of Kansas","Deacon, James E. (2015)"
34801,Why Joan?,"Kelly, Eleanor Mercein (1968)"
34829,"The Sick-a-Bed Lady And Also Hickory Dock, The Very Tired Girl, The Happy-Day, Something That Happened in October, The Amateur Lover, Heart of The City, The Pink Sash, Woman's Only Business","Abbott, Eleanor Hallowell (1958)"
34831,Guilt of the Brass Thieves,"Wirt, Mildred A. (Mildred Augustine) (2002)"
34832,Voice from the Cave,"Wirt, Mildred A. (Mildred Augustine) (2002)"
34836,"A New Pocket Gopher (Genus Thomomys), from Eastern Colorado","Hall, E. Raymond (Eugene Raymond) (1986)"
34850,Signal in the Dark,"Wirt, Mildred A. (Mildred Augustine) (2002)"
34852,Moonshine & Clover,"Housman, Laurence (1959)"
34853,The Fairy-Faith in Celtic Countries,"Evans-Wentz, W. Y. (Walter Yeeling) (1965)"
34860,East of Suez: A Play in Seven Scenes,"Maugham, W. Somerset (William Somerset) (1965)"
34888,Romain Rolland: The Man and His Work,"Paul, Cedar (1972)"
34890,Proclaim Liberty!,"Seldes, Gilbert (1970)"
34926,The Camp Fire Girls in After Years,"Vandercook, Margaret (1958)"
34927,The Ranch Girls and Their Great Adventure,"Vandercook, Margaret (1958)"
34928,The Ranch Girls at Home Again,"Vandercook, Margaret (1958)"
34929,The Ranch Girls in Europe,"Vandercook, Margaret (1958)"
34937,Tieck's Essay on the Boydell Shakspere Gallery,"Danton, George H. (George Henry) (1962)"
34946,The Witch Doctor and other Rhodesian Studies,"Worthington, Frank (1964)"
34949,Some Reptiles and Amphibians from Korea,"Webb, Robert G. (Robert Gravem) (2018)"
34954,"Systematic Status of the Colubrid Snake, Leptodeira discolor Günther","Duellman, William Edward (2022)"
34975,Whispering Walls,"Wirt, Mildred A. (Mildred Augustine) (2002)"
34985,Six Women and the Invasion,"Méléra, Marguerite-Yerta (1965)"
35013,Chopin : The Story of the Boy Who Made Beautiful Melodies,"Tapper, Thomas (1958)"
35024,"Development of Gravity Pendulums in the 19th Century Contributions from the Museum of History and Technology, Papers 34-44 On Science and Technology, Smithsonian Institution, 1966","Lenzen, Victor F. (Victor Fritz) (1975)"
35029,Half-Past Bedtime,"Bashford, H. H. (Henry Howarth), Sir (1961)"
35031,The Land of Frozen Suns: A Novel,"Sinclair, Bertrand W. (1972)"
35043,Hybridization Between Two Species of Garter Snakes,"Smith, Hobart M. (Hobart Muir) (2013)"
35070,Franz Schubert : The Story of the Boy Who Wrote Beautiful Songs,"Tapper, Thomas (1958)"
35077,Girl Alone,"Austin, Anne (1975)"
35082,Saboteurs on the River,"Wirt, Mildred A. (Mildred Augustine) (2002)"
35083,Swamp Island,"Wirt, Mildred A. (Mildred Augustine) (2002)"
35090,Billy Bunny and Daddy Fox,"Cory, David (1966)"
35091,The Invisible Censor,"Hackett, Francis (1962)"
35094,The Art of English Poetry (1708),"Culler, A. Dwight (Arthur Dwight) (2006)"
35097,Edvard Grieg : The Story of the Boy Who Made Music in the Land of the Midnight Sun,"Tapper, Thomas (1958)"
35101,Diary of a U-Boat Commander,"King-Hall, Stephen, Sir (1966)"
35120,Readings in Money and Banking Selected and Adapted,"Phillips, Chester Arthur (1976)"
35128,Wagner : The Story of the Boy Who Wrote Little Plays,"Tapper, Thomas (1958)"
35147,A Maid of the Kentucky Hills,"Litsey, Edwin Carlile (1970)"
35157,Handel : The Story of a Little Boy who Practiced in an Attic,"Tapper, Thomas (1958)"
35158,Verdi : The Story of the Little Boy who Loved the Hand Organ,"Tapper, Thomas (1958)"
35164,The Secret Battle,"Herbert, A. P. (Alan Patrick) (1971)"
35170,The Rhesus of Euripides,"Murray, Gilbert (1957)"
35171,The Trojan Women of Euripides,"Murray, Gilbert (1957)"
35173,The Bacchae of Euripides,"Murray, Gilbert (1957)"
65669,Compete or Die!,"Reinsberg, Mark (1981)"
35198,What Not: A Prophetic Comedy,"Macaulay, Rose (1958)"
35204,Sense of Obligation,"Harrison, Harry (2012)"
35247,That Affair at Elizabeth,"Stevenson, Burton Egbert (1962)"
35255,The Systematic Status of Eumeces pluvialis Cope,"Smith, Hobart M. (Hobart Muir) (2013)"
35269,Handbook of the Minneapolis Institute of Arts With 143 Illustrations,"Wehle, Harry B. (Harry Brandeis) (1969)"
35279,The Literature of Ecstasy,"Mordell, Albert (1965)"
35472,Euripides and His Age,"Murray, Gilbert (1957)"
35326,The Long Lane's Turning,"Rives, Hallie Erminie (1956)"
35354,Moral theology,"Callan, Charles J. (Charles Jerome) (1962)"
35362,"Billy Barcroft, R.N.A.S.: A Story of the Great War","Westerman, Percy F. (Percy Francis) (1959)"
35363,A Short History of Italy (476-1900),"Sedgwick, Henry Dwight (1957)"
35378,The Strength of the Pines,"Marshall, Edison (1967)"
35387,Émile Verhaeren,"Bithell, Jethro (1962)"
35399,The Negro in the South His Economic Progress in Relation to his Moral and Religious Development,"Du Bois, W. E. B. (William Edward Burghardt) (1963)"
35403,"From Bapaume to Passchendaele, 1917","Gibbs, Philip (1962)"
35413,A Review of the Middle American Tree Frogs of the Genus Ptychohyla,"Duellman, William Edward (2022)"
35417,The Super Race: An American Problem,"Nearing, Scott (1983)"
35425,The Mad Planet,"Leinster, Murray (1975)"
35437,Six prize Hawaiian stories of the Kilohana Art League,"De La Vergne, George Harrison (1957)"
35451,Medea of Euripides,"Murray, Gilbert (1957)"
35457,More Tales by Polish Authors,"Busch, Marie (1958)"
35475,Songs of the Prairie,"Stead, Robert J. C. (1959)"
35478,Neighbours,"Stead, Robert J. C. (1959)"
35487,Swamp Cat,"Kjelgaard, Jim (1959)"
35493,The Black Fawn,"Kjelgaard, Jim (1959)"
35515,Arthur Machen: A Novelist of Ecstasy and Sin With Two Uncollected Poems by Arthur Machen,"Starrett, Vincent (1974)"
35524,Contemporary Belgian Poetry Selected and Translated by Jethro Bithell,"Bithell, Jethro (1962)"
35529,The Charm of Ireland,"Stevenson, Burton Egbert (1962)"
35593,Jane Lends A Hand,"Watkins, Shirley (1979)"
35596,Robt. Schumann : The Story of the Boy Who Made Pictures in Music,"Tapper, Thomas (1958)"
35601,Franz Liszt : The Story of a Boy Who Became a Great Pianist and Teacher,"Tapper, Thomas (1958)"
35616,Home Fires in France,"Fisher, Dorothy Canfield (1958)"
35633,"The Sword of Honor; or, The Foundation of the French Republic A Tale of The French Revolution","De Leon, Solon (1975)"
35667,Sour Grapes: A Book of Poems,"Williams, William Carlos (1963)"
35678,France,"Home, Gordon (1969)"
35685,"Man, Past and Present","Quiggin, A. Hingston (Alison Hingston) (1971)"
35688,"Alice in Wonderland A Dramatization of Lewis Carroll's ""Alice's Adventures in Wonderland"" and ""Through the Looking Glass""","Gerstenberg, Alice (1972)"
35689,Anti-Suffrage Essays,"Bernbaum, Ernest (1958)"
35704,Wonder Stories: The Best Myths for Boys and Girls,"Bailey, Carolyn Sherwin (1961)"
35724,13 Days: The Chronicle of an Escape from a German Prison,"Caunter, John Alan Lyde (1981)"
35726,The United States and the War,"Murray, Gilbert (1957)"
35744,The gradual acceptance of the Copernican theory of the universe,"Stimson, Dorothy (1988)"
35745,The Religion of the Indians of California,"Kroeber, A. L. (Alfred Louis) (1960)"
35749,The Adventures of Fleet Foot and Her Fawns A True-to-Nature Story for Children and Their Elders,"Chaffee, Allen (1985)"
35753,War Posters Issued by Belligerent and Neutral Nations 1914-1919,"Sabin, Arthur K. (Arthur Knowles) (1959)"
35759,Security Risk,"Clinton, Ed M. (2006)"
35780,"Two Fishers, and Other Poems","Palmer, Herbert E. (Herbert Edward) (1961)"
35796,I Walked in Arden,"Crawford, Jack Randall (1968)"
35807,Non-combatants and Others,"Macaulay, Rose (1958)"
35833,The Black Star: A Detective Story,"McCulley, Johnston (1958)"
35836,The Bail Jumper,"Stead, Robert J. C. (1959)"
35838,Five Natural Hybrid Combinations in Minnows (Cyprinidae),"Cross, Frank B. (Frank Bernard) (2001)"
35863,The Pocahontas-John Smith Story,"Edmunds, Pocahontas Wight (1999)"
35866,"""I Conquered""","Titus, Harold (1967)"
35877,Group Psychology and The Analysis of The Ego,"Strachey, James (1967)"
35879,The Rotifers,"Abernathy, Robert (1990)"
35904,The Five Arrows,"Chase, Allan (1993)"
35926,"The Girl from Alsace A Romance of the Great War, Originally Published under the Title of Little Comrade","Stevenson, Burton Egbert (1962)"
35956,A Northern Countryside,"Richards, Rosalind (1964)"
35968,A Check-List of the Birds of Idaho,"Arvey, M. Dale (Martin Dale) (1979)"
35987,The Radio Boys' Search for the Inca's Treasure,"Breckenridge, Gerald (1964)"
35990,The Story of Lewis Carroll Told for Young People by the Real Alice in Wonderland,"Bowman, Isa (1958)"
35996,"The Dawn Patrol, and other poems of an aviator","Bewsher, Paul (1966)"
36017,"Oscar Wilde, a Critical Study","Ransome, Arthur (1967)"
36021,The Negro in the United States; a selected bibliography. Compiled by Dorothy B. Porter,"Wesley, Dorothy Porter (1995)"
36032,The Great Steel Strike and its Lessons,"Foster, William Z. (1961)"
36051,Colors of Life: Poems and Songs and Sonnets,"Eastman, Max (1969)"
36052,Little Jack Rabbit and Uncle John Hare,"Cory, David (1966)"
36053,Little Jack Rabbit and Chippy Chipmunk,"Cory, David (1966)"
36075,The King's Pilgrimage,"Fox, Frank (1960)"
36082,White House China of the Lincoln Administration in the Museum of History and Technology,"Klapthor, Margaret Brown (1994)"
36098,The Flowers of Evil,"Scott, Cyril (1970)"
36099,A Cadet's Honor: Mark Mallory's Heroism,"Sinclair, Upton (1968)"
36101,On Guard: Mark Mallory's Celebration,"Sinclair, Upton (1968)"
36122,The Winning of the Golden Spurs,"Westerman, Percy F. (Percy Francis) (1959)"
36201,"Francis Drake and the California Indians, 1579","Heizer, Robert F. (Robert Fleming) (1979)"
36223,The Boy with Wings,"Ruck, Berta (1978)"
36224,Notes on the Kiowa Sun Dance,"Spier, Leslie (1961)"
36229,The Camp Fire Girls' Careers,"Vandercook, Margaret (1958)"
36232,"The Shooting of Dan McGrew, A Novel. Based on the Famous Poem of Robert Service","Service, Robert W. (Robert William) (1958)"
36258,The Beautiful People,"Beaumont, Charles (1967)"
36276,"The Meaning of Relativity Four lectures delivered at Princeton University, May, 1921","Adams, Edwin P. (Edwin Plimpton) (1956)"
36297,"Visual Illusions: Their Causes, Characteristics and Applications","Luckiesh, Matthew (1967)"
36314,The Radio Boys Rescue the Lost Alaska Expedition,"Breckenridge, Gerald (1964)"
36329,The Old Blood,"Palmer, Frederick (1958)"
36335,The Secret of Lonesome Cove,"Adams, Samuel Hopkins (1958)"
36387,"Colonial Expeditions to the Interior of California Central Valley, 1800-1820","Cook, Sherburne Friend (1974)"
36415,Great Lent: A School of Repentance. Its Meaning for Orthodox Christians,"Schmemann, Alexander (1983)"
36432,The Coming of Coal,"Bruère, Robert W. (Robert Walter) (1964)"
36442,The Disturbing Charm,"Ruck, Berta (1978)"
36485,"The Camp Fire Girls on the Open Road; Or, Glorify Work","Frey, Hildegard G. (1957)"
36497,The Happy Hypocrite: A Fairy Tale for Tired Men,"Beerbohm, Max, Sir (1956)"
36498,The teaching of art related to the home,"Fallgatter, Florence (1973)"
36499,Rounding up the Raider: A Naval Story of the Great War,"Westerman, Percy F. (Percy Francis) (1959)"
36500,The Dispatch-Riders: The Adventures of Two British Motor-cyclists in the Great War,"Westerman, Percy F. (Percy Francis) (1959)"
36508,Eight Harvard Poets,"Cummings, E. E. (Edward Estlin) (1962)"
36523,The Last Straw,"Titus, Harold (1967)"
36565,"The Welsh Pony, Described in two letters to a friend","Dargan, Olive Tilford (1968)"
36620,"The Three Hills, and Other Poems","Squire, John Collings, Sir (1958)"
36690,Anarchism,"Byington, Steven T. (Steven Tracy) (1957)"
36710,The Black Opal,"Prichard, Katharine Susannah (1969)"
36762,The Reform of Education,"Bigongiari, Dino (1965)"
36770,Sun and Saddle Leather,"Clark, Badger (1957)"
36781,"Household Administration, Its Place in the Higher Education of Women","Schiff, Catherine J. (1956)"
36831,A Tree with a Bird in it: A Symposium of Contemporary American Poets on Being Shown a Pear-tree on Which Sat a Grackle,"Widdemer, Margaret (1978)"
36832,Conscript 2989: Experiences of a Drafted Man,"Crump, Irving (1979)"
36833,"The Camp Fire Girls at Onoway House; Or, The Magic Garden","Frey, Hildegard G. (1957)"
36837,The Lure of the Pen: A Book for Would-Be Authors,"Klickmann, Flora (1958)"
36840,The Making of an Apostle,"Campbell, R. J. (Reginald John) (1956)"
36867,Progress Report,"Clifton, Mark (1963)"
36887,"The Story of Nefrekepta, from a Demotic Papyrus","Murray, Gilbert (1957)"
36912,The Hero in Man,"Bax, Clifford (1962)"
36914,A Son of the Sahara,"Gerard, Louise (1970)"
36919,The Heart's Country,"Vorse, Mary Heaton (1966)"
36922,Antarctic Penguins: A Study of Their Social Habits,"Levick, G. Murray (George Murray) (1956)"
36930,Murillo,"Bensusan, S. L. (Samuel Levy) (1958)"
36935,Legend of Barkhamsted Light House A Tale from the Litchfield Hills of Connecticut,"Mills, Lewis Sprague (1965)"
36967,A West Country pilgrimage,"Phillpotts, Eden (1960)"
37024,The express companies of the United States,"Benedict, Bertram (1978)"
37056,"Baseball Joe of the Silver Stars; or, The Rivals of Riverside","Chadwick, Lester (1962)"
37060,Through These Eyes The courageous struggle to find meaning in a life stressed with cancer,"Isaacson, Lauren Ann (1986)"
37086,The Dales of Arcady,"Ratcliffe, Dorothy Una (1967)"
37087,Poems,"Stuart, Muriel (1967)"
37090,Our Knowledge of the External World as a Field for Scientific Method in Philosophy,"Russell, Bertrand (1970)"
37129,Reminiscences of Anton Chekhov,"Woolf, Leonard (1969)"
37164,The Sixth Sense: A Novel,"McKenna, Stephen (1967)"
37189,The Return of the Soldier,"West, Rebecca (1983)"
37197,Problems in Periclean Buildings,"Elderkin, G. W. (George Wicker) (1965)"
37199,Ecology of the Opossum on a Natural Area in Northeastern Kansas,"Fitch, Henry S. (Henry Sheldon) (2009)"
37205,The Sea and the Jungle,"Tomlinson, H. M. (Henry Major) (1958)"
37207,Winona of the Camp Fire,"Widdemer, Margaret (1978)"
37218,Olinda's Adventures: or the Amours of a Young Lady,"Day, Robert Adams (1996)"
37220,Down the Yellowstone,"Freeman, Lewis R. (Lewis Ransome) (1960)"
37227,"Great Britain's Sea Policy A Reply to an American Critic, reprinted from 'The Atlantic Monthly'","Murray, Gilbert (1957)"
37250,Caybigan,"Hopper, James (1956)"
37271,The Ranch Girls and Their Heart's Desire,"Vandercook, Margaret (1958)"
37288,Virginia Architecture in the Seventeenth Century,"Forman, Henry Chandlee (1991)"
37295,Soft Candy for Bees,"Gates, Burton N. (Burton Noble) (1972)"
37300,Henry James,"West, Rebecca (1983)"
37350,The Ancestry of Modern Amphibia: A Review of the Evidence,"Eaton, Theodore H. (Theodore Hildreth) (1981)"
37392,"""Green Balls"" : The Adventures of a Night-Bomber","Bewsher, Paul (1966)"
37398,Edgar Saltus: The Man,"Saltus, Marie (1960)"
37420,Paint Technology and Tests,"Gardner, Henry A. (Henry Alfred) (1973)"
37448,Comet's Burial,"Gallun, Raymond Z. (Raymond Zinke) (1994)"
37450,Aspects of Reproduction and Development in the Prairie Vole (Microtus ochrogaster),"Fitch, Henry S. (Henry Sheldon) (2009)"
37451,Rough-Hewn,"Fisher, Dorothy Canfield (1958)"
37469,"Some Imagist Poets, 1916: An Annual Anthology","Aldington, Richard (1962)"
37479,The Debit Account,"Onions, Oliver (1961)"
37485,Boy Scouts in Glacier Park The Adventures of Two Young Easterners in the Heart of the High Rockies,"Eaton, Walter Prichard (1957)"
37490,The Gray Phantom's Return,"Landon, Herman (1960)"
37561,"""That's me all over, Mable""","Streeter, Edward (1976)"
37584,A Crooked Mile,"Onions, Oliver (1961)"
37600,The Fight for Constantinople: A Story of the Gallipoli Peninsula,"Westerman, Percy F. (Percy Francis) (1959)"
37609,The Story of Great Inventions,"Burns, Elmer Ellsworth (1956)"
37614,Jungle Peace,"Beebe, William (1962)"
69584,Gray Lensman,"Smith, E. E. (Edward Elmer) (1965)"
37633,Societies of the Kiowas,"Lowie, Robert Harry (1957)"
37652,The Nameless Island: A Story of Some Modern Robinson Crusoes,"Westerman, Percy F. (Percy Francis) (1959)"
37653,"Sentiment, Inc.","Anderson, Poul (2001)"
37667,Three Hours after Marriage,"Smith, John Harrington (1961)"
37677,The Story of a Life,"Ellis, J. Breckenridge (John Breckenridge) (1956)"
37710,Mavis of Green Hill,"Baldwin, Faith (1978)"
37742,"Fishes of the Big Blue River Basin, Kansas","Minckley, W. L. (2001)"
37751,"The Deluge, and Other Poems","Presland, John (1975)"
37752,"Poems of London, and Other Verses","Presland, John (1975)"
37753,"Notes on the Mammals of Gogebic and Ontonagon Counties, Michigan, 1920 Occasional Papers of the Museum of Zoology, Number 109","Dice, Lee R. (Lee Raymond) (1977)"
37758,Atlantic Classics,"Sedgwick, Ellery (1960)"
37764,"Deformities of Samuel Johnson, Selected from His Works","Congleton, J. E. (James Edmund) (1993)"
37784,The Rise of Cotton Mills in the South,"Mitchell, Broadus (1988)"
37808,Carlyon Sahib: A Drama in Four Acts,"Murray, Gilbert (1957)"
37811,Rambles with John Burroughs,"De Loach, R. J. H. (Robert John Henderson) (1964)"
37812,Gentlemen rovers,"Powell, E. Alexander (Edward Alexander) (1957)"
37815,Snowdrift: A Story of the Land of the Strong Cold,"Hendryx, James B. (James Beardsley) (1963)"
37823,"Neotropical Hylid Frogs, Genus Smilisca","Duellman, William Edward (2022)"
37824,The Wireless Officer,"Westerman, Percy F. (Percy Francis) (1959)"
37829,Little Man's family = Diné yázhí ba'áłchíní : pre-primer,"Enochs, J. B. (James Byron) (1993)"
37838,The Story of Louie,"Onions, Oliver (1961)"
37852,Chimneysmoke,"Morley, Christopher (1957)"
37855,Climatic Changes: Their Nature and Causes,"Visher, Stephen Sargent (1967)"
37860,Poems - First Series,"Squire, John Collings, Sir (1958)"
37861,Poems - Second Series,"Squire, John Collings, Sir (1958)"
37862,Saul of Tarsus: A Tale of the Early Christians,"Miller, Elizabeth (1961)"
37881,The Golden Fleece and The Heroes Who Lived Before Achilles,"Colum, Padraic (1972)"
37894,A Quantitative Study of the Nocturnal Migration of Birds,"Lowery, George H., Jr. (1978)"
37913,The Gray Phantom,"Landon, Herman (1960)"
37919,In Accordance with the Evidence,"Onions, Oliver (1961)"
37952,The Adventures of Chatterer the Red Squirrel,"Burgess, Thornton W. (Thornton Waldo) (1965)"
37961,He Who Gets Slapped: A Play in Four Acts,"Zilboorg, Gregory (1959)"
37962,"Plays: Lady Frederick, The Explorer, A Man of Honour","Maugham, W. Somerset (William Somerset) (1965)"
37965,Cæsar's Wife: A Comedy in Three Acts,"Maugham, W. Somerset (William Somerset) (1965)"
37967,More Portmanteau Plays,"Bierstadt, Edward Hale (1970)"
38015,"De Re Metallica, Translated from the First Latin Edition of 1556","Hoover, Herbert (1964)"
38016,Chaitanya's Life And Teachings From his contemporary Begali biography the Chaitanya-charit-amrita,"Sarkar, Jadunath, Sir (1958)"
38021,The Baculum in Microtine Rodents,"Anderson, Sydney (2018)"
38027,Autobiography of Countess Tolstoy,"Woolf, Leonard (1969)"
38035,The Letters of Henry James (Vol. II),"Lubbock, Percy (1965)"
38046,Business English: A Practice Book,"Buhlig, Rose (1958)"
38051,The Tomato,"Work, Paul (1959)"
38052,Reynard the Fox,"Masefield, John (1967)"
38060,Out of the Air,"Gillmore, Inez Haynes (1970)"
38073,"Thomas Jefferson, the Apostle of Americanism","Chinard, Gilbert (1972)"
38117,The Book of Life,"Sinclair, Upton (1968)"
38129,Armenian legends and festivals,"Boettiger, Louis A. (Louis Angelo) (1962)"
38135,"Etain the Beloved, and Other Poems","Cousins, James Henry (1956)"
38149,"Two Burlesques of Lord Chesterfield's Letters. The Graces (1774), The Fine Gentleman's Etiquette (1776)","Gulick, Sidney L. (Sidney Lewis) (1988)"
38172,Atlantic Narratives: Modern Short Stories,"Ashe, Elizabeth (1974)"
38177,The Passionate Elopement,"MacKenzie, Compton (1972)"
38180,An American at Oxford,"Corbin, John (1959)"
38206,A Boy of the Dominion: A Tale of Canadian Immigration,"Brereton, F. S. (Frederick Sadleir) (1957)"
38222,The Quest of the 'Golden Hope': A Seventeenth Century Story of Adventure,"Westerman, Percy F. (Percy Francis) (1959)"
38234,Hopalong Cassidy,"Mulford, Clarence Edward (1956)"
38245,"Atlantic Classics, Second Series","Sedgwick, Ellery (1960)"
38247,"The Legend of Ulenspiegel, Volume 1 (of 2) And Lamme Goedzak, and their Adventures Heroical, Joyous and Glorious in the Land of Flanders and Elsewhere","Atkinson, F. M. (Frederick MacCurdy) (1973)"
38249,Down the Columbia,"Freeman, Lewis R. (Lewis Ransome) (1960)"
38280,Modern Essays,"Morley, Christopher (1957)"
38287,We're Civilized!,"Clifton, Mark (1963)"
38302,The Lonely Ones,"Ludwig, Edward W. (1990)"
38311,What Will People Say? A Novel,"Hughes, Rupert (1956)"
38325,The Happy Warrior,"Hutchinson, A. S. M. (Arthur Stuart-Menteth) (1971)"
38356,Speciation of the Wandering Shrew,"Findley, James S. (James Smith) (2018)"
38366,"A New Subspecies of Ground Squirrel (Spermophilus spilosoma) from Tamaulipas, Mexico","Alvarez, Ticul (2001)"
38398,"Amphibians and Reptiles of the Rainforests of Southern El Petén, Guatemala","Duellman, William Edward (2022)"
38404,"A Journey from Prince of Wales's Fort in Hudson's Bay to the Northern Ocean in the Years 1769, 1770, 1771, 1772 New Edition with Introduction, Notes, and Illustrations","Tyrrell, Joseph Burr (1957)"
38410,"The Star-Treader, and other poems","Smith, Clark Ashton (1961)"
38436,The Azure Rose: A Novel,"Kauffman, Reginald Wright (1959)"
38440,"A Distributional Study of the Amphibians of the Isthmus of Tehuantepec, México","Duellman, William Edward (2022)"
38441,A New Species of Wood Rat (Neotoma) from Northeastern Mexico,"Alvarez, Ticul (2001)"
38489,Gargoyles,"Hecht, Ben (1964)"
38498,The Code of the Mountains,"Buck, Charles Neville (1957)"
38503,The Oxford Book of Latin Verse From the earliest fragments to the end of the Vth Century A.D.,"Garrod, H. W. (Heathcote William) (1960)"
38512,Lola Montez,"D'Auvergne, Edmund B. (Edmund Basil) (1968)"
38535,The Great Illusion A Study of the Relation of Military Power to National Advantage,"Angell, Norman (1967)"
38558,The White Crystals: Being an Account of the Adventures of Two Boys,"Garis, Howard Roger (1962)"
38559,The Story of Assisi,"Gordon, Lina Duff (1964)"
38599,The Miracle Songs of Jesus,"MacDonald, Wilson (1967)"
38602,The monk and the hangman's daughter,"Danziger, Adolphe (1959)"
38645,Minstrel Weather,"Storm, Marian (1975)"
38654,Great opera stories,"Bender, Millicent Schwab (1974)"
38703,The Black Moth: A Romance of the XVIIIth Century,"Heyer, Georgette (1974)"
38738,"American Military Insignia, 1800-1851","Campbell, J. Duncan, (James Duncan) (2007)"
38739,The Wright Brothers' Engines and Their Design,"Hobbs, Leonard S. (1977)"
38753,Running Sands,"Kauffman, Reginald Wright (1959)"
38770,"The Aboriginal Population of the San Joaquin Valley, California","Cook, Sherburne Friend (1974)"
38776,The Letters of Henry James (Vol. I),"Lubbock, Percy (1965)"
38816,Poor Relations,"MacKenzie, Compton (1972)"
38790,England,"Fox, Frank (1960)"
38813,"The Works of Robert G. Ingersoll, Complete Contents Dresden Edition—Twelve Volumes","Widger, David (2021)"
38884,Shoshone-Bannock Subsistence and Society,"Murphy, Robert F. (Robert Francis) (1990)"
38897,"Baseball Joe on the School Nine; or, Pitching for the Blue Banner","Chadwick, Lester (1962)"
38909,Andromache: A Play in Three Acts,"Murray, Gilbert (1957)"
38917,Life and Writings of Maurice Maeterlinck,"Bithell, Jethro (1962)"
38932,Steel: The Diary of a Furnace Worker,"Walker, Charles R. (Charles Rumford) (1974)"
38934,"The Camp Fire Girls' Larks and Pranks; Or, The House of the Open Door","Frey, Hildegard G. (1957)"
38962,Vocational Psychology: Its Problems and Methods,"Hollingworth, Harry L. (Harry Levi) (1956)"
38983,"The Camp Fire Girls Solve a Mystery; Or, The Christmas Adventure at Carver House","Frey, Hildegard G. (1957)"
38991,"Roumanian Stories, Translated from the Original Roumanian","Sadoveanu, Mihail (1961)"
38993,The Integration of Functions of a Single Variable,"Hall, Philip (1982)"
39022,The Dramatization of Bible Stories An experiment in the religious education of children,"Lobingier, Elizabeth Miller (1973)"
39023,The Future Belongs to the People,"Zimand, Savel (1967)"
39056,Bruce of the Circle A,"Titus, Harold (1967)"
39122,Memoirs of a Midget,"De la Mare, Walter (1956)"
39128,Kensington Rhymes,"MacKenzie, Compton (1972)"
39140,A Racial Study of the Fijians,"Gabel, Norman E. (1961)"
39141,Early American Scientific Instruments and Their Makers,"Bedini, Silvio A. (2007)"
39143,The Making of a Saint,"Maugham, W. Somerset (William Somerset) (1965)"
39148,"How Justice Grew: Virginia Counties, An Abstract of Their Formation","Hiden, Martha W. (Martha Woodroof) (1959)"
39164,"The Pocket Gophers (Genus Thomomys) of Utah University of Kansas Publications, Museum of Natural History, Vol. 1 No. 1","Durrant, Stephen David (1975)"
39184,"Checklist A complete, cumulative Checklist of lesbian, variant and homosexual fiction, in English or available in English translation, with supplements of related material, for the use of collectors, students and librarians.","Bradley, Marion Zimmer (1999)"
39207,Tales for Fifteen,"Beard, James Franklin (1989)"
39211,"Piano Playing, with Piano Questions Answered","Hofmann, Josef (1957)"
39222,"An Annotated Check List of the Mammals of Michoacán, México","Hall, E. Raymond (Eugene Raymond) (1986)"
39248,"Nuova; or, The New Bee","Kellogg, Charlotte (1960)"
39330,Immortal Youth: A Study in the Will to Create,"Price, Lucien (1964)"
39356,The Political Doctrines of Sun Yat-sen: An Exposition of the San Min Chu I,"Linebarger, Paul Myron Anthony (1966)"
39364,Rich Relatives,"MacKenzie, Compton (1972)"
39372,"The Recent Mammals of Tamaulipas, México","Alvarez, Ticul (2001)"
39378,Mortal Coils,"Huxley, Aldous (1963)"
39400,Christ's Journal,"Bartlett, Paul Alexander (1990)"
39402,Jeremiah: A Drama in Nine Scenes,"Paul, Cedar (1972)"
39406,"Kentucky in American Letters, 1784-1912. Vol. 1 of 2","Townsend, John Wilson (1968)"
39407,"Kentucky in American Letters, 1784-1912. Vol. 2 of 2","Townsend, John Wilson (1968)"
39421,"Mount Everest, the Reconnaissance, 1921","Howard-Bury, Charles (1963)"
39422,The Vanity Girl,"MacKenzie, Compton (1972)"
39457,"My Mission to London, 1912-1914","Murray, Gilbert (1957)"
39466,Reading the Weather,"Longstreth, T. Morris (Thomas Morris) (1975)"
39467,Sappho's Journal,"Bartlett, Paul Alexander (1990)"
39468,Voices from the Past,"Bartlett, Paul Alexander (1990)"
39482,Mushroom Town,"Onions, Oliver (1961)"
39484,Daddy's Bedtime Bird Stories,"Bonner, Mary Graham (1974)"
39488,"The Airship ""Golden Hind""","Westerman, Percy F. (Percy Francis) (1959)"
39489,With Beatty off Jutland: A Romance of the Great Sea Fight,"Westerman, Percy F. (Percy Francis) (1959)"
39490,A Lad of Grit: A Story of Adventure on Land and Sea in Restoration Times,"Westerman, Percy F. (Percy Francis) (1959)"
39494,Poetry of the Supernatural,"Walbridge, Earle Francis (1962)"
39516,A Captain of Industry: Being the Story of a Civilized Man,"Sinclair, Upton (1968)"
39527,The Early Life and Adventures of Sylvia Scarlett,"MacKenzie, Compton (1972)"
39528,Mohave Pottery,"Kroeber, A. L. (Alfred Louis) (1960)"
39556,Guy and Pauline,"MacKenzie, Compton (1972)"
39563,And the Kaiser abdicates: The German Revolution November 1918-August 1919,"Bouton, S. Miles (Stephen Miles) (1963)"
39572,West of the sun,"Pangborn, Edgar (1976)"
39574,The Radio Boys on Secret Service Duty,"Breckenridge, Gerald (1964)"
39582,The Rival Pitchers: A Story of College Baseball,"Chadwick, Lester (1962)"
39588,The Human Slaughter-House: Scenes from the War that is Sure to Come,"Lamszus, Wilhelm (1965)"
39604,Burlesques,"Bateman, H. M. (Henry Mayo) (1970)"
39651,Switzerland,"Fox, Frank (1960)"
39660,Sylvia & Michael: The later adventures of Sylvia Scarlett,"MacKenzie, Compton (1972)"
39681,"The Corner of Harley Street Being Some Familiar Correspondence of Peter Harding, M.D.","Bashford, H. H. (Henry Howarth), Sir (1961)"
39685,Nooks and Corners of Old England,"Fea, Allan (1956)"
39688,The Balkan Peninsula,"Fox, Frank (1960)"
39689,Satan Sanderson,"Rives, Hallie Erminie (1956)"
39706,Mother West Wind's Animal Friends,"Burgess, Thornton W. (Thornton Waldo) (1965)"
39708,"The Mortal Gods, and Other Plays","Dargan, Olive Tilford (1968)"
39751,Being Well-Born: An Introduction to Eugenics,"Guyer, Michael F. (Michael Frederic) (1959)"
39783,Canzoni & Ripostes Whereto are appended the Complete Poetical Works of T.E. Hulme,"Pound, Ezra (1972)"
39802,Tommy Wideawake,"Bashford, H. H. (Henry Howarth), Sir (1961)"
39814,The Church on the changing frontier,"Belknap, Helen Olive (1986)"
72037,Odyssey of a hero,"Fisher, Vardis (1968)"
39826,The Trial of Callista Blake,"Pangborn, Edgar (1976)"
39828,"Early American Plays, 1714-1830 A Compilation of the Titles of Plays and Dramatic Poems Written by Authors Born in or Residing in North America Previous to 1830","Wegelin, Oscar (1970)"
39863,The Montessori Method Scientific Pedagogy as Applied to Child Education in 'The Children's Houses' with Additions and Revisions by the Author,"Holmes, Henry W. (Henry Wyman) (1960)"
39907,Wilderness of Spring,"Pangborn, Edgar (1976)"
39950,People of Destiny: Americans as I saw them at Home and Abroad,"Gibbs, Philip (1962)"
39958,"Life History and Ecology of the Five-Lined Skink, Eumeces fasciatus","Fitch, Henry S. (Henry Sheldon) (2009)"
39964,The positive outcome of philosophy,"Pannekoek, Anton (1960)"
39974,"Handbook of Alabama Archaeology: Part I, Point Types","Cambron, James W. (James William) (1982)"
40004,"The Legend of Ulenspiegel, Volume 2 (of 2) And Lamme Goedzak, and their Adventures Heroical, Joyous and Glorious in the Land of Flanders and Elsewhere","Atkinson, F. M. (Frederick MacCurdy) (1973)"
40005,North American Recent Soft-Shelled Turtles (Family Trionychidae),"Webb, Robert G. (Robert Gravem) (2018)"
40016,The Last Rose of Summer,"Hughes, Rupert (1956)"
40017,The Stampeder,"White, Samuel Alexander (1956)"
40033,"The Missing Formula Madge Sterling Series, #1","Wirt, Mildred A. (Mildred Augustine) (2002)"
40035,Book of monsters,"Fairchild, Marian (1962)"
40038,The Lone Ranger Rides,"Striker, Fran (1962)"
40041,"The Secret of the Sundial Madge Sterling Series, #3","Wirt, Mildred A. (Mildred Augustine) (2002)"
40042,"The Deserted Yacht Madge Sterling Series, #2","Wirt, Mildred A. (Mildred Augustine) (2002)"
40043,The Problem of Foreign Policy A Consideration of Present Dangers and the Best Methods for Meeting Them,"Murray, Gilbert (1957)"
40060,The Christian Faith Under Modern Searchlights,"Johnson, William Hallock (1963)"
40073,A Lively Bit of the Front: A Tale of the New Zealand Rifles on the Western Front,"Westerman, Percy F. (Percy Francis) (1959)"
40105,"Baseball Joe at Yale; or, Pitching for the College Championship","Chadwick, Lester (1962)"
40108,Tales of Secret Egypt,"Rohmer, Sax (1959)"
40157,Breeding minks in Louisiana for their fur: A profitable industry,"Elfer, William André (1972)"
40200,Exultations,"Pound, Ezra (1972)"
40245,When the Owl Cries,"Bartlett, Paul Alexander (1990)"
40264,Regiment of Women,"Dane, Clemence (1965)"
72522,Nightmare tower,"Merwin, Sam, Jr. (1996)"
40284,The Sex Life of the Gods,"Knerr, M. E. (Michael E.) (1999)"
40292,Paris Vistas,"Gibbons, Helen Davenport (1960)"
40305,Problems of the Pacific,"Fox, Frank (1960)"
40318,The book of cheese,"Thom, Charles (1956)"
40336,The Agrarian Problem in the Sixteenth Century,"Tawney, R. H. (Richard Henry) (1962)"
40337,Connie Morgan in Alaska,"Hendryx, James B. (James Beardsley) (1963)"
40350,Government in Republican China,"Linebarger, Paul Myron Anthony (1966)"
40357,Four Months Afoot in Spain,"Franck, Harry Alverson (1962)"
40360,Guide to Yosemite A handbook of the trails and roads of Yosemite valley and the adjacent region,"Hall, Ansel F. (Ansel Franklin) (1962)"
40369,The Silent Readers: Sixth Reader,"Lewis, William Dodge (1960)"
40375,The London Venture,"Arlen, Michael (1956)"
40380,The School System of Norway,"Anderson, David Allen (1958)"
40393,The Letters of a Post-Impressionist Being the Familiar Correspondence of Vincent Van Gogh,"Ludovici, Anthony M. (Anthony Mario) (1971)"
40447,Pond and Stream,"Ransome, Arthur (1967)"
40448,The Child's Book of the Seasons,"Ransome, Arthur (1967)"
40467,Indian and Scout: A Tale of the Gold Rush to California,"Brereton, F. S. (Frederick Sadleir) (1957)"
40476,Children of the Dawn : Old Tales of Greece,"Buckley, E. F. (Elsie Finnimore) (1959)"
40482,The Meaning of Faith,"Fosdick, Harry Emerson (1969)"
40484,Black Star's Campaign: A Detective Story,"McCulley, Johnston (1958)"
40501,The Blower of Bubbles,"Baxter, Beverley (1964)"
40507,The challenge of the dead,"Graham, Stephen (1975)"
40511,Commander Lawless V.C.,"Bennett, Rolf (1971)"
40563,Captain Calamity,"Bennett, Rolf (1971)"
40607,Excuse Me!,"Hughes, Rupert (1956)"
40647,Little Greta of Denmark,"Bailey, Bernadine (1995)"
40666,Missing at Marshlands Arden Blake Mystery Series #3,"Garis, Cleo F. (1998)"
40667,The Mystery of Jockey Hollow Arden Blake Mystery Series #2,"Garis, Cleo F. (1998)"
40668,A Quarter-Back's Pluck: A Story of College Football,"Chadwick, Lester (1962)"
40717,"The Story of a Round-House, and Other Poems","Masefield, John (1967)"
40718,Atlantic Narratives: Modern Short Stories; Second Series,"Ashe, Elizabeth (1974)"
40721,Dan Carter and the Cub Honor,"Wirt, Mildred A. (Mildred Augustine) (2002)"
40722,Dan Carter and the Great Carved Face,"Wirt, Mildred A. (Mildred Augustine) (2002)"
40725,The Orchard Secret Arden Blake Mystery Series #1,"Garis, Cleo F. (1998)"
40726,Through Welsh Doorways,"Marks, Jeannette Augustus (1964)"
40802,The Behavior of the Honey Bee in Pollen Collecting,"Casteel, Dana Brackenridge (1958)"
40823,Ghostly Phenomena,"O'Donnell, Elliott (1965)"
40852,Instigations Together with An Essay on the Chinese Written Character,"Pound, Ezra (1972)"
40853,The Viking Blood: A Story of Seafaring,"Wallace, Frederick William (1958)"
40865,Paris and the Social Revolution A Study of the Revolutionary Elements in the Various Classes of Parisian Society,"Sanborn, Alvan F. (Alvan Francis) (1966)"
40866,The Rival Submarines,"Westerman, Percy F. (Percy Francis) (1959)"
40875,Adventurings in the Psychical,"Bruce, H. Addington (Henry Addington) (1959)"
40879,The Affair at the Inn,"Findlater, Mary (1963)"
40887,On the Trail of the Immigrant,"Steiner, Edward Alfred (1956)"
40889,Tyrol and Its People,"Holland, Clive (1959)"
40921,Grim: The Story of a Pike,"Fleuron, Svend (1966)"
40929,The Transformation of Early Christianity from an Eschatological to a Socialized Movement A Dissertation Submitted to the Faculty of the Graduate School of Arts and Literature in Candidacy for the Degree of Doctor of Philosophy,"Edwards, Lyford P. (Lyford Paterson) (1984)"
40953,A Traveler in Time,"Derleth, August (1971)"
40954,Potential Enemy,"Reynolds, Mack (1983)"
40961,Luna Escapade,"Fyfe, H. B. (Horace Bowne) (1997)"
40964,Tony and the Beetles,"Dick, Philip K. (1982)"
40965,Time and the Woman,"Dewey, G. Gordon (George Gordon) (1975)"
40968,Desire No More,"Budrys, Algis (2008)"
40969,The Mating of the Moons,"Walton, Bryce (1988)"
40970,Exploiter's End,"Causey, James (2003)"
40992,The Martian,"Glasser, Allen (1971)"
40993,Spacewrecked on Venus,"Jones, Neil R. (1988)"
41027,The Revolt of the Star Men,"Gallun, Raymond Z. (Raymond Zinke) (1994)"
41049,The Onslaught from Rigel,"Pratt, Fletcher (1956)"
41062,The Final Figure,"Merwin, Sam, Jr. (1996)"
41064,The Chapter Ends,"Anderson, Poul (2001)"
41068,Syndicalism in France,"Lorwin, Lewis L. (Lewis Levitzki) (1970)"
41084,The Metal Moon,"Starzl, Roman Frederick (1976)"
41107,The Second Fiddle,"Bottome, Phyllis (1963)"
41162,Personae,"Pound, Ezra (1972)"
41715,Dave Dawson with the R.A.F.,"Bowen, Robert Sidney (1977)"
41165,The Isles of Scilly,"Mothersole, Jessie (1958)"
41176,The Great Airship: A Tale of Adventure.,"Brereton, F. S. (Frederick Sadleir) (1957)"
41206,Batting to Win: A Story of College Baseball,"Chadwick, Lester (1962)"
41232,Hungry Hearts,"Yezierska, Anzia (1970)"
41716,The Pacific Triangle,"Greenbie, Sydney (1960)"
41259,Dan Carter and the Haunted Castle,"Wirt, Mildred A. (Mildred Augustine) (2002)"
41260,Dan Carter-- Cub Scout,"Wirt, Mildred A. (Mildred Augustine) (2002)"
41261,Dan Carter and the Money Box,"Wirt, Mildred A. (Mildred Augustine) (2002)"
41262,"Dan Carter, Cub Scout, and the River Camp","Wirt, Mildred A. (Mildred Augustine) (2002)"
41285,Why we should read--,"Mais, S. P. B. (Stuart Petre Brodie) (1975)"
41308,The Soul of a Nation,"Gibbs, Philip (1962)"
41311,Five Plays,"Dunsany, Lord (1957)"
41347,The Great Civil War in Lancashire (1642-1651),"Broxap, Ernest (1963)"
41348,Boys and Girls of Colonial Days,"Bailey, Carolyn Sherwin (1961)"
41356,Letty and the Twins,"Griffith, Helen Sherman (1961)"
41378,Coleridge,"Bensusan, S. L. (Samuel Levy) (1958)"
41404,Mostly Mary,Clementia (1957)
41405,The Accumulation of Capital,"Robinson, Joan (1983)"
41408,"Affinities, and Other Stories","Rinehart, Mary Roberts (1958)"
41410,"Dick Hamilton's Football Team; Or, A Young Millionaire On The Gridiron","Garis, Howard Roger (1962)"
41481,Astounding Stories of Super-Science January 1930,"Bates, Harry (1981)"
41425,Under the Star-Spangled Banner: A Tale of the Spanish-American War,"Brereton, F. S. (Frederick Sadleir) (1957)"
41466,The Daffodil Fields,"Masefield, John (1967)"
41467,The Everlasting Mercy,"Masefield, John (1967)"
41468,The Widow in the Bye Street,"Masefield, John (1967)"
41477,"Humphrey, Duke of Gloucester: A Biography","Vickers, Kenneth Hotham (1958)"
41487,Ian Hamilton's March,"Churchill, Winston (1965)"
41497,Reynolds,"Bensusan, S. L. (Samuel Levy) (1958)"
41518,The Battle of Sempach,"Walser, Robert (1956)"
41534,Langford of the Three Bars,"Bingham, Kate Boyles (1959)"
41541,Rubens,"Bensusan, S. L. (Samuel Levy) (1958)"
41562,The Hanging Stranger,"Dick, Philip K. (1982)"
41565,Consignment,"Nourse, Alan Edward (1992)"
41586,The Red Dust,"Leinster, Murray (1975)"
41619,The Haunting of Low Fennel,"Rohmer, Sax (1959)"
41622,"Futuria Fantasia, Summer 1939","Bradbury, Ray (2012)"
41624,"Futuria Fantasia, Fall 1939","Bradbury, Ray (2012)"
41627,"Futuria Fantasia, Winter 1940","Bradbury, Ray (2012)"
41630,The Story of Geronimo,"Kjelgaard, Jim (1959)"
41637,The Forgotten Planet,"Leinster, Murray (1975)"
41654,Introduction to Mathematical Philosophy,"Russell, Bertrand (1970)"
41662,The Spell of the White Sturgeon,"Kjelgaard, Jim (1959)"
41665,The Winning Touchdown: A Story of College Football,"Chadwick, Lester (1962)"
41671,Double Challenge,"Kjelgaard, Jim (1959)"
41690,Trading Jeff and His Dog,"Kjelgaard, Jim (1959)"
41700,Hi Jolly!,"Kjelgaard, Jim (1959)"
41712,Connie Morgan in the lumber camps,"Hendryx, James B. (James Beardsley) (1963)"
41718,Dave Dawson on the Russian Front,"Bowen, Robert Sidney (1977)"
41719,White Fire,"Snell, Roy J. (Roy Judson) (1959)"
41721,The Crimson Flash,"Snell, Roy J. (Roy Judson) (1959)"
41723,The Duck-footed Hound,"Kjelgaard, Jim (1959)"
41725,"Surgery, with special reference to podiatry","Lewi, Maurice J. (Maurice Joseph) (1957)"
41753,Dave Dawson at Truk,"Bowen, Robert Sidney (1977)"
41756,Against the Current: Simple Chapters from a Complex Life,"Steiner, Edward Alfred (1956)"
41757,Roger the Bold: A Tale of the Conquest of Mexico,"Brereton, F. S. (Frederick Sadleir) (1957)"
41758,Under the Chinese Dragon: A Tale of Mongolia,"Brereton, F. S. (Frederick Sadleir) (1957)"
41767,The Hero of Panama: A Tale of the Great Canal,"Brereton, F. S. (Frederick Sadleir) (1957)"
41772,The Silent Alarm,"Snell, Roy J. (Roy Judson) (1959)"
41774,"Pincher Martin, O.D.: A Story of the Inner Life of the Royal Navy","Dorling, H. Taprell (Henry Taprell) (1968)"
41779,The Human Boy and the War,"Phillpotts, Eden (1960)"
41791,The House by the River,"Herbert, A. P. (Alan Patrick) (1971)"
41797,The Story Book Girls,"Whyte, Christina Gowans (1961)"
41810,A Spanish Anthology A Collection of Lyrics from the Thirteenth Century Down to the Present Time,"Ford, J. D. M. (Jeremiah Denis Matthias) (1958)"
41837,The Secret Mark An Adventure Story for Girls,"Snell, Roy J. (Roy Judson) (1959)"
41847,"Baseball Joe in the Central League; or, Making Good as a Professional Pitcher","Chadwick, Lester (1962)"
41858,Smith College Stories Ten Stories by Josephine Dodge Daskam,"Bacon, Josephine Daskam (1961)"
41861,The Red Rugs of Tarsus: A Woman's Record of the Armenian Massacre of 1909,"Gibbons, Helen Davenport (1960)"
41898,Introducing the American Spirit,"Steiner, Edward Alfred (1956)"
41909,The Crimson Thread: An Adventure Story for Girls,"Snell, Roy J. (Roy Judson) (1959)"
41959,Philippine progress prior to 1898,"Benitez, Conrado O. (1971)"
41962,Law of the North (Originally published as Empery) A Story of Love and Battle in Rupert's Land,"White, Samuel Alexander (1956)"
41964,"Mark Tidd, Editor","Kelland, Clarence Budington (1964)"
42014,Meg of Mystery Mountain,"North, Grace May (1960)"
42016,The Purple Flame A Mystery Story for Girls,"Snell, Roy J. (Roy Judson) (1959)"
42034,Poems,"Draper, John William (1976)"
42040,The Cruise of the O Moo,"Snell, Roy J. (Roy Judson) (1959)"
42043,"Illogical Geology, the Weakest Point in the Evolution Theory","Price, George McCready (1963)"
42051,Akra the Slave,"Gibson, Wilfrid Wilson (1962)"
42052,"The Golden Helm, and Other Verse","Gibson, Wilfrid Wilson (1962)"
42058,English Narrative Poems,"Fuess, Claude Moore (1963)"
42105,"Faces in the Fire, and Other Fancies","Boreham, Frank (1959)"
42111,And Then the Town Took Off,"Wilson, Richard (1987)"
42130,For the Honor of Randall: A Story of College Athletics,"Chadwick, Lester (1962)"
42133,"Bobs, a Girl Detective","North, Grace May (1960)"
42135,The Unwilling Professor,"Porges, Arthur (2006)"
42137,The Magic Curtain A Mystery Story for Girls,"Snell, Roy J. (Roy Judson) (1959)"
42162,The Jumble Book: A Jumble of Good Things,"Cory, David (1966)"
42176,Long Will,"Converse, Florence (1967)"
42206,The Camp Fire Girls at the End of the Trail,"Vandercook, Margaret (1958)"
42221,The World of H.G. Wells,"Brooks, Van Wyck (1963)"
42225,The Ordeal of Mark Twain,"Brooks, Van Wyck (1963)"
42241,Commercial Law,"Williston, Samuel (1963)"
42248,"Your National Parks, with Detailed Information for Tourists","Schmeckebier, Laurence Frederick (1959)"
42250,Dave Dawson with the Commandos,"Bowen, Robert Sidney (1977)"
42287,The Girl from the Big Horn Country,"Chase, Mary Ellen (1973)"
42290,A Hundred and Seventy Chinese Poems,"Waley, Arthur (1966)"
42346,A Possible Solution of the Number Series on Pages 51 to 58 of the Dresden Codex,"Guthe, Carl E. (Carl Eugen) (1974)"
42351,The Cruise of a Schooner,"Harris, Albert W. (Albert Wadsworth) (1958)"
42363,Crimes of Charity,"Bercovici, Konrad (1961)"
42370,Round the Corner in Gay Street,"Richmond, Grace S. (Grace Smith) (1959)"
42374,To Kiel in the 'Hercules',"Freeman, Lewis R. (Lewis Ransome) (1960)"
42391,Our national forests,"Boerker, Richard H. D. (Richard Hans Douai) (1966)"
42395,The Circle: A Comedy in Three Acts,"Maugham, W. Somerset (William Somerset) (1965)"
42403,The Eight-Oared Victors: A Story of College Water Sports,"Chadwick, Lester (1962)"
42427,The Kingdom of Slender Swords,"Rives, Hallie Erminie (1956)"
42431,Lawrence,"Bensusan, S. L. (Samuel Levy) (1958)"
42441,The Coming of Cassidy—And the Others,"Mulford, Clarence Edward (1956)"
42446,Many Fronts,"Freeman, Lewis R. (Lewis Ransome) (1960)"
42449,My Wonderful Visit,"Chaplin, Charlie (1977)"
42467,"The College Freshman's Don't Book in the interests of freshmen at large, especially those whose remaining at large uninstructed & unguided appears a worry and a menace to college & university society these remarks and hints are set forth by G. F. E. (A. B.) a sympathizer","Evans, George Fullerton (1963)"
42520,A Marriage Under the Terror,"Wentworth, Patricia (1961)"
42528,Tintoretto,"Bensusan, S. L. (Samuel Levy) (1958)"
42531,The Honey-Pot,"Barcynska, Countess (Hélène) (1964)"
42533,Narcissus,"Scott, Evelyn (1963)"
42534,The Narrow House,"Scott, Evelyn (1963)"
42537,"The Avifauna of Micronesia, Its Origin, Evolution, and Distribution","Baker, Rollin H. (Rollin Harold) (2007)"
42560,"Memoirs of the Dukes of Urbino, Volume 1 (of 3) Illustrating the Arms, Arts, and Literature of Italy, from 1440 To 1630.","Hutton, Edward (1969)"
42574,Uncle Wiggily in Wonderland,"Garis, Howard Roger (1962)"
42604,Stories of the Ships,"Freeman, Lewis R. (Lewis Ransome) (1960)"
42606,Mimicry in Butterflies,"Punnett, Reginald Crundall (1967)"
42641,Friends,"Gibson, Wilfrid Wilson (1962)"
42654,"The Topanga Culture: Final Report on Excavations, 1948","Treganza, Adan E. (Adan Eduardo) (1968)"
42671,Pride and Prejudice,"Chapman, R. W. (Robert William) (1960)"
42676,Natural History of the Racer Coluber constrictor,"Fitch, Henry S. (Henry Sheldon) (2009)"
42677,"Fires - Book 1: The Stone, and Other Tales","Gibson, Wilfrid Wilson (1962)"
42678,"Fires - Book 2: The Ovens, and Other Tales","Gibson, Wilfrid Wilson (1962)"
42679,"Fires - Book 3: The Hare, and Other Tales","Gibson, Wilfrid Wilson (1962)"
42688,The Red Lure,"Snell, Roy J. (Roy Judson) (1959)"
42689,The Young Cavalier: A Story of the Civil Wars,"Westerman, Percy F. (Percy Francis) (1959)"
42692,An Idyll of All Fools' Day,"Bacon, Josephine Daskam (1961)"
42710,Bizarre,"Mackall, Lawton (1968)"
42728,Forbidden Cargoes,"Snell, Roy J. (Roy Judson) (1959)"
42755,The Firebug,"Snell, Roy J. (Roy Judson) (1959)"
42771,Happy House,"Hutten zum Stolzenberg, Betsey Riddle, Freifrau von (1957)"
42772,It Pays to Smile,"Putnam, Nina Wilcox (1962)"
42796,The Box-Car Children,"Warner, Gertrude Chandler (1979)"
42800,"Buck Peters, ranchman","Mulford, Clarence Edward (1956)"
42817,Lord Randolph Churchill,"Churchill, Winston (1965)"
42840,Sisters,"North, Grace May (1960)"
42852,Les Phénomènes Psychiques Occultes: État Actuel de la Question,"Coste, Albert (1985)"
42862,King of Ranleigh: A School Story,"Brereton, F. S. (Frederick Sadleir) (1957)"
42874,In the grip of the Mullah: A tale of adventure in Somaliland,"Brereton, F. S. (Frederick Sadleir) (1957)"
42880,Philosophy and the Social Problem,"Durant, Will (1981)"
42901,Creatures of the Abyss,"Leinster, Murray (1975)"
42914,Gladiator,"Wylie, Philip (1971)"
42960,Rowlandson's Oxford,"Gibbs, A. Hamilton (Arthur Hamilton) (1964)"
42975,Mediæval Byways,"Salzman, L. F. (Louis Francis) (1971)"
42979,Pomo Bear Doctors,"Barrett, S. A. (Samuel Alfred) (1965)"
42987,Nightmare Planet,"Leinster, Murray (1975)"
43006,Space—Time—Matter,"Brose, Henry L. (Henry Leopold) (1965)"
43021,"Baseball Joe on the Giants; or, Making Good as a Ball Twirler in the Metropolis","Chadwick, Lester (1962)"
43025,Rainy Week,"Abbott, Eleanor Hallowell (1958)"
43026,Cox—The Man,"Babson, Roger Ward (1967)"
43035,My African Journey,"Churchill, Winston (1965)"
43041,Double or Nothing,"Sharkey, Jack (1992)"
43046,Planet of Dread,"Leinster, Murray (1975)"
43048,The Piebald Hippogriff,"Anderson, Karen (2018)"
43051,Up the Mazaruni for Diamonds,"La Varre, William (1991)"
43063,A Case in Camera,"Onions, Oliver (1961)"
43064,The Criminal Imbecile: An Analysis of Three Remarkable Murder Cases,"Goddard, Henry Herbert (1957)"
43081,On the Road to Bagdad: A Story of Townshend's Gallant Advance on the Tigris,"Brereton, F. S. (Frederick Sadleir) (1957)"
43095,Dust of New York,"Bercovici, Konrad (1961)"
43100,"""Tex""","Mulford, Clarence Edward (1956)"
43102,The Rope of Gold A Mystery Story for Boys,"Snell, Roy J. (Roy Judson) (1959)"
43103,"""The System,"" As Uncovered by the San Francisco Graft Prosecution","Hichborn, Franklin (1963)"
43177,The Protection of Fresh-Water Mussels,"Coker, R. E. (Robert Ervin) (1967)"
43186,Walking Shadows: Sea Tales and Others,"Noyes, Alfred (1958)"
43211,English Economic History: Select Documents,"Tawney, R. H. (Richard Henry) (1962)"
43230,Johnny Longbow,"Snell, Roy J. (Roy Judson) (1959)"
43235,First on the Moon,"Sutton, Jeff (1979)"
43246,The Motor Routes of England: Western Section,"Home, Gordon (1969)"
43256,Witches Cove A Mystery Story for Girls,"Snell, Roy J. (Roy Judson) (1959)"
43263,The Arrow of Fire A Mystery Story for Boys,"Snell, Roy J. (Roy Judson) (1959)"
43272,American Weasels,"Hall, E. Raymond (Eugene Raymond) (1986)"
43273,"Zen Buddhism, and Its Relation to Art","Waley, Arthur (1966)"
43274,"The Poet Li Po, A.D. 701-762","Waley, Arthur (1966)"
43284,"Wilderness, A Journal of Quiet Adventure in Alaska","Kent, Rockwell (1971)"
43293,The Secret Cache: An Adventure and Mystery Story for Boys,"Brill, Ethel C. (Ethel Claire) (1962)"
43297,The Natural History of Clay,"Searle, Alfred B. (Alfred Broadhead) (1967)"
43299,Square Pegs: A Rhymed Fantasy For Two Girls,"Bax, Clifford (1962)"
43304,The Nō Plays of Japan,"Waley, Arthur (1966)"
43327,"Rodin: The Man and His Art, with Leaves from His Note-book","Cladel, Judith (1958)"
43362,Riddle of the Storm A Mystery Story for Boys,"Snell, Roy J. (Roy Judson) (1959)"
43364,How Canada Was Won: A Tale of Wolfe and Quebec,"Brereton, F. S. (Frederick Sadleir) (1957)"
43376,The American Language A Preliminary Inquiry into the Development of English in the United States,"Mencken, H. L. (Henry Louis) (1956)"
43394,Through Glacier Park: Seeing America First with Howard Eaton,"Rinehart, Mary Roberts (1958)"
43410,Holbein,"Bensusan, S. L. (Samuel Levy) (1958)"
43414,Rilla of the Lighthouse,"North, Grace May (1960)"
43422,A Syllabus of Hispanic-American History,"Pierson, William Whatley, Jr. (1966)"
43455,"Baseball Joe in the World Series; or, Pitching for the Championship","Chadwick, Lester (1962)"
43482,A Book of Bryn Mawr Stories,"Morris, Margaretta (1956)"
43522,The Kaiser's Memoirs,"Ybarra, T. R. (Thomas Russell) (1971)"
43542,Beginners Luck,"Hahn, Emily (1997)"
43565,Thomas Hardy's Dorset,"Hopkins, R. Thurston (Robert Thurston) (1958)"
43569,Bobby in Search of a Birthday,"Mitchell, Lebbeus (1963)"
43572,A Commentary to Kant's 'Critique of Pure Reason',"Smith, Norman Kemp (1958)"
43596,The Adventures of Sammy Jay,"Burgess, Thornton W. (Thornton Waldo) (1965)"
43598,The Fruits of Victory A Sequel to The Great Illusion,"Angell, Norman (1967)"
43638,Our Little Swedish Cousin,"Coburn, Claire Martha (1963)"
43644,"G. H. Q. (Montreuil-Sur-Mer) by ""G.S.O.""","Fox, Frank (1960)"
43677,"Whispers at Dawn; Or, The Eye","Snell, Roy J. (Roy Judson) (1959)"
43719,Life's Basis and Life's Ideal: The Fundamentals of a New Philosophy of Life,"Widgery, Alban G. (Alban Gregory) (1968)"
43737,"A Middle English Vocabulary, Designed for use with Sisam's Fourteenth Century Verse & Prose","Tolkien, J. R. R. (John Ronald Reuel) (1973)"
43757,"Seductio Ad Absurdum The Principles & Practices of Seduction, A Beginner's Handbook","Hahn, Emily (1997)"
43773,Shifting Sands,"Bassett, Sara Ware (1968)"
43824,"In the Track of the Trades The Account of a Fourteen Thousand Mile Yachting Cruise to the Hawaiis, Marquesas, Societies, Samoas and Fijis","Freeman, Lewis R. (Lewis Ransome) (1960)"
43837,The Man Who Was Good,"Prothero, John K. (John Keith) (1962)"
43853,The Galloping Ghost A Mystery Story for Boys,"Snell, Roy J. (Roy Judson) (1959)"
43876,California Athabascan Groups,"Baumhoff, Martin A. (1983)"
43904,Mystery Wings A Mystery Story for Boys,"Snell, Roy J. (Roy Judson) (1959)"
43905,South from Hudson Bay: An Adventure and Mystery Story for Boys,"Brill, Ethel C. (Ethel Claire) (1962)"
43909,Sometub's cruise on the C. & O. canal,"Cowan, John Pryor (1960)"
43912,Practical Italian recipes for American kitchens,"Cuniberti, Julia Lovejoy (1987)"
43922,Original Photographs Taken on the Battlefields during the Civil War of the United States,"Miller, Francis Trevelyan (1959)"
43940,"Baseball Joe, Home Run King; or, The Greatest Pitcher and Batter on Record","Chadwick, Lester (1962)"
43952,The Lonely Unicorn: A Novel,"Waugh, Alec (1981)"
43976,Ancient Plants Being a Simple Account of the past Vegetation of the Earth and of the Recent Important Discoveries Made in This Realm of Nature,"Stopes, Marie Carmichael (1958)"
43988,Titian,"Bensusan, S. L. (Samuel Levy) (1958)"
43998,The Airedale,"Haynes, Williams (1970)"
44025,"August Strindberg, the Spirit of Revolt: Studies and Impressions","Lind-af-Hageby, L. (Lizzy) (1963)"
44034,Juliette Drouet's Love-Letters to Victor Hugo Edited with a Biography of Juliette Drouet,"Guimbaud, Louis (1957)"
44055,With Wellington in Spain: A Story of the Peninsula,"Brereton, F. S. (Frederick Sadleir) (1957)"
44062,The Crystal Ball A Mystery Story for Girls,"Snell, Roy J. (Roy Judson) (1959)"
44063,The Making of Species,"Dewar, Douglas (1957)"
44079,Sudden Jim,"Kelland, Clarence Budington (1964)"
44092,Plays of Old Japan: The 'No',"Stopes, Marie Carmichael (1958)"
44102,School Credit for Home Work,"Alderman, L. R. (Lewis Raymond) (1965)"
44111,Red Dynamite A Mystery Story for Boys,"Snell, Roy J. (Roy Judson) (1959)"
44165,Soldier Rigdale: How He Sailed in the Mayflower and How He Served Miles Standish,"Dix, Beulah Marie (1970)"
44227,The Flying Reporter,"Theiss, Lewis E. (Lewis Edwin) (1963)"
44235,"Memoirs of the Dukes of Urbino, Volume 2 (of 3) Illustrating the Arms, Arts, and Literature of Italy, from 1440 To 1630.","Hutton, Edward (1969)"
44237,A family of noblemen,"Yarmolinsky, Avrahm (1975)"
44294,The phantom violin,"Snell, Roy J. (Roy Judson) (1959)"
44299,Hour of Enchantment A Mystery Story for Girls,"Snell, Roy J. (Roy Judson) (1959)"
44324,The Flying Death,"Adams, Samuel Hopkins (1958)"
44325,The Great American Fraud The Patent Medicine Evil,"Adams, Samuel Hopkins (1958)"
44326,Wanted: A Husband. A Novel,"Adams, Samuel Hopkins (1958)"
44327,The Beggar's Purse: A Fairy Tale of Familiar Finance,"Adams, Samuel Hopkins (1958)"
44328,Our Square and the People in It,"Adams, Samuel Hopkins (1958)"
44331,Prehistoric man,"Duckworth, W. L. H. (Wynfrid Laurence Henry) (1956)"
44346,Lendemains de Guerre des Flandres à la Meuse,"Gobillot, René (1978)"
44351,"Agent Nine Solves His First Case: A Story of the Daring Exploits of the ""G"" Men","Dean, Graham M. (1974)"
44352,The Shadow Passes A Mystery Story for Boys,"Snell, Roy J. (Roy Judson) (1959)"
44353,A Ticket to Adventure A Mystery Story for Girls,"Snell, Roy J. (Roy Judson) (1959)"
44384,A Virgin Heart: A Novel,"Huxley, Aldous (1963)"
44390,La Comtesse Mathieu de Noailles,"Gillouin, René (1971)"
44397,Haunted Places in England,"O'Donnell, Elliott (1965)"
44419,The Arch-Satirist,"Williams, Frances Fenwick (1957)"
44459,Lee and Longstreet at High Tide: Gettysburg in the Light of the Official Records,"Longstreet, Helen Dortch (1962)"
44475,A Journal from Japan: A Daily Record of Life as Seen by a Scientist,"Stopes, Marie Carmichael (1958)"
44484,With the Dyaks of Borneo: A Tale of the Head Hunters,"Brereton, F. S. (Frederick Sadleir) (1957)"
44487,Captured at Tripoli: A Tale of Adventure,"Westerman, Percy F. (Percy Francis) (1959)"
44496,Spiders,"Warburton, Cecil (1958)"
44501,Toy Craft,"Baxter, Leon H. (Leon Harold) (1972)"
44511,"With a Reservist in France A Personal Account of All the Engagements in Which the 1st Division 1st Corps Took Part, viz.: Mons (Including the Retirement), the Marne, the Aisne, First Battle of Ypres, Neuve Chapelle, Festubert, and Loos","Bolwell, F. A. (1971)"
74358,Aircraft,"David, Evan John (1961)"
44606,Wood Engraving,"Beedham, R. J. (1975)"
44623,The Golf Courses of the British Isles,"Darwin, Bernard (1961)"
44625,True Ghost Stories,"Carrington, Hereward (1959)"
44632,Hell's Hatches,"Freeman, Lewis R. (Lewis Ransome) (1960)"
44637,Brother Billy,"Fox, Frances Margaret (1959)"
44678,The Penitente Moradas of Abiquiú,"Ahlborn, Richard E. (2015)"
44679,Siam: Land of Free Men,"Deignan, H. G. (Herbert Girton) (1968)"
44693,The Adventure Girls at K Bar O,"Blank, Clair (1965)"
44705,"Mammals Collected by Dr. W. L. Abbott on the Natuna Islands Proceedings of the Washington Academy of Sciences, Vol. III, pp. 111-138","Miller, Gerrit S. (Gerrit Smith) (1956)"
44716,"Baseball Joe, Captain of the Team; or, Bitter Struggles on the Diamond","Chadwick, Lester (1962)"
44717,"Forward, Children!","Bartlett, Paul Alexander (1990)"
44786,"Agent Nine and the Jewel Mystery: A Story of Thrilling Exploits of the ""G"" Men","Dean, Graham M. (1974)"
44813,Sally Scott of the WAVES,"Snell, Roy J. (Roy Judson) (1959)"
44824,Sign of the Green Arrow A Mystery Story,"Snell, Roy J. (Roy Judson) (1959)"
44829,Rada: A Belgian Christmas Eve,"Noyes, Alfred (1958)"
44873,Third Warning A Mystery Story for Girls,"Snell, Roy J. (Roy Judson) (1959)"
44917,Delusion and Dream : an Interpretation in the Light of Psychoanalysis of Gradiva,"Downey, Helen M. (1974)"
44923,Slim Evans and His Horse Lightning,"Dean, Graham M. (1974)"
44932,Free Thought and Official Propaganda,"Russell, Bertrand (1970)"
44982,Lady Lilith,"McKenna, Stephen (1967)"
44998,"The Gentleman from San Francisco, and Other Stories","Woolf, Leonard (1969)"
45029,"On the Yukon Trail Radio-Phone Boys Series, #2","Snell, Roy J. (Roy Judson) (1959)"
45032,The Principal Species of Wood: Their Characteristic Properties First Edition,"Snow, Charles H. (Charles Henry) (1957)"
45051,"William Clayton's Journal A Daily Record of the Journey of the Original Company of ""Mormon"" Pioneers from Nauvoo, Illinois, to the Valley of the Great Salt Lake","Young, Levi Edgar (1963)"
45054,"Essentials in Church History A History of the Church from the Birth of Joseph Smith to the Present Time (1922), with Introductory Chapters on the Antiquity of the Gospel and the ""Falling Away""","Smith, Joseph Fielding (1972)"
45103,In the Heart of the Christmas Pines,"Dalrymple, Leona (1968)"
45112,Astronomy for Young Folks,"Lewis, Isabel Martin (1966)"
45114,The Children's Book of Thanksgiving Stories,"Dickinson, Asa Don (1960)"
45125,The Story of Slavery,"Scott, Emmett J. (Emmett Jay) (1957)"
45135,"The Thick of the Fray at Zeebrugge, April 1918","Westerman, Percy F. (Percy Francis) (1959)"
45155,The Overall Boys in Switzerland,"Grover, Eulalie Osgood (1958)"
45158,The Persian Mystics: Jámí,"Davis, F. Hadland (Frederick Hadland) (1956)"
45159,The Persian Mystics: Jalálu'd-dín Rúmí,"Davis, F. Hadland (Frederick Hadland) (1956)"
45199,The War Poems of Siegfried Sassoon,"Sassoon, Siegfried (1967)"
45204,"The Putumayo, the Devil's Paradise Travels in the Peruvian Amazon Region and an Account of the Atrocities Committed upon the Indians Therein","Enock, C. Reginald (Charles Reginald) (1970)"
45236,The Camp Fire Girls in Glorious France,"Vandercook, Margaret (1958)"
45253,"The Curlytops at Sunset Beach; Or, What Was Found in the Sand","Garis, Howard Roger (1962)"
45272,Nine O'Clock Talks,"Kellogg, Frederic B. (1958)"
45308,The Adventure Girls in the Air,"Blank, Clair (1965)"
45343,The Adventure Girls at Happiness House,"Blank, Clair (1965)"
45351,"A Maid and a Million Men the candid confessions of Leona Canwick, censored indiscreetly by James G. Dunton","Dunton, James G. (James Gerald) (2001)"
45368,The Outline of History: Being a Plain History of Life and Mankind,"Barker, Ernest, Sir (1960)"
45396,From the Cape to Cairo: The First Traverse of Africa from South to North,"Grogan, Ewart Scott (1967)"
45422,The quest of the historical Jesus,"Schweitzer, Albert (1965)"
45425,Guilds in the Middle Ages,"Cole, G. D. H. (George Douglas Howard) (1959)"
45442,"A Camera Actress in the Wilds of Togoland The adventures, observations & experiences of a cinematograph actress in West African forests whilst collecting films depicting native life and when posing as the white woman in Anglo-African cinematograph dramas","Gehrts, Meg (1966)"
45452,Connie Carl at Rainbow Ranch,"Clark, Joan (2002)"
45462,The Wonder of War on Land,"Rolt-Wheeler, Francis (1960)"
45470,"The Love Poems (From Les Heures claires, Les Heures d'après-midi, Les Heures du Soir)","Flint, F. S. (Frank Stewart) (1960)"
45485,The Sky Trail,"Dean, Graham M. (1974)"
45491,Daring Wings,"Dean, Graham M. (1974)"
45511,Red Caps and Lilies,"Adams, Katharine (1969)"
74598,A marrying man,"Stern, G. B. (Gladys Bronwyn) (1973)"
45539,The Compleat Bachelor,"Onions, Oliver (1961)"
45542,Eighteen months in the war zone,"Finzi, Kate John (1958)"
45557,Green Eyes,"Snell, Roy J. (Roy Judson) (1959)"
45563,Deeds of a great railway,"Darroch, G. R. S. (George Richard Sutton) (1959)"
45625,"The Story of the Munsters at Etreux, Festubert, Rue du Bois and Hulloch","Rickard, Jessie Louisa Moore (1963)"
45643,Poems,"Tree, Iris (1968)"
45657,The Camp Fire Girls Amid the Snows,"Vandercook, Margaret (1958)"
45663,Nan of the Gypsies,"North, Grace May (1960)"
45682,Gray youth: The story of a very modern courtship and a very modern marriage,"Onions, Oliver (1961)"
45683,The Wonder-Child: An Australian Story,"Turner, Ethel (1958)"
45711,Radiant Motherhood: A Book for Those Who are Creating the Future,"Stopes, Marie Carmichael (1958)"
45723,Myths & Legends of Japan,"Davis, F. Hadland (Frederick Hadland) (1956)"
45745,The Heart of the Wild: Nature Studies from Near and Far,"Bensusan, S. L. (Samuel Levy) (1958)"
45746,Learning to Be a Schoolmaster,"Cole, Thomas R. (Thomas Raymond) (1970)"
45758,The I. W. W.: A Study of American Syndicalism,"Brissenden, Paul F. (Paul Frederick) (1974)"
45810,Over Periscope Pond,"Root, Esther Sayles (1981)"
45825,The Aeroplane,"Grahame-White, Claude (1959)"
45842,The erratic flame,"De Teresa, Ysabel (1978)"
45857,Two banks of the Seine (Les Deux Rives),"Raffalovich, George (1958)"
45860,The 116th Battalion in France,"Allen, E. P. S. (Evelyn Prestwood Seymour) (1972)"
45866,The Spider's Web,"Kauffman, Reginald Wright (1959)"
45869,The Story of Doctor Johnson; Being an Introduction to Boswell's Life,"Roberts, S. C. (Sydney Castle) (1966)"
45878,"The ""Ayesha,"" being the adventures of the landing squad of the ""Emden""","Mücke, Hellmuth von (1957)"
45931,"Wounded and a Prisoner of War, by an Exchanged Officer","Hay, Malcolm V. (Malcolm Vivian) (1962)"
45957,"Garden Pests in New Zealand A Popular Manual for Practical Gardeners, Farmers and Schools","Miller, David (1973)"
45978,The grapes of New York,"Dorsey, Maxwell Jay (1966)"
46017,Indian Birds: Being a Key to the Common Birds of the Plains of India,"Dewar, Douglas (1957)"
46024,Origin Myths among the Mountain Peoples of the Philippines,"Beyer, H. Otley (Henry Otley) (1966)"
46046,Sonia: Between Two Worlds,"McKenna, Stephen (1967)"
46048,The Turned-About Girls,"Dix, Beulah Marie (1970)"
46049,Twos and Threes,"Stern, G. B. (Gladys Bronwyn) (1973)"
46067,How To Ski and How Not To,"Caulfeild, Vivian (1958)"
46096,Sonia Married,"McKenna, Stephen (1967)"
46102,An American Girl in Munich: Impressions of a Music Student,"Daniels, Mabel W. (Mabel Wheeler) (1971)"
46104,The Girl in Industry,"Collier, Dorothy Josephine (1972)"
46114,"Canada in Flanders, Volume I","Beaverbrook, Max Aitken, Baron (1964)"
46115,"Canada in Flanders, Volume II","Beaverbrook, Max Aitken, Baron (1964)"
46116,"Canada in Flanders, Volume III","Beaverbrook, Max Aitken, Baron (1964)"
46117,The Dreadnought of the Air,"Westerman, Percy F. (Percy Francis) (1959)"
46118,The Religion of Ancient Scandinavia,"Craigie, William A. (William Alexander), Sir (1957)"
46121,"Henry Ford's Own Story How a Farmer Boy Rose to the Power that goes with Many Millions, Yet Never Lost Touch with Humanity","Lane, Rose Wilder (1968)"
46139,The Autobiography of a Clown,"Marcosson, Isaac Frederick (1961)"
46150,Famous days in the century of invention,"Stone, Gertrude L. (Gertrude Lincoln) (1960)"
46155,The Fantastic Clan: The Cactus Family,"Thornber, J. J. (John James) (1962)"
46189,While I Remember,"McKenna, Stephen (1967)"
46195,An Accidental Honeymoon,"Barron, Edward (1962)"
46198,"Conquest; Or, A Piece of Jade; a New Play in Three Acts","Stopes, Marie Carmichael (1958)"
46200,Plowing On Sunday,"North, Sterling (1974)"
46217,The Romantic Lady,"Arlen, Michael (1956)"
46235,The Passing of the Turkish Empire in Europe,"Baker, B. Granville (Bernard Granville) (1957)"
46240,"Chains: A Play, in Four Acts","Baker, Elizabeth (1962)"
46249,"A History of the Cambridge University Press, 1521-1921","Roberts, S. C. (Sydney Castle) (1966)"
46252,The Highflyers,"Kelland, Clarence Budington (1964)"
46264,Songs from the Smoke,"Miller, Madeleine S. (Madeleine Sweeny) (1976)"
46269,Mark Tidd in Business,"Kelland, Clarence Budington (1964)"
46271,The Island of Yellow Sands: An Adventure and Mystery Story for Boys,"Brill, Ethel C. (Ethel Claire) (1962)"
46294,"The Immigrant Tide, Its Ebb and Flow","Steiner, Edward Alfred (1956)"
46313,Jones of the 64th: A Tale of the Battles of Assaye and Laswaree,"Brereton, F. S. (Frederick Sadleir) (1957)"
46318,Jungle Folk: Indian Natural History Sketches,"Dewar, Douglas (1957)"
46323,The Soul of the Soldier: Sketches from the Western Battle-Front,"Tiplady, Thomas (1967)"
46333,The social contract & discourses,"Cole, G. D. H. (George Douglas Howard) (1959)"
46336,Seven Mohave Myths,"Kroeber, A. L. (Alfred Louis) (1960)"
46353,The Walls of Constantinople,"Baker, B. Granville (Bernard Granville) (1957)"
46366,"Down the Ice, and Other Winter Sports Stories","Sherman, Harold M. (Harold Morrow) (1987)"
46389,The Sayings of Confucius A New Translation of the Greater Part of the Confucian Analects,"Giles, Lionel (1958)"
46394,Birds of the Plains,"Dewar, Douglas (1957)"
46404,Mimi at Sheridan School,"Davis, Anne Pence (1982)"
46405,Basil Everman,"Singmaster, Elsie (1958)"
46409,Heidi,"Abbott, Mabel (1973)"
46414,A History of Bibliographies of Bibliographies,"Taylor, Archer (1973)"
46423,A Contribution to the Critique of Political Economy,"Stone, N. I. (Nahum Isaac) (1966)"
46425,Glimpses of Indian Birds,"Dewar, Douglas (1957)"
46428,The Natural Philosophy of Love,"Pound, Ezra (1972)"
46458,Laughing Last,"Abbott, Jane (1968)"
46567,The flying spy,"De Carlo, Camillo (1968)"
46572,"Studies in the History and Method of Science, vol. 1 (of 2)","Singer, Charles (1960)"
46647,True Tales of the Weird: a record of personal experiences of the supernatural,"Tubby, Gertrude Ogden (1967)"
46681,A History of Norwegian Immigration to the United States From the Earliest Beginning down to the Year 1848,"Flom, George T. (George Tobias) (1960)"
46688,The Treasure Hunt of the S-18,"Dean, Graham M. (1974)"
46689,Burgundy: The Splendid Duchy. Stories and Sketches in South Burgundy,"Allen, Percy (1959)"
46691,Biography for Beginners Being a Collection of Miscellaneous Examples for the Use of Upper Forms,"Bentley, E. C. (Edmund Clerihew) (1956)"
46722,"Giovanni Boccaccio, a Biographical Study","Hutton, Edward (1969)"
46730,"Naval Occasions, and Some Traits of the Sailor-man",Bartimeus (1967)
46731,Some Notes on Shipbuilding and Shipping in Colonial Virginia,"Evans, Cerinda W. (1973)"
46732,The Story of Perugia,"Gordon, Lina Duff (1964)"
46766,A Night in the Luxembourg,"Ransome, Arthur (1967)"
46770,"'Neath Verdun, August-October, 1914","Genevoix, Maurice (1980)"
46789,Rubber,"Browne, Edith A. (1963)"
46814,Gypsy Flight A Mystery Story for Girls,"Snell, Roy J. (Roy Judson) (1959)"
75347,Sun Dog loot,"Tuttle, W. C. (Wilbur C.) (1969)"
46851,The preservation of antiquities,"Auden, George A. (George Augustus) (1957)"
46852,The Hills of Desire,"Maher, Richard Aumerle (1959)"
46857,Sons of the Morning,"Phillpotts, Eden (1960)"
46866,The Adventures of Peter Cottontail,"Burgess, Thornton W. (Thornton Waldo) (1965)"
46871,"Dixie Martin, the Girl of Woodford's Cañon","North, Grace May (1960)"
46889,"Herbals, Their Origin and Evolution: A Chapter in the History of Botany 1470-1670","Arber, Agnes Robertson (1960)"
46925,"The City of Auckland, New Zealand, 1840-1920","Barr, John (1971)"
46926,The Virgin in Judgment,"Phillpotts, Eden (1960)"
46946,"Aztec Ruins National Monument, New Mexico","Corbett, John M. (John Maxwell) (1975)"
46950,The Adventures of Bob White,"Burgess, Thornton W. (Thornton Waldo) (1965)"
46951,The Adventures of Bobby Coon,"Burgess, Thornton W. (Thornton Waldo) (1965)"
46952,The Adventures of Old Man Coyote,"Burgess, Thornton W. (Thornton Waldo) (1965)"
46969,"The Geologic Setting of the John Day Country: Grant County, Oregon","Thayer, Thomas P. (2004)"
46988,"Mother West Wind ""When"" Stories","Burgess, Thornton W. (Thornton Waldo) (1965)"
46992,Three Plays by Brieux With a Preface by Bernard Shaw,"Pollock, John (1963)"
47022,Essays on the Greek Romances,"Haight, Elizabeth Hazelton (1964)"
47055,"Gipsy-Night, and Other Poems","Hughes, Richard (1976)"
47130,"A voyage round the world in the years MDCCXL, I, II, III, IV","Masefield, John (1967)"
47139,Stories from Wagner,"McSpadden, J. Walker (Joseph Walker) (1960)"
47144,Over the Brazier,"Graves, Robert (1985)"
47167,"On the Quantum Theory of Line-Spectra, Part 1 and 2","Bohr, Niels (1962)"
47176,Drawn at a Venture: A Collection of Drawings,Fougasse (1965)
47177,The Sunbonnet Babies in Italy,"Grover, Eulalie Osgood (1958)"
47364,Rustic Speech and Folk-Lore,"Wright, Elizabeth Mary (1958)"
47198,The Human Boy Again,"Phillpotts, Eden (1960)"
47224,The Black Moose in Pennsylvania,"Shoemaker, Henry W. (Henry Wharton) (1958)"
47229,The Merry-go-round,"Maugham, W. Somerset (William Somerset) (1965)"
47246,A Deal with the Devil,"Phillpotts, Eden (1960)"
47248,"The Heroic Record of the British Navy: A Short History of the Naval War, 1914-1918","Hurd, Archibald (1959)"
47265,Pixies' Plot,"Phillpotts, Eden (1960)"
47288,The Queen's Daughters in India,"Andrew, Elizabeth W. (1960)"
47307,"Nancy Dale, Army Nurse","Radford, Ruby Lorraine (1971)"
47339,Flowers of mountain and plain,"Clements, Edith S. (Edith Schwartz) (1971)"
47361,Warwickshire: The Land of Shakespeare,"Holland, Clive (1959)"
47403,Children Above 180 IQ Stanford-Binet: Origin and Development,"Hollingworth, Harry L. (Harry Levi) (1956)"
47415,"Spanish America, Its Romance, Reality and Future, Vol. 1 (of 2)","Enock, C. Reginald (Charles Reginald) (1970)"
47446,Ceremonies of the Pomo Indians,"Barrett, S. A. (Samuel Alfred) (1965)"
47464,The Theory of Spectra and Atomic Constitution: Three Essays,"Bohr, Niels (1962)"
47470,Mrs. Craddock,"Maugham, W. Somerset (William Somerset) (1965)"
47474,Huts in Hell,"Poling, Daniel A. (Daniel Alfred) (1968)"
47476,Poems of American History,"Stevenson, Burton Egbert (1962)"
47501,Married Love: A New Contribution to the Solution of Sex Difficulties,"Stopes, Marie Carmichael (1958)"
47523,The Bishop's Apron: A study in the origins of a great family,"Maugham, W. Somerset (William Somerset) (1965)"
47548,Human Bullets: A Soldier's Story of Port Arthur,"Sakurai, Tadayoshi (1965)"
47559,The Prude's Progress: A Comedy in Three Acts,"Phillpotts, Eden (1960)"
47583,"The Curlytops at Silver Lake; Or, On the Water with Uncle Ben","Garis, Howard Roger (1962)"
47614,When Sarah Went to School,"Singmaster, Elsie (1958)"
47628,A Corner of Spain,"Wood, Walter (1961)"
47639,Hints on Wolf and Coyote Trapping,"Young, Stanley Paul (1969)"
47646,Joan of the Journal,"Olds, Helen Diehl (1981)"
47648,Geology: The Science of the Earth's Crust,"Miller, William J. (William John) (1965)"
47696,Barry Blake of the Flying Fortress,"Du Bois, Gaylord (1993)"
47712,Les civilisés: Roman,"Farrère, Claude (1957)"
47745,A Sub and a Submarine: The Story of H.M. Submarine R19 in the Great War,"Westerman, Percy F. (Percy Francis) (1959)"
47750,Wanderlust,"Reynolds, Robert Rice (1963)"
47775,"Kitty Carter, Canteen Girl","Radford, Ruby Lorraine (1971)"
47793,Sparky Ames of the Ferry Command,"Snell, Roy J. (Roy Judson) (1959)"
47803,"Coal and Candlelight, and Other Verses","Eden, Helen Parry (1960)"
47817,The Brand: A Tale of the Flathead Reservation,"Broderick, Therese (1958)"
47823,Jewellery,"Smith, H. Clifford (Harold Clifford) (1960)"
47824,The Pier-Glass,"Graves, Robert (1985)"
47841,The Haunted Fountain A Judy Bolton Mystery,"Sutton, Margaret (2001)"
47859,Petrarch's Letters to Classical Authors,"Cosenza, Mario Emilio (1966)"
47912,The Burning Wheel,"Huxley, Aldous (1963)"
47961,Natural Wonders,"Brewster, Edwin Tenney (1960)"
47971,Field Book of Western Wild Flowers,"Thornber, J. J. (John James) (1962)"
47982,Les petites alliées,"Farrère, Claude (1957)"
47989,The Yellow Phantom A Judy Bolton Mystery,"Sutton, Margaret (2001)"
48009,Under the Law,"Babcock, Edwina Stanton (1965)"
48039,From the North Foreland to Penzance,"Holland, Clive (1959)"
48044,Facts in Jingles,"Stoner, Winifred Sackville (1983)"
48050,Needlework Economies: A Book of Mending and Making with Oddments and Scraps,"Klickmann, Flora (1958)"
48053,The Haciendas of Mexico: An Artist's Record,"Bartlett, Paul Alexander (1990)"
77646,Oberland,"Richardson, Dorothy M. (Dorothy Miller) (1957)"
48095,"Back o' the Moon, and other stories","Onions, Oliver (1961)"
48107,In the Line of Battle: Soldiers' Stories of the War,"Wood, Walter (1961)"
48126,"Ancient Landscapes of the Grand Canyon Region The Geology of Grand Canyon, Zion, Bryce, Petrified Forest & Painted Desert","McKee, Edwin D. (Edwin Dinwiddie) (1984)"
48133,The Secret Victory,"McKenna, Stephen (1967)"
48144,The Mystery of the Iron Box A Ken Holt Mystery,"Campbell, Bruce (2000)"
48225,Collected Papers on Analytical Psychology,"Jung, C. G. (Carl Gustav) (1961)"
48226,Dick Donnelly of the Paratroops,"McClintock, Marshall (1967)"
48230,The Soul of John Brown,"Graham, Stephen (1975)"
48241,An American Religious Movement : A Brief History of the Disciples of Christ,"Garrison, Winfred Ernest (1969)"
48304,The Family at Misrule,"Turner, Ethel (1958)"
48355,Legends and Satires from Mediæval Literature,"Shackford, Martha Hale (1963)"
48360,Chimneys & Fireplaces They Contribute to the Health Comfort and Happiness of the Farm Family - How to Build Them,"Daniels, Ara Marcus (1965)"
48371,A Spring Harvest,"Tolkien, J. R. R. (John Ronald Reuel) (1973)"
48385,Sylvia Arden Decides,"Chalmers, Margaret Piper (1962)"
48427,"Supplement to Commerce Reports Daily Consular and Trade Reports: Turkey, Harput","Davis, Leslie A. (1960)"
48432,L'homme qui assassina: Roman,"Farrère, Claude (1957)"
48446,Karl Marx,"Paul, Cedar (1972)"
48452,"The Old House, and Other Tales","Cournos, John (1966)"
48501,Katy Gaumer,"Singmaster, Elsie (1958)"
48513,His Master's Voice,"Garrett, Randall (1987)"
48532,"The Last Days of Fort Vaux, March 9-June 7, 1916","Bordeaux, Henry (1963)"
48535,"Spanish America, Its Romance, Reality and Future, Vol. 2 (of 2)","Enock, C. Reginald (Charles Reginald) (1970)"
48549,March Anson and Scoot Bailey of the U.S. Navy,"McClintock, Marshall (1967)"
48588,English Industries of the Middle Ages Being an Introduction to the Industrial History of Medieval England,"Salzman, L. F. (Louis Francis) (1971)"
48599,Norma Kent of the WACS,"Snell, Roy J. (Roy Judson) (1959)"
48612,Psychological Warfare,"Linebarger, Paul Myron Anthony (1966)"
48613,Across the Andes,"Post, Charles Johnson (1956)"
48644,The Heart of the Red Firs: A Story of the Pacific Northwest,"Anderson, Ada Woodruff (1956)"
48663,"True Stories of the Great War, Volume 1 (of 6) Tales of Adventure--Heroic Deeds--Exploits Told by the Soldiers, Officers, Nurses, Diplomats, Eye Witnesses","Miller, Francis Trevelyan (1959)"
48673,Elementary Composition,"Fisher, Dorothy Canfield (1958)"
48688,"The Poems of John Donne, Volume 1 (of 2) Edited from the Old Editions and Numerous Manuscripts","Grierson, Herbert John Clifford, Sir (1960)"
48703,"John Porter Fort: A Memorial, and Personal Reminiscences","Fort, Martha Fannin (1968)"
48708,Den Hunting as a Means of Coyote Control,"Young, Stanley Paul (1969)"
48709,Information for the Guidance of Field Men and Cooperators of the Bureau of Biological Survey Engaged in the Control of Injurious Rodents and Predatory Animals,"Young, Stanley Paul (1969)"
48710,Hints on Bobcat Trapping,"Young, Stanley Paul (1969)"
48711,Hints on Mountain-Lion Trapping,"Young, Stanley Paul (1969)"
48714,Cape Gloucester: The Green Inferno,"Nalty, Bernard C. (2015)"
48716,The History of the 36th (Ulster) Division,"Falls, Cyril (1971)"
48749,Liliom,"Glazer, Benjamin F. (Benjamin Floyer) (1956)"
48772,"The Poems of John Donne, Volume 2 (of 2) Edited from the Old Editions and Numerous Manuscripts","Grierson, Herbert John Clifford, Sir (1960)"
48788,On a Chinese Screen,"Maugham, W. Somerset (William Somerset) (1965)"
48791,Project Gutenberg Newsletters 1999 Thirteen Letters: December 1998 to December 1999,"Hart, Michael (2011)"
48808,Top of the Ladder: Marine Operations in the Northern Solomons,"Chapin, John C. (John Carsten) (2008)"
48836,Across the Reef: The Marine Assault of Tarawa,"Alexander, Joseph H. (2014)"
48880,Rough Beast,"Aycock, Roger D. (2004)"
48898,Breaking the Outer Ring: Marine Landings in the Marshall Islands,"Chapin, John C. (John Carsten) (2008)"
48899,Breaching the Marianas: The Battle for Saipan,"Chapin, John C. (John Carsten) (2008)"
48906,Schools of to-morrow,"Dewey, Evelyn (1965)"
48912,The Little Demon,"Aldington, Richard (1962)"
48928,The Green God's Pavilion: A novel of the Philippines,"Martin, Mabel Wood (1956)"
48941,"True Stories of the Great War, Volume 2 (of 6) Tales of Adventure--Heroic Deeds--Exploits Told by the Soldiers, Officers, Nurses, Diplomats, Eye Witnesses","Miller, Francis Trevelyan (1959)"
48975,The Gland Stealers,"Gayton, Bertram (1969)"
48981,Dissection of the Platana and the Frog,"Bonde, Cecil von (1983)"
48990,Old-Dad,"Abbott, Eleanor Hallowell (1958)"
48991,Leyte: The Return to the Philippines,"Cannon, M. Hamlin (1978)"
49012,The postal power of Congress: A study in constitutional expansion,"Rogers, Lindsay (1970)"
49038,The Underground Railroad from Slavery to Freedom: A comprehensive history,"Siebert, Wilbur Henry (1961)"
49054,"Anatomy and Embalming A Treatise on the Science and Art of Embalming, the Latest and Most Successful Methods of Treatment and the General Anatomy Relating to this Subject","Dhonau, Charles Otto (1976)"
49056,Liberation: Marines in the Recapture of Guam,"O'Brien, Cyril J. (2011)"
49069,The Floors of the Ocean: 1. The North Atlantic Text to accompany the physiographic diagram of the North Atlantic,"Heezen, Bruce C. (1977)"
49070,Nuclear Clocks Revised,"Faul, Henry (1981)"
49080,Closing In: Marines in the Seizure of Iwo Jima,"Alexander, Joseph H. (2014)"
49098,Larkspur,"Abbott, Jane (1968)"
49099,"True Stories of the Great War, Volume 3 (of 6) Tales of Adventure--Heroic Deeds--Exploits Told by the Soldiers, Officers, Nurses, Diplomats, Eye Witnesses","Miller, Francis Trevelyan (1959)"
49119,The Final Campaign: Marines in the Victory on Okinawa,"Alexander, Joseph H. (2014)"
49125,Stories from Dickens,"McSpadden, J. Walker (Joseph Walker) (1960)"
49131,Wings over England,"Snell, Roy J. (Roy Judson) (1959)"
49153,Culture & Ethnology,"Lowie, Robert Harry (1957)"
49157,The Little Girl's Sewing Book,"Klickmann, Flora (1958)"
49165,Brightside Crossing,"Nourse, Alan Edward (1992)"
49174,Wagner and His Music-Dramas,"Bagar, Robert C. (1957)"
49188,Daisy Herself,"Ingersoll, Will E. (William Ernest) (1968)"
49205,Our Greatest Battle (The Meuse-Argonne),"Palmer, Frederick (1958)"
49211,Botany: The Science of Plant Life,"Taylor, Norman (1967)"
49257,The Báb: The Herald of the Day of Days,"Balyuzi, H. M. (1980)"
49267,A Watch-dog of the North Sea: A Naval Story of the Great War,"Westerman, Percy F. (Percy Francis) (1959)"
49278,The Soldier and Death A Russian Folk Tale Told in English by Arthur Ransome,"Ransome, Arthur (1967)"
49293,La maison des hommes vivants,"Farrère, Claude (1957)"
49316,The Philosophy of Friedrich Nietzsche,"Mencken, H. L. (Henry Louis) (1956)"
49323,A Satyr Against Hypocrites,"Howard, Leon (1982)"
49330,The Stingy Receiver,"Abbott, Eleanor Hallowell (1958)"
49334,Radioisotopes and Life Processes (Revised),"Kisieleski, Walter E. (2011)"
49377,Radioisotopes in Medicine,"Phelan, Earl W. (1993)"
49385,The Singing Caravan: A Sufi Tale,"Vansittart, Robert Gilbert Vansittart, Baron (1957)"
49391,"True Stories of the Great War, Volume 4 (of 6) Tales of Adventure--Heroic Deeds--Exploits Told by the Soldiers, Officers, Nurses, Diplomats, Eye Witnesses","Miller, Francis Trevelyan (1959)"
49414,Monsieur Bergeret in Paris,"May, J. Lewis (James Lewis) (1961)"
49431,The Burial Customs of the Ancient Greeks,"Graves, Frank Pierrepont (1956)"
49439,A Book of Porcelain: Fine examples in the Victoria & Albert Museum,"Rackham, Bernard (1964)"
49448,When Mother Lets Us Give a Party A book that tells little folk how best to entertain and amuse their little friends,"Yale, Elsie Duncan (1956)"
49455,"The Mentor: Guynemer, The Wingèd Sword of France, Vol. 6, Num. 18, Serial No. 166, November 1, 1918","Cook, Howard W. (Howard Willard) (1959)"
49460,Dividing Waters,"Wylie, I. A. R. (Ida Alexa Ross) (1959)"
49462,Lord Tedric,"Smith, E. E. (Edward Elmer) (1965)"
49493,Leda,"Huxley, Aldous (1963)"
49496,The Scouts of Seal Island,"Westerman, Percy F. (Percy Francis) (1959)"
49525,First Lensman,"Smith, E. E. (Edward Elmer) (1965)"
49531,A Man Obsessed,"Nourse, Alan Edward (1992)"
49555,The Hermit Doctor of Gaya: A Love Story of Modern India,"Wylie, I. A. R. (Ida Alexa Ross) (1959)"
49605,Brazilian Literature,"Ford, J. D. M. (Jeremiah Denis Matthias) (1958)"
49632,The Love Chase,"Grendon, Felix (1965)"
49633,The Age of Elizabeth (1547-1603),"Esdaile, Arundell James Kennedy (1956)"
49640,"The Mentor: Photography, Vol. 6, Num. 12, Serial No. 160, August 1, 1918","Anderson, Paul (1956)"
49651,Tedric,"Smith, E. E. (Edward Elmer) (1965)"
49674,The Stolen Cruiser,"Westerman, Percy F. (Percy Francis) (1959)"
49716,Sonnets from Hafez & Other Verses,"Daryush, Elizabeth Bridges (1977)"
49725,Jean Barois,"Martin du Gard, Roger (1958)"
49740,Orchard and Vineyard,"Sackville-West, V. (Victoria) (1962)"
49755,"Brief Diversions: Being Tales, Travesties and Epigrams","Priestley, J. B. (John Boynton) (1984)"
49757,The Man Who Lived in a Shoe,"Forman, Henry James (1966)"
49762,Diagnosis,"Palmer, Ray (1977)"
49767,Business For the Lawyers,"Robin, Ralph (1983)"
49771,The Unknown; A Play in Three Acts,"Maugham, W. Somerset (William Somerset) (1965)"
49779,Publicity Stunt,"Williams, Robert Moore (1977)"
49808,"Tanks in the Great War, 1914-1918","Fuller, J. F. C. (John Frederick Charles) (1966)"
49809,Junior,"Abernathy, Robert (1990)"
49819,"Worlds Within Worlds: The Story of Nuclear Energy, Volume 1 (of 3) Atomic Weights; Energy; Electricity","Asimov, Isaac (1992)"
49820,"Worlds Within Worlds: The Story of Nuclear Energy, Volume 2 (of 3) Mass and Energy; The Neutron; The Structure of the Nucleus","Asimov, Isaac (1992)"
49821,"Worlds Within Worlds: The Story of Nuclear Energy, Volume 3 (of 3) Nuclear Fission; Nuclear Fusion; Beyond Fusion","Asimov, Isaac (1992)"
49823,Batik and other pattern dyeing,"Baker, Ida Strawn (1962)"
49826,The Lights on Precipice Peak,"Tall, Stephen (1981)"
49829,The Geological History of Fossil Butte National Monument and Fossil Basin,"McGrew, Paul O. (Paul Orman) (1983)"
49838,Jack of No Trades,"Smith, Evelyn E. (2000)"
49870,The Silence of Colonel Bramble,"Maurois, André (1967)"
49887,Pensées d'une amazone,"Barney, Natalie Clifford (1972)"
49893,"The Mentor: Great American Inventors, Vol. 1, Num. 29, Serial No. 29","Bruce, H. Addington (Henry Addington) (1959)"
49895,Manual of Library Economy Third and Memorial Edition,"Sayers, W. C. Berwick (William Charles Berwick) (1960)"
49897,The Gravity Business,"Gunn, James E. (2020)"
49905,"The Mentor: Historic Spots of America, Vol. 1, Num. 32, Serial No. 32","McElroy, Robert McNutt (1959)"
49916,The Tenth Man: A Tragic Comedy in Three Acts,"Maugham, W. Somerset (William Somerset) (1965)"
49918,The Land of Promise: A Comedy in Four Acts,"Maugham, W. Somerset (William Somerset) (1965)"
49931,A Bullet for Cinderella,"MacDonald, John D. (John Dann) (1986)"
49942,Poems & Poèmes; autres alliances,"Barney, Natalie Clifford (1972)"
49950,Papers from Lilliput,"Priestley, J. B. (John Boynton) (1984)"
49957,Mary Jane in New England,"Judson, Clara Ingram (1960)"
49972,Pittsburgh Main Thoroughfares and the Down Town District Improvements Necessary to Meet the City's Present and Future Needs,"Olmsted, Frederick Law (1957)"
49980,Historical Guide to Old Charlottesville With mention of its statues and of Albemarle's shrines,"Rawlings, Mary (1960)"
49991,The First Book of Eskimos,"Brewster, Benjamin (1995)"
49993,"Polite Satires: Containing The Unknown Hand, The Volcanic Island, Square Pegs","Bax, Clifford (1962)"
50014,The Trail of the Green Doll A Judy Bolton Mystery,"Sutton, Margaret (2001)"
50015,On the edge of the primeval forest,"Schweitzer, Albert (1965)"
50022,The Wailing Asteroid,"Leinster, Murray (1975)"
50035,"Wives of the Prime Ministers, 1844-1906","Masterman, Lucy (1977)"
50040,St. Benedict's Rule for Monasteries,"Doyle, Leonard J. (Leonard Joseph) (1970)"
50050,The Sea-girt Fortress: A Story of Heligoland,"Westerman, Percy F. (Percy Francis) (1959)"
50063,People Minus X,"Gallun, Raymond Z. (Raymond Zinke) (1994)"
50071,Round about Bar-le-Duc,"Day, Susanne R. (Susanne Rouviere) (1964)"
50090,The Red Lady,"Burt, Katharine Newlin (1977)"
50103,The Dwindling Years,"Del Rey, Lester (1993)"
50106,Greece and the Ægean Islands,"Marden, Philip Sanford (1963)"
50131,The Marbeck Inn: A Novel,"Brighouse, Harold (1958)"
50238,Stormy Voyage Sandy Steele Adventures #3,"Leckie, Robert (2001)"
50138,Doomsday Eve,"Williams, Robert Moore (1977)"
50141,Philosophical Studies,"Moore, G. E. (George Edward) (1958)"
50155,Cathay,"Pound, Ezra (1972)"
50240,"The Sunken Garden, and Other Poems","De la Mare, Walter (1956)"
50174,On English poetry,"Graves, Robert (1985)"
50180,Penelope: A Comedy in Three Acts,"Maugham, W. Somerset (William Somerset) (1965)"
50198,Mary Jane Down South,"Judson, Clara Ingram (1960)"
50208,La Bataille,"Farrère, Claude (1957)"
50217,Dave Dawson with the Pacific Fleet,"Bowen, Robert Sidney (1977)"
50225,Danger at Mormon Crossing Sandy Steele Adventures #2,"Leckie, Robert (2001)"
50226,Serge Prokofieff and his orchestral music,"Biancolli, Louis (1992)"
50230,Tschaikowsky and his orchestral music,"Biancolli, Louis (1992)"
50256,Black Treasure Sandy Steele Adventures #1,"Leckie, Robert (2001)"
50257,Fire at Red Lake Sandy Steele Adventures #4,"Leckie, Robert (2001)"
50259,Dave Dawson with the Flying Tigers,"Bowen, Robert Sidney (1977)"
50265,"The Battle of the Falkland Islands, Before and After","Spencer-Cooper, Henry Edmund Harvey (1968)"
50267,"V. Blasco Ibáñez, ses romans et le roman de sa vie","Pitollet, Camille (1964)"
50274,The Little House,"Dawson, Coningsby (1959)"
50290,Space Station 1,"Long, Frank Belknap (1994)"
50309,Dave Dawson in Libya,"Bowen, Robert Sidney (1977)"
50320,Secret Mission to Alaska Sandy Steele Adventures #5,"Leckie, Robert (2001)"
50321,Fifty Birds of Town and City,"Hines, Bob (1994)"
50324,Children of the Dead End: The Autobiography of an Irish Navvy,"MacGill, Patrick (1963)"
50343,Early History of Blackwood's Edinburgh Magazine,"Leach, Maria (1977)"
50353,Troubled Waters Sandy Steele Adventures #6,"Leckie, Robert (2001)"
50357,Origin of the 'Reorganized' Church and the Question of Succession,"Smith, Joseph Fielding (1972)"
50358,The Oxford Circus: A Novel of Oxford and Youth,"Mortimer, Raymond (1980)"
50369,Men of Mawm,"Riley, W. (William) (1961)"
50376,"Oxford poetry, 1920","Brittain, Vera (1970)"
50378,"Oxford poetry, 1919","Earp, T. W. (Thomas Wade) (1958)"
50381,Colter's Hell and Jackson's Hole The Fur Trappers' Exploration of the Yellowstone and Grand Teton Park Region,"Mattes, Merrill J. (1996)"
50385,Jack Straw: A Farce in Three Acts,"Maugham, W. Somerset (William Somerset) (1965)"
50400,"Dave Dawson, Flight Lieutenant","Bowen, Robert Sidney (1977)"
50405,"Uncle Wiggily's Auto Sled or, How Mr. Hedgehog Helped Him Get Up the Slippery Hill; and, How Uncle Wiggily Made a Snow Pudding. Also, What Happened in the Snow Fort","Garis, Howard Roger (1962)"
50406,Operation Interstellar,"Smith, George O. (George Oliver) (1981)"
50420,History of the beef cattle industry in Illinois,"Farley, Frank Webster (1967)"
50826,The Moons of Mars,"Evans, Dean (1963)"
50446,Dictionary of Explosives,"Marshall, Arthur (1968)"
50449,Recruit for Andromeda,"Marlowe, Stephen (2008)"
50464,The Lonesome Trail,"Neihardt, John G. (1973)"
50465,The China of Chiang K'ai-Shek: A Political Study,"Linebarger, Paul Myron Anthony (1966)"
50470,The Long Journey,"Singmaster, Elsie (1958)"
50497,Back to Life,"Gibbs, Philip (1962)"
50498,The Raft,"Dawson, Coningsby (1959)"
50499,The Vanishing Point,"Dawson, Coningsby (1959)"
50501,The Mediæval Hospitals of England,"Clay, Rotha Mary (1961)"
50535,Blood Atonement and the Origin of Plural Marriage: A Discussion,"Smith, Joseph Fielding (1972)"
50566,Falcons of Narabedla,"Bradley, Marion Zimmer (1999)"
50571,The Green Odyssey,"Farmer, Philip José (2009)"
50577,"Memoirs of the Dukes of Urbino, Volume 3 (of 3) Illustrating the Arms, Arts, and Literature of Italy, from 1440 To 1630","Hutton, Edward (1969)"
50578,A Sub. of the R.N.R.: A Story of the Great War,"Westerman, Percy F. (Percy Francis) (1959)"
50585,A Thousand Degrees Below Zero,"Leinster, Murray (1975)"
50593,La chair et le sang,"Mauriac, François (1970)"
50601,Landed Gentry: A Comedy in Four Acts,"Maugham, W. Somerset (William Somerset) (1965)"
50604,The Phantom Friend A Judy Bolton Mystery,"Sutton, Margaret (2001)"
50622,The Silver Menace,"Leinster, Murray (1975)"
50635,Dave Dawson with the Eighth Air Force,"Bowen, Robert Sidney (1977)"
50661,Dave Dawson at Singapore,"Bowen, Robert Sidney (1977)"
50668,The Secret Martians,"Sharkey, Jack (1992)"
50682,The Planet Mappers,"Evans, E. Everett (Edward Everett) (1958)"
50702,Venus Boy,"Sutton, Lee (1978)"
50712,Will Shakespeare: An Invention in Four Acts,"Dane, Clemence (1965)"
50713,One Against the Moon,"Wollheim, Donald A. (1990)"
50716,The German Terror in Belgium: An Historical Record,"Toynbee, Arnold (1975)"
50719,Juju,"Leinster, Murray (1975)"
50736,Address: Centauri,"Wallace, F. L. (Floyd L.) (2004)"
50753,Later Than You Think,"Leiber, Fritz (1992)"
50766,The Snowball Effect,"MacLean, Katherine (2019)"
50774,Contagion,"MacLean, Katherine (2019)"
50775,Twenty Years' Experience as a Ghost Hunter,"O'Donnell, Elliott (1965)"
50781,The Mystery Ship: A Story of the 'Q' Ships During the Great War,"Westerman, Percy F. (Percy Francis) (1959)"
50782,Des Imagistes: An Anthology,"Pound, Ezra (1972)"
50783,The Alien,"Jones, Raymond F. (1994)"
50827,Orphans of the Void,"Shaara, Michael (1988)"
50796,Shipping Clerk,"Samachson, Joseph (1980)"
50800,Bimmie Says,"Van Scyoc, Sydney J. (2023)"
50802,A City Near Centaurus,"Doede, William R. (2007)"
50807,"True Stories of the Great War, Volume 5 (of 6) Tales of Adventure--Heroic Deeds--Exploits Told by the Soldiers, Officers, Nurses, Diplomats, Eye Witnesses","Miller, Francis Trevelyan (1959)"
50814,Prize Money,"Wright, Quincy (1970)"
50815,"Oxford poetry, 1917","Earp, T. W. (Thomas Wade) (1958)"
50818,How to Make Friends,"Harmon, Jim (2010)"
50819,A Bad Day for Sales,"Leiber, Fritz (1992)"
50820,Mrs. Dot: A Farce,"Maugham, W. Somerset (William Somerset) (1965)"
50828,The Bark Canoes and Skin Boats of North America,"Chapelle, Howard Irving (1975)"
50834,The Awakening,"Sharkey, Jack (1992)"
50835,The Luckiest Man in Denv,"Kornbluth, C. M. (Cyril M.) (1958)"
50844,Proof of the Pudding,"Sheckley, Robert (2005)"
50847,Tea Tray in the Sky,"Smith, Evelyn E. (2000)"
50848,Soldier Boy,"Shaara, Michael (1988)"
50863,Alien Minds,"Evans, E. Everett (Edward Everett) (1958)"
50868,The Highest Mountain,"Walton, Bryce (1988)"
50872,Not Fit for Children,"Smith, Evelyn E. (2000)"
50873,Mediaeval Church Vaulting,"Ward, Clarence (1973)"
50876,Earthbound,"Del Rey, Lester (1993)"
50877,Education of a Martian,"Shallit, Joseph (1995)"
50881,'Possum,"Bruce, Mary Grant (1958)"
50884,Today is Forever,"Aycock, Roger D. (2004)"
50885,The Weather on Mercury,"Samachson, Joseph (1980)"
50890,The Birds of Lorrane,"Doede, William R. (2007)"
50895,The Rat-Pit,"MacGill, Patrick (1963)"
50904,On the Fourth Planet,"Bone, Jesse F. (Jesse Franklin) (2006)"
50905,Yesterday House,"Leiber, Fritz (1992)"
50906,Savrola: A Tale of the Revolution in Laurania,"Churchill, Winston (1965)"
50923,The Serpent River,"Wilcox, Don (2000)"
50924,Sweet Tooth,"Young, Robert F. (1986)"
50928,Hot Planet,"Clement, Hal (2003)"
50932,"Petrified Forest National Monument, Arizona","Smith, Dama Margaret (1973)"
50934,Augusta Tabor: Her Side of the Scandal,"Bancroft, Caroline (1985)"
50935,"Star, Bright","Clifton, Mark (1963)"
50936,Man in a Sewing Machine,"Stecher, L. J., Jr. (1988)"
50939,The High Hander,"Turner, William Oliver (1980)"
50940,Wailing Wall,"Aycock, Roger D. (2004)"
50948,Of All Possible Worlds,"Tenn, William (2010)"
50953,The making of a bigot,"Macaulay, Rose (1958)"
50959,End as a World,"Wallace, F. L. (Floyd L.) (2004)"
50960,Dave Dawson on Convoy Patrol,"Bowen, Robert Sidney (1977)"
50969,Big Ancestor,"Wallace, F. L. (Floyd L.) (2004)"
50971,The Problem Makers,"Hoskins, Robert (1993)"
50981,Garrity's Annuities,"Mason, David (1974)"
50988,Bodyguard,"Gold, H. L. (Horace Leonard) (1996)"
50998,Delay in Transit,"Wallace, F. L. (Floyd L.) (2004)"
50999,Med Ship Man,"Leinster, Murray (1975)"
51001,"The Mentor: Beautiful Buildings of the World, Serial no. 33","Ward, Clarence (1973)"
51008,Two Weeks in August,"Robinson, Frank M. (2014)"
51009,Picture Bride,"Samachson, Joseph (1980)"
51016,"The Pipes of War A Record of Achievements of Pipers of Scottish and Overseas Regiments during the War, 1914-18","Grant, John (Pipe-Major) (1961)"
51024,The Diggers: The Australians in France,"MacGill, Patrick (1963)"
51027,Jaywalker,"Rocklynne, Ross (1988)"
51028,The Protector,"Curtis, Betsy (2002)"
51037,Second Childhood,"Simak, Clifford D. (1988)"
51046,...And It Comes Out Here,"Del Rey, Lester (1993)"
51047,Pollony Undiverted,"Van Scyoc, Sydney J. (2023)"
51050,Man's Best Friend,"Smith, Evelyn E. (2000)"
51053,Judas Ram,"Merwin, Sam, Jr. (1996)"
51072,Shamar's War,"Neville, Kris (1980)"
51075,A Stone and a Spear,"Jones, Raymond F. (1994)"
51077,The Amateur Diplomat: A Novel,"Costain, Thomas B. (Thomas Bertram) (1965)"
51082,Coming Attraction,"Leiber, Fritz (1992)"
51091,The Deep One,"Ruzic, Neil P. (2004)"
51092,Rattle OK,"Warner, Harry (2003)"
51101,Nice Girl with 5 Husbands,"Leiber, Fritz (1992)"
51102,The Sentimentalists,"Leinster, Murray (1975)"
51112,The Other Now,"Leinster, Murray (1975)"
51115,Transfer Point,"Boucher, Anthony (1968)"
51121,Spoken For,"Samachson, Joseph (1980)"
51122,The Men in the Walls,"Tenn, William (2010)"
51125,Mars is My Destination,"Long, Frank Belknap (1994)"
51126,The Princess and the Physicist,"Smith, Evelyn E. (2000)"
51128,Greek dress,"Abrahams, Ethel Beatrice (1956)"
51129,A Gift from Earth,"Banister, Manly (1986)"
51132,Whiskaboom,"Arkin, Alan (2023)"
51148,Common Denominator,"MacDonald, John D. (John Dann) (1986)"
51150,Venus is a Man's World,"Tenn, William (2010)"
51152,Appointment In Tomorrow,"Leiber, Fritz (1992)"
51153,The Semantic War,"Clothier, Bill (2015)"
51168,Operation Distress,"Del Rey, Lester (1993)"
51170,The Fire and the Sword,"Robinson, Frank M. (2014)"
51171,A Little Journey,"Bradbury, Ray (2012)"
51210,"I, the Unspeakable","Sheldon, Walter J. (1996)"
51184,Inside Earth,"Anderson, Poul (2001)"
51185,All Jackson's Children,"Galouye, Daniel F. (1976)"
51193,Pictures Don't Lie,"MacLean, Katherine (2019)"
51194,Made to Measure,"Gault, William Campbell (1995)"
51201,Volpla,"Guin, Wyman (1989)"
51202,Name Your Symptom,"Harmon, Jim (2010)"
51203,A Coffin for Jacob,"Ludwig, Edward W. (1990)"
51206,"True Stories of the Great War, Volume 6 (of 6) Tales of Adventure--Heroic Deeds--Exploits Told by the Soldiers, Officers, Nurses, Diplomats, Eye Witnesses","Miller, Francis Trevelyan (1959)"
51219,Princess Badoura: A tale from the Arabian Nights,"Housman, Laurence (1959)"
51228,The Flower-Patch Among the Hills,"Klickmann, Flora (1958)"
51231,Syndrome Johnny,"Dye, Charles (1960)"
51233,The Marching Morons,"Kornbluth, C. M. (Cyril M.) (1958)"
51240,The Addicts,"Samachson, Joseph (1980)"
51241,Bridge Crossing,"Dryfoos, Dave (2003)"
51245,Journal of Small Things,"Mackay, Helen (1961)"
51247,Dead End,"Macfarlane, Wallace (1999)"
51249,Spacemen Die at Home,"Ludwig, Edward W. (1990)"
51256,The Cool War,"Fetler, Andrew (2017)"
51257,The Furious Rose,"Evans, Dean (1963)"
51258,A Bad Day for Vermin,"Laumer, Keith (1993)"
51267,End as a Hero,"Laumer, Keith (1993)"
51268,The Girls From Earth,"Robinson, Frank M. (2014)"
51273,Advance Agent,"Anvil, Christopher (2009)"
51274,Ambition,"Bade, William L. (2005)"
51281,"Elijah Kellogg, the Man and His Work Chapters from His Life and Selections from His Writings","Mitchell, Wilmot Brookings (1962)"
51282,"Lords and Lovers, and Other Dramas","Dargan, Olive Tilford (1968)"
51286,Pen Pal,"Marlowe, Stephen (2008)"
51288,Man of Distinction,"Shaara, Michael (1988)"
51295,The Man Who Was Six,"Wallace, F. L. (Floyd L.) (2004)"
51296,The Sense of Wonder,"Marlowe, Stephen (2008)"
51305,Confidence Game,"Harmon, Jim (2010)"
51310,My Lady Greensleeves,"Pohl, Frederik (2013)"
51320,Break a Leg,"Harmon, Jim (2010)"
51321,Prime Difference,"Nourse, Alan Edward (1992)"
51331,"Swenson, Dispatcher","Miller, R. De Witt (Richard De Witt) (1958)"
51332,To the Fore with the Tanks!,"Westerman, Percy F. (Percy Francis) (1959)"
51335,Fresh Air Fiend,"Neville, Kris (1980)"
51337,The Man Outside,"Smith, Evelyn E. (2000)"
51340,"The Mentor: The Metropolitan Museum of Art, Vol. 6, Num. 9, Serial No. 157, June 15, 1918","Noe, Sydney P. (Sydney Philip) (1969)"
51342,Citizen Jell,"Shaara, Michael (1988)"
51344,Voyage to Far N'jurd,"Neville, Kris (1980)"
51347,"Submarines, Mines and Torpedoes in the War","Domville-Fife, Charles W. (Charles William) (1960)"
51350,No Substitutions,"Harmon, Jim (2010)"
51351,The Spicy Sound of Success,"Harmon, Jim (2010)"
51353,Dr. Kometevsky's Day,"Leiber, Fritz (1992)"
51363,Double Standard,"Coppel, Alfred (2004)"
51372,Le baiser au lépreux,"Mauriac, François (1970)"
51379,The Music Master of Babylon,"Pangborn, Edgar (1976)"
51380,Time In the Round,"Leiber, Fritz (1992)"
51395,Survival Type,"Bone, Jesse F. (Jesse Franklin) (2006)"
51396,Not a Creature Was Stirring,"Evans, Dean (1963)"
51397,People Soup,"Arkin, Alan (2023)"
51398,Growing up on Big Muddy,"De Vet, Charles V. (1997)"
51408,Angel's Egg,"Pangborn, Edgar (1976)"
51409,"Public School Life: Boys, Parents, Masters","Waugh, Alec (1981)"
51413,The Ignoble Savages,"Smith, Evelyn E. (2000)"
51414,...So They Baked a Cake,"Marks, Winston K. (Winston Kinney) (1979)"
51421,Man in a Quandary,"Stecher, L. J., Jr. (1988)"
51432,Stories from The Arabian Nights,"Housman, Laurence (1959)"
51433,Hunt the Hunter,"Neville, Kris (1980)"
51434,An Elephant for the Prinkip,"Stecher, L. J., Jr. (1988)"
51435,"The Business, As Usual","Sharkey, Jack (1992)"
51436,Bullet with His Name,"Leiber, Fritz (1992)"
51449,Moral Equivalent,"Neville, Kris (1980)"
51461,A Pail of Air,"Leiber, Fritz (1992)"
51482,Perfect Answer,"Stecher, L. J., Jr. (1988)"
51483,The Reluctant Heroes,"Robinson, Frank M. (2014)"
51493,Kreativity For Kats,"Leiber, Fritz (1992)"
51499,Blueblood,"Harmon, Jim (2010)"
51508,The Chasers,"Galouye, Daniel F. (1976)"
51509,Doorstep,"Laumer, Keith (1993)"
51518,The Feeling,"Aycock, Roger D. (2004)"
51519,The Drug,"MacApp, C. C. (1971)"
51530,The Last Letter,"Leiber, Fritz (1992)"
51531,With These Hands,"Kornbluth, C. M. (Cyril M.) (1958)"
51534,Self Portrait,"Wolfe, Bernard (1985)"
51545,The Sweeper of Loray,"Sheckley, Robert (2005)"
51547,The Story of the Airship (Non-rigid) A Study of One of America's Lesser Known Defense Weapons,"Allen, Hugh (1977)"
51549,The Big Engine,"Leiber, Fritz (1992)"
51568,Some Haunted Houses of England & Wales.,"O'Donnell, Elliott (1965)"
51570,Cry Snooker,"Fetler, Andrew (2017)"
51571,Subject to Change,"Goulart, Ron (2022)"
51574,The Stuff,"Slesar, Henry (2002)"
51576,Shatter the Wall,"Van Scyoc, Sydney J. (2023)"
51589,The Rag and Bone Men,"Budrys, Algis (2008)"
51594,"""The Greatest Failure in All History"" A Critical Examination of the Actual Workings of Bolshevism in Russia","Spargo, John (1966)"
51596,Aloys,"Lafferty, R. A. (2002)"
51601,Between the Larch-woods and the Weir,"Klickmann, Flora (1958)"
51603,All the People,"Lafferty, R. A. (2002)"
51605,Jamieson,"Doede, William R. (2007)"
51609,A Fall of Glass,"Lee, Stanley R. (1997)"
51615,A Matter of Protocol,"Sharkey, Jack (1992)"
51622,Extracts from the Galactick Almanack: Music Around the Universe,"Janifer, Laurence M. (2002)"
51623,Always a Qurono,"Harmon, Jim (2010)"
51633,"A Schoolmaster's Diary Being Extracts from the Journal of Patrick Traherne, M.A., Sometime Assistant Master at Radchester and Marlton.","Mais, S. P. B. (Stuart Petre Brodie) (1975)"
51650,Innocent at Large,"Anderson, Poul (2001)"
51651,Conditionally Human,"Miller, Walter M. (1996)"
51657,Charity Case,"Harmon, Jim (2010)"
51662,Breakdown,"Kastle, Herbert D. (1987)"
51663,Dawningsburgh,"West, Wallace (1980)"
51668,Dream World,"Lafferty, R. A. (2002)"
51678,Unique Ghost Towns and Mountain Spots,"Bancroft, Caroline (1985)"
51681,Amateur in Chancery,"Smith, George O. (George Oliver) (1981)"
51685,"Humanistic Studies of the University of Kansas, Vol. 1","Cressman, Edmund Dresser (1958)"
51687,The Spy in the Elevator,"Westlake, Donald E. (2008)"
51688,The Air of Castor Oil,"Harmon, Jim (2010)"
51693,The Brownie Scouts in the Cherry Festival,"Wirt, Mildred A. (Mildred Augustine) (2002)"
51696,The Brownie Scouts at Silver Beach,"Wirt, Mildred A. (Mildred Augustine) (2002)"
51699,The God Next Door,"Doede, William R. (2007)"
51745,The Brownie Scouts in the Circus,"Wirt, Mildred A. (Mildred Augustine) (2002)"
51710,"Thoughts out of Season, Part I David Strauss, the Confessor and the Writer - Richard Wagner in Bayreuth.","Ludovici, Anthony M. (Anthony Mario) (1971)"
51712,A Trace of Memory,"Laumer, Keith (1993)"
51713,Metamorphosis,"De Vet, Charles V. (1997)"
51726,"Wall of Crystal, Eye of Night","Budrys, Algis (2008)"
51735,Big Baby,"Sharkey, Jack (1992)"
51741,Round-and-Round Trip,"Fyfe, H. B. (Horace Bowne) (1997)"
51744,The Brownie Scouts at Snow Valley,"Wirt, Mildred A. (Mildred Augustine) (2002)"
51746,My Reminiscences of East Africa,"Lettow-Vorbeck, Paul Emil von (1964)"
51751,"Oh, Rats!","De Ford, Miriam Allen (1975)"
51752,If You Was a Moklin,"Leinster, Murray (1975)"
51758,From an Unseen Censor,"Brown, Rosel George (1967)"
51759,Traveling Companion Wanted,"Wilson, Richard (1987)"
51768,Prospector's Special,"Sheckley, Robert (2005)"
51771,The Trail of the Elk,"Fønhus, Mikkjel (1973)"
51774,The Weirdest World,"Lafferty, R. A. (2002)"
51781,The King of the City,"Laumer, Keith (1993)"
51782,Doctor,"Leinster, Murray (1975)"
51796,The Secret Battleplane,"Westerman, Percy F. (Percy Francis) (1959)"
51799,Farmer,"Reynolds, Mack (1983)"
51801,The Immortals,"Duncan, David (1999)"
51804,Plague of Pythons,"Pohl, Frederik (2013)"
51809,Survival Kit,"Pohl, Frederik (2013)"
51810,The Undetected,"Smith, George O. (George Oliver) (1981)"
51822,Arcturus Times Three,"Sharkey, Jack (1992)"
51832,The Place Where Chicago Was,"Harmon, Jim (2010)"
51833,Meeting of the Minds,"Sheckley, Robert (2005)"
51834,Never Come Midnight,"Gold, H. L. (Horace Leonard) (1996)"
51842,Beyond Bedlam,"Guin, Wyman (1989)"
51844,Someone to watch over me,"Gold, H. L. (Horace Leonard) (1996)"
51845,Wolfbane,"Pohl, Frederik (2013)"
51852,Founding Father,"Bone, Jesse F. (Jesse Franklin) (2006)"
51854,The Rat Race,"Franklin, Jay (1967)"
51855,Slave Planet,"Janifer, Laurence M. (2002)"
51866,D-99: a science-fiction novel,"Fyfe, H. B. (Horace Bowne) (1997)"
51867,Sentry of the Sky,"Smith, Evelyn E. (2000)"
51868,The Troublemakers,"Smith, George O. (George Oliver) (1981)"
51899,Loafing along Death Valley trails,"Caruthers, William (1958)"
51907,Verses of a V.A.D.,"Brittain, Vera (1970)"
51926,The Eighth Year: A Vital Problem of Married Life,"Gibbs, Philip (1962)"
51942,The Three Godfathers,"Kyne, Peter B. (Peter Bernard) (1957)"
51957,Tales from a Rolltop Desk,"Morley, Christopher (1957)"
51984,Thursday Evening: A Comedy in One Act,"Morley, Christopher (1957)"
51987,Webster—Man's Man,"Kyne, Peter B. (Peter Bernard) (1957)"
51992,"Poems 1918-21, Including Three Portraits and Four Cantos","Pound, Ezra (1972)"
51997,"A Book of Poems, Al Que Quiere!","Williams, William Carlos (1963)"
52009,New Lamps,"Williams, Robert Moore (1977)"
52019,Ellen Levis: A Novel,"Singmaster, Elsie (1958)"
52020,Roland Whately: A Novel,"Waugh, Alec (1981)"
52044,The Wide Awake Third Reader,"McDonald, Etta Blaisdell (1963)"
52074,"Soldering, Brazing and Welding","Jones, Bernard E. (Bernard Edward) (1965)"
52090,Man a Machine,"Bussey, Gertrude Carman (1961)"
52091,An essay on the foundations of geometry,"Russell, Bertrand (1970)"
52095,Dave Dawson with the Air Corps,"Bowen, Robert Sidney (1977)"
52133,"Patriotic Song A book of English verse, being an anthology of the patriotic poetry of the British Empire, from the defeat of the Spanish Armada till the death of Queen Victoria","Stanley, Arthur (1961)"
52141,Under the White Ensign: A Naval Story of the Great War,"Westerman, Percy F. (Percy Francis) (1959)"
52145,L'enfant chargé de chaînes,"Mauriac, François (1970)"
52167,"An Earthman on Venus (originally titled ""The radio man"")","Farley, Ralph Milne (1963)"
52172,The Structure and Life-history of the Cockroach (Periplaneta orientalis) An Introduction to the Study of Insects,"Denny, Alfred (1960)"
52201,Soldiers' Stories of the War,"Wood, Walter (1961)"
52228,Search the Sky,"Pohl, Frederik (2013)"
52229,Adventures of Sonny Bear,"Fox, Frances Margaret (1959)"
52239,Colonial Homes in North Carolina,"Allcott, John V. (1989)"
52248,"Across South America An account of a journey from Buenos Aires to Lima by way of Potosí, with notes on Brazil, Argentina, Bolivia, Chile, and Peru","Bingham, Hiram (1956)"
52254,The Brownie Scouts at Windmill Farm,"Wirt, Mildred A. (Mildred Augustine) (2002)"
52255,The Brownie Scouts and Their Tree House,"Wirt, Mildred A. (Mildred Augustine) (2002)"
52257,When Sarah Saved the Day,"Singmaster, Elsie (1958)"
52263,"The Twilight of the Idols; or, How to Philosophize with the Hammer. The Antichrist Complete Works, Volume Sixteen","Ludovici, Anthony M. (Anthony Mario) (1971)"
52308,The Tunnellers of Holzminden (with a side-issue),"Durnford, H. G. (Hugh George) (1965)"
52311,The Little Navajo Herder,"Clark, Ann Nolan (1995)"
52326,The radio planet,"Farley, Ralph Milne (1963)"
52333,"A Day at Camp Killkare; Or, Aunt Jane and the Campfire Girls","Yale, Elsie Duncan (1956)"
52340,"The Salving of the ""Fusi Yama"": A Post-War Story of the Sea","Westerman, Percy F. (Percy Francis) (1959)"
52366,"The Veil, and Other Poems","De la Mare, Walter (1956)"
52367,The Story of the East Riding of Yorkshire,"Browne, Horace B. (Horace Baker) (1964)"
52398,Silver Queen: The Fabulous Story of Baby Doe Tabor,"Bancroft, Caroline (1985)"
52437,The Heart of Cherry McBain: A Novel,"Durkin, Douglas (1967)"
52450,The Test of Scarlet: A Romance of Reality,"Dawson, Coningsby (1959)"
52451,Living Bayonets: A Record of the Last Push,"Dawson, Coningsby (1959)"
52452,It Might Have Happened to You A Contemporary Portrait of Central and Eastern Europe,"Dawson, Coningsby (1959)"
52455,"Florence on a Certain Night, and Other Poems","Dawson, Coningsby (1959)"
52468,The Lower Depths: A Drama in Four Acts,"Sayler, Oliver M. (1958)"
52515,"The White Elephant, and Other Tales From India","Faulkner, Georgene (1958)"
52516,San Antonio: City of Missions,"Aniol, Claude B. (1980)"
52521,Grimm's Fairy Tales,"Olcott, Frances Jenkins (1963)"
52531,Green Doors,"Eliot, Ethel Cook (1972)"
52538,"Galicia, the Switzerland of Spain","Meakin, Annette M. B. (1959)"
52571,Evolution,"Watson, James A. S. (James Anderson Scott) (1966)"
52574,Third Planet,"Leinster, Murray (1975)"
52591,The Gunroom,"Morgan, Charles (1958)"
52632,The Third Officer: A Present-day Pirate Story,"Westerman, Percy F. (Percy Francis) (1959)"
52650,"Hear Me, Pilate!","Blythe, LeGette (1993)"
52664,Prehistoric Men,"Braidwood, Robert J. (Robert John) (2003)"
52686,A Book of Birds,"Moore-Park, Carton (1956)"
52761,Salt-Water Ballads,"Masefield, John (1967)"
52776,X Marks the Pedwalk,"Leiber, Fritz (1992)"
52805,Where the Phph Pebbles Go,"De Ford, Miriam Allen (1975)"
78201,Daphne Bruno,"Raymond, Ernest (1974)"
52823,Psychology: an elementary text-book,"Meyer, Max F. (Max Friedrich) (1967)"
52838,Creation of the Teton Landscape: The Geologic Story of Grand Teton National Park,"Love, J. D. (John David) (2002)"
52840,Salvation Universal,"Smith, Joseph Fielding (1972)"
52844,The Long Remembered Thunder,"Laumer, Keith (1993)"
52845,The Girl in His Mind,"Young, Robert F. (1986)"
52848,"Space Nomads: Meteorites in Sky, Field, and Laboratory","LaPaz, Lincoln (1985)"
52851,A Little Bit of Fluff: A Farce in Three Acts,"Ellis, Walter (1956)"
52855,The Star-Sent Knaves,"Laumer, Keith (1993)"
52886,My Year of the Great War,"Palmer, Frederick (1958)"
52888,What Every Girl Should Know,"Sanger, Margaret (1966)"
52904,"Ventures Into Verse Being various ballads, ballades, rondeaux, triolets, songs, quatrains, odes and roundels, all rescued from the potters' field of old files and here given decent burial","Mencken, H. L. (Henry Louis) (1956)"
52905,Little Jack Rabbit and Danny Fox,"Cory, David (1966)"
52914,The Will to Power: An Attempted Transvaluation of All Values. Book I and II,"Ludovici, Anthony M. (Anthony Mario) (1971)"
52915,The Will to Power: An Attempted Transvaluation of All Values. Book III and IV,"Ludovici, Anthony M. (Anthony Mario) (1971)"
52962,Hugh Gwyeth: A Roundhead Cavalier,"Dix, Beulah Marie (1970)"
52995,Spaceman on a Spree,"Reynolds, Mack (1983)"
52996,Selected Articles on the Parcels Post,"Phelps, Edith M. (1980)"
53015,A Guest of Ganymede,"MacApp, C. C. (1971)"
53016,Cakewalk to Gloryanna,"Stecher, L. J., Jr. (1988)"
53018,Men and Things,"Atkinson, Henry A. (1960)"
53034,The God-Plllnk,"Bixby, Jerome (1998)"
53035,When You Giffle...,"Stecher, L. J., Jr. (1988)"
53042,A Hitch in Space,"Leiber, Fritz (1992)"
53045,The Masked World,"Williamson, Jack (2006)"
53046,"Ravished Armenia The Story of Aurora Mardiganian, the Christian Girl Who Lived Through the Great Massacres","Mardiganian, Aurora (1994)"
53059,To Save Earth,"Ludwig, Edward W. (1990)"
53063,The netherworld of Mendip,"Balch, H. E. (Herbert Ernest) (1958)"
53086,The Inventor. Introducing the Wishing Box. A Christmas Play,"Yale, Elsie Duncan (1956)"
53089,The Creature Inside,"Sharkey, Jack (1992)"
53099,Willow Pollen,"Marks, Jeannette Augustus (1964)"
53102,The Lonely,"Merril, Judith (1997)"
53117,Motion Picture Directing: The Facts and Theories of the Newest Art,"Milne, Peter (1968)"
53118,Excursions in Victorian Bibliography,"Sadleir, Michael (1957)"
53132,The Night of the Trolls,"Laumer, Keith (1993)"
53157,Wood and Stone: A Romance,"Powys, John Cowper (1963)"
53197,Cynthia Steps Out,"Berry, Erick (1974)"
53200,The Camp Fire Girls by the Blue Lagoon,"Vandercook, Margaret (1958)"
53206,Selections from Modern Poets Made by J. C. Squire,"Squire, John Collings, Sir (1958)"
53236,A Thanksgiving dream,"Preston, Effa E. (Effa Estelle) (1975)"
53240,Mother Goose's Teddy Bears,"Cavally, Frederick L. (Frederick Leopold) (1962)"
53248,"Gallant Little Wales: Sketches of its people, places and customs","Marks, Jeannette Augustus (1964)"
53252,The Boy Apprenticed to an Enchanter,"Colum, Padraic (1972)"
53260,Nietzsche: His Life and Works,"Ludovici, Anthony M. (Anthony Mario) (1971)"
53261,We Moderns: Enigmas and Guesses,"Muir, Edwin (1959)"
53268,Murder at Large,"Frost, Lesley (1983)"
53269,Atom Mystery [Young Atom Detective],"Coombs, Charles Ira (1994)"
53327,Samurai Trails: A Chronicle of Wanderings on the Japanese High Road,"Kirtland, Lucian Swift (1965)"
53333,Ebony and Crystal: Poems in Verse and Prose,"Smith, Clark Ashton (1961)"
53339,Rodmoor: A Romance,"Powys, John Cowper (1963)"
53369,Nietzsche and Art,"Ludovici, Anthony M. (Anthony Mario) (1971)"
53387,The Two Christmas Boxes: A Play for Girls,"Yale, Elsie Duncan (1956)"
53402,Brotherly House,"Richmond, Grace S. (Grace Smith) (1959)"
53406,"Dick Hamilton's Touring Car; Or, A Young Millionaire's Race For A Fortune","Garis, Howard Roger (1962)"
53426,Uncle Sam's Right Arm: A Patriotic Exercise,"Preston, Effa E. (Effa Estelle) (1975)"
53430,Principia Ethica,"Moore, G. E. (George Edward) (1958)"
53432,Flowers of the Southwest Deserts,"Dodge, Natt N. (Natt Noyes) (1982)"
53448,The Silver Ring Mystery,"Wells, Helen (1986)"
53456,Young Readers Science Fiction Stories,"Elam, Richard M. (Richard Mace) (2013)"
53460,"Dick Hamilton's Steam Yacht; Or, A Young Millionaire and the Kidnappers","Garis, Howard Roger (1962)"
53467,"Prejudices, second series","Mencken, H. L. (Henry Louis) (1956)"
53474,"Prejudices, third series","Mencken, H. L. (Henry Louis) (1956)"
53480,"The Leardo Map of the World, 1452 or 1453 In the Collections of the American Geographical Society","Wright, John Kirtland (1969)"
53481,Printing Telegraphy... A New Era Begins,"Kleinschmidt, Edward E. (1977)"
53500,The Romance of the Ranchos,"Conner, E. Palmer (Edmund Palmer) (1975)"
53538,"Prejudices, first series","Mencken, H. L. (Henry Louis) (1956)"
53530,Goat Alley: A Tragedy of Negro Life,"Culbertson, Ernest Howard (1972)"
53541,The law of the sea,"Brinton, J. Y. (Jasper Yeates) (1973)"
53573,The Girl Scouts of the Round Table,"Vandercook, Margaret (1958)"
53582,"Mammals of Washington, Volume 2 University of Kansas Publications Museum of Natural History","Dalquest, Walter Woelber (2000)"
53599,"L'extraordinaire aventure d'Achmet Pacha Djemaleddine, pirate, amiral, grand d'Espagne et marquis avec six autres singulières histoires","Farrère, Claude (1957)"
53601,The Academic Gregories,"Stewart, Agnes Grainger (1956)"
53620,The life of Friedrich Nietzsche,"Halévy, Daniel (1962)"
53621,The Complete Poems of Francis Ledwidge with Introductions by Lord Dunsany,"Dunsany, Lord (1957)"
53631,Canyon de Chelly: The Story of Its Ruins and People,"Bradley, Zorro A. (2010)"
53642,Two Mothers,"Neihardt, John G. (1973)"
53646,Anthropology and the Classics Six Lectures Delivered Before the University of Oxford,"Murray, Gilbert (1957)"
53647,Texas Flowers in Natural Colors,"Whitehouse, Eula (1974)"
53667,The Song of Hugh Glass,"Neihardt, John G. (1973)"
53682,Gallipoli,"Masefield, John (1967)"
53683,"Bronson Alcott's Fruitlands, compiled by Clara Endicott Sears With Transcendental Wild Oats, by Louisa M. Alcott","Sears, Clara Endicott (1960)"
53720,On Love,"Woolf, Philip Sidney (1965)"
53723,Early English Hero Tales,"Marks, Jeannette Augustus (1964)"
53730,The Red Cross Girls in Belgium,"Vandercook, Margaret (1958)"
53765,Kabumpo in Oz,"Thompson, Ruth Plumly (1976)"
53770,Hymnological Studies,"Lundquist, Matthew Nathanael (1964)"
53786,The Dolls on Dress Parade,"Preston, Effa E. (Effa Estelle) (1975)"
53804,The Red Fox's Son: A Romance of Bharbazonia,"Dilley, Edgar M. (Edgar Meck) (1960)"
53815,Elizabeth Ann's Houseboat,"Lawrence, Josephine (1978)"
53818,Poems,"Dearmer, Geoffrey (1996)"
53832,A Strike in Santa Land: A Play in One Act,"Preston, Effa E. (Effa Estelle) (1975)"
53833,American Unitarian Hymn Writers and Hymns,"Foote, Henry Wilder (1964)"
53861,"The Apple-Tree Table, and Other Sketches","Chapin, Henry (1983)"
53864,The Story of a Baby,"Turner, Ethel (1958)"
53887,Armenia and the War,"Hacobian, A. P. (Avetoon Pesak) (1962)"
53891,"Bobbie, General Manager: A Novel","Prouty, Olive Higgins (1974)"
53958,The Kallikak Family: A Study in the Heredity of Feeble-Mindedness,"Goddard, Henry Herbert (1957)"
54007,Through the Black Hills and Bad Lands of South Dakota,"Peterson, P. D. (Purl Dewey) (1967)"
54036,Armenian Legends and Poems,"Boyajian, Zabelle C. (1957)"
54086,Human Leopards,"Beatty, Kenneth James (1966)"
54141,A Party in Mother Goose Land: A One Act Play for Primary Children,"Preston, Effa E. (Effa Estelle) (1975)"
54150,The Medieval Latin Hymn,"Messenger, Ruth Ellis (1964)"
54166,London at Night: A sketch-book,"Carter, Frederick (1967)"
54197,Cambridge: A Sketch-Book,"Keesey, Walter M. (1970)"
54198,Canterbury: A Sketch Book,"Keesey, Walter M. (1970)"
54203,The Prisoners of Mainz,"Waugh, Alec (1981)"
54253,"A Selected Bibliography of Virginia, 1607-1699","Swem, E. G. (Earl Gregg) (1965)"
54320,London: A Sketch-Book,"Hornby, Lester G. (Lester George) (1956)"
54270,The Human Boy,"Phillpotts, Eden (1960)"
54273,Locked Doors,"Rinehart, Mary Roberts (1958)"
54275,The Fleets at War,"Hurd, Archibald (1959)"
54298,"Scrap Book of Mormon Literature, Volume 2 (of 2). Religious Tracts","Smith, Joseph Fielding (1972)"
54309,Ancient Apostles,"McKay, David O. (David Oman) (1970)"
54313,Ampleforth College: A Sketch-Book,"Pike, Joseph (1956)"
54314,Bruges: A Sketch-Book,"Pike, Joseph (1956)"
54317,Isle of Wight: A Sketch-Book,"Woollard, Dorothy (1986)"
54318,The English Lakes: A Sketch-Book,"Home, Gordon (1969)"
54319,Liverpool: A Sketch Book,"Brown, Samuel J. M. (Samuel John Milton) (1965)"
54324,Stratford-on-Avon: A Sketch-Book,"Home, Gordon (1969)"
54325,Surrey: A Sketch-Book,"Austin, Robert (1973)"
54327,Winchester: A Sketch-Book,"Home, Gordon (1969)"
54328,York: A Sketch-Book,"Home, Gordon (1969)"
54334,Europe in the Middle Ages,"Plunket, Ierne L. (Ierne Lifford) (1970)"
54344,Bristol: A Sketch Book,"Woollard, Dorothy (1986)"
54348,The Slav Nations,"Copeland, Fanny S. (1970)"
54355,Harrow: A Sketch Book,"Keesey, Walter M. (1970)"
54358,Gettysburg: Stories of the Red Harvest and the Aftermath,"Singmaster, Elsie (1958)"
54371,With Force and Arms: A Tale of Love and Salem Witchcraft,"Garis, Howard Roger (1962)"
78276,Bride of the night,"Gerard, Louise (1970)"
54445,The Hospital Murders,"Davis, Means (1999)"
54446,The Radio Boys Seek the Lost Atlantis,"Breckenridge, Gerald (1964)"
54467,"Croquis d'Extrême-Orient, 1898","Farrère, Claude (1957)"
54470,Tar Heel Tales,"Bryant, H. E. C. (Henry Edward Cowan) (1967)"
54507,Russian Memories,"Graham, Stephen (1975)"
54492,Chester: A Sketch-Book,"Pike, Joseph (1956)"
54501,Two Dianas in Somaliland: The Record of a Shooting Trip,"Herbert, Agnes (1960)"
54533,The Cruise of the Dream Ship,"Stock, Ralph (1962)"
54536,Boy Scouts at Crater Lake A Story of Crater Lake National Park and the High Cascades,"Eaton, Walter Prichard (1957)"
54547,Young Stowaways in Space,"Elam, Richard M. (Richard Mace) (2013)"
54548,Poisonous Dwellers of the Desert,"Dodge, Natt N. (Natt Noyes) (1982)"
54550,Ancient Civilizations of Mexico and Central America Third and Revised Edition,"Spinden, Herbert Joseph (1967)"
54566,"Life in the Shifting Dunes A popular field guide to the natural history of Castle Neck, Ipswich, Massachusetts","White, Laurence B. (2008)"
54599,The Case for Birth Control: A Supplementary Brief and Statement of Facts,"Sanger, Margaret (1966)"
54615,The Miracles of Antichrist: A Novel,"Flach, Pauline Bancroft (1966)"
54626,"Being a summary statement of the investigation made by the British government of the ""Mormon"" question in England","Beeley, Arthur L. (Arthur Lawton) (1973)"
54631,100 Desert Wildflowers in Natural Color,"Dodge, Natt N. (Natt Noyes) (1982)"
54694,International Language and Science Considerations on the Introduction of an International Language into Science,"Donnan, F. G. (Frederick George) (1956)"
54711,Sweet and Twenty: A Comedy in One Act,"Dell, Floyd (1969)"
54717,Two Dramatizations from Vergil: I. Dido—the Phœnecian Queen; II. The Fall of Troy,"Nelson, J. Raleigh (Joseph Raleigh) (1961)"
54755,The Boy Scouts of Woodcraft Camp,"Burgess, Thornton W. (Thornton Waldo) (1965)"
54774,Fortunes and dreams,"Cielo, Astra (1957)"
54795,The Poacher's Wife,"Phillpotts, Eden (1960)"
54801,The Garden Without Walls,"Dawson, Coningsby (1959)"
54809,"Warwick, Leamington & Kenilworth: A Sketch-Book","Austin, Robert (1973)"
54816,My .75: Reminiscences of a Gunner of a .75m/m Battery in 1914,"Huard, Frances Wilson (1969)"
54836,The Trial of Peter Zenger,"Buranelli, Vincent (2012)"
54858,The Historical Evidence for the Virgin Birth,"Taylor, Vincent (1968)"
54871,The Great Push: An Episode of the Great War,"MacGill, Patrick (1963)"
54881,"The laughing bear, and other stories","Bell, Robert Bloomer Hare (1956)"
54895,Limbo,"Huxley, Aldous (1963)"
54896,My Adventure in the Flying Scotsman; A Romance of London and North-Western Railway Shares,"Phillpotts, Eden (1960)"
54913,Stories of Starland,"Proctor, Mary (1957)"
54955,"The Suffragette: The History of the Women's Militant Suffrage Movement, 1905-1910","Pankhurst, E. Sylvia (Estelle Sylvia) (1960)"
54964,The Desert Mounted Corps An Account of the Cavalry Operations in Palestine and Syria 1917-1918,"Preston, R. M. P. (Richard Martin Peter) (1965)"
54970,Everglades Wildguide Handbook 143,"George, Jean Craighead (2012)"
54990,The Brown Brethren,"MacGill, Patrick (1963)"
54995,Uncle Wiggily's Fortune,"Garis, Howard Roger (1962)"
55001,In a Toy Shop: A Christmas Play for Small Children,"Preston, Effa E. (Effa Estelle) (1975)"
55067,Yorkshire Dales and Fells,"Home, Gordon (1969)"
55079,Poems,"Maynard, Theodore (1956)"
55110,Vacation Camping for Girls,"Marks, Jeannette Augustus (1964)"
55111,Dix-sept histoires de marins,"Farrère, Claude (1957)"
55129,Working my Way Around the World,"Franck, Harry Alverson (1962)"
55161,"The Madness of Philip, and Other Tales of Childhood","Bacon, Josephine Daskam (1961)"
55168,Fossils: A Story of the Rocks and Their Record of Prehistoric Life,"Markman, Harvey C. (1969)"
55243,The Puzzle in the Pond A Judy Bolton Mystery,"Sutton, Margaret (2001)"
55246,Yorkshire Vales and Wolds,"Home, Gordon (1969)"
55283,"The Bet, and other stories","Murry, John Middleton (1957)"
55284,Reminiscences of Leo Nicolayevitch Tolstoi,"Woolf, Leonard (1969)"
55286,Three Lancashire Plays: The Game; The Northerners; Zack,"Brighouse, Harold (1958)"
55287,The Price of Coal A Play,"Brighouse, Harold (1958)"
55288,Hepplestall's,"Brighouse, Harold (1958)"
55289,Dealing in Futures: A Play in Three Acts,"Brighouse, Harold (1958)"
55290,Garside's Career: A Comedy in Four Acts,"Brighouse, Harold (1958)"
55291,Graft: A Comedy in Four Acts,"Brighouse, Harold (1958)"
55292,The Scaring off of Teddy Dawson: A Comedy in One Act,"Brighouse, Harold (1958)"
55319,"Olympic National Park, Washington","Fagerlund, Gunnar O. (2011)"
55332,The Republic of Ragusa: An Episode of the Turkish Conquest,"Villari, Luigi (1959)"
55364,Under King Henry's Banners: A story of the days of Agincourt,"Westerman, Percy F. (Percy Francis) (1959)"
55366,The Farmer's Veterinarian: A Practical Treatise on the Diseases of Farm Stock,"Burkett, Charles William (1962)"
55400,Common Cause: A Novel of the War in America,"Adams, Samuel Hopkins (1958)"
55427,A Tour Through Old Provence,"Forrest, A. S. (Archibald Stevenson) (1963)"
55432,Ameboid movement,"Schaeffer, Asa A. (Asa Arthur) (1980)"
55434,Early Man in the New World,"Macgowan, Kenneth (1963)"
55442,"German War Practices, Part 1: Treatment of Civilians","Krey, August C. (August Charles) (1961)"
55443,Psycho-Analysis and the War Neuroses,"Jones, Ernest (1958)"
55455,"Working North from Patagonia Being the Narrative of a Journey, Earned on the Way, Through Southern and Eastern South America","Franck, Harry Alverson (1962)"
55461,"The Book of the V.C. A record of the deeds of heroism for which the Victoria Cross has been bestowed, from its institution in 1857 to the present time","Haydon, A. L. (Arthur Lincoln) (1964)"
55468,Storm in a Teacup,"Phillpotts, Eden (1960)"
55470,Slaves of Freedom,"Dawson, Coningsby (1959)"
55472,Ski-running,"Rickmers, Willi Rickmer (1965)"
55476,Ships at Work,"Elting, Mary (2005)"
55482,Machines at Work,"Elting, Mary (2005)"
55500,Twenty Drawings,"Raphael, Alice (1975)"
55503,Horrors and Atrocities of the Great War Including the Tragic Destruction of the Lusitania,"Gibbs, Philip (1962)"
55513,"Sea Scouts All: How the ""Olivette"" was won","Westerman, Percy F. (Percy Francis) (1959)"
55523,Under Greek Skies,"Converse, Florence (1967)"
55525,Trains at Work,"Elting, Mary (2005)"
55553,The last frontier,"Powell, E. Alexander (Edward Alexander) (1957)"
55564,Lustra of Ezra Pound,"Pound, Ezra (1972)"
55592,Good stories for great birthdays arranged for story-telling and reading aloud and for the children's own reading,"Olcott, Frances Jenkins (1963)"
55610,Why Men Fight: A method of abolishing the international duel,"Russell, Bertrand (1970)"
55624,The Young Train Dispatcher,"Stevenson, Burton Egbert (1962)"
55627,Emmeline,"Singmaster, Elsie (1958)"
55637,Les aventures de Télémaque,Aragon (1982)
55654,The Deep Sea's Toll,"Connolly, James B. (James Brendan) (1957)"
55666,The German Spy in America The Secret Plotting of German Spies in the United States and the Inside Story of the Sinking of the Lusitania,"Jones, John Price (1964)"
55670,Men I'm Not Married To; Women I'm Not Married To,"Parker, Dorothy (1967)"
55671,Women I'm Not Married To,"Adams, Franklin P. (Franklin Pierce) (1960)"
55672,Men I'm Not Married To,"Parker, Dorothy (1967)"
55687,The Initiates of the Flame,"Hall, Manly P. (Manly Palmer) (1990)"
55693,Flash Evans and the Darkroom Mystery,"Bell, Frank (2002)"
55694,"Flash Evans, Camera News Hawk","Bell, Frank (2002)"
55701,Under Many Flags,"Singmaster, Elsie (1958)"
55704,Wilderness Babies,"Schwartz, Julia Augusta (1957)"
55715,"Those Smith Boys on the Diamond; or, Nip and Tuck for Victory","Garis, Howard Roger (1962)"
55733,Feu de joie,Aragon (1982)
55738,The Genetic Effects of Radiation,"Asimov, Isaac (1992)"
55761,The Philosophy of Spiritual Activity A Modern Philosophy of Life Developed by Scientific Methods,"Hoernlé, Winifred (1960)"
55766,Vingt-cinq poèmes,"Tzara, Tristan (1963)"
55769,Robert Greene: [Six Plays],"Dickinson, Thomas H. (1961)"
55792,Greeks & Barbarians,"Thomson, J. A. K. (James Alexander Kerr) (1959)"
55801,Teen-age Super Science Stories,"Elam, Richard M. (Richard Mace) (2013)"
56607,Dauber: A Poem,"Masefield, John (1967)"
55806,Ozoplaning with the Wizard of Oz,"Thompson, Ruth Plumly (1976)"
55819,The Story of Lutheran Missions,"Singmaster, Elsie (1958)"
55821,From the Angle of Seventeen,"Phillpotts, Eden (1960)"
55837,The Rainbow Bridge,"Fox, Frances Margaret (1959)"
55838,Signers of the Declaration Historic Places Commemorating the Signing of the Declaration of Independence,"Ferris, Robert G. (2005)"
55907,The Golden Circle A Mystery Story for Girls,"Snell, Roy J. (Roy Judson) (1959)"
55850,Leaves from the Diary of an Impressionist: Early Writings,"Greenslet, Ferris (1959)"
55851,The Wishing Horse of Oz,"Thompson, Ruth Plumly (1976)"
55864,"The Young Wireless Operator—Afloat Or, How Roy Mercer Won His Spurs in the Merchant Marine","Theiss, Lewis E. (Lewis Edwin) (1963)"
55880,The Young Train Master,"Stevenson, Burton Egbert (1962)"
55885,John Galsworthy,"Kaye-Smith, Sheila (1956)"
55931,California Missions: A Guide to the Historic Trails of the Padres,"Brown, Karl F. (Karl Frederick) (1982)"
56016,Memories of Old Montana,"Price, Con (1958)"
55963,"Shepherd Singing Ragtime, and Other Poems","Golding, Louis (1958)"
55970,The Panama Canal,"Boardman, Harry Clow (1956)"
56018,"Business Administration: Theory, Practice and Application. [Vol. 1] Business Economics","Bogart, Ernest L. (Ernest Ludlow) (1958)"
56037,Sorrow of War: Poems,"Golding, Louis (1958)"
56038,Port Arthur,"Barry, Richard (1958)"
56063,Oxford Mountaineering Essays,"Lunn, Arnold (1974)"
56073,Captain Salt in Oz,"Thompson, Ruth Plumly (1976)"
56074,"Pan-Worship, and Other Poems","Farjeon, Eleanor (1965)"
56079,Handy Mandy in Oz,"Thompson, Ruth Plumly (1976)"
56082,Dream-Songs for the Belovèd,"Farjeon, Eleanor (1965)"
56083,"De Soto, Coronado, Cabrillo: Explorers of the Northern Mystery","Lavender, David (2003)"
56085,The Silver Princess in Oz,"Thompson, Ruth Plumly (1976)"
56094,Allegheny Episodes Folk Lore and Legends Collected in Northern and Western Pennsylvania,"Shoemaker, Henry W. (Henry Wharton) (1958)"
56097,The Ranch Girls at Boarding School,"Vandercook, Margaret (1958)"
56121,Shout treason,"Beirne, Francis F. (1972)"
56154,The Man from Bar 20: A Story of the Cow Country,"Mulford, Clarence Edward (1956)"
56158,The Story of Gösta Berling,"Flach, Pauline Bancroft (1966)"
56161,The Three Furlongers,"Kaye-Smith, Sheila (1956)"
56178,Forward from Babylon,"Golding, Louis (1958)"
56208,Philip Hale's Boston Symphony Programme Notes,"Burk, John N. (John Naglee) (1967)"
56221,Backwater,"Richardson, Dorothy M. (Dorothy Miller) (1957)"
56229,The Young Wireless Operator—With the Oyster Fleet How Alec Cunningham Won His Way to the Top in the Oyster Business,"Theiss, Lewis E. (Lewis Edwin) (1963)"
56244,Sonnets and Poems,"Farjeon, Eleanor (1965)"
56247,Catty Atkins,"Kelland, Clarence Budington (1964)"
56280,Stories from the operas,"Davidson, Gladys (1962)"
56292,Kultur in Cartoons With accompanying notes by well-known English writers,"Raemaekers, Louis (1956)"
56298,The Four Roads,"Kaye-Smith, Sheila (1956)"
56304,American Indian Ways of Life: An Interpretation of the Archaeology of Illinois and Adjoining Areas,"Deuel, Thorne (1984)"
56320,"British Policy in the Illinois Country, 1763-1768","Carter, Clarence Edwin (1961)"
56321,A Tour Through South America,"Forrest, A. S. (Archibald Stevenson) (1963)"
56324,The city of the discreet,"Baroja, Pío (1956)"
56325,"Sea Scouts Abroad: Further Adventures of the ""Olivette""","Westerman, Percy F. (Percy Francis) (1959)"
56358,The Alps,"Lunn, Arnold (1974)"
56416,John Baring's House,"Singmaster, Elsie (1958)"
56430,The Race of the Swift,"Litsey, Edwin Carlile (1970)"
56447,The tunnel,"Richardson, Dorothy M. (Dorothy Miller) (1957)"
56476,The life of Voltaire,"Hall, Evelyn Beatrice (1956)"
56514,Wild Roses: A Tale of the Rockies,"Driggs, Howard R. (Howard Roscoe) (1963)"
56517,The Philosophy of Auguste Comte,"Klein, Kathleen Mary de Beaumont (1974)"
56553,The Sugar Creek Gang Digs for Treasure,"Hutchens, Paul (1977)"
56554,The Sugar Creek Gang Goes North,"Hutchens, Paul (1977)"
56555,The Magical Mimics in Oz,"Snow, Jack (1956)"
56556,"Peter Poodle, Toy Maker to the King","Bradley, Will (1962)"
56570,Breaking into the movies,"Emerson, John (1956)"
56585,The Use of Ropes and Tackle,"Dana, Homer J. (Homer Jackson) (1970)"
56610,Margaret Sanger: an autobiography.,"Sanger, Margaret (1966)"
56612,My Story,"Claudy, C. H. (Carl Harry) (1957)"
56615,Musical Studies,"Newman, Ernest (1959)"
56618,The Friends of Voltaire,"Hall, Evelyn Beatrice (1956)"
56626,Johnny Nelson How a one-time pupil of Hopalong Cassidy of the famous Bar-20 ranch in the Pecos Valley performed an act of knight-errantry and what came of it,"Mulford, Clarence Edward (1956)"
78634,Propaganda,"Bernays, Edward L. (1995)"
56653,"The German Fleet Being The Companion Volume to ""The Fleets At War"" and ""From Heligoland To Keeling Island","Hurd, Archibald (1959)"
56658,Danny again,"Barclay, Vera C. (Vera Charlesworth) (1989)"
56664,Honeycomb,"Richardson, Dorothy M. (Dorothy Miller) (1957)"
56673,"Vagabonding down the Andes Being the Narrative of a Journey, Chiefly Afoot, from Panama to Buenos Aires","Franck, Harry Alverson (1962)"
56678,Turgenev in English,"Yachnin, Rissa (1981)"
56681,Kora in Hell: Improvisations,"Williams, William Carlos (1963)"
56683,The Shaggy Man of Oz,"Snow, Jack (1956)"
56690,Adventures of the Teenie Weenies,"Donahey, William (1970)"
56695,The Radio Boys with the Border Patrol,"Breckenridge, Gerald (1964)"
56699,The Stone Axe of Burkamukk,"Bruce, Mary Grant (1958)"
56701,The Story of the Woman's Party,"Gillmore, Inez Haynes (1970)"
56704,Sanctuary: A Bird Masque,"MacKaye, Percy (1956)"
56705,Mrs. Essington: The Romance of a House-party,"Chamberlain, Lucia (1978)"
56709,Texas in the Civil War: A Résumé History,"Ashcraft, Allan Coleman (1990)"
56714,Dick Lester of Kurrajong,"Bruce, Mary Grant (1958)"
56718,"Catty Atkins, Sailorman","Kelland, Clarence Budington (1964)"
56732,A Vagabond Journey Around the World: A Narrative of Personal Experience,"Franck, Harry Alverson (1962)"
56739,High society,"Parker, Dorothy (1967)"
56743,"Larry Dexter and the Stolen Boy; or, A Young Reporter on the Lakes","Garis, Howard Roger (1962)"
56758,"Anton Tchekhov, and Other Essays","Murry, John Middleton (1957)"
56779,The Erotic Motive in Literature,"Mordell, Albert (1965)"
56801,"Anicet; ou, le panorama",Aragon (1982)
56828,Plain Tales of the North,"Mallet, Thierry (1969)"
56846,"What Every Mother Should Know; or, How Six Little Children Were Taught The Truth","Sanger, Margaret (1966)"
56850,The Night the Mountain Fell: The Story of the Montana-Yellowstone Earthquake,"Christopherson, Edmund (1974)"
56873,Psychology and parenthood,"Bruce, H. Addington (Henry Addington) (1959)"
56889,The Blue Star,"Pratt, Fletcher (1956)"
56892,Pensées sans langage,"Tzara, Tristan (1963)"
56895,A Yankee Flier in the Far East,"Montgomery, Rutherford G. (Rutherford George) (1985)"
56914,The Book of Elves and Fairies for Story-Telling and Reading Aloud and for the Children's Own Reading,"Olcott, Frances Jenkins (1963)"
56925,Deadlock,"Richardson, Dorothy M. (Dorothy Miller) (1957)"
56950,"Uncle Wiggily's Squirt Gun; Or, Jack Frost Icicle Maker And, Uncle Wiggily's Queer Umbrellas, also, Uncle Wiggily's Lemonade Stand","Garis, Howard Roger (1962)"
56963,Fun o' the Forge: Stories,"O'Higgins, Brian (1963)"
56971,Patroon van Volkenberg,"Stephenson, Henry Thew (1957)"
56984,Sussex Gorse: The Story of a Fight,"Kaye-Smith, Sheila (1956)"
56997,Le Secret professionnel,"Cocteau, Jean (1963)"
57009,History of Lace,"Dryden, Alice (1956)"
57010,Alexandria: A History and a Guide,"Forster, E. M. (Edward Morgan) (1970)"
57028,A Dominie's Log,"Neill, Alexander Sutherland (1973)"
57046,The Pool of Stars,"Meigs, Cornelia (1973)"
57056,Winning His Wings: A Story of the R.A.F.,"Westerman, Percy F. (Percy Francis) (1959)"
57059,A Dominie Dismissed,"Neill, Alexander Sutherland (1973)"
57061,Moonlight Schools for the Emancipation of Adult Illiterates,"Stewart, Cora Wilson (1958)"
57089,Meta toluene sulphonic acid and related compounds,"Allen, C. F. H. (Charles Francis Hitchcock) (1979)"
57100,The Clue of the Gold Coin,"Wells, Helen (1986)"
57106,The Charm of Scandinavia,"Clark, Sydney (1975)"
57125,The Bitter Cry of the Children,"Spargo, John (1966)"
57133,"The Motor Routes of France To the Châteaux of Touraine, Biarritz, the Pyrenees, the Riviera, & the Rhone Valley","Home, Gordon (1969)"
57134,A Manual of Bird Study A Description of Twenty-Five Local Birds with Study Options,"Carr, William H. (William Henry) (1985)"
78677,Magpie—diplomat,"Tuttle, W. C. (Wilbur C.) (1969)"
57156,The Scarecrow; or The Glass of Truth: A Tragedy of the Ludicrous,"MacKaye, Percy (1956)"
57165,Mark Tidd: His Adventures and Strategies,"Kelland, Clarence Budington (1964)"
57167,My Japanese Wife: A Japanese Idyl,"Holland, Clive (1959)"
57171,"The Camp Fire Girls; Or, The Secret of an Old Mill","Garis, Howard Roger (1962)"
57173,A Yankee Girl at Shiloh,"Curtis, Alice Turner (1958)"
57197,Mark Tidd in the Backwoods,"Kelland, Clarence Budington (1964)"
57199,Mark Tidd's Citadel,"Kelland, Clarence Budington (1964)"
57205,The Little Black Princess: A True Tale of Life in the Never-Never Land,"Gunn, Jeannie (1961)"
57229,"Mark Tidd, Manufacturer","Kelland, Clarence Budington (1964)"
57231,"The Hermitage, Home of Old Hickory","Horn, Stanley F. (1980)"
57242,"The Treasure of the ""San Philipo""","Westerman, Percy F. (Percy Francis) (1959)"
57271,"What Outfit, Buddy?","Kelly, T. Howard (Thomas Howard) (1967)"
57277,A Dreamer's Tales,"Dunsany, Lord (1957)"
57287,"The Diary of a French Private: War-Imprisonment, 1914-1915","Riou, Gaston (1958)"
57301,The Luck of the Dudley Grahams As Related in Extracts from Elizabeth Graham's Diary,"Haines, Alice Calhoun (1965)"
57308,The Mute Stones Speak: The Story of Archaeology in Italy,"MacKendrick, Paul Lachlan (1998)"
57313,The Feeding of School Children,"Bulkley, M. E. (Mildred Emily) (1958)"
57323,"Hartmann, the Anarchist; Or, The Doom of the Great City","Fawcett, E. Douglas (Edward Douglas) (1960)"
57333,Project Gutenberg Compilation of Short Stories by Chekhov,"Widger, David (2021)"
57354,"Theory and Practice of Piano Construction With a Detailed, Practical Method for Tuning","White, William Braid (1959)"
57371,"Fenris, the Wolf: A Tragedy","MacKaye, Percy (1956)"
57380,Eastern Stories and Legends,"Moore, Anne Carroll (1961)"
57383,Project Gutenberg Edition of The Memoirs of Four Civil War Generals,"Widger, David (2021)"
57395,Interim,"Richardson, Dorothy M. (Dorothy Miller) (1957)"
57409,The Book of Friendship: A Little Manual of Comradeship,"Kauffman, Reginald Wright (1959)"
57420,Bêtes et gens qui s'aimèrent,"Farrère, Claude (1957)"
57424,German Barbarism: A Neutral's Indictment,"Maccas, Léon (1972)"
57432,On Mule Back Thru Central America with the Gospel,"Crawford, Mattie (1973)"
57444,Gypsy and Ginger,"Farjeon, Eleanor (1965)"
57478,Index for Works of Arthur Colton Hyperlinks to all Chapters in the Individual Ebooks,"Widger, David (2021)"
57485,Index for Works of Andrew Barton 'Banjo' Paterson Hyperlinks to all Chapters of all Individual Ebooks,"Widger, David (2021)"
57542,Index for Works of Neil Munro Hyperlinks to all Chapters of all Individual Ebooks,"Widger, David (2021)"
57488,Index for Works of Holman Day Hyperlinks to all Chapters of all Individual Ebooks,"Widger, David (2021)"
57490,Index of the Project Gutenberg Works of H. G. Wells Hyperlinks to all Chapters of all Individual Ebooks,"Widger, David (2021)"
57501,Index for Works of Robert W. Buchanan Hyperlinks to all Chapters of all Individual Ebooks,"Widger, David (2021)"
57508,The Camp Fire Girls at Half Moon Lake,"Vandercook, Margaret (1958)"
57511,Index for Works of Ruth Ogden Hyperlinks to all Chapters of all Individual Ebooks,"Widger, David (2021)"
57514,Index for Works of Bill Nye Hyperlinks to all Chapters of all Individual Ebooks,"Widger, David (2021)"
57517,Imported Americans The Story of the Experiences of a Disguised American and His Wife Studying the Immigration Question,"Brandenburg, Broughton (1963)"
57524,Index for Works of Mary Gaunt Hyperlinks to All Chapters of All Individual Ebooks,"Widger, David (2021)"
57529,Lexington and Concord: A Camera Impression,"Chamberlain, Samuel (1975)"
57533,"Three short stories from ""The Captain"" volume XXVII How Dymock Came to Derry; Jack Devereux's Scoop; The Powder Hulk","Westerman, Percy F. (Percy Francis) (1959)"
57537,Index for Works of Harold Frederic Hyperlinks to All Chapters of All Individual Ebooks,"Widger, David (2021)"
57538,Index for Works of Rudyard Kipling Hyperlinks to all Chapters of all Individual Ebooks,"Widger, David (2021)"
57541,Index for Works of Willis George Emerson Hyperlinks to all Chapters of all Individual Ebooks,"Widger, David (2021)"
57543,The Health Master,"Adams, Samuel Hopkins (1958)"
78900,Salt of the Earth,"Tuttle, W. C. (Wilbur C.) (1969)"
57584,The Book of the Homeless (Le livre des sans-foyer),"Beerbohm, Max, Sir (1956)"
57588,"Index for the Project Gutenberg Series ""American Pioneers and Patriots""","Widger, David (2021)"
57619,"Striped Coat, the Skunk","Lippincott, Joseph Wharton (1976)"
57626,Index of the Project Gutenberg Works of Frank E. Smedley,"Widger, David (2021)"
57676,Index of the Project Gutenberg Works of Samuel Hopkins Adams,"Adams, Samuel Hopkins (1958)"
57683,Index of the Project Gutenberg Works of William Harrison Ainsworth,"Widger, David (2021)"
57684,Index of the Project Gutenberg Works of Irving Bacheller,"Widger, David (2021)"
57686,Index of the Project Gutenberg Works of Robert Barr,"Widger, David (2021)"
57688,"Red Ben, the Fox of Oak Ridge","Lippincott, Joseph Wharton (1976)"
57691,Index of the Project Gutenberg Memoirs of Casanova,"Widger, David (2021)"
57694,Index of the Project Gutenberg Works of Coningsby Dawson,"Dawson, Coningsby (1959)"
57696,Index of the Project Gutenberg Works of Charles A. Eastman,"Widger, David (2021)"
57702,Index of the Project Gutenberg Works of Victor Hugo,"Widger, David (2021)"
57703,Index of the Project Gutenberg Works of Vaughan Kester,"Widger, David (2021)"
57706,Index of the Project Gutenberg Works of Henry Lawson,"Widger, David (2021)"
57825,Jimmy Drury: Candid Camera Detective,"O'Hara, David (1959)"
57708,Index of the Project Gutenberg Works of Alfred Henry Lewis,"Widger, David (2021)"
57714,Index of the Project Gutenberg Works of Don Marquis,"Widger, David (2021)"
57716,Index of the Project Gutenberg Works of Samuel Merwin,"Widger, David (2021)"
57718,Index of the Project Gutenberg Works of Frank L. Packard,"Widger, David (2021)"
57720,Index of the Project Gutenberg Works of George R. Sims,"Widger, David (2021)"
57721,Index of the Project Gutenberg Works of Booth Tarkington,"Widger, David (2021)"
57725,"Wright Brothers National Memorial, North Carolina","East, Omega G. (1985)"
57726,"The Quakers, Past and Present","Richardson, Dorothy M. (Dorothy Miller) (1957)"
57768,The thread of life,"Eulalia, Infanta of Spain (1958)"
57795,The Sacred Wood: Essays on Poetry and Criticism,"Eliot, T. S. (Thomas Stearns) (1965)"
57798,'Midst Arctic Perils: A Thrilling Story of Adventure in the Polar Regions,"Westerman, Percy F. (Percy Francis) (1959)"
57800,The flow of time in the Connecticut valley,"Bain, George W. (George William) (1991)"
57804,Red Dusk and the Morrow: Adventures and Investigations in Red Russia,"Dukes, Paul (1967)"
57816,Jet Plane Mystery,"Snell, Roy J. (Roy Judson) (1959)"
57833,The Hill of Adventure,"Meigs, Cornelia (1973)"
57849,The Battle of San Jacinto and the San Jacinto Campaign,"Kemp, Louis Wiltz (1956)"
57881,The Isle of Vanishing Men: A Narrative of Adventure in Cannibal-land,"Alder, W. F. (William Fisher) (1956)"
57884,The Little Moment of Happiness,"Kelland, Clarence Budington (1964)"
57910,Running Free,"Connolly, James B. (James Brendan) (1957)"
57918,The Pirate of Jasper Peak,"Meigs, Cornelia (1973)"
57925,Master Simon's Garden: A Story,"Meigs, Cornelia (1973)"
57926,Gleanings from the Works of George Fox,"Richardson, Dorothy M. (Dorothy Miller) (1957)"
57927,The boy and his gang,"Puffer, Joseph Adams (1958)"
57935,"Vicksburg National Military Park, Mississippi","Everhart, William C. (2017)"
57949,Were You Ever a Child?,"Dell, Floyd (1969)"
57958,Index of the PG Works of Voltaire in English,"Widger, David (2021)"
57966,Index of the Project Gutenberg Works of Thackeray,"Widger, David (2021)"
57973,The Hurricane Hunters,"Tannehill, Ivan Ray (1959)"
57976,The Island of Appledore,"Meigs, Cornelia (1973)"
57989,The Sea Monarch,"Westerman, Percy F. (Percy Francis) (1959)"
58009,Russian Portraits,"Sheridan, Clare (1970)"
58034,Hawaiian Flowers,"Kuck, Loraine E. (1977)"
58035,Andrew Jackson's Hermitage,"Caldwell, Mary French (1982)"
58024,"Index of the Project Gutenberg Works of Alexandre Dumas, [père]","Widger, David (2021)"
58025,Index of the Project Gutenberg Works of Friedrich Nietzsche,"Widger, David (2021)"
58029,Index of the Project Gutenberg Works of Oliver Goldsmith,"Widger, David (2021)"
58032,Index of the Project Gutenberg Works of Gilbert K. Chesterton,"Widger, David (2021)"
58064,Index of the Project Gutenberg Works of Grant Allen,"Widger, David (2021)"
58065,Tell el Amarna and the Bible,"Pfeiffer, Charles F. (1976)"
58068,Wagner as Man & Artist,"Newman, Ernest (1959)"
58073,Secrets of Radar,"Snell, Roy J. (Roy Judson) (1959)"
58075,Index of the Project Gutenberg Works of Arnold Bennett,"Widger, David (2021)"
58076,Caliban by the Yellow Sands: A Community Masque of the Art of the Theatre,"MacKaye, Percy (1956)"
58079,Index of the Project Gutenberg Works of Madame D'Arblay (Frances Burney),"Widger, David (2021)"
58080,poems of yes and no,"Bartlett, Elizabeth (1994)"
58089,Index of the Project Gutenberg Works of Wilkie Collins,"Widger, David (2021)"
58107,For the Story Teller: Story Telling and Stories to Tell,"Bailey, Carolyn Sherwin (1961)"
58136,Conscience & Fanaticism: An Essay on Moral Values,"Pitt-Rivers, George Henry Lane Fox (1966)"
58139,Vagabonding Through Changing Germany,"Franck, Harry Alverson (1962)"
58155,The Bar-20 Three,"Mulford, Clarence Edward (1956)"
58157,Index of the Project Gutenberg Works of Charles Dickens,"Widger, David (2021)"
58158,Index of the Project Gutenberg Works of Louisa M. Alcott,"Widger, David (2021)"
58162,Index of the Project Gutenberg Works of R. D. Blackmore,"Widger, David (2021)"
58163,Index of the Project Gutenberg Works of Henry Rider Haggard,"Widger, David (2021)"
58171,Index of the Project Gutenberg Works of George William Curtis,"Widger, David (2021)"
58172,Index of the Project Gutenberg Works of Washington Irving,"Widger, David (2021)"
58181,Index of the Project Gutenberg works of Robert Louis Stevenson,"Widger, David (2021)"
58182,Index of the Project Gutenberg Works of Thomas Dixon,"Widger, David (2021)"
58195,Index of the Project Gutenberg Works of Edna Ferber,"Ferber, Edna (1968)"
58199,Index of the Project Gutenberg Works of Charlotte M. Yonge,"Widger, David (2021)"
58207,Behold this Dreamer,"Bartlett, Elizabeth (1994)"
58281,"The Burton Holmes Lectures, Volume 1 (of 10) In Ten Volumes","Holmes, Burton (1958)"
58232,The American Prisoner,"Phillpotts, Eden (1960)"
58249,Index of the Project Gutenberg Works of Henry Fielding,"Widger, David (2021)"
58250,Index of the Project Gutenberg Works of Thomas Hardy,"Widger, David (2021)"
58272,Index of the Project Gutenberg Works of Aleksandr Pushkin,"Widger, David (2021)"
58273,Index of the Project Gutenberg Works of Henry David Thoreau,"Widger, David (2021)"
58285,Girls of '64,"Knipe, Emilie Benson (1958)"
58289,Roaming Through the West Indies,"Franck, Harry Alverson (1962)"
58294,Trees You Want to Know,"Peattie, Donald Culross (1964)"
58295,One Hundred Years in Yosemite: The Story of a Great Park and Its Friends,"Russell, Carl Parcher (1967)"
58301,Index of the Project Gutenberg Works of Harriet Beecher Stowe,"Widger, David (2021)"
58302,Index of the Project Gutenberg Works of Baroness Orczy,"Widger, David (2021)"
58328,Index of the Project Gutenberg Works of Miguel de Cervantes Saavedra,"Widger, David (2021)"
58329,Index of the Project Gutenberg Works of Oscar Wilde,"Widger, David (2021)"
58336,Sea Scouts up-Channel,"Westerman, Percy F. (Percy Francis) (1959)"
58340,Tarr,"Lewis, Wyndham (1957)"
58344,Siddhartha: A Poem of India,"Hesse, Hermann (1962)"
58347,A History of Aeronautics,"Marsh, W. Lockwood (William Lockwood) (1963)"
58355,The Three Brothers,"Phillpotts, Eden (1960)"
58378,Umé San in Japan,"McDonald, Etta Blaisdell (1963)"
58379,Montessori children,"Bailey, Carolyn Sherwin (1961)"
58382,Index of the Project Gutenberg Works of Hugh Walpole,"Widger, David (2021)"
58383,Index of the Project Gutenberg Works of Anthony Trollope,"Widger, David (2021)"
58406,"The River of Life, and Other Stories","Murry, John Middleton (1957)"
58412,Ariel Dances,"Eliot, Ethel Cook (1972)"
58413,The Billiard Room Mystery,"Flynn, Brian (1958)"
58435,"Lollingdon Downs, and Other Poems, with Sonnets","Masefield, John (1967)"
58436,Multitude and Solitude,"Masefield, John (1967)"
58439,Index of the Project Gutenberg Works of Stephen Leacock,"Widger, David (2021)"
58440,Index of the Project Gutenberg Works of Amelia Barr,"Widger, David (2021)"
58473,"The Good Hope (In ""The Drama: A Quarterly Review of Dramatic Literature"")","Dukes, Ashley (1959)"
58477,Index of the Project Gutenberg Works of Herman Melville,"Widger, David (2021)"
58478,Index of the Project Gutenberg Works of Anthony Hope,"Widger, David (2021)"
58508,Index of the Project Gutenberg Works of Pelham Grenville Wodehouse,"Wodehouse, P. G. (Pelham Grenville) (1975)"
58514,The Green Tent Mystery at Sugar Creek,"Hutchens, Paul (1977)"
58524,Index of the Project Gutenberg Works of Henry Seton Merriman,"Widger, David (2021)"
58560,Index of the Project Gutenberg Works of E. W. Hornung,"Widger, David (2021)"
58561,"Rocky Mountain National Park, Colorado","Alberts, Edwin C. (Edwin Cameron) (2000)"
58572,Index of the Project Gutenberg Works of Tobias Smollett,"Widger, David (2021)"
58573,Index of the Project Gutenberg Works of Leonid Andreyev,"Widger, David (2021)"
58574,Index of the Project Gutenberg Works of Arthur Conan Doyle,"Widger, David (2021)"
58581,The Story of the Siren,"Forster, E. M. (Edward Morgan) (1970)"
58583,Index of the Project Gutenberg Works of John Stuart Mill,"Widger, David (2021)"
58584,Index of the Project Gutenberg Works of Frédéric Bastiat,"Widger, David (2021)"
58586,"Bird Houses, Baths and Feeding Shelters: How to Make and Where to Place Them","Sawyer, Edmund J. (Edmund Joseph) (1971)"
58610,"Fort Raleigh National Historic Site, North Carolina","Porter, Charles W., III (Charles Wesley) (1987)"
58611,"New Hampshire, A Poem; with Notes and Grace Notes","Frost, Robert (1963)"
58620,The Power of a Lie,"Bojer, Johan (1959)"
58622,The Briary Bush: A Novel,"Dell, Floyd (1969)"
58626,North Woods Manhunt (A Sugar Creek Gang Story),"Hutchens, Paul (1977)"
58628,Watermelon Mystery at Sugar Creek,"Hutchens, Paul (1977)"
58629,The Magic Makers and the Bramble Bush Man,"Sutton, Margaret (2001)"
58639,"Welcome, Martians!","Hunter, Evan (2005)"
58642,Whipperginny,"Graves, Robert (1985)"
58644,Index of the Project Gutenberg Works of Alexis de Tocqueville,"Widger, David (2021)"
58646,Index of the Project Gutenberg Works of Edmund Burke,"Widger, David (2021)"
58647,Index of the Project Gutenberg Works of Sir Winston Spencer Churchill,"Churchill, Winston (1965)"
58652,The German Secret Service in America 1914-1918,"Jones, John Price (1964)"
58659,Resurrection Seven,"Marlowe, Stephen (2008)"
58670,Dreamer's World,"Walton, Bryce (1988)"
58673,It Takes a Thief,"Miller, Walter M. (1996)"
58676,Index of the Project Gutenberg Works of Benjamin Franklin,"Widger, David (2021)"
58682,Infinity's Child,"De Vet, Charles V. (1997)"
58687,Index of the Project Gutenberg Works of Joel Chandler Harris,"Widger, David (2021)"
58688,Jungle in the Sky,"Marlowe, Stephen (2008)"
58696,Index of the Project Gutenberg Works of Robert G. Ingersoll,"Widger, David (2021)"
58721,Unwelcomed Visitor,"Samachson, Joseph (1980)"
58722,Index of the Project Gutenberg Works of Richard F. Burton,"Widger, David (2021)"
58725,Quickie,"Marlowe, Stephen (2008)"
58730,Miracle by Price,"Cox, Irving E., Jr. (2001)"
58733,Spatial Delivery,"Garrett, Randall (1987)"
58735,Peace,"Arkawy, Norman (2004)"
58737,Index of the Project Gutenberg Works of Charles Darwin,"Widger, David (2021)"
58739,Index of the Project Gutenberg Works of Benjamin Disraeli,"Widger, David (2021)"
58741,The House of Sleep,"Bartlett, Elizabeth (1994)"
58743,Little Boy,"Bixby, Jerome (1998)"
58747,"Holcomb, Fitz, and Peate: Three 19th Century American Telescope Makers","Multhauf, Robert P. (2004)"
58748,Escape Velocity,"Fontenay, Charles L. (2007)"
58752,The Ivory Workers of the Middle Ages,"Cust, Anna Maria Elizabeth (1959)"
58765,The Cowardly Lion of Oz,"Thompson, Ruth Plumly (1976)"
58777,Index of the Project Gutenberg Works of George Eliot,"Widger, David (2021)"
58778,Index of the Project Gutenberg Works of Francis Parkman,"Widger, David (2021)"
58784,And Gone Tomorrow,"Offutt, Andrew J. (2013)"
58790,A Cold Night for Crying,"Marlowe, Stephen (2008)"
58798,The Gun Runners,"Williams, Ralph (1959)"
58802,Community Property,"Coppel, Alfred (2004)"
58803,"The Witch-Maid, & Other Verses","Mackellar, Dorothea (1968)"
58806,Index of the Project Gutenberg Works of Frances Hodgson Burnett,"Widger, David (2021)"
58807,Index of the Project Gutenberg Works of Ambrose Bierce,"Widger, David (2021)"
58820,Whose Body? A Lord Peter Wimsey Novel,"Sayers, Dorothy L. (Dorothy Leigh) (1957)"
58824,Index of the Project Gutenberg Works of James Matthew Barrie,"Widger, David (2021)"
58825,Index of the Project Gutenberg Works of Jonathan Swift,"Widger, David (2021)"
58827,Wedding Day,"Marks, Winston K. (Winston Kinney) (1979)"
58835,Index of the Project Gutenberg Works of Jules Verne,"Widger, David (2021)"
58843,Index of the Project Gutenberg Works of Walt Whitman,"Widger, David (2021)"
58844,Index of the Project Gutenberg Works of James Whitcomb Riley,"Widger, David (2021)"
58845,Index of the Project Gutenberg Works of Alexander Pope,"Widger, David (2021)"
58866,The Murder on the Links,"Christie, Agatha (1976)"
58893,Race Riot,"Williams, Ralph (1959)"
58899,Journey Work,"Dryfoos, Dave (2003)"
58904,Index of the Project Gutenberg Works of Edgar Rice Burroughs,"Widger, David (2021)"
58905,Index of the Project Gutenberg Works of August Strindberg,"Widger, David (2021)"
58912,The Earth Quarter,"Knight, Damon (2002)"
58920,"Index of the Project Gutenberg Works of Horatio Alger, Jr.","Widger, David (2021)"
58922,"Scotts Bluff National Monument, Nebraska","Mattes, Merrill J. (1996)"
58925,Index of the Project Gutenberg Works of John Fiske,"Widger, David (2021)"
58932,A vagabond in the Caucasus,"Graham, Stephen (1975)"
58935,The causes of prostitution,"Warbasse, James Peter (1957)"
58939,The Dolphin in History,"Montagu, Ashley (1999)"
58953,Heritage,"Sackville-West, V. (Victoria) (1962)"
58960,The pathology of influenza,"Winternitz, M. C. (Milton C.) (1959)"
58974,Our Town,"Bixby, Jerome (1998)"
58991,Inhibition,"Causey, James (2003)"
58992,Modern American Poetry,"Untermeyer, Louis (1977)"
58993,Index of the Project Gutenberg Works of John Burroughs,"Widger, David (2021)"
58994,Index of the Project Gutenberg Works of Ralph Waldo Emerson,"Widger, David (2021)"
58995,Seller of the Sky,"Dryfoos, Dave (2003)"
59008,Index of the Project Gutenberg Works of Stanley J. Weyman,"Widger, David (2021)"
59009,Index of the Project Gutenberg Works of Mrs. Henry Wood,"Widger, David (2021)"
59010,"Dreamtown, U.S.A.","Kelley, Leo P. (2002)"
59011,The Last Crusade,"Smith, George H. (George Henry) (1996)"
59022,Myself When Young: Confessions,"Waugh, Alec (1981)"
59023,Index of the Project Gutenberg Works of Immanuel Kant,"Widger, David (2021)"
59024,Index of the Project Gutenberg Works of Arthur Schopenhauer,"Widger, David (2021)"
59025,Index of the Project Gutenberg Works of Lucius Annaeus Seneca,"Widger, David (2021)"
59034,The Big Leap,"Fritch, Charles E. (2012)"
59036,The York Problem,"Kastle, Herbert D. (1987)"
59048,Index of the Project Gutenberg Works of Antoine de La Salle,"Widger, David (2021)"
59049,Index of the Project Gutenberg Works of Rabelais,"Widger, David (2021)"
59054,My Two Countries,"Astor, Nancy Witcher Langhorne Astor, Viscountess (1964)"
59061,Poisonous Snakes of Kansas,"Clarke, Robert F. (Robert Francis) (2008)"
59066,My American Diary,"Sheridan, Clare (1970)"
59068,Houston: The Feast Years. An Illustrated Essay,"Fuermann, George (2001)"
59069,Young Crow Raider,"Kroll, Francis Lynde (1973)"
59070,Index of the Project Gutenberg Works of Gustave Doré,"Widger, David (2021)"
59078,"Streets, and other verses","Goldring, Douglas (1960)"
59082,The Sense of Taste,"Hollingworth, Harry L. (Harry Levi) (1956)"
59092,The Story of Man In Yellowstone,"Beal, Merrill D. (1990)"
59099,The Eureka Springs Story,"Rayburn, Otto Ernest (1960)"
59101,"The Printer in Eighteenth-Century Williamsburg An Account of His Life & Times, & of His Craft","Rouse, Parke (1997)"
59106,The Study of Plant Life,"Stopes, Marie Carmichael (1958)"
59111,Index of the Project Gutenberg Works of Lewis Carroll,"Widger, David (2021)"
59112,R.U.R. (Rossum's Universal Robots) A Fantastic Melodrama in Three Acts and an Epilogue,"Selver, Paul (1970)"
59120,The Architecture of Colonial America,"Eberlein, Harold Donaldson (1964)"
59121,"E. K. Means Is This a Title? It Is Not. It Is the Name of a Writer of Negro Stories, Who Has Made Himself So Completely the Writer of Negro Stories That His Book Needs No Title","Means, E. K. (Eldred Kurtz) (1957)"
59122,Index of the Project Gutenberg Works of Lord Byron,"Widger, David (2021)"
59123,Index of the Project Gutenberg Works of Robert Browning,"Widger, David (2021)"
59125,Aquarium,"Acton, Harold (1994)"
59141,Blow the Man Down,"Fontenay, Charles L. (2007)"
59145,Index of the Project Gutenberg Works of John Leech,"Widger, David (2021)"
59146,Index of the Project Gutenberg Works of George Cruikshank,"Widger, David (2021)"
59148,The Cyber and Justice Holmes,"Riley, Frank (1996)"
59149,The Elroom,"Sohl, Jerry (2002)"
59157,Escape Mechanism,"Fritch, Charles E. (2012)"
59160,The 3rd Party,"Holum, Lee B. (2019)"
59163,Index of the Project Gutenberg Works of Francis Bacon,"Widger, David (2021)"
59164,Index of the Project Gutenberg Works of George Gibbs,"Widger, David (2021)"
59169,"Baseball Joe Saving the League; or, Breaking Up a Great Conspiracy","Chadwick, Lester (1962)"
59174,Task Mission,"Holden, Fox B. (1973)"
59180,"Rubble and Roseleaves, and Things of That Kind","Boreham, Frank (1959)"
59194,Index of the Project Gutenberg Works of Alexander Pushkin,"Widger, David (2021)"
59195,Index of the Project Gutenberg Works of Leon Tolstoy,"Widger, David (2021)"
59196,Index of the Project Gutenberg Works of Fyodor Dostoevsky,"Widger, David (2021)"
59203,Minna and Myself,"Hecht, Ben (1964)"
59226,Index of the Project Gutenberg Works of Samuel Taylor Coleridge,"Widger, David (2021)"
59227,Index of the Project Gutenberg Works of Charlotte Perkins Gilman,"Widger, David (2021)"
59228,Index of the Project Gutenberg Works of Anatole France,"Widger, David (2021)"
59231,"Robert Curthose, Duke of Normandy","David, Charles W. (Charles Wendell) (1984)"
59234,"Obstetrical Nursing A Text-Book on the Nursing Care of the Expectant Mother, the Woman in Labor, the Young Mother and Her Baby","Van Blarcom, Carolyn Conant (1961)"
59242,Witness,"Smith, George H. (George Henry) (1996)"
59243,The Pacifists,"Fritch, Charles E. (2012)"
59252,Firth's World,"Cox, Irving E., Jr. (2001)"
59254,The Inimitable Jeeves,"Wodehouse, P. G. (Pelham Grenville) (1975)"
59259,The Outer Quiet,"Kastle, Herbert D. (1987)"
59279,Index of the Project Gutenberg Works of Alfred Lord Tennyson,"Widger, David (2021)"
59280,Index of the Project Gutenberg Works of Nathaniel Hawthorne,"Widger, David (2021)"
59281,Index of the Project Gutenberg Works of Henry Wadsworth Longfellow,"Widger, David (2021)"
59282,Buster Bear's Twins,"Burgess, Thornton W. (Thornton Waldo) (1965)"
59285,Until Life Do Us Part,"Marks, Winston K. (Winston Kinney) (1979)"
59286,The Disadvantages and Opportunities of the Colored Youth,"Ransom, Reverdy C. (Reverdy Cassius) (1959)"
59287,Freeway,"Walton, Bryce (1988)"
59288,French Painting of the 19th Century in the National Gallery of Art,"Evans, Grose (2000)"
59289,The Twilight Years,"Drussai, Kirk (1991)"
59297,Your Time is Up,"Sheldon, Walter J. (1996)"
59299,Index of the Project Gutenberg Works of Herbert Allen Giles,"Widger, David (2021)"
59300,Index of the Project Gutenberg Works of Bret Harte,"Widger, David (2021)"
59301,Index of the Project Gutenberg Works of Thomas Wentworth Higginson,"Widger, David (2021)"
59302,Pioneers,"Wells, Basil (2003)"
59304,Bright Islands,"Riley, Frank (1996)"
59314,Snowball,"Anderson, Poul (2001)"
59318,Rodent Control Aided by Emergency Conservation Work,"Young, Stanley Paul (1969)"
59323,Bleedback,"Marks, Winston K. (Winston Kinney) (1979)"
59324,Index of the Project Gutenberg Works of Lucy Maud Montgomery,"Widger, David (2021)"
59325,"Index of the Project Gutenberg Works of Marguerite, Queen of Navarre","Widger, David (2021)"
59356,The Almost-Men,"Cox, Irving E., Jr. (2001)"
59359,Index of the Project Gutenberg Works of Fergus Hume,"Widger, David (2021)"
59360,Index of the Project Gutenberg Works of George Alfred Henty,"Widger, David (2021)"
59361,Index of the Project Gutenberg Works of Aldous Huxley,"Huxley, Aldous (1963)"
59368,Juvenile Delinquent,"Ludwig, Edward W. (1990)"
59369,Murder in Black Letter,"Anderson, Poul (2001)"
59373,Catalysis,"Anderson, Poul (2001)"
59375,The Ethicators,"Marsh, Willard (1970)"
59376,The Patriot,"Fontenay, Charles L. (2007)"
59378,Carpet Beetles and Their Control,"Back, E. A. (Ernest Adna) (1959)"
59380,Building with logs,"Fickes, Clyde P. (Clyde Phillips) (1987)"
59385,The Street of Precious Pearls,"Waln, Nora (1964)"
59388,Memories of the future,"Knox, Ronald Arbuthnott (1957)"
59391,Index of the Project Gutenberg Works of Bertrand Russell,"Russell, Bertrand (1970)"
59392,Index of the Project Gutenberg Works of John Ruskin,"Widger, David (2021)"
59393,Index of the Project Gutenberg Works of Herbert Spencer,"Widger, David (2021)"
59394,The Margenes,"De Ford, Miriam Allen (1975)"
59404,The Drivers,"Ludwig, Edward W. (1990)"
59407,Index of the Project Gutenberg Works of James De Mille,"Widger, David (2021)"
59408,Index of the Project Gutenberg Works of Ralph Connor,"Widger, David (2021)"
59409,Index of the Project Gutenberg Works of Havelock Ellis,"Widger, David (2021)"
59415,To Pay the Piper,"Blish, James (1975)"
59418,The Happy Clown,"Jones, Alice Eleanor (1981)"
59426,Young Sioux Warrior,"Kroll, Francis Lynde (1973)"
59428,The Florentine Dagger: A Novel for Amateur Detectives,"Hecht, Ben (1964)"
59438,Avoidance Situation,"McConnell, James V. (1990)"
59441,Nacha Regules,"Gálvez, Manuel (1962)"
59444,William the Conqueror and the Rule of the Normans,"Stenton, F. M. (Frank Merry) (1967)"
59447,The Barbarians,"Godwin, Tom (1980)"
59458,The Earthman,"Cox, Irving E., Jr. (2001)"
59460,Index of the Project Gutenberg Works of David H. Lawrence,"Widger, David (2021)"
59461,Index of the Project Gutenberg Works of Jack London,"Widger, David (2021)"
59462,Index of the Project Gutenberg Works of Henry James,"Widger, David (2021)"
59470,Laboratory,"Bixby, Jerome (1998)"
59475,Wild Animals of North America Intimate Studies of Big and Little Creatures of the Mammal Kingdom,"Grosvenor, Gilbert Hovey (1966)"
59476,"More E. K. Means Is This a Title? It Is Not. It Is the Name of a Writer of Negro Stories, Who Has Made Himself So Completely the Writer of Negro Stories That This Second Book, Like the First, Needs No Title","Means, E. K. (Eldred Kurtz) (1957)"
59494,Night Court,"Arkawy, Norman (2004)"
59498,What Shall It Profit?,"Anderson, Poul (2001)"
59504,A Matter of Order,"Holden, Fox B. (1973)"
59507,Index of the Project Gutenberg Works of Gustave Flaubert,"Widger, David (2021)"
59508,Index of the Project Gutenberg Works of the Brothers Grimm,"Widger, David (2021)"
59509,Index of the Project Gutenberg Works of Edward Gibbon,"Widger, David (2021)"
59514,After Some Tomorrow,"Reynolds, Mack (1983)"
59515,Z,"Fontenay, Charles L. (2007)"
59527,Children of the Arctic,"Peary, Marie Ahnighito (1978)"
59535,Project Hi-Psi,"Riley, Frank (1996)"
59564,Memories of the Russian Court,"Vyrubova, Anna Aleksandrovna (1964)"
59540,Index of the Project Gutenberg Works of John McElroy,"Widger, David (2021)"
59541,Index of the Project Gutenberg Works of William J. Locke,"Widger, David (2021)"
59542,Index of the Project Gutenberg Works of George Barr McCutcheon,"Widger, David (2021)"
59545,Wrong Analogy,"Shallit, Joseph (1995)"
59555,"Poison-ivy, poison-oak and poison sumac","Crooks, D. M. (Donald Mundell) (1992)"
59556,Communication,"Fontenay, Charles L. (2007)"
59561,War Game,"Walton, Bryce (1988)"
59602,The Chasm,"Walton, Bryce (1988)"
59570,Index of the Project Gutenberg Works of Charles Bradlaugh,"Widger, David (2021)"
59571,Index of the Project Gutenberg Works of Robert Burns,"Widger, David (2021)"
59572,Index of the Project Gutenberg Works of Walter Richard Cassels,"Widger, David (2021)"
59574,"U.S.S. Cairo: The Story of a Civil War Gunboat Comprising a Narrative of Her Wartime Adventures by Virgil Carrington Jones, and an Account of Her Raising in 1964 by Harold L. Peterson","Jones, Virgil Carrington (1999)"
59575,Dearest Enemy,"Holden, Fox B. (1973)"
59581,Brain Teaser,"Godwin, Tom (1980)"
59588,The Happy Herd,"Walton, Bryce (1988)"
59591,The Lion of Poland: The Story of Paderewski,"Hume, Ruth Fox (1980)"
59603,Three Stories & Ten Poems,"Hemingway, Ernest (1961)"
59609,But the Patient Lived,"Warner, Harry (2003)"
59610,Index of the Project Gutenberg Works of George William Foote,"Widger, David (2021)"
59614,Index of the Project Gutenberg Works of Christopher Morley,"Morley, Christopher (1957)"
59615,Index of the Project Gutenberg Works of George Jacob Holyoake,"Widger, David (2021)"
59616,A Little Knowledge,"Winterbotham, R. R. (Russell Robert) (1971)"
59622,Routine for a Hornet,"Berry, Don (2001)"
59637,Index of the Project Gutenberg Works of O. Henry,"Widger, David (2021)"
59638,Index of the Project Gutenberg Works of William Le Queux,"Widger, David (2021)"
59640,The Tenants: An Episode of the '80s,"Watts, Mary S. (Mary Stanbery) (1958)"
59643,Family Tree,"Fontenay, Charles L. (2007)"
59648,The Jester,LM (Leslie Moore) (1978)
59652,Cronus of the D. F. C.,"Biggle, Lloyd, Jr. (2002)"
59653,Call Mr. Fortune,"Bailey, H. C. (Henry Christopher) (1961)"
59669,Index of the Project Gutenberg Works of Frederic Remington,"Widger, David (2021)"
59670,Index of the Project Gutenberg Works of Upton Sinclair,"Sinclair, Upton (1968)"
59671,Index of the Project Gutenberg Works of Bram Stoker,"Widger, David (2021)"
59675,"Index of the Project Gutenberg Works on Women's Suffrage Four volumes edited by Elizabeth Cady Stanton, Susan B. Anthony, and Matilda Joslyn Gage","Widger, David (2021)"
59678,Woman's work in municipalities,"Beard, Mary Ritter (1958)"
59680,Venus. To the Venus of Melos,"Dudley, Dorothy (1962)"
59693,The Old Goat,"Fontenay, Charles L. (2007)"
59703,Nor Dust Corrupt,"McConnell, James V. (1990)"
59706,Index of the Project Gutenberg Works of Stephen Crane,"Widger, David (2021)"
59707,Index of the Project Gutenberg Works of Edward Sylvester Ellis,"Widger, David (2021)"
59708,Index of the Project Gutenberg Works of Jonathan Swift,"Widger, David (2021)"
59712,The Floater,"Walton, Bryce (1988)"
59726,The Fairy Green,"Fyleman, Rose (1957)"
59728,Abbr.,"Riley, Frank (1996)"
59730,Behind the Screen,"Goldwyn, Samuel (1974)"
59737,The Common Rocks and Minerals of Missouri,"Keller, W. D. (2001)"
59739,It Takes Practice Not To Die,"Bartlett, Elizabeth (1994)"
59742,The Feather Bed,"Graves, Robert (1985)"
59747,Young Medicine Man,"Kroll, Francis Lynde (1973)"
59766,Index of the Project Gutenberg Works of Bayard Taylor,"Widger, David (2021)"
59767,Index of the Project Gutenberg Works of William Wood,"Widger, David (2021)"
59768,Index of the Project Gutenberg Works of William Butler Yeats,"Widger, David (2021)"
59770,The Plays of Roswitha,"St. John, Christopher (Christopher Marie) (1960)"
59772,Convict B 14: A Novel,"Weekes, R. K. (Rose Kirkpatrick) (1956)"
59775,Alf's Button,"Darlington, W. A. (William Aubrey) (1979)"
59777,Icebound: A Play,"Davis, Owen (1956)"
59781,"Ariel: ou, La vie de Shelley","Maurois, André (1967)"
59784,Index of the Project Gutenberg Works of Marcus Aurelius Antoninus,"Widger, David (2021)"
59785,Index of the Project Gutenberg Works of James Joyce,"Widger, David (2021)"
59786,Index of the Project Gutenberg Works of Cornelius Tacitus,"Widger, David (2021)"
59794,"The World Crisis, Volume 1 (of 6)","Churchill, Winston (1965)"
59800,Picture-Show,"Sassoon, Siegfried (1967)"
59802,Census Statistics of the Negro: A Paper,"Willcox, Walter F. (Walter Francis) (1964)"
59806,The Dragon in Shallow Waters,"Sackville-West, V. (Victoria) (1962)"
59814,Brainchild,"Slesar, Henry (2002)"
59824,Selected Poems,"Frost, Robert (1963)"
59825,A Case of Sunburn,"Fontenay, Charles L. (2007)"
59836,The Geologic Story of Glacier National Park,"Dyson, James L. (James Lindsay) (1967)"
59845,The Able McLaughlins,"Wilson, Margaret (1973)"
59854,The Cask,"Crofts, Freeman Wills (1957)"
59857,The Evening Post: A Century of Journalism,"Nevins, Allan (1971)"
59868,Harold the Klansman,"Brown, George Alfred (1961)"
59883,How to Collect and Preserve Insects,"Ross, Herbert H. (Herbert Holdsworth) (1978)"
59889,Thomas l'imposteur Histoire,"Cocteau, Jean (1963)"
59894,The Passing Throng,"Guest, Edgar A. (Edgar Albert) (1959)"
59896,Newfoundland Verse,"Pratt, E. J. (Edwin John) (1964)"
59905,Plain-chant,"Cocteau, Jean (1963)"
59913,Ferns of Hawaii National Park,"Hubbard, Douglass H. (2011)"
59914,A History of Southern Utah and Its National Parks (Revised),"Woodbury, Angus M. (Angus Munn) (1964)"
59960,The Middle of the Road: A Novel,"Gibbs, Philip (1962)"
59965,A Thousand Years Ago: A Romance of the Orient,"MacKaye, Percy (1956)"
59974,Handicaps of Childhood,"Bruce, H. Addington (Henry Addington) (1959)"
59982,The Human Element,"Kelley, Leo P. (2002)"
59993,The Restoration of the Gospel,"Smith, Joseph Fielding (1972)"
60011,Index of the Project Gutenberg Works of Maturin Murray Ballou,"Widger, David (2021)"
60012,Index of the Project Gutenberg Works of George T. Ferris,"Widger, David (2021)"
60013,Index of the Project Gutenberg Works of M. M. Mangasarian,"Widger, David (2021)"
60014,Index of the Project Gutenberg Works of Michel De Montaigne,"Widger, David (2021)"
60017,Uncle Wiggily's Automobile,"Garis, Howard Roger (1962)"
60020,Pretty Quadroon,"Fontenay, Charles L. (2007)"
60037,Clipped Wings,"Hughes, Rupert (1956)"
60046,Tatlings,"Tremayne, Sydney (1963)"
60047,Wandering in Northern China,"Franck, Harry Alverson (1962)"
60060,With Poor Immigrants to America,"Graham, Stephen (1975)"
60067,Leave it to Psmith,"Wodehouse, P. G. (Pelham Grenville) (1975)"
60070,Texas Gemstones,"King, Elbert A. (1998)"
60079,Le Grand Écart,"Cocteau, Jean (1963)"
60093,Cane,"Toomer, Jean (1967)"
60095,Croatian Tales of Long Ago,"Copeland, Fanny S. (1970)"
60096,Mr. Fortune's Practice,"Bailey, H. C. (Henry Christopher) (1961)"
60108,"The legend of the blemished king, and other poems","Cousins, James Henry (1956)"
60113,A student's history of education,"Graves, Frank Pierrepont (1956)"
60133,Young Visitor to Mars,"Elam, Richard M. (Richard Mace) (2013)"
60143,"Prairie, Peak, and Plateau: A Guide to the Geology of Colorado","Chronic, John (1996)"
60154,The Red Cross Girls in the British Trenches,"Vandercook, Margaret (1958)"
60166,The Ordeal by Fire By a Sergeant in the French Army,"Berger, Marcel (1966)"
60167,Three Plays,"Milne, A. A. (Alan Alexander) (1956)"
60196,Full Speed Ahead: Tales from the Log of a Correspondent with Our Navy,"Beston, Henry (1968)"
60197,The Attack in Trench Warfare: Impressions and Reflections of a Company Commander,"Laffargue, André (1994)"
60228,Studies in Life from Jewish Proverbs,"Elmslie, W. A. L. (William Alexander Leslie) (1965)"
60233,The Gray Shadow A Mystery Story For Boys,"Snell, Roy J. (Roy Judson) (1959)"
60234,The Geologic Story of Mount Rainier A look at the geologic past of one of America's most scenic volcanoes,"Crandell, Dwight R. (Dwight Raymond) (2009)"
60237,Poems,"Bell, Clive (1964)"
60239,Stories of the East,"Woolf, Leonard (1969)"
60244,"Larry Dexter, Reporter; Or, Strange Adventures in a Great City","Garis, Howard Roger (1962)"
60248,The Messiah of the Cylinder,"Emanuel, V. R. (Victor Rousseau) (1960)"
60256,"Birds of Heaven, and Other Stories","Manning, Clarence Augustus (1972)"
60265,The Red Cross Girls on the French Firing Line,"Vandercook, Margaret (1958)"
60271,From Newton to Einstein: Changing Conceptions of the Universe,"Harrow, Benjamin (1970)"
60273,Leave it to Doris,"Hueston, Ethel (1971)"
60275,"Bobbins of Belgium A book of Belgian lace, lace-workers, lace-schools and lace-villages","Kellogg, Charlotte (1960)"
60276,Splashing Into Society,"Barry, Iris (1969)"
60291,Bramble Bush,"Nourse, Alan Edward (1992)"
60305,The Last Brave Invader,"Fontenay, Charles L. (2007)"
60309,The Last Victory,"Godwin, Tom (1980)"
60311,Clipped Wings,"Westerman, Percy F. (Percy Francis) (1959)"
60330,A King's Daughter: A Tragedy in Verse,"Masefield, John (1967)"
60333,Selections from the Writings of Kierkegaard,"Hollander, Lee M. (Lee Milton) (1972)"
60362,Dark Windows,"Walton, Bryce (1988)"
60364,The German Fury in Belgium Experiences of a Netherland Journalist during four months with the German Army in Belgium,"Mokveld, L. (Lambertus) (1968)"
60366,"Vocabulaire, Poèmes","Cocteau, Jean (1963)"
60368,The heir: A love story,"Sackville-West, V. (Victoria) (1962)"
60393,Game preserve,"Phillips, Rog (1965)"
60396,Spring Morning,"Cornford, Frances Darwin (1960)"
60445,Jim and Wally,"Bruce, Mary Grant (1958)"
60446,Norah of Billabong,"Bruce, Mary Grant (1958)"
60412,Rx,"Nourse, Alan Edward (1992)"
60413,The Stars Incline,"Judson, Jeanne (1981)"
60417,Clair de terre,"Breton, André (1966)"
60421,Security,"Walton, Bryce (1988)"
60432,The Real Tsaritsa,"Den, Lili (1963)"
60434,Learning Theory,"McConnell, James V. (1990)"
60442,Captain Peabody,"Phillips, Rog (1965)"
60443,Eddie,"Riley, Frank (1996)"
60444,From Billabong to London,"Bruce, Mary Grant (1958)"
60447,The Twins of Emu Plains,"Bruce, Mary Grant (1958)"
60456,"From Office Boy to Reporter; Or, The First Step in Journalism","Garis, Howard Roger (1962)"
60458,Midnight,"Montgomery, Rutherford G. (Rutherford George) (1985)"
60460,The Raider,"Berry, Don (2001)"
60461,Teddy and the Mystery Deer,"Garis, Howard Roger (1962)"
60462,Conservation,"Fontenay, Charles L. (2007)"
60467,A Question of Identity,"Riley, Frank (1996)"
60469,"The Hundred, and Other Stories","Brownell, Gertrude Hall (1961)"
60483,Antic Hay,"Huxley, Aldous (1963)"
60496,Whom the Gods Destroyed,"Bacon, Josephine Daskam (1961)"
60507,The Super Opener,"Zuroy, Michael (2007)"
60521,Short Snorter,"Einstein, Charles (2007)"
60523,The Torch-Bearers: A Satirical Comedy in Three Acts,"Kelly, George (1974)"
60545,The Used People Lot,"Fang, Irving E. (2016)"
60546,Thirteen years at the Russian court (a personal record of the last years and death of the Czar Nicholas II. and his family),"Gilliard, Pierre (1962)"
60548,Specimen,"De Vet, Charles V. (1997)"
60568,The Fishdollar Affair,"McKenna, Richard (1964)"
60570,Court Life From Within,"Eulalia, Infanta of Spain (1958)"
60587,Shandy,"Goulart, Ron (2022)"
60591,Man Alone,"Berry, Don (2001)"
60595,Half Around Pluto,"Wellman, Manly Wade (1986)"
60599,Women of Belgium: Turning Tragedy to Triumph,"Kellogg, Charlotte (1960)"
60600,Forty-Five Years of Digitizing Ebooks: Project Gutenberg's Practices,"Newby, Gregory B. (2025)"
60606,"The Glebe 1913/09 (Vol. 1, No. 1): Songs, Sighs and Curses","Kreymborg, Alfred (1966)"
60608,Satellite Passage,"Thomas, Theodore L. (2005)"
60611,The Teenie Weenies in the Wildwood,"Donahey, William (1970)"
60614,Rat in the Skull,"Phillips, Rog (1965)"
60621,Boys' Make-at-Home Things,"Bailey, Carolyn Sherwin (1961)"
60625,Uncle Wiggily's Story Book,"Garis, Howard Roger (1962)"
60627,The village in the jungle,"Woolf, Leonard (1969)"
60640,The Wind People,"Bradley, Marion Zimmer (1999)"
60649,In the Jag-Whiffing Service,"Bunch, David R. (2000)"
60653,Car Pool,"Brown, Rosel George (1967)"
60654,Love and Moondogs,"McKenna, Richard (1964)"
60658,Old Houses in Holland,"Jones, Sydney R. (Sydney Robert) (1966)"
60695,The Night of Hoggy Darn,"McKenna, Richard (1964)"
60664,Pipe Dream,"Leiber, Fritz (1992)"
60671,The Last Days of L.A.,"Smith, George H. (George Henry) (1996)"
60682,The Good Work,"Thomas, Theodore L. (2005)"
60683,Baker's Dozens,"Harmon, Jim (2010)"
60685,Downstream,"Siwertz, Sigfrid (1970)"
60693,Growing Season,"Wallace, F. L. (Floyd L.) (2004)"
60694,Virgin Ground,"Brown, Rosel George (1967)"
60698,Bargain Basement,"Fontenay, Charles L. (2007)"
60710,The Geology of Groton State Forest,"Christman, Robert A. (Robert Adam) (2012)"
60713,Counterweight,"Sohl, Jerry (2002)"
60717,Practical school discipline,"Beery, Ray Coppock (1979)"
60725,Not Snow Nor Rain,"De Ford, Miriam Allen (1975)"
60726,Summer Guests,"Schmitz, James H. (1981)"
60732,"Industries and Inventions of the Shakers: Shaker Music, a Brief History","Lindsay, Bertha (1990)"
60737,To Each His Own,"Sharkey, Jack (1992)"
60743,Cultural Exchange,"Bone, Jesse F. (Jesse Franklin) (2006)"
60745,The Autumn After Next,"St. Clair, Margaret (1995)"
60747,The Little Red Bag,"Sohl, Jerry (2002)"
60756,Whitman Mission National Historic Site,"Thompson, Erwin N. (1998)"
60761,The Good Seed,"Reynolds, Mack (1983)"
60771,The Poet Assassinated,"Josephson, Matthew (1978)"
60776,The Transformation of Philip Jettan,"Heyer, Georgette (1974)"
60792,Adam & Eve & Pinch Me,"Coppard, A. E. (Alfred Edgar) (1957)"
60799,Ignatz,"Goulart, Ron (2022)"
60809,Gravy Train,"Galouye, Daniel F. (1976)"
60839,A Pride of Islands,"MacApp, C. C. (1971)"
60814,Bohemian (Cech) Bibliography A finding list of writings in English relating to Bohemia and the Cechs,"Čapek, Anna V. (Anna Vostrovský) (1956)"
60829,The Upside-Down Captain,"Harmon, Jim (2010)"
60837,Matchmaker,"Fontenay, Charles L. (2007)"
60846,A Great Day for the Irish,"Hopf, Alice L. (Alice Lightner) (1988)"
60854,"The Jeffersonians, 1801-1829","Morris, Richard B. (Richard Brandon) (1989)"
60855,The Westward Movement 1832-1889,"Morris, Richard B. (Richard Brandon) (1989)"
60859,The Coming of Lugh: A Celtic Wonder-Tale Retold,"Young, Ella (1956)"
60863,La Danse de Sophocle: Poèmes,"Cocteau, Jean (1963)"
60866,On the Margin: Notes and Essays,"Huxley, Aldous (1963)"
60871,Heel,"Farmer, Philip José (2009)"
60881,The Last Trespasser,"Harmon, Jim (2010)"
60904,A Book,"Barnes, Djuna (1982)"
60913,A Matter of Taste,"Stecher, L. J., Jr. (1988)"
60922,Murder Beneath the Polar Ice,"Howard, Hayden (2014)"
60923,The Rainbow Cat,"Fyleman, Rose (1957)"
60926,Captains of Harley: A School Story,"Cleaver, Hylton (1961)"
60928,The Contact Point,"Sharkey, Jack (1992)"
60940,McGonigal's Worm,"Lafferty, R. A. (2002)"
60941,Jack Straw in Mexico: How the Engineers Defended the Great Hydro-Electric Plant,"Crump, Irving (1979)"
60944,Ralph 124C 41+: A Romance of the Year 2660,"Gernsback, Hugo (1967)"
60946,Mindsnake,"Harmon, Jim (2010)"
60947,A Tourist Named Death,"Anvil, Christopher (2009)"
60955,The Polite People of Pudibundia,"Lafferty, R. A. (2002)"
60977,The Girl Scouts at Singing Sands,"Wirt, Mildred A. (Mildred Augustine) (2002)"
60995,February Strawberries,"Harmon, Jim (2010)"
61007,In the Garden,"Lafferty, R. A. (2002)"
61016,"The Black Dog, and Other Stories","Coppard, A. E. (Alfred Edgar) (1957)"
61045,A Montessori Mother,"Fisher, Dorothy Canfield (1958)"
61048,The Girls from Fieu Dayol,"Young, Robert F. (1986)"
61050,Lorelei,"De Vet, Charles V. (1997)"
61052,Spawning Ground,"Del Rey, Lester (1993)"
61053,Tolliver's Orbit,"Fyfe, H. B. (Horace Bowne) (1997)"
61054,The Flying Tuskers of K'niik-K'naak,"Sharkey, Jack (1992)"
61061,Og—Son of Fire,"Crump, Irving (1979)"
61077,The King of Elfland's Daughter,"Dunsany, Lord (1957)"
61082,Neddie and Beckie Stubtail (Two Nice Bears) Bedtime Stories,"Garis, Howard Roger (1962)"
61083,"The Assault on Mount Everest, 1922","Finch, George Ingle (1970)"
61085,In our time,"Hemingway, Ernest (1961)"
61090,Call Him Nemesis,"Westlake, Donald E. (2008)"
61097,The Frozen Planet,"Laumer, Keith (1993)"
61102,The Valley of Squinting Windows,"MacNamara, Brinsley (1963)"
61116,Pharos and Pharillon,"Forster, E. M. (Edward Morgan) (1970)"
61119,Dangerous Quarry,"Harmon, Jim (2010)"
61120,"The Legend of Monte della Sibilla; or, Le paradis de la reine Sibille","Bell, Clive (1964)"
61128,Seven-Day Terror,"Lafferty, R. A. (2002)"
61139,The Madman From Earth,"Laumer, Keith (1993)"
61146,Retief of the Red-Tape Mountain,"Laumer, Keith (1993)"
61147,The Day of Glory,"Fisher, Dorothy Canfield (1958)"
61149,"Further E. K. Means Is This a Title? It Is Not. It Is the Name of a Writer of Negro Stories, Who Has Made Himself So Completely the Writer of Negro Stories That This Third Book, Like the First and Second, Needs No Title","Means, E. K. (Eldred Kurtz) (1957)"
61160,Par la faute de M. de Balzac,"Maurois, André (1967)"
61167,It's Fun to Sew with a Sewing Machine,"Struefert, Hildegarde (2009)"
61168,The Man in the Brown Suit,"Christie, Agatha (1976)"
61171,The Expendables,"Harmon, Jim (2010)"
61183,Weeds,"Baroja, Pío (1956)"
61186,Gramp,"De Vet, Charles V. (1997)"
61187,All That Earthly Remains,"MacApp, C. C. (1971)"
61198,Aide Memoire,"Laumer, Keith (1993)"
61201,Weeds,"Kelley, Edith Summers (1956)"
61204,The Recruit,"Walton, Bryce (1988)"
61210,This Way to Christmas,"Sawyer, Ruth (1970)"
61213,The 64-Square Madhouse,"Leiber, Fritz (1992)"
61221,A passage to India,"Forster, E. M. (Edward Morgan) (1970)"
61228,The Big Headache,"Harmon, Jim (2010)"
61242,The Winning of the Moon,"Neville, Kris (1980)"
61243,The Snowbank Orbit,"Leiber, Fritz (1992)"
61260,It's Fun to Sew Aprons and Skirts,"Johnson, Theta (2005)"
61261,It's Fun to Sew a Cotton School Dress,"Johnson, Theta (2005)"
61262,Poirot Investigates,"Christie, Agatha (1976)"
61263,Cultural Exchange,"Laumer, Keith (1993)"
61265,The Outlaws of Cave-in-Rock Historical Accounts of the Famous Highwaymen and River Pirates,"Rothert, Otto A. (1956)"
61278,Too Many Eggs,"Neville, Kris (1980)"
61281,Heliogabalus: A Buffoonery in Three Acts,"Mencken, H. L. (Henry Louis) (1956)"
61285,The Desert and the Stars,"Laumer, Keith (1993)"
61286,Selected Poems,"Masefield, John (1967)"
61294,"The Cruise of the Little Dipper, and Other Fairy Tales","Langer, Susanne K. (Susanne Katherina Knauth) (1985)"
61303,Magnetation Methods of Birth Control,"Sanger, Margaret (1966)"
61309,Road Stop,"Mason, David (1974)"
61319,"Introduction to our bird friends, volume 1","Carson, L. B. (Lenwood Ballard) (1968)"
61332,This Way to the Egress,"Fetler, Andrew (2017)"
61333,The Shipshape Miracle,"Simak, Clifford D. (1988)"
61341,Measure Your Mind: The Mentimeter and How to Use It,"Trabue, Marion Rex (1972)"
61353,Saline Solution,"Laumer, Keith (1993)"
61360,Witch of the Glens,"Watson, Sally (2022)"
61364,Crystallizing Public Opinion,"Bernays, Edward L. (1995)"
61368,Argonaut and Juggernaut,"Sitwell, Osbert (1969)"
61369,Out of the Flame,"Sitwell, Osbert (1969)"
61371,Captain of the Kali,"Wright, Gary (2004)"
61373,Les Bourgeois de Witzheim,"Maurois, André (1967)"
61380,The Five Hells of Orion,"Pohl, Frederik (2013)"
61389,"Die, Shadow!","Budrys, Algis (2008)"
61395,Streets of Night,"Dos Passos, John (1970)"
61412,The Course of Logic,"Del Rey, Lester (1993)"
61420,"'And So Ad Infinitum' (The Life of the Insects) An Entomological Review, in Three Acts, a Prologue and an Epilogue","Bax, Clifford (1962)"
61428,With Lawrence in Arabia,"Thomas, Lowell (1981)"
61430,Manners and Customs of the Thrid,"Leinster, Murray (1975)"
61433,Mammals of Mount McKinley National Park,"Murie, Adolph (1974)"
61434,Mightiest Qorn,"Laumer, Keith (1993)"
61449,Persephone of Eleusis: A Romance of Ancient Greece,"Harris, Clare Winger (1968)"
61459,The Governor of Glave,"Laumer, Keith (1993)"
61481,Silence is—Deadly,"Shurtleff, Bertrand (1967)"
61495,Dutch Methods of Birth Control,"Sanger, Margaret (1966)"
61497,The Eagles Gather,"Kelleam, Joseph E. (Joseph Everidge) (1975)"
61504,Forever is Not So Long,"Reeds, F. Anton (1970)"
61505,Sappho and her influence,"Robinson, David M. (David Moore) (1958)"
61507,Ukridge,"Wodehouse, P. G. (Pelham Grenville) (1975)"
61509,The Green World,"Clement, Hal (2003)"
61517,Bread and Circuses,"Eden, Helen Parry (1960)"
61540,Robinc,"Boucher, Anthony (1968)"
61549,Knock at a Venture,"Phillpotts, Eden (1960)"
61551,The Push of a Finger,"Bester, Alfred (1987)"
61553,Rootabaga pigeons,"Sandburg, Carl (1967)"
61564,Attitude,"Clement, Hal (2003)"
61582,Flaming Youth,"Adams, Samuel Hopkins (1958)"
61593,Arabic Thought and Its Place in History,"O'Leary, De Lacy (1957)"
61595,"Jack Straw, Lighthouse Builder","Crump, Irving (1979)"
61596,The Aeneid of Virgil,"Humphries, Rolfe (1969)"
61620,The mark of Zorro,"McCulley, Johnston (1958)"
61622,The Discovery of Radium Address by Madame M. Curie at Vassar College,"Carter, Edna (1963)"
61625,"Fiction Writers on Fiction Writing Advice, opinions and a statement of their own working methods by more than one hundred authors","Hoffman, Arthur Sullivant (1966)"
61630,Lantern Marsh,"Cornell, Beaumont Sandfield (1958)"
61637,Debate on birth control. Margaret Sanger and Winter Russell,"Sanger, Margaret (1966)"
61643,The book of topiary,"Curtis, Charles H. (1958)"
61645,New York: Confidential!,"Mortimer, Lee (1963)"
61671,"Uncle Wiggily on The Flying Rug; Or, The Great Adventure on a Windy March Day","Garis, Howard Roger (1962)"
61681,Grampa in Oz,"Thompson, Ruth Plumly (1976)"
61685,Home Fun,"Bullivant, Cecil Henry (1981)"
61686,So Big,"Ferber, Edna (1968)"
61690,Saints in Sussex,"Kaye-Smith, Sheila (1956)"
61693,Hippodrome Skating Book Practical Illustrated Lessons in the Art of Figure Skating,"Oelschlager, Charlotte (1984)"
61694,Expedition to Pluto,"Pratt, Fletcher (1956)"
61695,"Uncle Wiggily and the Pirates; Or, How the Enemy Craft of Pirate Fox was Sunk","Garis, Howard Roger (1962)"
61696,Martian Terror,"Repp, Ed Earl (1979)"
61698,The Girl from Infinite Smallness,"Cummings, Ray (1957)"
61707,Dictator of Time,"Bond, Nelson S. (2006)"
61717,The Space Flame,"Phillips, Alexander M. (Alexander Moore) (1991)"
61721,The Man Who Killed the World,"Cummings, Ray (1957)"
61735,"Uncle Wiggily Goes Swimming; Or, How the Frog Boys Surprised the Fox","Garis, Howard Roger (1962)"
61741,A Voice from the South By a Black Woman of the South,"Cooper, Anna J. (Anna Julia) (1964)"
61744,The Tantalus Death,"Rocklynne, Ross (1988)"
61773,Sewerage and Sewage Treatment,"Babbitt, Harold E. (Harold Eaton) (1970)"
61781,Star Pirate,"Kummer, Frederic Arnold (1990)"
61783,Paradoxes and Problemes With two characters and an essay of valour. Now for the first time reprinted from the editions of 1633 and 1652 with one additional probleme.,"Keynes, Geoffrey (1982)"
61787,Seeing Lincoln,"Longman, Anne (1974)"
61791,The Arab conquests in Central Asia,"Gibb, H. A. R. (Hamilton Alexander Rosskeen) (1971)"
61792,Olympic Victor Monuments and Greek Athletic Art,"Hyde, Walter Woodburn (1966)"
61794,Buccaneer of the Star Seas,"Repp, Ed Earl (1979)"
61797,The Planet That Time Forgot,"Wollheim, Donald A. (1990)"
61805,Goddess of the Moon,"Reynolds, John Murray (1993)"
61806,"When the Word is Given... A Report on Elijah Muhammad, Malcolm X, and the Black Muslim World","Lomax, Louis E. (1970)"
61810,Revolt in the Ice Empire,"Cummings, Ray (1957)"
61811,Quest on Io,"Williams, Robert Moore (1977)"
61813,Folklore of Wells: Being a Study of Water-Worship in East and West,"Masani, Rustom Pestonji (1966)"
61818,On Being Negro in America,"Redding, J. Saunders (Jay Saunders) (1988)"
61826,Beyond Light,"Bond, Nelson S. (2006)"
61842,The Castaway,"Bond, Nelson S. (2006)"
61843,Exit From Asteroid 60,"James, D. L. (Daniel Lewis) (1988)"
61844,The Stellar Legion,"Brackett, Leigh (1978)"
61845,Space-Liner X-87,"Cummings, Ray (1957)"
61852,Kittens and Cats: A First Reader,"Grover, Eulalie Osgood (1958)"
61855,Phantom of the Seven Stars,"Cummings, Ray (1957)"
61858,Revolt on Io,"Bond, Nelson S. (2006)"
61859,The Ultimate Salient,"Bond, Nelson S. (2006)"
61869,Satellite of Fear,"Kummer, Frederic Arnold (1990)"
61870,The Monster That Threatened the Universe,"Winterbotham, R. R. (Russell Robert) (1971)"
61884,The War-Nymphs of Venus,"Cummings, Ray (1957)"
61888,"Chinook, the Cinnamon Cub","Chaffee, Allen (1985)"
61925,Challenge,"Sackville-West, V. (Victoria) (1962)"
61890,The Dragon-Queen of Jupiter,"Brackett, Leigh (1978)"
61895,Space-Wolf,"Cummings, Ray (1957)"
61899,The Pirate Submarine,"Westerman, Percy F. (Percy Francis) (1959)"
61904,World of Mockery,"Moskowitz, Sam (1997)"
61907,Genesis!,"Winterbotham, R. R. (Russell Robert) (1971)"
61909,History of the Ordinance of 1787 and the Old Northwest Territory A Supplemental Text for School Use,"Lindley, Harlow (1959)"
61919,Dead Man's Planet,"Winterbotham, R. R. (Russell Robert) (1971)"
61963,We,"Zilboorg, Gregory (1959)"
61927,Invaders of the Forbidden Moon,"Gallun, Raymond Z. (Raymond Zinke) (1994)"
61943,The Victory of Klon,"Peacock, Wilbur S. (1979)"
61950,Proktols of Neptune,"Hasse, Henry (1977)"
61951,The Raiders of Saturn's Ring,"Gallun, Raymond Z. (Raymond Zinke) (1994)"
61958,Sargasso of the Stars,"Kummer, Frederic Arnold (1990)"
61967,The Star of Satan,"Hasse, Henry (1977)"
61968,The Ballad of Blaster Bill,"Bond, Nelson S. (2006)"
61976,"""Shadrach""","Bond, Nelson S. (2006)"
61978,War-Gods of the Void,"Kuttner, Henry (1958)"
61984,Sylvia: A Novel,"Sinclair, Upton (1968)"
61986,Greek vase-painting (Griechische Vasenmalerei),"Buschor, Ernst (1961)"
61987,Virginia's Adventure Club,"North, Grace May (1960)"
62026,A Yankee Girl at Antietam,"Curtis, Alice Turner (1958)"
62028,The Soul of Ann Rutledge: Abraham Lincoln's Romance,"Babcock, Bernie (1962)"
62034,The Mercurian,"Long, Frank Belknap (1994)"
62035,A Planet for Your Thoughts,"Norman, James (1983)"
62037,Child of the Sun,"Brackett, Leigh (1978)"
62039,The Lorelei Death,"Bond, Nelson S. (2006)"
62040,Monster of the Asteroid,"Cummings, Ray (1957)"
62042,Thief of Mars,"Hasse, Henry (1977)"
62053,The Geology of Mt. Mansfield State Forest,"Christman, Robert A. (Robert Adam) (2012)"
62075,Gods of Space,"Cummings, Ray (1957)"
62076,The Thing of Venus,"Peacock, Wilbur S. (1979)"
62078,Queen of the Blue World,"Wells, Basil (2003)"
62085,Pied Piper of Mars,"Kummer, Frederic Arnold (1990)"
62093,Rick and Ruddy Out West,"Garis, Howard Roger (1962)"
62096,The Ballad of Venus Nell,"Bond, Nelson S. (2006)"
62097,The Last Martian,"Van Houten, Ray (1963)"
62109,The Star Mouse,"Brown, Fredric (1972)"
62119,Come Hither: A Collection of Rhymes and Poems for the Young of All Ages,"De la Mare, Walter (1956)"
62123,The Sworn Brothers: A Tale of the Early Days of Iceland,"Gunnarsson, Gunnar (1975)"
62129,A History of Story-telling: Studies in the development of narrative,"Ransome, Arthur (1967)"
62137,Venus Enslaved,"Wellman, Manly Wade (1986)"
62139,Captain Chaos,"Bond, Nelson S. (2006)"
62146,"The Janitor's Boy, and Other Poems","Crane, Nathalia (1998)"
62147,Au temps de l'innocence,"Saint-René Taillandier, Madeleine Marie Louise Chevrillon (1959)"
62151,Adele Doring of the Sunnyside Club,"North, Grace May (1960)"
62168,Asteroid of the Damned,"Pohl, Frederik (2013)"
62169,The Cosmic Derelict,"Broome, John (1999)"
62170,The Star-Master,"Cummings, Ray (1957)"
62171,Out of This World,"Hasse, Henry (1977)"
62186,Space Oasis,"Gallun, Raymond Z. (Raymond Zinke) (1994)"
62191,Hong Kong,"Gleason, Gene (1987)"
62198,Quest of Thig,"Wells, Basil (2003)"
62199,The Thought-Men of Mercury,"Winterbotham, R. R. (Russell Robert) (1971)"
62212,Prison Planet,"Tucker, Wilson (2006)"
62218,City of the Living Flame,"Hasse, Henry (1977)"
62241,Peril of the Blue World,"Abernathy, Robert (1990)"
62244,Galactic Ghost,"Kubilius, Walter (1993)"
62246,Colossus of Chaos,"Bond, Nelson S. (2006)"
62249,Outpost on Io,"Brackett, Leigh (1978)"
62253,Star of Panadur,"dePina, Albert (1957)"
62260,Trouble on Tycho,"Bond, Nelson S. (2006)"
62261,Planet of No-Return,"Peacock, Wilbur S. (1979)"
62263,Colorado Wild Flowers,"Roberts, Harold DeWitt (1956)"
62295,Mary Lee,"Dennis, Geoffrey (1963)"
62267,The Man From Siykul,"Wilson, Richard (1987)"
62285,"The Art and the Romance of Indian Basketry Clark Field Collection, Philbrook Art Center, Tulsa, 1964","Field, Clark (1971)"
62286,Kachina Dolls,"Hunt, W. Ben (Walter Ben) (1970)"
62304,Black'erchief Dick,"Allingham, Margery (1966)"
62313,Oridin's Formula,"Winterbotham, R. R. (Russell Robert) (1971)"
62314,Stranger From Space,"Bok, Hannes (1964)"
62316,Citadel of Lost Ships,"Brackett, Leigh (1978)"
62319,Cosmic Castaway,"Jacobi, Carl (1997)"
62321,The Flame Breathers,"Cummings, Ray (1957)"
62324,Grifters' Asteroid,"Gold, H. L. (Horace Leonard) (1996)"
62325,Menace of the Mists,"Gold, H. L. (Horace Leonard) (1996)"
62328,The Dream Coach,"Parrish, Anne (1957)"
62348,Assignment on Venus,"Jacobi, Carl (1997)"
62349,The Blue Behemoth,"Brackett, Leigh (1978)"
62350,Mutiny in the Void,"Tanner, Charles R. (1974)"
62351,Revenge of the Vera,"Hasse, Henry (1977)"
62357,Message From Mars,"Simak, Clifford D. (1988)"
62360,Adele Doring at Boarding School,"North, Grace May (1960)"
62377,Alcatraz of the Starways,"dePina, Albert (1957)"
62382,Thralls of the Endless Night,"Brackett, Leigh (1978)"
62385,Clorinda Walks in Heaven,"Coppard, A. E. (Alfred Edgar) (1957)"
62395,Phantom Out of Time,"Bond, Nelson S. (2006)"
62413,"""Downright Fighting"": The Story of Cowpens","Fleming, Thomas J. (2017)"
62416,Juggernaut of Space,"Cummings, Ray (1957)"
62429,Epidemic Respiratory Disease The pneumonias and other infections of the repiratory tract accompanying influenza and measles,"Opie, Eugene L. (Eugene Lindsay) (1971)"
62431,"Etruscan Tomb Paintings, Their Subjects and Significance","Andersen, Ingeborg (1960)"
62443,Destination—Death,"Peacock, Wilbur S. (1979)"
62444,The Preservation of the Exterior of Wooden Buildings,"Gardner, Henry A. (Henry Alfred) (1973)"
62455,Guest the One-Eyed,"Gunnarsson, Gunnar (1975)"
62456,"Heliodora, and Other Poems",H. D. (Hilda Doolittle) (1961)
62476,Conspiracy on Callisto,"Pohl, Frederik (2013)"
62488,Castles of Ireland: Some Fortress Histories and Legends,"Adams, Constance Louisa (1959)"
62490,"Introduction to our bird friends, volume 2","Carson, L. B. (Lenwood Ballard) (1968)"
62497,Goose Creek Folks: A Story of the Kentucky Mountains,"Bush, Florence Lilian (1972)"
62498,Castaways of Eros,"Bond, Nelson S. (2006)"
62513,Through British Guiana to the summit of Roraima,"Clementi, Cecil, Mrs. (1970)"
62546,Prey of the Space Falcon,"Peacock, Wilbur S. (1979)"
62549,The Second Boys' Book of Model Aeroplanes,"Collins, Francis A. (Francis Arnold) (1957)"
62560,The wooden Pegasus,"Sitwell, Edith (1964)"
62569,The Monster Maker,"Bradbury, Ray (2012)"
62580,Quest's End,"Wells, Basil (2003)"
62582,The social evolution of the Black South,"Du Bois, W. E. B. (William Edward Burghardt) (1963)"
62593,Stories Pictures Tell. Book 3,"Carpenter, Flora L. (Flora Leona) (1963)"
62619,The Avenger,"Knight, Damon (2002)"
62641,The History of Badlands National Monument and the White River (Big) Badlands of South Dakota,"Mattison, Ray H. (1980)"
62642,War Prisoner Money and Medals,"Kisch, Guido (1985)"
62651,"Morristown National Historical Park, a Military Capital of the American Revolution","Weig, Melvin J. (1985)"
62653,The Ball of Fire,"Chester, Lillian (1961)"
62664,Three little lines,"Crum, Josie Moore (1972)"
62703,A Bill of Divorcement: A Play in Three Acts,"Dane, Clemence (1965)"
62707,A Furnace of Earth,"Rives, Hallie Erminie (1956)"
62709,Jonah Christmas 1917,"Huxley, Aldous (1963)"
62713,Crypt-City of the Deathless One,"Kuttner, Henry (1958)"
62714,The House of Delight,"Warner, Gertrude Chandler (1979)"
62744,"The Glebe 1913/12 (Vol. 1, No. 3): The Azure Adder","Kreymborg, Alfred (1966)"
62758,The Clean Heart,"Hutchinson, A. S. M. (Arthur Stuart-Menteth) (1971)"
62765,The Star Guardsman,"dePina, Albert (1957)"
62799,John Brown,"Du Bois, W. E. B. (William Edward Burghardt) (1963)"
62803,Chitimacha Notebook: Writings of Emile Stouff—A Chitimacha Chief,"Stouff, Emile (1978)"
62815,Ye Lyttle Salem Maide: A Story of Witchcraft,"Mackie, Pauline Bradford (1956)"
62818,"Armor and Arms An elementary handbook and guide to the collection in the City Art Museum of St. Louis, Missouri, U.S.A.","Hoopes, Thomas T. (1981)"
62820,The Fire Within,"Wentworth, Patricia (1961)"
62830,The Young Section-Hand,"Stevenson, Burton Egbert (1962)"
62831,Glaciers and Glaciation in Glacier National Park,"Dyson, James L. (James Lindsay) (1967)"
62833,Poems,"Moore, Marianne (1972)"
62880,"The Glebe 1914/01 (Vol. 1, No. 4): Love of One's Neighbor","Kreymborg, Alfred (1966)"
62864,The Huey Long Murder Case,"Deutsch, Hermann B. (Hermann Bacher) (1970)"
62867,Memories of a Hostess: A Chronicle of Eminent Friendships Drawn Chiefly from the Diaries of Mrs. James T. Fields,"Howe, M. A. De Wolfe (Mark Antony De Wolfe) (1960)"
62879,Gems in the Smithsonian Institution,"Desautels, Paul E. (1991)"
62881,The Tank Corps,"Williams-Ellis, Clough (1978)"
62884,The flowering plants of South Africa; vol. 1,"Pole Evans, I. B. (Illtyd Buller) (1968)"
62885,The Young Wireless Operator—With the U. S. Secret Service Winning his way in the Secret Service,"Theiss, Lewis E. (Lewis Edwin) (1963)"
62886,Satellite Communications Physics,"Foster, R. M. (Ronald Martin) (1998)"
62888,Masterpieces of Adventure—Stories of the Sea and Sky,"Braddy, Nella (1973)"
62900,"Opus 21 Descriptive Music for the Lower Kinsey Epoch of the Atomic Age, a Concerto for a One-man Band, Six Arias for Soap Operas, Fugues, Anthems & Barrelhouse","Wylie, Philip (1971)"
62914,The Wireless Operator—With the U. S. Coast Guard,"Theiss, Lewis E. (Lewis Edwin) (1963)"
62915,And the Gods Laughed,"Brown, Fredric (1972)"
62917,Tommy Remington's Battle,"Stevenson, Burton Egbert (1962)"
62928,Child Whispers,"Blyton, Enid (1968)"
62942,Modern Short Stories: A Book for High Schools,"Law, Frederick Houk (1957)"
62950,The Timber Treasure,"Pollock, Frank Lillie (1957)"
62963,The Astonishing Adventure of Jane Smith,"Wentworth, Patricia (1961)"
62964,The Peacock Feather: A Romance,LM (Leslie Moore) (1978)
62967,Revolving lights,"Richardson, Dorothy M. (Dorothy Miller) (1957)"
62979,The Ivory Tower,"Lubbock, Percy (1965)"
62996,The Jewel of Bas,"Brackett, Leigh (1978)"
62997,Saboteur of Space,"Abernathy, Robert (1990)"
63013,War Gardens: A Pocket Guide for Home Vegetable Growers,"Free, Montague (1965)"
63014,Masterpieces of Adventure—Stories of Desert Places,"Braddy, Nella (1973)"
63015,Masterpieces of Adventure—Oriental Stories,"Braddy, Nella (1973)"
63016,Masterpieces of Adventure—Adventures within Walls,"Braddy, Nella (1973)"
63017,Dress and Look Slender,"Wells, Jane Warren (1981)"
63032,One Against the Stars,"Garson, Bill (2000)"
63041,Morgue Ship,"Bradbury, Ray (2012)"
63045,Aunt Olive in Bohemia,LM (Leslie Moore) (1978)
63046,Mr. Meek—Musketeer,"Simak, Clifford D. (1988)"
63048,Wanderers of the Wolf-Moon,"Bond, Nelson S. (2006)"
63062,Terror Out of Space,"Brackett, Leigh (1978)"
63072,Smoke of the .45,"Drago, Harry Sinclair (1979)"
63077,How To Build A 20-Foot Bi-Plane Glider,"Morgan, Alfred Powell (1972)"
63085,The Music of Spain,"Van Vechten, Carl (1964)"
63090,Everyday Americans,"Canby, Henry Seidel (1961)"
63091,The Craft of Athenian Pottery An Investigation of the Technique of Black-Figured and Red-Figured Athenian Vases,"Richter, Gisela M. A. (Gisela Marie Augusta) (1972)"
63097,Warrior of Two Worlds,"Wellman, Manly Wade (1986)"
63099,The Radio Boys in Darkest Africa,"Breckenridge, Gerald (1964)"
63109,Doctor Universe,"Jacobi, Carl (1997)"
63114,Stories Pictures Tell. Book 5,"Carpenter, Flora L. (Flora Leona) (1963)"
63123,The Eyes of Thar,"Kuttner, Henry (1958)"
63125,"The Glebe 1914/03 (Vol. 1, No. 6): Erna Vitek","Kreymborg, Alfred (1966)"
63130,Mr. Meek Plays Polo,"Simak, Clifford D. (1988)"
63132,"The Problem of the Rupee, Its Origin and Its Solution","Ambedkar, B. R. (Bhimrao Ramji) (1956)"
63134,Minions of the Crystal Sphere,"dePina, Albert (1957)"
63144,Rêverie de Nouvel An,"Sauvage, Marcel (1988)"
63152,Sir George Arthur and His Administration of Upper Canada,"Sage, W. N. (Walter Noble) (1963)"
63153,Morning in the West: A Book of Verse,"Hale, Katherine (1956)"
63154,"The New Joan, and Other Poems","Hale, Katherine (1956)"
63155,"The White Comrade, and Other Poems","Hale, Katherine (1956)"
63159,Treasure of the Brasada,"Savage, Les (1958)"
63166,Growing Crimson Clover,"Kephart, L. W. (Leonard Wheeler) (1988)"
63171,Stories Pictures Tell. Book 7,"Carpenter, Flora L. (Flora Leona) (1963)"
63188,The Critic and the Drama,"Nathan, George Jean (1958)"
63189,Highwayman of the Void,"Pohl, Frederik (2013)"
63199,Stories Pictures Tell. Book 6,"Carpenter, Flora L. (Flora Leona) (1963)"
63207,The Boy Electrician,"Morgan, Alfred Powell (1972)"
63217,Discovery at Aspen,"Ruskay, Sophie (Sophie Z. Liebowitz) (1980)"
63226,Flytraps and Their Operation [1921],"Bishopp, F. C. (Fred Corry) (1970)"
63227,Flytraps and Their Operation [1930],"Bishopp, F. C. (Fred Corry) (1970)"
63230,Two Stories,"Woolf, Leonard (1969)"
63231,Castes In India,"Ambedkar, B. R. (Bhimrao Ramji) (1956)"
63233,"China's Revolution, 1911-1912: A Historical and Political Record of the Civil War","Dingle, Edwin John (1972)"
63442,Double Trouble,"Jacobi, Carl (1997)"
63265,Anthology of Magazine Verse for 1913,"Braithwaite, William Stanley (1962)"
63271,"Ni ange, ni bête","Maurois, André (1967)"
63278,Stories Pictures Tell. Book 8,"Carpenter, Flora L. (Flora Leona) (1963)"
63281,"The Glebe 1914/04 (Vol. 2, No. 1): Collects","Kreymborg, Alfred (1966)"
63284,La tentatrice,"Carayon, Jean (1987)"
63287,I'd Like to Do It Again,"Davis, Owen (1956)"
63293,The Fasting Cure,"Sinclair, Upton (1968)"
63304,Double-Cross,"Pohl, Frederik (2013)"
63307,The Untamed: Range Life in the Southwest,"Pattullo, George (1967)"
63309,Chimera World,"Peacock, Wilbur S. (1979)"
63313,Neurosyphilis,"Solomon, Harry C. (Harry Caesar) (1982)"
63321,Mr. Waddy's Return,"Stevenson, Burton Egbert (1962)"
63332,Boche and Bolshevik Experiences of an Englishman in the German Army and in Russian Prisons,"Price, Hereward Thimbleby (1964)"
63334,Ireland in Travail,"Loch, Joice NanKivell (1982)"
63345,Lessons in Wireless Telegraphy,"Morgan, Alfred Powell (1972)"
63369,The Sense of the Past,"Lubbock, Percy (1965)"
63372,"Einstein's Theories of Relativity and Gravitation A selection of material from the essays submitted in the competition for the Eugene Higgins prize of $5,000","Bird, J. Malcolm (James Malcolm) (1964)"
63377,Henry James at Work,"Bosanquet, Theodora (1961)"
63391,A Short History of the Fatimid Khalifate,"O'Leary, De Lacy (1957)"
63392,Doorway to Kal-Jmar,"Knight, Damon (2002)"
63398,The Hairy Ones,"Wells, Basil (2003)"
63399,"The Glebe 1914/09 (Vol. 2, No. 2): Poems","Cronyn, George W. (George William) (1969)"
63400,These are the British,"Middleton, Drew (1990)"
63401,The Happy Castaway,"McDowell, Robert Emmett (1975)"
63417,The Wishing-Stone Stories,"Burgess, Thornton W. (Thornton Waldo) (1965)"
63419,Death Star,"Pace, Tom (2008)"
63426,"Will Bradley, His Chap Book An account, in the words of the dean of American typographers, of his graphic arts adventures ...","Bradley, Will (1962)"
63430,Lazarus Come Forth,"Bradbury, Ray (2012)"
63448,Madame Claire,"Ertz, Susan (1985)"
63455,The Vanishing Comrade: A Mystery Story for Girls,"Eliot, Ethel Cook (1972)"
63466,The Grey Wave,"Gibbs, A. Hamilton (Arthur Hamilton) (1964)"
63469,Washington Confidential,"Mortimer, Lee (1963)"
63475,The Brides of Ool,"Cummings, Monette (1999)"
63479,The Three Lovers,"Swinnerton, Frank (1982)"
63490,The Altar of Freedom,"Rinehart, Mary Roberts (1958)"
63494,Keeper of the Deathless Sleep,"dePina, Albert (1957)"
63495,"The Natural Food of Man Being an attempt to prove from comparative anatomy, physiology, chemistry and hygiene, that the original, best and natural diet of man is fruit and nuts","Carrington, Hereward (1959)"
63501,First the Blade: A Comedy of Growth,"Dane, Clemence (1965)"
63516,The Vanishing Venusians,"Brackett, Leigh (1978)"
63521,Raiders of the Second Moon,"Wells, Basil (2003)"
63523,Coming of the Gods,"Whitehorn, Chester (1996)"
63524,The Silver Plague,"dePina, Albert (1957)"
63527,Cosmic Yo-Yo,"Rocklynne, Ross (1988)"
63530,A Tale of Old Japan,"Noyes, Alfred (1958)"
63547,Homage to John Dryden: Three Essays on Poetry of the Seventeenth Century,"Eliot, T. S. (Thomas Stearns) (1965)"
63577,Love Potions Through the Ages: A Study of Amatory Devices and Mores,"Wedeck, Harry E. (1996)"
63591,Greek Biology & Greek Medicine,"Singer, Charles (1960)"
63597,The Aeroplane in War,"Grahame-White, Claude (1959)"
63613,The Space Between,"Gilbert, Robert E. (1993)"
63614,With the Guns,"Street, Cecil J. C. (Cecil John Charles) (1964)"
63615,A Century's Progress in Astronomy,"Macpherson, Hector (1956)"
63617,The Ultimate Eve,"Effron, H. Sanford (Harold Sanford) (2022)"
63622,The black panther,"Wheelock, John Hall (1978)"
63631,"""Phone Me in Central Park""","McConnell, James V. (1990)"
63633,Out of the Iron Womb!,"Anderson, Poul (2001)"
63638,Electron Eat Electron,"Loomis, Noel M. (1969)"
63645,The Last Monster,"Fox, Gardner F. (Gardner Francis) (1986)"
63648,Defense Mech,"Bradbury, Ray (2012)"
63656,The Ultimate World,"Walton, Bryce (1988)"
63657,Venusian Invader,"Sternig, Larry (1999)"
63663,Survival,"Wells, Basil (2003)"
63675,Mutiny,"Offenbecker, Larry (2011)"
63686,Last Call From Sector 9G,"Brackett, Leigh (1978)"
63687,The Geisha Memory,"Marks, Winston K. (Winston Kinney) (1979)"
63693,Mental Radio,"Sinclair, Upton (1968)"
63694,Passage to Planet X,"Hasse, Henry (1977)"
63695,Prodigal Weapon,"Garson, Bill (2000)"
63696,The Vanisher,"Shaara, Michael (1988)"
63702,Mary Anonymous,"Walton, Bryce (1988)"
63703,Down Went McGinty,"Holden, Fox B. (1973)"
63704,Some Impressions of My Elders,"Ervine, St. John G. (St. John Greer) (1971)"
63708,Total Recall,"Sternig, Larry (1999)"
63709,Prisoner of the Brain-Mistress,"Walton, Bryce (1988)"
63715,Enter the Nebula,"Jacobi, Carl (1997)"
63719,The Louvre: Fifty Plates in Colour,"Brockwell, Maurice W. (1958)"
63721,Mirage for Planet X,"Mullen, Stanley (1974)"
63730,Books and Printing; a Treasury for Typophiles,"Bennett, Paul A. (1966)"
63741,The Galactic Ghost,"Reynolds, Mack (1983)"
63742,Sixty-Year Extension,"Nourse, Alan Edward (1992)"
63813,In His Image,"Walton, Bryce (1988)"
63757,Breath of Beelzebub,"Sternig, Larry (1999)"
63758,The Moon and the Sun,"McKimmey, James (2011)"
63759,The Brain Sinner,"Nourse, Alan Edward (1992)"
63766,Man nth,"Fox, Gardner F. (Gardner Francis) (1986)"
63775,Legend,"Dane, Clemence (1965)"
63779,The Blue Venus,"McDowell, Robert Emmett (1975)"
63782,Example,"Pace, Tom (2008)"
63783,Savage Galahad,"Walton, Bryce (1988)"
63786,Engines of the Gods,"Fox, Gardner F. (Gardner Francis) (1986)"
63790,Rosemary and Pansies,"Smith, Effie Waller (1960)"
63795,The Shadow-Gods,"Garson, Bill (2000)"
63796,What Hath Me?,"Kuttner, Henry (1958)"
63797,Dawn of the Demigods,"Gallun, Raymond Z. (Raymond Zinke) (1994)"
63799,Tepondicon,"Jacobi, Carl (1997)"
63807,The Great Green Blight,"McDowell, Robert Emmett (1975)"
63812,Grandma Perkins and the Space Pirates,"McConnell, James V. (1990)"
63817,Fog of the Forgotten,"Wells, Basil (2003)"
63818,A Half Century Among the Siamese and the Lāo: An Autobiography,"Brown, Arthur Judson (1963)"
63821,Love Among the Robots,"McDowell, Robert Emmett (1975)"
63824,The Man the Sun-Gods Made,"Fox, Gardner F. (Gardner Francis) (1986)"
63826,Spider Men of Gharr,"Peacock, Wilbur S. (1979)"
63827,Asleep in Armageddon,"Bradbury, Ray (2012)"
63833,Jinx Ship to the Rescue,"Coppel, Alfred (2004)"
63838,Time Trap,"Long, Frank Belknap (1994)"
63843,The Madcap Metalloids,"Athanas, Verne (1962)"
63847,Garden of Evil,"St. Clair, Margaret (1995)"
63855,The Starbusters,"Coppel, Alfred (2004)"
63856,S.O.S. Aphrodite!,"Mullen, Stanley (1974)"
63858,Story-Telling Ballads Selected and Arranged for Story-Telling and Reading Aloud and for the Boys' and Girls' Own Reading,"Olcott, Frances Jenkins (1963)"
63861,The Wheel is Death,"Aycock, Roger D. (2004)"
63862,Stalemate in Space,"Harness, Charles L. (2005)"
63865,His Official Fiancée,"Ruck, Berta (1978)"
63867,Captain Midas,"Coppel, Alfred (2004)"
63872,The Beast-Jewel of Mars,"Brackett, Leigh (1978)"
63874,The Creatures That Time Forgot,"Bradbury, Ray (2012)"
63875,Red Witch of Mercury,"McDowell, Robert Emmett (1975)"
63877,Never Fire First: A Canadian Northwest Mounted Story,"Dorrance, James French (1961)"
63878,Home-made Electrical Apparatus,"Morgan, Alfred Powell (1972)"
63885,The Little Monsters Come,"Cummings, Ray (1957)"
63886,The Seven Jewels of Chamar,"Jones, Raymond F. (1994)"
63888,The Great American Novel,"Williams, William Carlos (1963)"
63889,The Luminous Blonde,"Howard, Hayden (2014)"
63890,A Planet Named Joe,"Hunter, Evan (2005)"
63891,The Rhizoid Kill,"Bradley, Jack (1960)"
63897,Dread-Flame of M'Tonak,"Hasse, Henry (1977)"
63899,The Giants Return,"Abernathy, Robert (1990)"
63988,Last Night Out,"Rothman, Milton A. (2001)"
63917,Lorelei of the Red Mist,"Brackett, Leigh (1978)"
63930,The Crowded Colony,"Bixby, Jerome (1998)"
63935,The Counterplot,"Mirrlees, Hope (1978)"
63936,Strange Exodus,"Abernathy, Robert (1990)"
63942,The Man the Tech-Men Made,"Holden, Fox B. (1973)"
63944,Tiger by the Tail,"Anderson, Poul (2001)"
63949,Task to Luna,"Coppel, Alfred (2004)"
63950,Star Ship,"Anderson, Poul (2001)"
63989,Halftripper,"Reynolds, Mack (1983)"
63953,As It Was,"Payne, Paul L. (1992)"
63956,Queen of the Martian Catacombs,"Brackett, Leigh (1978)"
63960,The Rebel of Valkyr,"Coppel, Alfred (2004)"
63963,Mercy Flight,"Reynolds, Mack (1983)"
63965,Monster,"Samachson, Joseph (1980)"
63967,The Timeless Ones,"Long, Frank Belknap (1994)"
63970,Sign of Life,"Dryfoos, Dave (2003)"
63971,Vengeance on Mars!,"Bixby, Jerome (1998)"
63972,The Watchers,"Aycock, Roger D. (2004)"
63975,Tydore's Gift,"Coppel, Alfred (2004)"
63981,Grim Green World,"Aycock, Roger D. (2004)"
63982,The Conquistadors Come,"Counselman, Mary Elizabeth (1995)"
63986,The Last Laugh,"Walton, Bryce (1988)"
63987,Wreck Off Triton,"Coppel, Alfred (2004)"
63990,Palimpsest,"Aycock, Roger D. (2004)"
63993,Lord of a Thousand Suns,"Anderson, Poul (2001)"
63997,Martian Nightmare,"Walton, Bryce (1988)"
64007,The Dancers,"St. Clair, Margaret (1995)"
64009,It,"Howard, Hayden (2014)"
64010,The Android Kill,"Jakes, John (2023)"
64014,The Vanderlark,"St. Clair, Margaret (1995)"
64015,Last Call,"Walton, Bryce (1988)"
64020,The Pit of Nympthons,"Mullen, Stanley (1974)"
64022,The Virgin of Valkarion,"Anderson, Poul (2001)"
64026,Shannach—The Last,"Brackett, Leigh (1978)"
64032,Return of a Legend,"Gallun, Raymond Z. (Raymond Zinke) (1994)"
64043,Enchantress of Venus,"Brackett, Leigh (1978)"
64044,Swordsman of Lost Terra,"Anderson, Poul (2001)"
64045,The Ambassadors From Venus,"Crossen, Kendell Foster (1981)"
64046,Home-made Toy Motors A practical handbook giving detailed instructions for building simple but operative electric motors,"Morgan, Alfred Powell (1972)"
64048,Sargasso of Lost Starships,"Anderson, Poul (2001)"
64049,Witch of the Demon Seas,"Anderson, Poul (2001)"
64052,Tonight the Stars Revolt!,"Fox, Gardner F. (Gardner Francis) (1986)"
64053,Calling World-4 of Kithgol,"Fyfe, H. B. (Horace Bowne) (1997)"
64063,The Bryd,"Loomis, Noel M. (1969)"
64064,Blind Play,"Davis, Chandler (2022)"
64071,Open Invitation,"Fyfe, H. B. (Horace Bowne) (1997)"
64072,Lake of Fire,"Long, Frank Belknap (1994)"
64073,Dateline: Mars,"Wilson, Richard (1987)"
64075,Captive of the Centaurianess,"Anderson, Poul (2001)"
64109,The Christmas Reindeer,"Burgess, Thornton W. (Thornton Waldo) (1965)"
64118,Ariel: A Shelley Romance,"Maurois, André (1967)"
64134,Christmas tales of Flanders,"Ridder, André de (1961)"
64141,Slay-Ride,"Marks, Winston K. (Winston Kinney) (1979)"
64142,Final Glory,"Hasse, Henry (1977)"
64159,Planet of Creation,"Geier, Chester S. (1990)"
64172,Scrambled World,"Wells, Basil (2003)"
64173,The Fatal Third,"Thomas, Theodore L. (2005)"
64174,Wireless Telegraph Construction For Amateurs,"Morgan, Alfred Powell (1972)"
64175,Distress Signal,"Rocklynne, Ross (1988)"
64178,Bethlehem: A Nativity Play,"Housman, Laurence (1959)"
64181,Rocket Summer,"Bradbury, Ray (2012)"
64184,"The Airship Boys in the Great War; or, The Rescue of Bob Russell","Cass, De Lysle F. (De Lysle Ferrée) (1973)"
64196,Into the Frozen South,"Marr, J. W. S. (James William Slessor) (1965)"
64198,Captives of the Thieve-Star,"Schmitz, James H. (1981)"
64199,Exile From Venus,"Price, E. Hoffmann (1988)"
64214,Princess of Chaos,"Walton, Bryce (1988)"
64217,Death Star,"McKimmey, James (2011)"
64230,The Venus Evil,"Geier, Chester S. (1990)"
64234,Miss Tweedham's Elogarsn,"Williams, Robert Moore (1977)"
64236,Under Foch's Command: A Tale of the Americans in France,"Brereton, F. S. (Frederick Sadleir) (1957)"
64238,The Flight of the Eagle,"Coppel, Alfred (2004)"
64239,The Un-Reconstructed Woman,"Howard, Hayden (2014)"
64244,Preview of Peril,"Coppel, Alfred (2004)"
64251,This Finer Shadow,"Powys, John Cowper (1963)"
64264,Zero Hour,"Bradbury, Ray (2012)"
64267,Girl of the Silver Sphere,"Haggard, J. Harvey (John Harvey) (2001)"
64268,Blood Transfusion,"Keynes, Geoffrey (1982)"
64279,Test For the Pearl,"Garson, Bill (2000)"
64284,Spawn of the Desert,"Tuttle, W. C. (Wilbur C.) (1969)"
64290,Paysages Passionnés,"Faure, Gabriel (1962)"
64292,Bunzo Farewell,"De Vet, Charles V. (1997)"
64293,Assignment in the Dawn,"Walton, Bryce (1988)"
64296,Model Flying Machines,"Morgan, Alfred Powell (1972)"
64300,Task of Kayin,"Samachson, Joseph (1980)"
64302,Mo-Sanshon!,"Walton, Bryce (1988)"
64303,The radio beasts,"Farley, Ralph Milne (1963)"
64308,The Ethic of the Assassin,"Howard, Hayden (2014)"
64309,Gama Is Thee!,"Mullen, Stanley (1974)"
64314,Beyond the X Ecliptic,"Holden, Fox B. (1973)"
64323,Beyond the Yellow Fog,"McDowell, Robert Emmett (1975)"
64326,Black Silence,"McDowell, Robert Emmett (1975)"
64330,Where the Gods Decide,"McKimmey, James (2011)"
64331,The Martian Circe,"Jones, Raymond F. (1994)"
64336,The flowering plants of South Africa; vol. 2,"Pole Evans, I. B. (Illtyd Buller) (1968)"
64341,Moon of Danger,"dePina, Albert (1957)"
64342,Vassals of the Lode-Star,"Fox, Gardner F. (Gardner Francis) (1986)"
64346,Duel in Black,"West, John Foster (2008)"
64349,In Quest of El Dorado,"Graham, Stephen (1975)"
64350,Among the Scented Ones,"Wells, Basil (2003)"
64354,"Me, Myself and I","Tenn, William (2010)"
64358,Failure on Titan,"Abernathy, Robert (1990)"
64362,The Prison of the Stars,"Mullen, Stanley (1974)"
64363,The Little Pets of Arkkhan,"Garson, Bill (2000)"
64364,Sword of the Seven Suns,"Fox, Gardner F. (Gardner Francis) (1986)"
64373,The industrial republic: a study of the America of ten years hence,"Sinclair, Upton (1968)"
64374,"Twenty-Seven Drawings by William Blake Being Illustrations for Paradise Lost, Comus, and the Bible","Smalley, Carl J. (1965)"
64415,Mind Worms,"Schere, Moses (1996)"
64420,Jonah of the Jove-Run,"Bradbury, Ray (2012)"
64432,Anguish Languish,"Chace, Howard L. (1982)"
64443,Art principles in literature,"Donnelly, Francis P. (Francis Patrick) (1959)"
64445,Cosmic Castaway,"Mullen, Stanley (1974)"
64448,Happy Rain Night,"Evans, Dean (1963)"
64455,Australia in Palestine,"Barrett, Charles (1959)"
64473,Task of Tau,"Haggard, J. Harvey (John Harvey) (2001)"
64481,Chicken Farm,"Rocklynne, Ross (1988)"
64492,Last Run on Venus,"McKimmey, James (2011)"
64505,Give Back a World,"Gallun, Raymond Z. (Raymond Zinke) (1994)"
64507,Ricardo's Virus,"Tenn, William (2010)"
64512,The Third Little Green Man,"Knight, Damon (2002)"
64516,Temptress of Planet Delight,"Curtis, Betsy (2002)"
64519,What Inhabits Me?,"Williams, Robert Moore (1977)"
64528,Venus Hate,"McGreevey, John (2010)"
64531,Werwile of the Crystal Crypt,"Fox, Gardner F. (Gardner Francis) (1986)"
64561,The Berserker,"De Vet, Charles V. (1997)"
64578,Magic Shadows: The Story of the Origin of Motion Pictures,"Quigley, Martin (2011)"
64585,The trap,"Richardson, Dorothy M. (Dorothy Miller) (1957)"
64587,"Augustus Carp, Esq., by Himself: Being the Autobiography of a Really Good Man","Bashford, H. H. (Henry Howarth), Sir (1961)"
64595,Animat,"Wells, Basil (2003)"
64596,The Star Beast,"Knight, Damon (2002)"
64602,Runaway,"Coppel, Alfred (2004)"
64609,"A West Point Treasure; Or, Mark Mallory's Strange Find","Sinclair, Upton (1968)"
64651,Design for Doomsday,"Walton, Bryce (1988)"
64624,Lady Into Hell-Cat,"Mullen, Stanley (1974)"
64625,Sidewinders From Sirius,"Holden, Fox B. (1973)"
64629,Sticks and Stones: A Study of American Architecture and Civilization,"Mumford, Lewis (1990)"
64630,Against the Stone Beasts,"Blish, James (1975)"
64631,Let the Ants Try,"Pohl, Frederik (2013)"
64632,Cargo to Callisto,"Bixby, Jerome (1998)"
64633,The Ways of War,"Kettle, Mary S. (Mary Sheehy) (1976)"
64634,Labyrinth,"Hull, Helen R. (Helen Rose) (1971)"
64637,Doomsday 257 A.G.!,"Walton, Bryce (1988)"
64641,Oh Mesmerist From Mimas!,"Aycock, Roger D. (2004)"
64644,The Outcasts of Solar III,"McDowell, Robert Emmett (1975)"
64647,Flight From Time,"Coppel, Alfred (2004)"
64648,The Green Dream,"Walton, Bryce (1988)"
64657,The Brass Check: A Study of American Journalism,"Sinclair, Upton (1968)"
64658,When Kohonnes Screamed,"Fox, Gardner F. (Gardner Francis) (1986)"
64667,When the Spoilers Came,"Williams, Robert Moore (1977)"
64672,Tubemonkey,"Bixby, Jerome (1998)"
64673,Pillar of Fire,"Bradbury, Ray (2012)"
64678,The First Man on the Moon,"Coppel, Alfred (2004)"
64682,The Painted Veil,"Maugham, W. Somerset (William Somerset) (1965)"
64684,"Hawkins-Davison Houses, Frederica, St. Simons Island, Georgia","Cate, Margaret Davis (1961)"
64686,Forgers and Forgeries,"Constable, W. G. (William George) (1976)"
64723,In the Sphere of Time,"Palmer, Ray (1977)"
64690,The Dead-Star Rover,"Abernathy, Robert (1990)"
64691,Eternal Zemmd Must Die!,"Hasse, Henry (1977)"
64695,Moon of Treason,"McDowell, Robert Emmett (1975)"
64696,Unwelcome Tenant,"Aycock, Roger D. (2004)"
64697,Children of India,"Kelman, Janet Harvey (1957)"
64700,Fombombo,"Stribling, T. S. (Thomas Sigismund) (1965)"
64702,Ultimatum,"Aycock, Roger D. (2004)"
64710,Hostage of Tomorrow,"Abernathy, Robert (1990)"
64711,The Warlock of Sharrador,"Fox, Gardner F. (Gardner Francis) (1986)"
64725,Valkyrie from the Void,"Wells, Basil (2003)"
64744,Suicide Command,"Mullen, Stanley (1974)"
64745,Flowering Evil,"St. Clair, Margaret (1995)"
64746,Collision Orbit,"Beck, Clyde (1986)"
64755,Citadel of the Green Death,"McDowell, Robert Emmett (1975)"
64757,Paid off,"Coburn, Walt (1971)"
64759,The Last Two Alive!,"Coppel, Alfred (2004)"
64768,Primitive time-reckoning,"Nilsson, Martin P. (Martin Persson) (1967)"
64771,Sword of Fire,"McDowell, Robert Emmett (1975)"
64774,Warrior-Maid of Mars,"Coppel, Alfred (2004)"
64783,Mortal Summer,"Van Doren, Mark (1972)"
64789,Bratton's Idea,"Wellman, Manly Wade (1986)"
64790,Lord of the Silent Death,"Williams, Robert Moore (1977)"
64791,Tickets to Paradise,"James, D. L. (Daniel Lewis) (1988)"
64795,The Ultimate Image,"Miller, P. Schuyler (Peter Schuyler) (1974)"
64799,Equation for Time,"Winterbotham, R. R. (Russell Robert) (1971)"
64808,Modern Swedish Masterpieces: Short Stories,"Stork, Charles Wharton (1971)"
64812,Eyes That Watch,"Gallun, Raymond Z. (Raymond Zinke) (1994)"
64814,Little Mexican & Other Stories,"Huxley, Aldous (1963)"
64816,A Green Cloud Came,"Lowndes, Robert A. W. (Robert Augustine Ward) (1998)"
64817,Lunar Station,"Vincent, Harl (1968)"
64818,The Way Back,"Moskowitz, Sam (1997)"
64820,The Vibration Wasps,"Long, Frank Belknap (1994)"
64826,Message from Venus,"Winterbotham, R. R. (Russell Robert) (1971)"
64840,Healing Rays in Space,"Haggard, J. Harvey (John Harvey) (2001)"
64841,Dark Reality,"Williams, Robert Moore (1977)"
64842,The Psychological Regulator,"Kornbluth, C. M. (Cyril M.) (1958)"
64846,The Planet of Illusion,"Wollheim, Donald A. (1990)"
64847,Headhunters of Nuamerica,"Coblentz, Stanton A. (Stanton Arthur) (1982)"
64851,Decidedly Odd,"Balmer, Edwin (1959)"
64875,Derelicts of Uranus,"Haggard, J. Harvey (John Harvey) (2001)"
64880,The Facts of Life,"Miller, P. Schuyler (Peter Schuyler) (1974)"
64881,When Time Rolled Back,"Repp, Ed Earl (1979)"
64963,Heir Apparent,"Nourse, Alan Edward (1992)"
64922,Pyrotechnics: The History and Art of Firework Making,"Brock, Alan St. H. (Alan St. Hill) (1956)"
64927,"Tactics, Volume 1 (of 2). Introduction and Formal Tactics of Infantry","Krueger, Walter (1967)"
64965,World Without Glamor,"Marlowe, Stephen (2008)"
64977,The Protocols and world revolution,"Brasol, Boris (1963)"
64981,Negro Journalism: An Essay on the History and Present Conditions of the Negro Press,"Gore, George William (1982)"
64988,The Youngest Camel,"Boyle, Kay (1992)"
64989,Harlem shadows,"Eastman, Max (1969)"
65007,"U.S. Marine Operations in Korea, 1950-1953, Volume 1 (of 5) The Pusan Perimeter","Montross, Lynn (1961)"
65013,One for the Robot—Two for the Same,"Phillips, Rog (1965)"
65017,The Soul Stealers,"Geier, Chester S. (1990)"
65018,A Fool in Spots,"Rives, Hallie Erminie (1956)"
65032,Wind in Her Hair,"Neville, Kris (1980)"
65035,Inheritance,"Ludwig, Edward W. (1990)"
65053,Meet Me in Tomorrow,"Geier, Chester S. (1990)"
65062,Anthology of Magazine Verse for 1914,"Braithwaite, William Stanley (1962)"
65064,The Old Ones,"Curtis, Betsy (2002)"
65067,It's Raining Frogs!,"Marlowe, Stephen (2008)"
65069,The Brave Walk Alone,"McGreevey, John (2010)"
65070,"""What So Proudly We Hail...""","Keene, Day (1969)"
65072,The Time Armada,"Holden, Fox B. (1973)"
65075,Look to the Stars,"Hawkins, Willard E. (1970)"
65077,Tourists to Terra,"Reynolds, Mack (1983)"
65083,Race Distinctions in American Law,"Stephenson, Gilbert Thomas (1972)"
65085,The Barrier,"Walton, Bryce (1988)"
65086,World of the Mad,"Anderson, Poul (2001)"
65127,Menace From Vega,"Garrett, Randall (1987)"
65100,The Builders,"Holden, Fox B. (1973)"
65106,The Great White North The story of polar exploration from the earliest times to the discovery of the pole,"Wright, Helen S. (Helen Saunders) (1957)"
65107,Knole and the Sackvilles,"Sackville-West, V. (Victoria) (1962)"
65112,Rachel: A Play in Three Acts,"Grimké, Angelina Weld (1958)"
65113,The vengeance of Toffee,"Farrell, Henry (2006)"
65121,Hindu Magic: An Expose of the Tricks of the Yogis and Fakirs of India,"Carrington, Hereward (1959)"
65130,The Power of Sexual Surrender,"Robinson, Marie Nyswander (1986)"
65138,Revolt of the Devil Star,"Rocklynne, Ross (1988)"
65140,Not in the Rules,"Reynolds, Mack (1983)"
65141,The Vicious Delinquents,"Reinsberg, Mark (1981)"
65145,Essays of a Biologist,"Huxley, Julian (1975)"
65151,How Old Is It? The Story of Dating in Archeaology,"Schoenwetter, James (2015)"
65152,Practical school discipline,"Beery, Ray Coppock (1979)"
65157,The Way of Martha and the Way of Mary,"Graham, Stephen (1975)"
65159,Talks with Tolstoi,"Golʹdenveĭzer, Aleksandr Borisovich (1961)"
65172,A Gentleman of Leisure,"Wodehouse, P. G. (Pelham Grenville) (1975)"
65173,Migration of Birds (1950),"Lincoln, Frederick Charles (1960)"
65181,Prisoner of War,"Garrett, Randall (1987)"
65182,Grey Wethers: A Romantic Novel,"Sackville-West, V. (Victoria) (1962)"
65185,Beyond the Ultra-Violet,"Robinson, Frank M. (2014)"
65186,Beyond the Fearful Forest,"Krepps, Robert W. (1980)"
65189,"Hashimura Togo, Domestic Scientist","Irvin, Wallace (1959)"
65200,Perfect Companion,"McGreevey, John (2010)"
65218,Hero From Yesterday,"Garrett, Randall (1987)"
65220,The Answer,"Petaja, Emil (2000)"
65221,The Martians and the Coys,"Reynolds, Mack (1983)"
65222,Migration of Birds (1979),"Lincoln, Frederick Charles (1960)"
65229,Hold Back Tomorrow,"Neville, Kris (1980)"
65230,The Mistake of Christopher Columbus,"Archer, Jules (2008)"
65231,House Operator,"Garrett, Randall (1987)"
65238,The Secret of Chimneys,"Christie, Agatha (1976)"
65242,Satellite of Death,"Garrett, Randall (1987)"
65248,"""The Murderous Tyranny of the Turks""","Toynbee, Arnold (1975)"
65258,God Hath Spoken,"Dark, Harris J. (Harris Jeremiah) (1984)"
65262,The Fritz Strafers: A Story of the Great War,"Westerman, Percy F. (Percy Francis) (1959)"
65265,The Migration of North American Birds (1935),"Lincoln, Frederick Charles (1960)"
65267,Rebels and Reformers: Biographies for Young People,"Ponsonby, Dorothea (1963)"
65272,The Hunt Pack,"White, Samuel Alexander (1956)"
65276,A History of Sculpture,"Short, Ernest Henry (1959)"
65282,Double Identity,"Farrell, Henry (2006)"
65308,Billy Mink,"Burgess, Thornton W. (Thornton Waldo) (1965)"
65314,Little Joe Otter,"Burgess, Thornton W. (Thornton Waldo) (1965)"
65321,A Pictorial Guide to Mesa Verde National Park,"Hall, Ansel F. (Ansel Franklin) (1962)"
65323,A First Reader,"Spaulding, Frank E. (Frank Ellsworth) (1960)"
65324,The Old Way,"Marlowe, Stephen (2008)"
65331,The Cosmic Looters,"Hamilton, Edmond (1977)"
65335,"Arms and Armor of the Pilgrims, 1620-1692","Peterson, Harold L. (Harold Leslie) (1978)"
65336,The Personal Relation in Industry,"Rockefeller, John D., Jr. (John Davison) (1960)"
65343,The Ambassador's Pet,"Garrett, Randall (1987)"
65347,I'll See You in My Dreams,"Gault, William Campbell (1995)"
65350,John Holder's Weapon,"Williams, Robert Moore (1977)"
65370,The Mannion Court-Martial,"Garrett, Randall (1987)"
65372,The Allen County War Memorial Coliseum,"Adams, Otto H. (Otto Henry) (1981)"
65379,Selections from Aunt Sammy's Radio Recipes and USDA Favorites,"Yeatman, Fanny Walker (1962)"
65384,And Five Were Foolish,"Yates, Dornford (1960)"
65387,As Other Men Are,"Yates, Dornford (1960)"
65388,Skid Row Pilot,"Garrett, Randall (1987)"
65394,Battle Out of Time,"Swain, Dwight V. (1992)"
65395,You Can't Buy Eternity!,"Swain, Dwight V. (1992)"
65397,"Anthony Wayne, 1745-1796","Downes, Randolph C. (Randolph Chandler) (1975)"
65417,Cry Chaos!,"Swain, Dwight V. (1992)"
65426,Industrial Minerals and Metals of Illinois,"Lamar, J. E. (John Everts) (1979)"
65430,Stain removal from fabrics,"Furry, Margaret Smith (1986)"
65437,"Beware, the Usurpers!","Krepps, Robert W. (1980)"
65440,An Introduction to the Birds of Pennsylvania,"Sutton, George Miksch (1982)"
65442,"Disunion and Restoration in Tennessee Submitted in Partial Fulfillment of the Requirements for the Degree of Doctor of Philosophy in the Faculty of Political Science, Columbia University","Neal, John Randolph (1959)"
65450,The Three Thieves of Japetus,"Reinsberg, Mark (1981)"
65451,Kill Me if You Can!,"Garrett, Randall (1987)"
65556,Hare and Tortoise,"Coalfleet, Pierre (1960)"
65461,Greek Tragedy in the Light of Vase Paintings,"Huddilston, John H. (John Homer) (1956)"
65482,The Green Millennium,"Leiber, Fritz (1992)"
65483,The Sinister Invasion,"Hamilton, Edmond (1977)"
65492,The Goose-step: A Study of American Education,"Sinclair, Upton (1968)"
65518,The Southern Case for School Segregation,"Kilpatrick, James Jackson (2010)"
65521,Guardians of the Tower,"Garrett, Randall (1987)"
65526,Bring Back My Brain!,"Swain, Dwight V. (1992)"
65533,Secret of the Painting,"Williams, Robert Moore (1977)"
65534,Slaughter on Dornell IV,"Garrett, Randall (1987)"
65539,Boy Scouts in the White Mountains: The Story of a Long Hike,"Eaton, Walter Prichard (1957)"
65550,The Mosquito Fleet,"Keating, Bern (2004)"
65553,Inspector French's greatest case,"Crofts, Freeman Wills (1957)"
65560,The Land of Afternoon: A Satire,"Knox, Gilbert (1965)"
65573,"The Smithport Landing Site: An Alto Focus Component in De Soto Parish, Louisiana","Webb, Clarence H. (1999)"
65576,The Goslings: A Study of the American Schools,"Sinclair, Upton (1968)"
65577,Adventures in Journalism,"Gibbs, Philip (1962)"
65590,William again,"Crompton, Richmal (1969)"
65592,"The Flower of Old Japan, and Other Poems","Noyes, Alfred (1958)"
65668,Revolt of the Brains,"Marlowe, Stephen (2008)"
65614,Mr. Togo: Maid of all Work,"Irwin, Wallace (1959)"
65656,Roughriders of the Pampas: A Tale of Ranch Life in South America,"Brereton, F. S. (Frederick Sadleir) (1957)"
65658,The art of music. Vol. 01 (of 14),"Hall, Leland (1957)"
65659,The Incomplete Theft,"Garrett, Randall (1987)"
65666,Bleekman's Planet,"Garrett, Randall (1987)"
65671,The Time Snatcher,"Garrett, Randall (1987)"
65673,Putnam's Automobile Handbook: The Care and Management of the Modern Motor-Car,"Brokaw, H. Clifford (Harry Clifford) (1965)"
65676,The Thing in the Truck,"Marlowe, Stephen (2008)"
65691,The Alien Dies at Dawn,"Garrett, Randall (1987)"
65693,"The Forgotten Man, and Other Essays","Keller, Albert Galloway (1956)"
65709,The House of the Secret (La maison des hommes vivants),"Farrère, Claude (1957)"
65722,Rhymes of a child's world: a book of verse for children,"Potter, Miriam Clark (1965)"
65725,Centauri Vengeance,"Marlowe, Stephen (2008)"
65727,The Most Horrible Story,"Jakes, John (2023)"
65730,World of the Hunter,"Marlowe, Stephen (2008)"
65731,This Troubled World,"Roosevelt, Eleanor (1962)"
65741,"Run, Little Monster!","Geier, Chester S. (1990)"
65759,The Devil's Dooryard,"Tuttle, W. C. (Wilbur C.) (1969)"
65761,A Merchant Fleet at War,"Hurd, Archibald (1959)"
65767,Ride the Crepe Ring,"Marlowe, Stephen (2008)"
65769,Return Engagement,"St. Clair, Margaret (1995)"
65770,The Killer,"Oliver, J. T. (Joseph Tombs) (1988)"
65771,Yachting Party,"Holden, Fox B. (1973)"
65772,Once Upon a Monbeast...,"Fritch, Charles E. (2012)"
65775,"The Cry for Justice: An Anthology of the Literature of Social Protest The writings of philosophers, poets, novelists, social reformers, and others who have voiced the struggle against social injustice; selected from twenty-five languages; covering a period of five thousand years","Sinclair, Upton (1968)"
65776,Field Book: Pennsylvanian Plant Fossils of Illinois,"Collinson, Charles William (2011)"
65782,Her Christmas at the Hermitage: A Tale About Rachel and Andrew Jackson,"Miller, Helen Topping (1960)"
65792,Worlds of the Imperium,"Laumer, Keith (1993)"
65806,Christmas at Monticello with Thomas Jefferson,"Miller, Helen Topping (1960)"
65809,Christmas at Sagamore Hill with Theodore Roosevelt,"Miller, Helen Topping (1960)"
65810,Christmas for Tad: A Story of Mary and Abraham Lincoln,"Miller, Helen Topping (1960)"
65813,Citadel of the Star Lords,"Hamilton, Edmond (1977)"
65817,Last Call for Doomsday!,"Hamilton, Edmond (1977)"
65818,"Letters to Judd, an American Workingman","Sinclair, Upton (1968)"
65822,Prehistoric Indians of the Southwest,"Wormington, H. M. (Hannah Marie) (1994)"
65825,Marching Sands,"Lamb, Harold (1962)"
65838,Final Examination,"Sheckley, Robert (2005)"
65839,The Stranger,"Dickson, Gordon R. (2001)"
65842,Blue and Purple,"Neilson, Francis (1961)"
65843,Hideout,"Holden, Fox B. (1973)"
65849,The Lost King of Oz,"Thompson, Ruth Plumly (1976)"
65856,"Cincinnati's ""Old Cunny"": A Notorious Purveyor of Human Flesh","Edwards, Linden F. (Linden Forest) (1970)"
65861,The Mischievous Typesetter,"Loomis, Noel M. (1969)"
65865,"The art of music, Vol. 02 (of 14)","Hall, Leland (1957)"
65874,This World is Ours!,"Petaja, Emil (2000)"
65877,Destiny Uncertain,"Phillips, Rog (1965)"
65885,Dark Destiny,"Swain, Dwight V. (1992)"
65886,Special Delivery,"Neville, Kris (1980)"
65889,"America in the War Each cartoon faced with a page of comment by a distinguished American, the text forming an anthology of patriotic opinion","Raemaekers, Louis (1956)"
65896,So Many Worlds Away...,"Swain, Dwight V. (1992)"
65902,Tomorrow the World!,"Krepps, Robert W. (1980)"
65903,Psychology of the Unconscious A Study of the Transformations and Symbolisms of the Libido. A Contribution to the History of the Evolution of Thought,"Jung, C. G. (Carl Gustav) (1961)"
65906,My Story That I Like Best,"Ferber, Edna (1968)"
65907,Wounded Souls,"Gibbs, Philip (1962)"
65925,Patrol,"Hamling, William L. (2017)"
65926,Madeleine: One of Love's Jansenists,"Mirrlees, Hope (1978)"
65931,No time for Toffee!,"Farrell, Henry (2006)"
65933,All Wool,"Tuttle, W. C. (Wilbur C.) (1969)"
65936,Wanderlust,"Nourse, Alan Edward (1992)"
65938,The Cosmic Bluff,"Reynolds, Mack (1983)"
65945,The Toy,"Neville, Kris (1980)"
65947,The Color of His Boots,"Tuttle, W. C. (Wilbur C.) (1969)"
65949,Psychology and Copper,"Tuttle, W. C. (Wilbur C.) (1969)"
65952,Writing Class,"Sheckley, Robert (2005)"
65956,The Beachcomber,"Knight, Damon (2002)"
65961,When Oscar Went Wild,"Tuttle, W. C. (Wilbur C.) (1969)"
65971,Red and Black,"Richmond, Grace S. (Grace Smith) (1959)"
65974,"Carry On, Jeeves","Wodehouse, P. G. (Pelham Grenville) (1975)"
65977,Time Grabber,"Dickson, Gordon R. (2001)"
65979,The Incredible Life-Form,"Marks, Winston K. (Winston Kinney) (1979)"
65982,Flames of the Storm,"Tuttle, W. C. (Wilbur C.) (1969)"
65992,Portraits and Speculations,"Ransome, Arthur (1967)"
66000,Selected Poems,"Huxley, Aldous (1963)"
66005,Children of the Chronotron,"Byrne, S. J. (Stuart James) (2011)"
66011,Devils Tower National Monument: A History,"Mattison, Ray H. (1980)"
66012,Identifying Hardwoods Growing on Pine Sites,"Brown, Clair A. (Clair Alan) (1982)"
66014,The laughter of Toffee,"Farrell, Henry (2006)"
66021,"Armageddon, 1970","Krepps, Robert W. (1980)"
66024,Bearly Reasonable,"Tuttle, W. C. (Wilbur C.) (1969)"
66033,Direct Conversion of Energy,"Corliss, William R. (2011)"
66041,The Theory of Psychoanalysis,"Jung, C. G. (Carl Gustav) (1961)"
66042,The Weapon From Eternity,"Swain, Dwight V. (1992)"
66044,Cinders,"Tuttle, W. C. (Wilbur C.) (1969)"
66045,Creepin' Tintypes,"Tuttle, W. C. (Wilbur C.) (1969)"
66050,Dirty Work for Doughgod,"Tuttle, W. C. (Wilbur C.) (1969)"
66057,The tale of Genji,"Waley, Arthur (1966)"
66062,"The Cruise of the Training Ship; Or, Clif Faraday's Pluck","Sinclair, Upton (1968)"
66071,The Seven Ages of Woman,"MacKenzie, Compton (1972)"
66073,Death in Venice,"Burke, Kenneth (1993)"
66077,"Good Health and How We Won It, With an Account of the New Hygiene","Sinclair, Upton (1968)"
66081,The Vault,"Leinster, Murray (1975)"
66090,A Man in the Zoo,"Garnett, David (1981)"
66092,A Gallery of Children,"Milne, A. A. (Alan Alexander) (1956)"
66101,Ploughshare and Pruning-Hook: Ten Lectures on Social Subjects,"Housman, Laurence (1959)"
66108,A Gloucestershire Lad at Home and Abroad,"Harvey, F. W. (Frederick William) (1957)"
66114,Keeban,"Balmer, Edwin (1959)"
66124,The Starlight Wonder Book,"Beston, Henry (1968)"
66135,Three Visitors to Early Plymouth Letters about the Pilgrim settlement in New England during its first seven years,"James, Sydney V. (1993)"
66137,The Lost Ego,"Phillips, Rog (1965)"
66138,Guaranteed—Forever!,"Robinson, Frank M. (2014)"
66142,Preferred Position,"Dryfoos, Dave (2003)"
66143,Paradise Planet,"Shaver, Richard S. (1975)"
66145,Religio Journalistici,"Morley, Christopher (1957)"
66146,The Cream of the Jest: A comedy of evasions,"Cabell, James Branch (1958)"
66154,The Music Master,"Wallace, F. L. (Floyd L.) (2004)"
66163,The Cyberene,"Phillips, Rog (1965)"
66176,Earthmen Ask No Quarter!,"Holden, Fox B. (1973)"
66189,A Zloor for Your Trouble!,"Reynolds, Mack (1983)"
66196,The Enchanted Crusade,"Krepps, Robert W. (1980)"
66210,Repeat Performance,"Phillips, Rog (1965)"
66211,X Marks the Asteroid,"Rocklynne, Ross (1988)"
66225,Icarus,"Russell, Bertrand (1970)"
66228,Unnoticed London,"Montizambert, Elizabeth (1964)"
66244,Blessed Event,"Farrell, Henry (2006)"
66245,Ticket to the Stars,"Banks, Raymond E. (1996)"
66246,Our Atomic World: The Story of Atomic Energy,"Craven, C. Jackson (Claude Jackson) (1988)"
66258,Raw Material,"Fisher, Dorothy Canfield (1958)"
66259,The Cosmic Junkman,"Phillips, Rog (1965)"
66261,Constantinople de Byzance à Stamboul.,"Arseven, Celâl Esad (1972)"
66278,Summer Flowers of the High Alps,"Hastings, Somerville (1967)"
66283,The Disembodied Man,"Jardine, Jack Owen (2009)"
66287,The Frogs of Mars,"Aycock, Roger D. (2004)"
66288,The Fifty-Fourth of July,"Nourse, Alan Edward (1992)"
66289,The Man Who Made the World,"Matheson, Richard (2013)"
66290,The Scandalized Martians,"Marmor, Arnold (1978)"
66291,The Plagiarist From Rigel IV,"Hunter, Evan (2005)"
66292,The Sling and the Stone,"Shaara, Michael (1988)"
66293,Peril of the Starmen,"Neville, Kris (1980)"
66294,The Seven Lively Arts,"Seldes, Gilbert (1970)"
66295,Venice,"De Zoete, Beryl (1962)"
66305,Machine-Gun Tactics,"Applin, R. V. K. (Reginald Vincent Kempenfeldt) (1957)"
66306,Stray Feathers From a Bird Man's Desk,"Rand, Austin Loomer (1982)"
66313,Journey for the Brave,"Nourse, Alan Edward (1992)"
66314,Beware the Star Gods,"Byrne, S. J. (Stuart James) (2011)"
66324,Pariah,"Marlowe, Stephen (2008)"
66328,Planet of Dread,"Swain, Dwight V. (1992)"
66330,Tyrants of Time,"Marlowe, Stephen (2008)"
66346,The Lighter Classics in Music A Comprehensive Guide to Musical Masterworks in a Lighter Vein by 187 Composers,"Ewen, David (1985)"
66416,Three Spacemen Left to Die!,"Winterbotham, R. R. (Russell Robert) (1971)"
66417,The whole truth and nothing but,"Hopper, Hedda (1966)"
66351,Slaves to the Metal Horde,"Marlowe, Stephen (2008)"
66360,John's Other Practice,"Marks, Winston K. (Winston Kinney) (1979)"
66362,Gloucestershire Friends: Poems From a German Prison Camp,"Harvey, F. W. (Frederick William) (1957)"
66364,Guide to the Norris Geyser Basin,"Algard, George A. (2012)"
66379,Birthday Present,"Marmor, Arnold (1978)"
66381,Messenger,"Samachson, Joseph (1980)"
66387,Pink Ears,"Leinster, Murray (1975)"
66389,Marty the Martian,"Marmor, Arnold (1978)"
66391,A Book of Marionettes,"Joseph, Helen Haiman (1978)"
66393,The Battle of the Bells,"Bixby, Jerome (1998)"
66394,The Dangerous Scarecrow,"Jacobi, Carl (1997)"
66396,Danger in the Void,"Fritch, Charles E. (2012)"
66398,The Gift of Black Folk: The Negroes in the Making of America,"Du Bois, W. E. B. (William Edward Burghardt) (1963)"
66405,Annette and Sylvie: Being Volume One of The Soul Enchanted,"Redman, Ben Ray (1961)"
66408,"Our Nuclear Future: Facts, Dangers and Opportunities","Teller, Edward (2003)"
66410,"A guide book of art, architecture, and historic interests in Pennsylvania","Archambault, Anna Margaretta (1956)"
66427,Fish Fry,"Marmor, Arnold (1978)"
66431,The Missing Disclaimer,"Sackett, Samuel J. (Samuel John) (2018)"
66435,Eight Million Dollars From Mars!,"Marks, Winston K. (Winston Kinney) (1979)"
66438,Vengeance From the Past,"Krepps, Robert W. (1980)"
66441,Reputation,"Tuttle, W. C. (Wilbur C.) (1969)"
66443,Wonder Tales from Tibet,"Jewett, Eleanore Myers (1967)"
66446,The Plymouth Express Affair,"Christie, Agatha (1976)"
66447,The Aab,"Ludwig, Edward W. (1990)"
66448,The Vegans Were Curious,"Marks, Winston K. (Winston Kinney) (1979)"
66460,The Book of Gallant Vagabonds,"Beston, Henry (1968)"
66461,Never Gut-Shoot a Wampus,"Marks, Winston K. (Winston Kinney) (1979)"
66463,Don't Panic!,"Krepps, Robert W. (1980)"
66469,The Book Collector,"Hofer, Philip (1984)"
66477,Stern,"Friedman, Bruce Jay (2020)"
66496,"The omnipotent self, a study in self-deception and self-cure","Bousfield, Paul (1957)"
66511,The Curtiss Aviation Book,"Robinson, Hugh (1963)"
66526,No-Risk Planet,"Marlowe, Stephen (2008)"
66529,You Don't Walk Alone,"Robinson, Frank M. (2014)"
66536,"Shakespeare at the Globe, 1599-1609","Beckerman, Bernard (1985)"
66538,Revolt of the Outworlds,"Marlowe, Stephen (2008)"
66539,The Terror Out of Space,"Swain, Dwight V. (1992)"
66540,Cosmic Saboteur,"Robinson, Frank M. (2014)"
66544,Tolstoy's interpretation of money and property,"Stanoyevich, Milivoy S. (Milivoy Stoyan) (1973)"
66550,Farewell,"Harvey, F. W. (Frederick William) (1957)"
66564,The Heart's Domain,"Duhamel, Georges (1966)"
66568,Jane--Our Stranger: A Novel,"Borden, Mary (1968)"
66570,Hunting License,"McConnell, James V. (1990)"
66572,The Voyage of Vanishing Men,"Mullen, Stanley (1974)"
66574,A Matter of Ethics,"Winterbotham, R. R. (Russell Robert) (1971)"
66577,We Were There at the Normandy Invasion,"Knight, Clayton (1969)"
66588,A Man-Sized Pet,"Tuttle, W. C. (Wilbur C.) (1969)"
66590,Problem Planet,"Winterbotham, R. R. (Russell Robert) (1971)"
66600,Short Story-Writing: An Art or a Trade?,"Fagin, N. Bryllion (Nathan Bryllion) (1971)"
66602,At the Queen's Mercy,"Blodgett, Mabel Fuller (1959)"
66608,Export Commodity,"Cox, Irving E., Jr. (2001)"
66612,Wanted: One Sane Man,"Robinson, Frank M. (2014)"
66613,The Last Plunge,"Sackett, Samuel J. (Samuel John) (2018)"
66618,The Pioneer,"Cox, Irving E., Jr. (2001)"
66623,The Road to Bunker Hill,"Barker, Shirley (1965)"
66638,"Ireland in Fiction: A Guide to Irish Novels, Tales, Romances, and Folk-lore","Brown, Stephen J. M. (Stephen James Meredith) (1962)"
66639,The World of Flying Saucers: A Scientific Examination of a Major Myth of the Space Age,"Menzel, Donald H. (Donald Howard) (1976)"
66646,Es Percipi,"Marlowe, Stephen (2008)"
66648,Newshound,"Marlowe, Stephen (2008)"
67238,Still—William,"Crompton, Richmal (1969)"
66680,The flowering plants of South Africa; vol. 3,"Pole Evans, I. B. (Illtyd Buller) (1968)"
66685,The Tunnel Under the Channel,"Whiteside, Thomas (1997)"
66687,Fairy Tales for Workers' Children,"Dailes, Ida (1972)"
66691,Williwaw: A Novel,"Vidal, Gore (2012)"
66698,Not in the Script,"Marmor, Arnold (1978)"
66699,Martyr's Flight,"Searls, Hank (2017)"
66701,"The Beginnings of America, 1607-1763","Morris, Richard B. (Richard Brandon) (1989)"
66728,The Kingmakers,"Stevenson, Burton Egbert (1962)"
66702,"Wireless Telegraphy and Telephony Simply Explained A Practical Treatise Embracing Complete and Detailed Explanations of the Theory and Practice of Modern Radio Apparatus and Its Present Day Applications, Together With a Chapter on the Possibilities of Its Future Development","Morgan, Alfred Powell (1972)"
66706,Sun Tzŭ on the Art of War: The Oldest Military Treatise in the World,"Giles, Lionel (1958)"
66711,The Almond in California,"Taylor, R. H. (Ralph Hawley) (1979)"
66713,Selling Point,"Arkawy, Norman (2004)"
66714,The Cosmic Snare,"Marlowe, Stephen (2008)"
66716,"The supernatural in early Spanish literature, studied in the works of the court of Alfonso X, el Sabio","Callcott, Frank (1979)"
66721,At Odds with the Regent: A Story of the Cellamare Conspiracy,"Stevenson, Burton Egbert (1962)"
66722,Loco or Love,"Tuttle, W. C. (Wilbur C.) (1969)"
66723,"Stop, You're Killing Me!","Marlowe, Stephen (2008)"
66731,Planet of Doom,"Marlowe, Stephen (2008)"
66753,Traitor's Choice,"Fairman, Paul W. (1977)"
66756,Dalrymple's Equation,"Fairman, Paul W. (1977)"
66759,We Run From the Hunted!,"Marlowe, Stephen (2008)"
66802,The Man With the Golden Eyes,"Hamilton, Edmond (1977)"
66768,A Town Is Drowning,"Pohl, Frederik (2013)"
66775,Bottoms Up: An Application of the Slapstick to Satire,"Nathan, George Jean (1958)"
66798,Secret of the Martians,"Fairman, Paul W. (1977)"
66815,In Caverns Below,"Coblentz, Stanton A. (Stanton Arthur) (1982)"
66821,The Dead-Line,"Tuttle, W. C. (Wilbur C.) (1969)"
66823,Wise Men and a Mule,"Tuttle, W. C. (Wilbur C.) (1969)"
66824,Comet Lore: Halley's Comet in History and Astronomy,"Emerson, Edwin (1959)"
66825,Forever We Die!,"Marlowe, Stephen (2008)"
66829,"""Gentlemen prefer blondes""","Loos, Anita (1981)"
66831,"Modern Essays and Stories A book to awaken appreciation of modern prose, and to develop ability and originality in writing","Law, Frederick Houk (1957)"
66832,Tied Up for Tombstone,"Tuttle, W. C. (Wilbur C.) (1969)"
66840,The Autobiography of Upton Sinclair,"Sinclair, Upton (1968)"
66843,Battle for the Stars,"Hamilton, Edmond (1977)"
66856,Hilaire Belloc: No Alienated Man; A Study in Christian Integration,"Wilhelmsen, Frederick D. (1996)"
66857,A Prevaricated Parade,"Tuttle, W. C. (Wilbur C.) (1969)"
66859,Shadow in the House,"Gluck, Sinclair (1956)"
66871,"The Doves' Nest, and Other Stories","Murry, John Middleton (1957)"
66872,The Beneficent Burglar,"Buck, Charles Neville (1957)"
66876,In Naaman's House,"Finney, Marian MacLean (1964)"
66898,Dough or Dynamite,"Tuttle, W. C. (Wilbur C.) (1969)"
66916,Another Man's Shoes,"Bridges, Victor (1972)"
66925,Lady Rum-Di-Doodle-Dum's Children,"Dickson, Samuel Benjamin (1974)"
66940,In a Yellow Wood,"Vidal, Gore (2012)"
66944,The Principle of Relativity,"Mahalanobis, P. C. (Prasanta Chandra) (1972)"
66951,Wireless Possibilities,"Low, A. M. (Archibald Montgomery) (1956)"
66968,"The Cruise of the ""Scandal"", and other stories","Bridges, Victor (1972)"
66969,Greensea Island: A Mystery of the Essex Coast,"Bridges, Victor (1972)"
66970,"Bees, Shown to the Children","Hawks, Ellison (1971)"
66971,William—the fourth,"Crompton, Richmal (1969)"
66974,Virginia's Ranch Neighbors,"North, Grace May (1960)"
66976,Upside Down or Backwards,"Tuttle, W. C. (Wilbur C.) (1969)"
66981,Law Rustlers,"Tuttle, W. C. (Wilbur C.) (1969)"
67038,The radio gunner,"Forbes, Alexander (1965)"
67043,The High Place: A Comedy of Disenchantment,"Cabell, James Branch (1958)"
67046,Virginia of V. M. Ranch,"North, Grace May (1960)"
67050,The Perilous Seat,"Snedeker, Caroline Dale (1956)"
67060,Making Good for Muley,"Tuttle, W. C. (Wilbur C.) (1969)"
67062,Life among the butterflies,"Randolph, Vance (1980)"
67078,The Lady from Long Acre,"Bridges, Victor (1972)"
67079,The Red Lodge: A Mystery of Campden Hill,"Bridges, Victor (1972)"
67098,Winnie-the-Pooh,"Milne, A. A. (Alan Alexander) (1956)"
67103,"From the Trenches: Louvain to the Aisne, the First Record of an Eye-Witness","Young, Geoffrey Winthrop (1958)"
67104,The A B C of Relativity,"Russell, Bertrand (1970)"
67111,The sacred tree,"Waley, Arthur (1966)"
67118,Playing Safe in Piperock,"Tuttle, W. C. (Wilbur C.) (1969)"
67123,Show Boat,"Ferber, Edna (1968)"
67128,Black Hawk's Warpath,"Risteen, Herbert L. (1984)"
67138,The Sun Also Rises,"Hemingway, Ernest (1961)"
67139,Shepherds for Science,"Tuttle, W. C. (Wilbur C.) (1969)"
67147,The King Who Went on Strike,"Choate, Pearson (1960)"
67160,The Hunter's Lodge Case,"Christie, Agatha (1976)"
67168,The Chinese Dragon,"Hayes, L. Newton (1979)"
67173,The Missing Will,"Christie, Agatha (1976)"
67188,The Powder of Sympathy,"Morley, Christopher (1957)"
67198,"Constantino Brumidi, Michelangelo of the United States Capitol","Murdock, Myrtle Cheney (1980)"
67199,Return to Gone-Away,"Enright, Elizabeth (1968)"
67204,The Memoirs of a Failure: with an Account of the Man and His Manuscript,"Kittredge, Daniel Wright (1958)"
67208,The Light Machine,"Cummings, Ray (1957)"
67221,Pueblo pottery making: a study at the village of San Ildefonso,"Guthe, Carl E. (Carl Eugen) (1974)"
67229,An Art Shop in Greenwich Village,"Cummings, Ray (1957)"
67235,The Caddo Indians of Louisiana,"Webb, Clarence H. (1999)"
67239,Reflections on the Music Life in the United States,"Sessions, Roger (1985)"
67258,A Selection of Cases on the Law of Torts,"Pound, Roscoe (1964)"
67259,The Big Idea,"Cummings, Ray (1957)"
67288,The Right Thing,"Cummings, Ray (1957)"
67292,The Man Higher Up,"Balmer, Edwin (1959)"
67293,The Sixth Marine Division,"Stockman, James R. (2000)"
67294,What Price Peace?,"Libby, Frederick J. (Frederick Joseph) (1970)"
67298,"Stormy, Misty's Foal","Henry, Marguerite (1997)"
67300,The Hobo: The Sociology of the Homeless Man,"Anderson, Nels (1986)"
67316,The First,"Ludwig, Edward W. (1990)"
67317,King of the Hill,"Blish, James (1975)"
67323,The Best of Fences,"Garrett, Randall (1987)"
67324,Placebo,"Mason, David (1974)"
67325,Kid Stuff,"Marks, Winston K. (Winston Kinney) (1979)"
67329,Charles Robert Maturin: His Life and Works,"Idman, Niilo (1977)"
67330,"A History of Magic and Experimental Science, Volume 2 (of 2) During the First Thirteen Centuries of Our Era","Thorndike, Lynn (1965)"
67333,The Native Races of British North America,"Hambly, Wilfrid D. (Wilfrid Dyson) (1962)"
67334,Course of Empire,"Wilson, Richard (1987)"
67335,The Futile Flight of John Arthur Benn,"Wilson, Richard (1987)"
67341,Traumerei,"Beaumont, Charles (1967)"
67342,The Marriage of William Durrant,"Cummings, Ray (1957)"
67343,The Engineer,"Pohl, Frederik (2013)"
67346,"The Meccas of the World The Play of Modern Life in New York, Paris, Vienna, Madrid and London","Cranston, Ruth (1956)"
67353,Lynch-law; an investigation into the history of lynching in the United States,"Cutler, James Elbert (1959)"
67356,The United Empire Loyalists: A Chronicle of the Great Migration [1920 ed.],"Wallace, W. Stewart (William Stewart) (1970)"
67359,Comparison of Woods for Butter Boxes,"Turnbow, Grover Dean (1971)"
67362,Glow Worm,"Ellison, Harlan (2018)"
67364,A Likely Story,"Knight, Damon (2002)"
67367,"The Importance of Marking Historic Spots, an Address","Shoemaker, Henry W. (Henry Wharton) (1958)"
67368,Sam in the Suburbs,"Wodehouse, P. G. (Pelham Grenville) (1975)"
67384,Puella mea,"Cummings, E. E. (Edward Estlin) (1962)"
67391,Gilbert Weather Bureau (Meteorology) for Boys,"Gilbert, A. C. (Alfred Carlton) (1961)"
67421,Grist,"Leinster, Murray (1975)"
67431,The Buckaroo of Blue Wells,"Tuttle, W. C. (Wilbur C.) (1969)"
67441,An Indian Ass,"Acton, Harold (1994)"
67455,Rebuttal,"Curtis, Betsy (2002)"
67457,Death in Transit,"Sohl, Jerry (2002)"
67472,How to Pick a Mate: The Guide to a Happy Marriage,"Adams, Clifford R. (Clifford Rose) (1987)"
67473,"The Negro in Tennessee, 1790-1865","Patterson, C. Perry (Caleb Perry) (1971)"
67486,Life of Christ,"Papini, Giovanni (1956)"
67487,The Stilled Patter,"Gunn, James E. (2020)"
67493,Tales of the Air Mail Pilots,"McConnell, Burt M. (Burt Morton) (1960)"
67497,The Fool,"Mason, David (1974)"
67507,Cheating the Junk-Pile: The Purchase and Maintenance of Household Equipments,"Peyser, Ethel R. (Ethel Rose) (1961)"
67513,The Native Races of East Africa,"Hambly, Wilfrid D. (Wilfrid Dyson) (1962)"
67545,Music in Medicine,"Licht, Sidney (1979)"
67550,Troubled Waters,"Sinclair, Bertrand W. (1972)"
67568,Peaks of Shala,"Lane, Rose Wilder (1968)"
67571,The Black Tiger,"O'Connor, Patrick (1983)"
67580,Under the Skin,"Perri, Leslie (1970)"
67583,The Jazz Singer,"Raphaelson, Samson (1983)"
67587,Stroke of Genius,"Garrett, Randall (1987)"
67589,A Message From Our Sponsor,"Slesar, Henry (2002)"
67591,Famous Colonial Houses,"Hollister, Paul M. (Paul Merrick) (1970)"
67602,The Big Fix!,"Wilson, Richard (1987)"
67603,The man who liked lions,"Daley, John Bernard (2011)"
67604,A Peep Into the Past,"Beerbohm, Max, Sir (1956)"
67611,The Old Card,"Pertwee, Roland (1963)"
67613,The Story of Chalmers of New Guinea,"Kelman, Janet Harvey (1957)"
67627,The Treasure Trail,"Pollock, Frank Lillie (1957)"
67630,"Kak, the Copper Eskimo","Stefansson, Vilhjalmur (1962)"
67640,The Tuberculosis Nurse: Her Function and Her Qualifications A Handbook for Practical Workers in the Tuberculosis Campaign,"La Motte, Ellen N. (Ellen Newbold) (1961)"
67652,Bring the Jubilee,"Moore, Ward (1978)"
67661,Gallipoli Diary,"Gillam, John Graham (1965)"
67662,Our Changing Morality: A Symposium,"Kirchwey, Freda (1976)"
67667,Ten Essays on Zionism and Judaism,"Simon, Leon (1965)"
67672,The Wright Brothers,"Kelly, Fred C. (Fred Charters) (1959)"
67675,Psychological Aspects of the Problem of Atmospheric Smoke Pollution,"Wallin, J. E. Wallace (John Edward Wallace) (1969)"
67677,Rainbow Landing: An Adventure Story,"Pollock, Frank Lillie (1957)"
67678,The Glacier Gate: An Adventure Story,"Pollock, Frank Lillie (1957)"
67680,Cutie: A Warm Mamma,"Hecht, Ben (1964)"
67683,The Boys' Book of Model Aeroplanes How to Build and Fly Them: With the Story of the Evolution of the Flying Machine,"Collins, Francis A. (Francis Arnold) (1957)"
67697,Tales from a Dugout,"Empey, Arthur Guy (1963)"
67698,The Woods-Rider,"Pollock, Frank Lillie (1957)"
67702,Crashing suns,"Hamilton, Edmond (1977)"
67710,Russia in 1916,"Graham, Stephen (1975)"
67714,Peru: a land of contrast,"Bingham, Millicent Todd (1968)"
67729,Mountain Craft,"Young, Geoffrey Winthrop (1958)"
67732,The Overman,"Sinclair, Upton (1968)"
67744,The Silver Stallion: A Comedy of Redemption,"Cabell, James Branch (1958)"
67750,Wilderness Honey,"Pollock, Frank Lillie (1957)"
67760,"The Memoirs of a Swine in the Land of Kultur; or, How it Felt to be a Prisoner of War","Muse, Benjamin (1986)"
67761,Stories from the Crusades,"Kelman, Janet Harvey (1957)"
67764,Shepherds of the Wild,"Marshall, Edison (1967)"
67775,The lone swallows,"Williamson, Henry (1977)"
67776,"Fairy Tales, Volume 1 (of 2)","Lansing, Marion Florence (1966)"
67777,"Fairy Tales, Volume 2 (of 2)","Lansing, Marion Florence (1966)"
67783,"Gaudenzia, Pride of the Palio","Henry, Marguerite (1997)"
67823,The Lone Trail,"Allan, Luke (1962)"
67792,"A History of Magic and Experimental Science, Volume 1 (of 2) During the First Thirteen Centuries of Our Era","Thorndike, Lynn (1965)"
67795,The Lhota Nagas,"Mills, J. P. (James Philip) (1960)"
67888,Anticipation,"Butterfield, L. H. (Lyman Henry) (1982)"
67896,"Sun Hunting Adventures and Observations Among the Native and Migratory Tribes of Florida, Including the Stoical Time-Killers of Palm Beach, the Gentle and Gregarious Tin-Canners of the Remote Interior, and the Vivacious and Semi-Violent Peoples of Miami and Its Purlieus","Roberts, Kenneth Lewis (1957)"
67908,Fatigue study,"Gilbreth, Lillian Moller (1972)"
67923,Lost Art,"Smith, George O. (George Oliver) (1981)"
67937,The Song of Tiadatha,"Owen, H. Collinson (Harry Collinson) (1956)"
67938,Through Russian Central Asia,"Graham, Stephen (1975)"
67944,A boy's-eye view of the Arctic,"Rawson, Kennett Longley (1992)"
67960,Tramping With a Poet in the Rockies,"Graham, Stephen (1975)"
67971,Getting ready to be a mother,"Van Blarcom, Carolyn Conant (1961)"
67978,"Prejudices, fourth series","Mencken, H. L. (Henry Louis) (1956)"
67986,"The Curlytops in the Woods; Or, Fun at the Lumber Camp","Garis, Howard Roger (1962)"
67988,The Vortex: A Play in Three Acts,"Coward, Noël (1973)"
67990,Toodle and Noodle Flat-tail: The Jolly Beaver Boys,"Garis, Howard Roger (1962)"
67998,Beam Pirate,"Smith, George O. (George Oliver) (1981)"
68000,Calling the Empress,"Smith, George O. (George Oliver) (1981)"
68001,The Firing Line,"Smith, George O. (George Oliver) (1981)"
68002,Identity,"Smith, George O. (George Oliver) (1981)"
68003,The Long Way,"Smith, George O. (George Oliver) (1981)"
68004,Pandora's Millions,"Smith, George O. (George Oliver) (1981)"
68005,QRM-Interplanetary,"Smith, George O. (George Oliver) (1981)"
68006,Recoil,"Smith, George O. (George Oliver) (1981)"
68007,Special Delivery,"Smith, George O. (George Oliver) (1981)"
68008,Venus Equilateral,"Smith, George O. (George Oliver) (1981)"
68032,Diabetes,"Wilder, Russell M. (Russell Morse) (1959)"
68037,With the movie makers,"Stearns, Myron M. (Myron Morris) (1963)"
68041,"The West Point Rivals: or, Mark Mallory's Stratagem","Sinclair, Upton (1968)"
68047,Off the Beam,"Smith, George O. (George Oliver) (1981)"
68051,Mr. Carteret and Others,"Gray, David (1968)"
68060,The political novel,"Blotner, Joseph (2012)"
68061,Lud-in-the-Mist,"Mirrlees, Hope (1978)"
68063,The Red Vineyard,"Murdoch, B. J. (Benedict Joseph) (1973)"
68072,"Masks, with Jim's beast, Tides, Among the lions, The reason, The house one act plays of contemporary life","Middleton, George (1967)"
68084,Wild west,"Sinclair, Bertrand W. (1972)"
68100,"Model aeroplanes The building of model monoplanes, biplanes, etc., together with a chapter on building a model airship","Camm, F. J. (Frederick James) (1959)"
68105,The Cabala,"Wilder, Thornton (1975)"
68113,Jingles,"Stoner, Winifred Sackville (1983)"
68128,Memorials of Old Dorset,"Pentin, Herbert (1965)"
68134,The book of earth,"Noyes, Alfred (1958)"
68150,Salt mines and castles: The discovery and restitution of looted European art,"Howe, Thomas Carr (1994)"
68161,Trouble Times Two,"Smith, George O. (George Oliver) (1981)"
68170,Dream's end,"Kuttner, Henry (1958)"
68196,Alien,"Smith, George O. (George Oliver) (1981)"
68197,Blind Time,"Smith, George O. (George Oliver) (1981)"
68198,Forest Friends,"Dixon, Royal (1962)"
68203,Don't look now,"Kuttner, Henry (1958)"
68207,As the hart panteth,"Rives, Hallie Erminie (1956)"
68208,Circle of Confusion,"Smith, George O. (George Oliver) (1981)"
68209,George Bernard Shaw: His Plays,"Mencken, H. L. (Henry Louis) (1956)"
68215,The answer,"Smith, George O. (George Oliver) (1981)"
68218,Fine Feathers,"Smith, George O. (George Oliver) (1981)"
68223,The fixer,"Smith, George O. (George Oliver) (1981)"
68226,Concerning Women,"La Follette, Suzanne (1983)"
68230,The Impossible Pirate,"Smith, George O. (George Oliver) (1981)"
68233,The incredible invasion,"Smith, George O. (George Oliver) (1981)"
68239,Personality of plants,"Dixon, Royal (1962)"
68247,Vocation,"Smith, George O. (George Oliver) (1981)"
68253,Thunder in the void,"Kuttner, Henry (1958)"
68256,Rat Race,"Smith, George O. (George Oliver) (1981)"
68267,The cross word puzzle book,"Buranelli, Prosper (1960)"
68272,Trouble,"Smith, George O. (George Oliver) (1981)"
68278,Off duty: A dozen yarns for soldiers and sailors,"Harper, Wilhelmina (1973)"
68280,Latent Image,"Smith, George O. (George Oliver) (1981)"
68284,Happy,"McCaleb, Walter Flavius (1967)"
68296,Ruth of the U. S. A.,"Balmer, Edwin (1959)"
68304,The Catspaw,"Smith, George O. (George Oliver) (1981)"
68305,The Sons of Japheth,"Wilson, Richard (1987)"
68307,Sur la route de Palmyre,"Henry-Bordeaux, Paule (1999)"
68308,The Mexican War diary of George B. McClellan,"Myers, William Starr (1956)"
68313,Meddler's Moon,"Smith, George O. (George Oliver) (1981)"
68325,Nomad,"Smith, George O. (George Oliver) (1981)"
68329,Redevelopment,"Smith, George O. (George Oliver) (1981)"
68331,Planet of Sand,"Leinster, Murray (1975)"
68333,"The history of Company B, 311th Infantry in the World War","Colonna, B. A. (Benjamin Allison) (1983)"
68340,A landscape painter,"Mordell, Albert (1965)"
68353,Enough rope: poems,"Parker, Dorothy (1967)"
68354,The Undamned,"Smith, George O. (George Oliver) (1981)"
68357,"Short-story masterpieces, Vol. 4","Cournos, John (1966)"
68374,Friends and Enemies,"Leiber, Fritz (1992)"
68377,Let's Get Together,"Asimov, Isaac (1992)"
68393,My sweetheart's the Man in the Moon,"Marlowe, Stephen (2008)"
68397,Masters of the vortex,"Smith, E. E. (Edward Elmer) (1965)"
68409,The Martian Shore,"Fontenay, Charles L. (2007)"
68410,Deny the Slake,"Wilson, Richard (1987)"
68418,Problem in solid,"Smith, George O. (George Oliver) (1981)"
68421,The ethics of rhetoric,"Weaver, Richard M. (1963)"
68423,The story of Abraham Lincoln,"Hamilton, Mary Agnes (1966)"
68426,Two fares east,"Tuttle, W. C. (Wilbur C.) (1969)"
68433,Hunt the Hog of Joe,"Gilbert, Robert E. (1993)"
68434,A marvelous history of Mary of Nimmegen Who for more than seven year lived and had ado with the devil,"Barnouw, Adriaan Jacob (1968)"
68445,Indians of the Enchanted Desert,"Crane, Leo (1960)"
68454,"Whale hunting with gun and camera A naturalist's account of the modern shore-whaling industry, of whales and their habits, and of hunting experiences in various parts of the world","Andrews, Roy Chapman (1960)"
68458,"Motley, and other poems","De la Mare, Walter (1956)"
68466,Building a championship football team,"Bryant, Paul W. (1983)"
68473,War cartoons,"Knott, John Francis (1963)"
68483,The time-raider,"Hamilton, Edmond (1977)"
68498,The sky sheriff: The pioneer spirit lives again in the Texas Airplane Patrol,"Burtis, Thomson (1971)"
68503,The end of the house of Alard,"Kaye-Smith, Sheila (1956)"
68514,The little country theater,"Arvold, Alfred G. (Alfred Gilmeiden) (1957)"
68521,Through the mill: The life of a mill-boy,"Brown, Frederic Kenyon (1970)"
68523,Pattern for Conquest,"Smith, George O. (George Oliver) (1981)"
68529,Firegod,"Budrys, Algis (2008)"
68533,Home is the Spaceman,"Smith, George O. (George Oliver) (1981)"
68545,A second reader,"Spaulding, Frank E. (Frank Ellsworth) (1960)"
68549,The poisoned paradise: A romance of Monte Carlo,"Service, Robert W. (Robert William) (1958)"
68555,The night wire,"Arnold, H. F. (Henry Ferris) (1963)"
68558,Robot nemesis,"Smith, E. E. (Edward Elmer) (1965)"
68562,The peoples of Europe,"Fleure, H. J. (Herbert John) (1969)"
68563,Nappy has a new friend,"Hogan, Inez (1973)"
68565,To the sons of tomorrow,"Cox, Irving E., Jr. (2001)"
68570,College prolongs infancy,"Kallen, Horace Meyer (1974)"
68572,My mother India,"Saund, Dalip Singh (1973)"
68577,The mother,"Buck, Pearl S. (Pearl Sydenstricker) (1973)"
68585,"Puppies and kittens, and other stories","Cadby, Carine (1957)"
68586,Smoking flax,"Rives, Hallie Erminie (1956)"
68599,The unseen blushers,"Bester, Alfred (1987)"
68600,Picnic,"Marlowe, Stephen (2008)"
68609,The Skylark of Valeron,"Smith, E. E. (Edward Elmer) (1965)"
68615,Breathes there a man,"Fritch, Charles E. (2012)"
68616,Anastasia: The autobiography of H.I.H. the Grand Duchess Anastasia Nicholaevna of Russia,"Smith, Eugenia (1997)"
68624,The Red Cross girls with the Stars and Stripes,"Vandercook, Margaret (1958)"
68658,The Temple of Earth,"Anderson, Poul (2001)"
68659,The impossible invention,"Williams, Robert Moore (1977)"
68669,Proxy Planeteers,"Hamilton, Edmond (1977)"
68670,The micro-organisms of the soil,"Russell, Edward J. (Edward John) (1965)"
68674,Blood on my jets,"Budrys, Algis (2008)"
68681,The cross word puzzle book: Second series,"Buranelli, Prosper (1960)"
68686,Critical difference,"Leinster, Murray (1975)"
68718,Out of the sea,"Brackett, Leigh (1978)"
68700,The Ring bonanza,"Binder, Otto (1974)"
68707,Storm Cloud on Deka,"Smith, E. E. (Edward Elmer) (1965)"
68726,The Crystal Circe,"Kuttner, Henry (1958)"
68730,Exploration Team,"Leinster, Murray (1975)"
68733,The kingdom of the blind,"Smith, George O. (George Oliver) (1981)"
68739,Come into my parlor,"Fritch, Charles E. (2012)"
68743,Spaceman's luck,"Smith, George O. (George Oliver) (1981)"
68748,Peacemaker,"Nourse, Alan Edward (1992)"
68750,Through the school: The experiences of a mill boy in securing an education,"Brown, Frederic Kenyon (1970)"
68753,Forgotten danger,"Samachson, Joseph (1980)"
68761,Hearts to mend: A fantasy in one act,"Overstreet, H. A. (Harry Allen) (1970)"
68774,Civilisation 1914-1918,"Duhamel, Georges (1966)"
68783,The swamp was upside down,"Leinster, Murray (1975)"
68792,The cross word puzzle book: Third series,"Buranelli, Prosper (1960)"
68794,"The Mayflower Society House Being the story of the Edward Winslow House, the Mayflower Society, the Pilgrims","Pratt, Walter Merriam (1973)"
68806,The land of the Hittites,"Garstang, John (1956)"
68811,Black no more,"Schuyler, George S. (George Samuel) (1977)"
68815,Galactic Patrol,"Smith, E. E. (Edward Elmer) (1965)"
68820,"Ajax, for example","Tuttle, W. C. (Wilbur C.) (1969)"
68825,"The Curlytops touring around; or, The missing photograph albums","Garis, Howard Roger (1962)"
68827,Climate—disordered,"Merwin, Sam, Jr. (1996)"
68829,Mistake inside,"Blish, James (1975)"
68832,In self-defense,"Tuttle, W. C. (Wilbur C.) (1969)"
68836,And we sailed the mighty dark,"Long, Frank Belknap (1994)"
68842,The penultimate trump,"Ettinger, R. C. W. (Robert C. W.) (2011)"
68846,Brook and river trouting,"Edmonds, Harfield H. (1956)"
68849,The pretender: A story of the Latin Quarter,"Service, Robert W. (Robert William) (1958)"
68854,Three years of war in East Africa,"Cranworth, Bertram Francis Gurdon, Baron (1964)"
68861,S. Hurok Presents; A Memoir of the Dance World,"Hurok, Sol (1974)"
68876,Unparliamentary papers and other diversions,"Squire, John Collings, Sir (1958)"
68887,Bishop Joseph Blount Cheshire: His Life and Work,"London, Lawrence Foushee (2005)"
68889,A history of social thought,"Bogardus, Emory S. (Emory Stephen) (1973)"
68892,The gnome's gneiss,"Crossen, Kendell Foster (1981)"
68896,Cat o' mountain,"Friel, Arthur O. (Arthur Olney) (1959)"
68904,One of three,"Smith, George O. (George Oliver) (1981)"
68923,An island hell: A Soviet prison in the far north,"Malʹsagov, S. A. (Sozerko Artaganovich) (1976)"
68950,Twenty-three and a half hours' leave,"Rinehart, Mary Roberts (1958)"
68970,Passed by the censor,"Williams, Wythe (1956)"
68987,On the manner of negotiating with princes On the uses of diplomacy; the choice of ministers and envoys; and the personal qualities necessary for success in missions abroad,"Whyte, Alexander Frederick (1970)"
68990,"The art of music, Vol. 03 (of 14)","Hill, Edward Burlingame (1960)"
68991,"Giant brains; or, Machines that think","Berkeley, Edmund Callis (1988)"
69002,"The village labourer, 1760-1832 A study in the government of England before the Reform Bill","Hammond, Barbara Bradby (1961)"
69009,Definition,"Knight, Damon (2002)"
69016,The construction and maintenance of earth roads,"Lyman, Richard Roswell (1963)"
69021,"Women and economic evolution: or, The effects of industrial changes upon the status of women","McMahon, Theresa Schmid (1961)"
69027,Mammonart: An essay in economic interpretation,"Sinclair, Upton (1968)"
69042,Potemkin village,"Pratt, Fletcher (1956)"
69046,"Jewels and the woman: The romance, magic and art of feminine adornment","Ostier, Marianne (1976)"
69068,The country Christmas,"Fox, Frances Margaret (1959)"
69070,The Isle of Retribution,"Marshall, Edison (1967)"
69087,The murder of Roger Ackroyd,"Christie, Agatha (1976)"
69104,Cadets of Gascony: Two stories of old France,"Stevenson, Burton Egbert (1962)"
69105,The path of honor: A tale of the war in the Bocage,"Stevenson, Burton Egbert (1962)"
69107,International cartoons of the war,"Adam, H. Pearl (Helen Pearl) (1957)"
69109,The cretaceous birds of New Jersey,"Olson, Storrs L. (2021)"
69112,The quest for the rose of Sharon,"Stevenson, Burton Egbert (1962)"
69114,Our Wonderful Selves,"Pertwee, Roland (1963)"
69124,The hellflower,"Smith, George O. (George Oliver) (1981)"
69128,The making of a mountaineer,"Finch, George Ingle (1970)"
69139,Nothing,"Wollheim, Donald A. (1990)"
69140,"Remember me, Kama!","Kubilius, Walter (1993)"
69150,Miracle,"Cummings, Ray (1957)"
69158,Doomsday on Ajiat,"Jones, Neil R. (1988)"
69175,The seven stairs,"Brent, Stuart (2010)"
69188,Maida's little house,"Gillmore, Inez Haynes (1970)"
69190,Troubled star,"Smith, George O. (George Oliver) (1981)"
69200,Little Jack Rabbit and Mr. Wicked Wolf,"Cory, David (1966)"
69210,Awakening,"Walton, Bryce (1988)"
69212,Grounded,"Sambrot, William (2007)"
69215,Touch the sky,"Coppel, Alfred (2004)"
69224,The shadows of a great city: A romantic story,"White, Grace Miller (1957)"
69225,365 bedtime stories,"Bonner, Mary Graham (1974)"
69232,Slave of eternity,"Aycock, Roger D. (2004)"
69235,Children's book of patriotic stories: The spirit of '76,"Dickinson, Asa Don (1960)"
69237,Hop O' My Thumb,"Samachson, Joseph (1980)"
69238,The rogue waveform,"Stockheker, R. W. (Ralph Walter) (2004)"
69240,A Port Said miscellany,"McFee, William (1966)"
69245,Stories of Christmas and the Bowie knife,"Dobie, J. Frank (James Frank) (1964)"
69246,"""Broken Music""","Bottome, Phyllis (1963)"
69252,White spot,"Leinster, Murray (1975)"
69254,The vortex blaster makes war,"Smith, E. E. (Edward Elmer) (1965)"
69257,Time out for redheads,"De Ford, Miriam Allen (1975)"
69274,"Chicago and the Old Northwest, 1673-1835 A study of the evolution of the northwestern frontier, together with a history of Fort Dearborn","Quaife, Milo Milton (1959)"
69280,Simple psiman,"Wallace, F. L. (Floyd L.) (2004)"
69281,The secret spring,"Benoît, Pierre (1962)"
69289,Little comrade: a tale of the great war,"Stevenson, Burton Egbert (1962)"
69299,Men into space,"Leinster, Murray (1975)"
69308,The call from beyond,"Simak, Clifford D. (1988)"
69310,The wiser folly,LM (Leslie Moore) (1978)
69314,The death crystal,"Smith, George O. (George Oliver) (1981)"
69316,"Letters of a Japanese schoolboy (""Hashimura Togo"")","Irwin, Wallace (1959)"
69339,ODTAA: A novel,"Masefield, John (1967)"
69340,Sard Harker: A novel,"Masefield, John (1967)"
69344,Poine: a study in ancient Greek blood-vengeance,"Treston, Hubert Joseph (1959)"
69350,The vanishers,"Burks, Arthur J. (1974)"
69378,Negro workaday songs,"Johnson, Guy Benton (1991)"
69393,Spacemen lost,"Smith, George O. (George Oliver) (1981)"
69405,Bolo the cave boy,"Grimes, Katharine Atherton (1967)"
69416,Christmas stories,"Faulkner, Georgene (1958)"
69426,"History of a literary radical, and other essays","Brooks, Van Wyck (1963)"
69430,Madame Margot: A grotesque legend of old Charleston,"Bennett, John (1956)"
69431,Thomas D'Arcy McGee,"Brady, Alexander (1985)"
69432,"David Thompson, the explorer","Wallace, W. Stewart (William Stewart) (1970)"
69443,The kiss to the leper,"Mauriac, François (1970)"
69458,Uncle Wiggily and Mother Goose Complete in two parts; fifty-two stories—one for each week of the year,"Garis, Howard Roger (1962)"
69475,The Chinese theater,"Zucker, A. E. (Adolf Eduard) (1971)"
69479,The garden as a picture,"Farrand, Beatrix (1959)"
69535,Planet explorer,"Leinster, Murray (1975)"
69537,"The holy war ""made in Germany""","Gillet, Joseph E. (Joseph Eugene) (1958)"
69544,The exploits of Captain O'Hagan,"Rohmer, Sax (1959)"
69547,Never the twain shall meet,"Kyne, Peter B. (Peter Bernard) (1957)"
69549,The painted room,"Wilson, Margaret (1973)"
69554,The boy explorers in darkest New Guinea,"Miller, Warren H. (Warren Hastings) (1960)"
69557,A definition of social work: A thesis in sociology,"Cheyney, Alice S. (Alice Squires) (1968)"
69562,Gas and flame in modern warfare,"Auld, Samuel James Manson (1963)"
69571,"Euterpe; or, The future of art","McColvin, Lionel R. (Lionel Roy) (1976)"
69574,"Excavations at the LoDaisKa Site in the Denver, Colorado area","Irwin, H. T. (Henry Thomas Johnson) (1978)"
69585,Napoleon and his court,"Forester, C. S. (Cecil Scott) (1966)"
69589,To-morrow and to-morrow ... a novel,"McKenna, Stephen (1967)"
69601,The escape of Alice: A Christmas fantasy,"Starrett, Vincent (1974)"
69610,Robin,"Bruce, Mary Grant (1958)"
69611,The Tower Rooms,"Bruce, Mary Grant (1958)"
69612,The Sea Scouts of the Kestrel The story of a cruise of adventure & pluck in a small yacht on the English Channel,"Westerman, Percy F. (Percy Francis) (1959)"
69617,Pierre Curie,"Kellogg, Charlotte (1960)"
69622,The place of magic in the intellectual history of Europe,"Thorndike, Lynn (1965)"
69630,The treatment of Armenians in the Ottoman Empire Documents presented to Viscount Grey of Fallodon,"Toynbee, Arnold (1975)"
69633,Jungle night,"Beebe, William (1962)"
69644,Nazareth: a morality in one act,"Housman, Laurence (1959)"
69649,The Ranch Girls and the silver arrow,"Vandercook, Margaret (1958)"
69662,Watching on the Rhine,"Markham, Violet R. (Violet Rosa) (1959)"
69683,Men without women,"Hemingway, Ernest (1961)"
69684,Red blight,"Knight, Mary (1996)"
69718,Tall tales of Cape Cod,"Bittinger, Marillis (1967)"
69724,At the gateways of the day,"Colum, Padraic (1972)"
69734,Lysistrata,"Ludovici, Anthony M. (Anthony Mario) (1971)"
69761,"The sinking of the Titanic, and other poems","Stahl, Clarence Victor (1973)"
69762,Hellflower,"Smith, George O. (George Oliver) (1981)"
69763,Kwasa the cliff dweller,"Grimes, Katharine Atherton (1967)"
69767,All about miniature plants and gardens indoors and out,"Brilmayer, Bernice (1962)"
69768,The bridge of San Luis Rey,"Wilder, Thornton (1975)"
69779,Something about Eve: A comedy of fig-leaves,"Cabell, James Branch (1958)"
69806,The Circe of the deserts,"Henry-Bordeaux, Paule (1999)"
69813,Go she must!,"Garnett, David (1981)"
69827,A manual on the origin and development of Washington,"Caemmerer, H. Paul (Hans Paul) (1962)"
69857,"Pride and Passion: Robert Burns, 1759-1796","Ferguson, J. De Lancey (John De Lancey) (1966)"
69865,North by night,"Burchard, Peter (2004)"
69882,"Adventures in indigence, and other essays","Portor, Laura Spencer (1957)"
69890,The golden bridle,"Rice, Jane (2003)"
69912,The Popish Plot: A study in the history of the reign of Charles II,"Pollock, John (1963)"
69916,The last space ship,"Leinster, Murray (1975)"
69923,"Fuzzy-Wuzz, a little brown bear of the Sierras","Chaffee, Allen (1985)"
69928,My fight for Irish freedom,"Breen, Dan (1969)"
69947,The flowering plants of South Africa; vol. 4,"Pole Evans, I. B. (Illtyd Buller) (1968)"
69959,Your vote and how to use it,"Brown, Gertrude Foster (1956)"
69976,All about Little Boy Blue,"Sterne, Emma Gelders (1971)"
70008,Unnatural death,"Sayers, Dorothy L. (Dorothy Leigh) (1957)"
70013,Acoustics of auditoriums,"Watson, Floyd Rowe (1974)"
70017,Uncle Wiggily on roller skates,"Garis, Howard Roger (1962)"
70029,Biography and bibliography of Jesse Walter Fewkes,"Nichols, Frances S. (Frances Sellman) (1967)"
70034,The stainless steel rat,"Harrison, Harry (2012)"
70037,The fog,"Pelley, William Dudley (1965)"
70041,The small bachelor,"Wodehouse, P. G. (Pelham Grenville) (1975)"
70046,A guide to Plymouth and its history,"Briggs, Rose T. (Rose Thornton) (1981)"
70059,Hidden blood,"Tuttle, W. C. (Wilbur C.) (1969)"
70060,Paul Bunyan,"Stevens, James (1971)"
70061,En avion vers le pôle nord,"Bjerknes, J. (Jacob Aall Bonnevie) (1975)"
70079,Architecture,"Hitchcock, Henry-Russell (1987)"
70106,Dymer,"Lewis, C. S. (Clive Staples) (1963)"
70114,The Big Four,"Christie, Agatha (1976)"
70129,General Washington's spies on Long Island and in New York,"Pennypacker, Morton (1956)"
70147,The psychology of the poet Shelley,"Barnard, Guy Christian (1976)"
70148,Time for survival,"Smith, George O. (George Oliver) (1981)"
70152,The Hungry Tiger of Oz,"Thompson, Ruth Plumly (1976)"
70154,Murderer's chain,"Brown, Wenzell (1981)"
70157,The Vinegar Saint,"Mearns, Hughes (1965)"
70158,Beast of prey,"Williams, Jay (1978)"
70205,Designs for Crazy Daisy Winder,"Hewlett, Esther Parnell (1975)"
70206,The carriages at Shelburne Museum,"Carlisle, Lilian Baker (2006)"
70209,Bird in hand,"Housman, Laurence (1959)"
70213,Yashka,"Levine, Isaac Don (1981)"
70217,Bruggil's bride,"Young, Robert F. (1986)"
70221,Through Timbuctu and across the great Sahara,"Haywood, A. H. W. (Austin Hubert Wightwick) (1965)"
70222,Meet Mr Mulliner,"Wodehouse, P. G. (Pelham Grenville) (1975)"
70235,The expendables,"Van Vogt, A. E. (Alfred Elton) (2000)"
70243,Labour policy—false and true,"Macassey, Lynden Livingston (1963)"
70244,Deems Taylor,"Howard, John Tasker (1964)"
70255,Fancy free,"Phillpotts, Eden (1960)"
70263,Daughter of the sky,"Briand, Paul L., Jr. (1986)"
70271,When we were very young,"Milne, A. A. (Alan Alexander) (1956)"
70277,Med Service,"Leinster, Murray (1975)"
70285,The snow man,"Housman, Laurence (1959)"
70287,Algeria from within,"Bodley, R. V. C. (Ronald Victor Courtenay) (1970)"
70288,Conjure wife,"Leiber, Fritz (1992)"
70291,X-mas sketches from the Dartmouth Literary Monthly,"Grover, Edwin Osgood (1965)"
70295,Uncle Wiggily's Airship,"Garis, Howard Roger (1962)"
70302,Education and the good life,"Russell, Bertrand (1970)"
70304,The Inquisition,"Nickerson, Hoffman (1965)"
70309,Songs of the Slav,"Kotouč, Otto (1973)"
70310,The starmen,"Brackett, Leigh (1978)"
70325,Mary Christmas,"Chase, Mary Ellen (1973)"
70347,Momentum,"Dye, Charles (1960)"
70348,Imitation of death,"Del Rey, Lester (1993)"
70349,When the squadron dropped anchor,"Burtis, Thomson (1971)"
70357,The Jumano Indians,"Hodge, Frederick Webb (1956)"
70359,"The history of the damnable life and deserved death of Doctor John Faustus, 1592, together with The second report of Faustus, containing his appearances and the deeds of Wagner, 1594.","Rose, William (1961)"
70361,The terror,"Coppel, Alfred (2004)"
70364,And there was light,"Del Rey, Lester (1993)"
70367,"Accounting theory and practice, Volume 1 (of 3)","Kester, Roy B. (Roy Bernard) (1965)"
70368,Washington cover-up,"Mollenhoff, Clark R. (Clark Raymond) (1991)"
70379,Oil!,"Sinclair, Upton (1968)"
70380,"The ""Land & Water"" edition of Raemaekers' cartoons, volume 1","Raemaekers, Louis (1956)"
70381,The Abbey of St. Albans from 1300 to the dissolution of the monasteries,"Galbraith, V. H. (Vivian Hunter) (1976)"
70387,"Parking, unlimited","Loomis, Noel M. (1969)"
70388,Remember the 4th!,"Loomis, Noel M. (1969)"
70389,Two worlds for one,"Smith, George O. (George Oliver) (1981)"
70390,The monster-hunters,"Rolt-Wheeler, Francis (1960)"
70391,"Martians, keep out!","Leiber, Fritz (1992)"
70392,Nobody saw the ship,"Leinster, Murray (1975)"
70402,Dynasty of the lost,"Smith, George O. (George Oliver) (1981)"
70403,The miniature menace,"Long, Frank Belknap (1994)"
70418,"Maritime enterprise, 1485-1558","Williamson, James A. (James Alexander) (1964)"
70432,Clouds of witness,"Sayers, Dorothy L. (Dorothy Leigh) (1957)"
70440,The awakening,"Bordeaux, Henry (1963)"
70441,The Anzac Book,"Bean, C. E. W. (Charles Edwin Woodrow) (1968)"
70449,Bluffer's luck,"Tuttle, W. C. (Wilbur C.) (1969)"
70457,Tumbling river range,"Tuttle, W. C. (Wilbur C.) (1969)"
70464,Absolutely no paradox,"Del Rey, Lester (1993)"
70466,Reaching for the moon,"Hunter, Evan (2005)"
70475,Atomic bonanza,"Smith, George O. (George Oliver) (1981)"
70483,Children of the lens,"Smith, E. E. (Edward Elmer) (1965)"
70488,The keeper of Red Horse Pass,"Tuttle, W. C. (Wilbur C.) (1969)"
70492,Aspects of the novel,"Forster, E. M. (Edward Morgan) (1970)"
70493,The Prince of Wales and other famous Americans,"Van Vechten, Carl (1964)"
70494,Second stage Lensmen,"Smith, E. E. (Edward Elmer) (1965)"
70496,"Turn backward, o time!","Kubilius, Walter (1993)"
70498,The evergreen tree,"MacKaye, Percy (1956)"
70499,Medium boiled,"Burtis, Thomson (1971)"
70500,Gentlemen: please note,"Garrett, Randall (1987)"
70501,Moon of memory,"Walton, Bryce (1988)"
70506,The family at Misrule,"Turner, Ethel (1958)"
70513,The non-stop stowaway,"Knight, Clayton (1969)"
70516,Now we are six,"Milne, A. A. (Alan Alexander) (1956)"
70524,"Bird's nest, a fantasy in one act","Mygatt, Tracy D. (Tracy Dickinson) (1973)"
70526,The Canterbury pilgrims,"MacKaye, Percy (1956)"
70541,Star bright,"Walton, Bryce (1988)"
70549,Fugue,"Marlowe, Stephen (2008)"
70552,Righteous plague,"Abernathy, Robert (1990)"
70556,"Accounting theory and practice, Volume 2 (of 3)","Kester, Roy B. (Roy Bernard) (1965)"
70562,Be young again!,"Leinster, Murray (1975)"
70571,Earth needs a killer,"Walton, Bryce (1988)"
70574,Little Jack Rabbit's big blue book,"Cory, David (1966)"
70580,No war tomorrow,"West, Wallace (1980)"
70581,Botanical features of the Algerian Sahara,"Cannon, William Austin (1958)"
70590,Dark recess,"Smith, George O. (George Oliver) (1981)"
70596,The Byzantines,"Chubb, Thomas Caldecot (1972)"
70597,The collector's whatnot,"Kahler, Hugh MacNair (1969)"
70605,The black alarm,"Smith, George O. (George Oliver) (1981)"
70606,The last test,"Danziger, Adolphe (1959)"
70610,The grandfathers' war,"Leinster, Murray (1975)"
70615,The ritual and significance of the Winnebago medicine dance,"Radin, Paul (1959)"
70620,The logic of modern physics,"Bridgman, P. W. (Percy Williams) (1961)"
70622,The stainless steel rat,"Harrison, Harry (2012)"
70627,Uncle Wiggily's June Bug friends,"Garis, Howard Roger (1962)"
70630,Public opinion and the teaching of history in the United States,"Pierce, Bessie Louise (1974)"
70638,Ribbon in the sky,"Leinster, Murray (1975)"
70640,Third Base Thatcher,"Scott, Everett (1960)"
70641,Three little maids,"Turner, Ethel (1958)"
70645,Sam Bass,"Cunningham, Eugene (1957)"
70647,The belt,"West, Wallace (1980)"
70666,The ethics of Hercules,"Givler, Robert Chenault (1975)"
70668,Needler,"Garrett, Randall (1987)"
70678,"Einstein, the searcher","Brose, Henry L. (Henry Leopold) (1965)"
70689,Slipstream: the autobiography of an air craftsman,"Wilson, Eugene E. (1974)"
70699,Sea life in Nelson's time,"Masefield, John (1967)"
70708,The atom and the Bohr theory of its structure,"Lindsay, Rachel T. (1990)"
70736,William—the outlaw,"Crompton, Richmal (1969)"
70760,Corpus earthling,"Charbonneau, Louis (2017)"
70761,Destiny times three,"Leiber, Fritz (1992)"
70767,Frederick Law Olmsted,"Olmsted, Frederick Law (1957)"
70771,"Oxford poetry, 1918","Earp, T. W. (Thomas Wade) (1958)"
70782,The United States Marine Corps in the World War,"McClellan, Edwin North (1971)"
70783,Uncle Wiggily's funny auto,"Garis, Howard Roger (1962)"
70793,The foundations of Einstein's theory of gravitation,"Freundlich, Erwin (1964)"
70794,In the Bad Lands,"Sinclair, Bertrand W. (1972)"
70814,After world's end,"Williamson, Jack (2006)"
70817,Scream at midnight,"Brennan, Joseph Payne (1990)"
70824,The world-mover,"Smith, George O. (George Oliver) (1981)"
70832,The valley of lost herds,"Tuttle, W. C. (Wilbur C.) (1969)"
70849,Rodeo,"Tuttle, W. C. (Wilbur C.) (1969)"
70852,The Chinese lantern,"Housman, Laurence (1959)"
70859,Legends of Texas,"Dobie, J. Frank (James Frank) (1964)"
70877,The mystery at lovers' cave,"Berkeley, Anthony (1971)"
70885,Cape Cod,"Finch, Robert (2024)"
70899,Medusa's coil,"Bishop, Zealia B. (Zealia Brown) (1968)"
70906,Sherwood Anderson,"Sheehy, Eugene P. (Eugene Paul) (2013)"
70912,The curse of Yig,"Bishop, Zealia B. (Zealia Brown) (1968)"
70942,Tish plays the game,"Rinehart, Mary Roberts (1958)"
70944,Knock three-one-two,"Brown, Fredric (1972)"
70946,Constantinople old and new,"Dwight, H. G. (Harrison Griswold) (1959)"
70955,Daedalus,"Haldane, J. B. S. (John Burdon Sanderson) (1964)"
70962,The sentinel stars,"Charbonneau, Louis (2017)"
70970,Tragedy in Dedham,"Russell, Francis (1989)"
70979,The riddle of the rangeland,"Parkhill, Forbes (1974)"
70981,The romance of excavation,"Masters, David (1965)"
71030,The spokesman's secretary,"Sinclair, Upton (1968)"
71038,"Additional mounds of Duval and of Clay counties, Florida; Mound investigation on the east coast of Florida; Certain Florida coast mounds north of the St. Johns river","Hodge, Frederick Webb (1956)"
71039,The illustrated story of evolution,"Gauvin, Marshall J. (Marshall Jerome) (1978)"
71047,Lewis and Irene,"Morand, Paul (1976)"
71049,The red planet,"Winterbotham, R. R. (Russell Robert) (1971)"
71073,The Starvel Hollow tragedy,"Crofts, Freeman Wills (1957)"
71089,Tall tales from Texas,"Boatright, Mody C. (Mody Coggin) (1970)"
71117,Thunder on the left,"Morley, Christopher (1957)"
71124,The radium pool,"Repp, Ed Earl (1979)"
71138,Pioneers of space,"Adamski, George (1965)"
71150,Schools of Gaul in the last century of the Western Empire,"Haarhoff, T. J. (Theodore Johannes) (1971)"
71152,A lady and her husband,"Blanco White, Amber Reeves (1981)"
71155,Facing the chair,"Dos Passos, John (1970)"
71157,Essays in Zen Buddhism,"Suzuki, Daisetz Teitaro (1966)"
71167,Through the gates of the silver key,"Price, E. Hoffmann (1988)"
71171,The Negro in American fiction,"Brown, Sterling A. (1989)"
71185,"The adventures of Uncle Wiggily, the bunny rabbit gentleman with the twinkling pink nose","Garis, Howard Roger (1962)"
71187,Three plays by Frederic Hebbel,"Allen, Leslie Holdsworth (1964)"
71202,Stories of grit,"Wallace, Archer (1958)"
71213,Adventures of the runaway rocking chair,"Garis, Howard Roger (1962)"
71255,The green girl,"Williamson, Jack (2006)"
71223,Religion and the rise of capitalism,"Tawney, R. H. (Richard Henry) (1962)"
71226,Woman from another planet,"Long, Frank Belknap (1994)"
71228,The confessions of a well-meaning woman,"McKenna, Stephen (1967)"
71237,Exiles of the sky,"Spewack, Samuel (1971)"
71247,When the tree flowered,"Neihardt, John G. (1973)"
71263,Richard Richard,"Mearns, Hughes (1965)"
71264,The Irish rebellion of 1916,"O'Brien, Nora Connolly (1981)"
71273,The Gnome King of Oz,"Thompson, Ruth Plumly (1976)"
71279,"The Emperor of Elam, and other stories","Dwight, H. G. (Harrison Griswold) (1959)"
71315,How to get an air job,"Byrne, Jack (1972)"
71332,History in English words,"Barfield, Owen (1997)"
71340,The gentle art of tramping,"Graham, Stephen (1975)"
71348,Easy money,"Sinclair, Bertrand W. (1972)"
71350,Hadrian's Wall,"Mothersole, Jessie (1958)"
71361,Children of loneliness,"Yezierska, Anzia (1970)"
71371,The wonder stick,"Coblentz, Stanton A. (Stanton Arthur) (1982)"
71374,The Dalehouse murder,"Everton, Francis (1956)"
71378,Profile in black and white,"Quint, Howard H. (1981)"
71386,Shotgun gold,"Tuttle, W. C. (Wilbur C.) (1969)"
71397,Common poisonous plants of New England,"Youngken, Heber W., Jr. (Heber Wilkinson) (2001)"
71410,The woollen dress,"Bordeaux, Henry (1963)"
71437,The Chickamauga Dam and its environs,"Walker, Robert Sparks (1960)"
71439,Temptations,"Pinski, David (1959)"
71441,Mating center,"Long, Frank Belknap (1994)"
71442,An English woman-sergeant in the Serbian Army,"Sandes, Flora (1956)"
71465,Tropic death,"Walrond, Eric (1966)"
71515,The second adventures of Uncle Wiggily,"Garis, Howard Roger (1962)"
71521,The horror expert,"Long, Frank Belknap (1994)"
71525,Blank?,"Garrett, Randall (1987)"
71530,The night of no moon,"Fyfe, H. B. (Horace Bowne) (1997)"
71548,The Navy eternal,Bartimeus (1967)
71565,The men return,"Vance, Jack (2013)"
71568,The show must go on,"Slesar, Henry (2002)"
71570,When the birds fly south,"Coblentz, Stanton A. (Stanton Arthur) (1982)"
71577,A patriot lad of old Boston,"Carter, Russell Gordon (1957)"
71580,The courts of Jamshyd,"Young, Robert F. (1986)"
71584,"Rockabye, Grady","Mason, David (1974)"
71587,The long arm of Fantômas,"Allain, Marcel (1969)"
71589,Earth transit,"Fontenay, Charles L. (2007)"
71592,Survival factor,"De Vet, Charles V. (1997)"
71594,Uncle Wiggily on the farm,"Garis, Howard Roger (1962)"
71628,The band played on,"Del Rey, Lester (1993)"
71629,I'll dream of you,"Farrell, Henry (2006)"
71637,The enemy,"Wilson, Richard (1987)"
71638,The day's play,"Milne, A. A. (Alan Alexander) (1956)"
71646,Pilgrims' project,"Young, Robert F. (1986)"
71655,Mathematical Problems,"Newson, Mary Frances Winston (1959)"
71659,Toffee haunts a ghost,"Farrell, Henry (2006)"
71660,To make a hero,"Garrett, Randall (1987)"
71666,You can't scare me!,"Farrell, Henry (2006)"
71677,"The Cambridge natural history, Vol. 01 (of 10)","Sollas, Igerna Brünhilda Johnson (1965)"
71679,A friend of Marie-Antoinette (Lady Atkyns),"Barbey, Frédéric (1970)"
71692,Toffee takes a trip,"Farrell, Henry (2006)"
71716,Drome,"Leahy, John Martin (1967)"
71727,Chinese mettle,"Sze, Sao-Ke Alfred (1958)"
71741,The English of military communications,"Ganoe, William Addleman (1966)"
71746,Practical school discipline,"Beery, Ray Coppock (1979)"
71747,The film,"Jackson-Wrigley, M. (Maurice) (1972)"
71753,College girls,"Goodloe, Abbe Carter (1960)"
71756,The humour of Russia,"Voynich, E. L. (Ethel Lillian) (1960)"
71770,The gallery gods,"Leinster, Murray (1975)"
71775,The prior claim,"Kelly, Eleanor Mercein (1968)"
71777,Of Yankee granite,"Lawrence, John Silsbee (1973)"
71780,Direct methods,"Burtis, Thomson (1971)"
71784,Toffee turns the trick,"Farrell, Henry (2006)"
71800,Formula for murder,"Rothman, Milton A. (2001)"
71805,Woman,"Ludovici, Anthony M. (Anthony Mario) (1971)"
71810,The burning world,"Budrys, Algis (2008)"
71811,The books of Chronicles,"Elmslie, W. A. L. (William Alexander Leslie) (1965)"
71813,The long question,"Mason, David (1974)"
71815,Outside Saturn,"Gilbert, Robert E. (1993)"
71818,Roman pictures,"Lubbock, Percy (1965)"
71819,The statistomat pitch,"Davis, Chandler (2022)"
71821,Beyond our control,"Garrett, Randall (1987)"
71827,Anthropology,"Kroeber, A. L. (Alfred Louis) (1960)"
71848,Rogues and vagabonds,"MacKenzie, Compton (1972)"
71853,Manhattan Transfer,"Dos Passos, John (1970)"
71859,Accept no substitutes,"Sheckley, Robert (2005)"
71867,The leaf,"Young, Robert F. (1986)"
71868,Never meet again,"Budrys, Algis (2008)"
71869,Note for a time capsule,"Wellen, Edward (2011)"
71870,A pound of prevention,"Edmondson, G. C. (1995)"
71882,The taste of honey,"Underwood, Edna Worthley (1961)"
71883,The high ones,"Anderson, Poul (2001)"
71886,Wings of the phoenix,"Daley, John Bernard (2011)"
71898,Sexual ethics,"Dukes, Ashley (1959)"
71909,West o' Mars,"Fontenay, Charles L. (2007)"
71913,The green hat,"Arlen, Michael (1956)"
71916,The salon and English letters,"Tinker, Chauncey Brewster (1963)"
71917,Pangborn's paradox,"Mason, David (1974)"
71923,The will to live (Les Roquevillard),"Bordeaux, Henry (1963)"
71929,The black Flemings,"Norris, Kathleen Thompson (1966)"
71930,"Isabel of Castile and the making of the Spanish nation, 1451-1504","Plunket, Ierne L. (Ierne Lifford) (1970)"
71931,Chemical warfare,"Fries, Amos A. (Amos Alfred) (1963)"
71941,Children of men,"Phillpotts, Eden (1960)"
71951,Brothers in arms,"Powell, E. Alexander (Edward Alexander) (1957)"
71957,Two men on a mill,"Castonguay, A. Harold (1979)"
71960,The conquest of cancer,"Wright, H. W. S. (Henry Wardel Snarey) (1976)"
71973,The shades of Toffee,"Farrell, Henry (2006)"
71974,The reformation in Poland,"Fox, Paul (1961)"
71995,The strange story of the Dunmow flitch,"Robertson Scott, J. W. (John William) (1962)"
72001,Anarchy,"LeFevre, Robert (1986)"
72002,Christmas in Chicago,"Butcher, Fanny (1987)"
72004,"H.P. Lovecraft, an evaluation","Brennan, Joseph Payne (1990)"
72010,Echo de Paris,"Housman, Laurence (1959)"
72015,A trace of memory,"Laumer, Keith (1993)"
72022,The unpretenders,"Cranston, Ruth (1956)"
72026,Infiltration,"Budrys, Algis (2008)"
72030,And miles to go before I sleep,"Nolan, William F. (2021)"
72031,Attila and the Huns,"Hutton, Edward (1969)"
72046,English and American tool builders,"Roe, Joseph Wickham (1960)"
72059,Beauty interrupted,"Fontenay, Charles L. (2007)"
72063,Once upon a time animal stories,"Bailey, Carolyn Sherwin (1961)"
72066,Contraband,"Kelland, Clarence Budington (1964)"
72067,Between the dark and the daylight,"Budrys, Algis (2008)"
72069,"Go to sleep, my darling","Marks, Winston K. (Winston Kinney) (1979)"
72070,Floor of Heaven,"Hamm, T. D. (1994)"
72079,Burden the hand,"Garrett, Randall (1987)"
72085,Women of the war,"McLaren, Barbara (1973)"
72095,Marxism and Darwinism,"Pannekoek, Anton (1960)"
72101,The white Indian boy,"Driggs, Howard R. (Howard Roscoe) (1963)"
72227,Divots,"Wodehouse, P. G. (Pelham Grenville) (1975)"
72119,Deadly decoy,"Garrett, Randall (1987)"
72120,Mr. Replogle's dream,"Smith, Evelyn E. (2000)"
72130,Orphan Dinah,"Phillpotts, Eden (1960)"
72132,Daddy Joe's fiddle,"Bickford, Faith (1964)"
72138,"Early explorers of Plymouth Harbor, 1525-1619","Howe, Henry F. (Henry Forbush) (1977)"
72140,The home-maker,"Fisher, Dorothy Canfield (1958)"
72147,Respectfully mine,"Garrett, Randall (1987)"
72148,The satellite-keeper's daughter,"Reinsberg, Mark (1981)"
72149,The blonde from Barsoom,"Young, Robert F. (1986)"
72158,History of anthropology,"Quiggin, A. Hingston (Alison Hingston) (1971)"
72159,The further adventures of Zorro,"McCulley, Johnston (1958)"
72171,"How music grew, from prehistoric times to the present day","Peyser, Ethel R. (Ethel Rose) (1961)"
72172,Title fight,"Gault, William Campbell (1995)"
72173,One touch of Terra,"Bok, Hannes (1964)"
72174,Travelogue,"Aycock, Roger D. (2004)"
72175,The shrine,"Sheldon, Walter J. (1996)"
72180,Requiem,"Hamilton, Edmond (1977)"
72181,Sunfire!,"Hamilton, Edmond (1977)"
72185,The Macedonian campaign,"Villari, Luigi (1959)"
72188,How old are fossils?,"Roy, Sharat Kumar (1962)"
72191,Second chance,"Hoskins, Robert (1993)"
72192,"Hang head, vandal","Clifton, Mark (1963)"
72197,The Akkra case,"De Ford, Miriam Allen (1975)"
72203,Inconstancy,"Aycock, Roger D. (2004)"
72208,The whirlwind,"Phillpotts, Eden (1960)"
72222,Jefferson and Hamilton,"Bowers, Claude G. (Claude Gernade) (1958)"
72223,Lolly Willowes,"Warner, Sylvia Townsend (1978)"
72233,"The Cambridge natural history, Vol. 04 (of 10)","Warburton, Cecil (1958)"
72235,The Ponson case,"Crofts, Freeman Wills (1957)"
72245,Rogue psi,"Schmitz, James H. (1981)"
72247,"Answer, please answer","Bova, Ben (2020)"
72248,Boy meets dyevitza,"Young, Robert F. (1986)"
72249,Through time and space with Benedict Breadfruit,"Garrett, Randall (1987)"
72250,The last days of the captain,"Wilhelm, Kate (2018)"
72258,The Spanish farm,"Mottram, R. H. (Ralph Hale) (1971)"
72263,Rusticus,"Briggs, Martin S. (Martin Shaw) (1977)"
72266,After Ixmal,"Sutton, Jeff (1979)"
72272,"Left hand, right hand","Schmitz, James H. (1981)"
72277,Thunder in space,"Del Rey, Lester (1993)"
72289,Canaries,"Wetmore, Alexander (1978)"
72292,"Joseph Hergesheimer, an essay in interpretation","Cabell, James Branch (1958)"
72299,The party battles of the Jackson period,"Bowers, Claude G. (Claude Gernade) (1958)"
72301,Lead poisoning and lead absorption,"Goadby, Kenneth Weldon (1958)"
72302,The fastest draw,"Eisenberg, Larry (2018)"
72303,"The art of music, Vol. 07 (of 14)","Hall, Leland (1957)"
72305,The yes men of Venus,"Goulart, Ron (2022)"
72307,The quare women,"Furman, Lucy S. (1958)"
72310,Boarding party,"Young, Robert F. (1986)"
72311,The deep space scrolls,"Young, Robert F. (1986)"
72337,Stay off the Moon!,"Jones, Raymond F. (1994)"
72473,Spellbinders,"Banning, Margaret Culkin (1982)"
72339,The towers of Titan,"Bova, Ben (2020)"
72344,"The decline of the West, Volume 1","Atkinson, Charles Francis (1960)"
72371,Early Quaker education in Pennsylvania,"Woody, Thomas (1960)"
72375,The historical novel,"Butterfield, Herbert (1979)"
72388,The house,"Bordeaux, Henry (1963)"
72389,"""Utopia? Never!""","Disch, Thomas M. (2008)"
72390,I bring fresh flowers,"Young, Robert F. (1986)"
72391,Star chamber,"Fyfe, H. B. (Horace Bowne) (1997)"
72392,The inverted pyramid,"Sinclair, Bertrand W. (1972)"
72394,Home-made cider vinegar,"Sackett, Walter G. (Walter George) (1968)"
72401,How deep the grooves,"Farmer, Philip José (2009)"
72402,The Klygha,"Fyfe, H. B. (Horace Bowne) (1997)"
72403,And both were young,"L'Engle, Madeleine (2007)"
72406,Early autumn,"Bromfield, Louis (1956)"
72407,The god on the 36th floor,"Kastle, Herbert D. (1987)"
72408,Jupiter found,"Young, Robert F. (1986)"
72410,The walls,"Laumer, Keith (1993)"
72415,The spirit of Toffee,"Farrell, Henry (2006)"
72420,Beside the golden door,"Slesar, Henry (2002)"
72422,For service rendered,"Bone, Jesse F. (Jesse Franklin) (2006)"
72431,Down to Earth,"Harrison, Harry (2012)"
72439,The road to Sinharat,"Brackett, Leigh (1978)"
72440,The smart ones,"Sharkey, Jack (1992)"
72441,Redemption,"Young, Robert F. (1986)"
72444,The crime at Vanderlynden's,"Mottram, R. H. (Ralph Hale) (1971)"
72462,The rasp,"MacDonald, Philip (1980)"
72468,The life of John Worth Kern,"Bowers, Claude G. (Claude Gernade) (1958)"
72472,Ara vus prec,"Eliot, T. S. (Thomas Stearns) (1965)"
72477,These charming people,"Arlen, Michael (1956)"
72485,Everybody knows Joe,"Kornbluth, C. M. (Cyril M.) (1958)"
72489,Nightmare on the nose,"Smith, Evelyn E. (2000)"
72495,A brief course in the teaching process,"Strayer, George D. (George Drayton) (1962)"
72497,"Date of publication, 2083 A.D.","Samachson, Joseph (1980)"
72498,War in Heaven,"Pratt, Fletcher (1956)"
72504,Finders keepers,"Marlowe, Stephen (2008)"
72506,"Listen, children ... listen!","West, Wallace (1980)"
72507,The Maugham Obsession,"Derleth, August (1971)"
72510,"Prejudices, fifth series","Mencken, H. L. (Henry Louis) (1956)"
72512,Ten years after,"Gibbs, Philip (1962)"
72517,Little men of space,"Long, Frank Belknap (1994)"
72518,The minister had to wait,"Aycock, Roger D. (2004)"
72528,Thicker than water,"Tuttle, W. C. (Wilbur C.) (1969)"
72537,Divvy up,"Marlowe, Stephen (2008)"
72538,A jar of jelly beans,"Gregory, Franklin (1985)"
72539,Trajectory to Taurus,"Cole, Les (2019)"
72548,The alligator and its allies,"Reese, A. M. (Albert Moore) (1965)"
72553,A long way back,"Bova, Ben (2020)"
72555,Reign of the telepuppets,"Galouye, Daniel F. (1976)"
72558,The beacon to elsewhere,"Schmitz, James H. (1981)"
72563,This marrying,"Banning, Margaret Culkin (1982)"
72565,The programmed people,"Sharkey, Jack (1992)"
72572,Computers—the machines we think with,"Halacy, D. S. (Daniel Stephen) (2002)"
72577,Bambi,"Chambers, Whittaker (1961)"
72585,The viaduct murder,"Knox, Ronald Arbuthnott (1957)"
72597,The vanguard of Venus,"Bartlett, Landell (1972)"
72599,"The art of music, Vol. 04 (of 14)","Hall, Leland (1957)"
72600,The trumpeter of Krakow,"Kelly, Eric P. (Eric Philbrook) (1960)"
72607,Uncle Wiggily's silk hat,"Garis, Howard Roger (1962)"
72611,Black April,"Peterkin, Julia (1961)"
72612,Uncle Wiggily's fishing trip,"Garis, Howard Roger (1962)"
72614,The missionary,"Bone, Jesse F. (Jesse Franklin) (2006)"
72615,The sane men of Satan,"Merwin, Sam, Jr. (1996)"
72627,"Observations on the new constitution, and on the Federal and State conventions, by a Columbian patriot","Towner, Lawrence W. (Lawrence William) (1992)"
72628,Partakers of plenty,"Deetz, James (2000)"
72632,The Camp Fire Girls on the edge of the desert,"Vandercook, Margaret (1958)"
72638,Our coming world,"Michaud, Alfred Charles (1975)"
72639,Economic effects of the world war upon women and children in Great Britain,"Andrews, Irene Osgood (1963)"
72642,Dusty answer,"Lehmann, Rosamond (1990)"
72647,Renaissance literary theory and practice,"Clark, Donald Lemen (1966)"
72651,May Fair,"Arlen, Michael (1956)"
72655,Continental stagecraft,"Macgowan, Kenneth (1963)"
72673,Sinclair's luck,"Westerman, Percy F. (Percy Francis) (1959)"
72675,The amateur crime,"Berkeley, Anthony (1971)"
72689,Border guard,"Whitehead, Don (1981)"
72706,Transient,"Moore, Ward (1978)"
72714,The evolution of climate,"Brooks, C. E. P. (Charles Ernest Pelham) (1957)"
72716,Hell on ice,"Ellsberg, Edward (1983)"
72731,A drunk man looks at the thistle,"MacDiarmid, Hugh (1978)"
72735,Jamaica Anansi stories,"Beckwith, Martha Warren (1959)"
72746,Uncle Wiggily's rolling hoop,"Garis, Howard Roger (1962)"
72770,The plums of New York,"Alderman, W. H. (William Horace) (1985)"
72771,The sea mystery,"Crofts, Freeman Wills (1957)"
72781,The unwelcome man,"Frank, Waldo David (1967)"
72786,Of holy disobedience,"Muste, A. J. (Abraham John) (1967)"
72787,On the constitution of atoms and molecules,"Bohr, Niels (1962)"
72789,R. L. Stevenson,"Swinnerton, Frank (1982)"
72795,Weapon,"Bone, Jesse F. (Jesse Franklin) (2006)"
72800,The quantum postulate and the recent development of atomic theory,"Bohr, Niels (1962)"
72824,The mystery of the Blue Train,"Christie, Agatha (1976)"
72843,Carrying out the city plan,"Shurtleff, Flavel (1978)"
72854,The invading asteroid,"Wellman, Manly Wade (1986)"
72855,The unpleasantness at the Bellona Club,"Sayers, Dorothy L. (Dorothy Leigh) (1957)"
72859,Ships of the seven seas,"Daniel, Hawthorne (1981)"
72869,Meet the Tiger,"Charteris, Leslie (1993)"
72875,The A B C of atoms,"Russell, Bertrand (1970)"
72883,The Layton Court mystery,"Berkeley, Anthony (1971)"
72890,"The eternal moment, and other stories","Forster, E. M. (Edward Morgan) (1970)"
72893,Captain Fly-by-Night,"McCulley, Johnston (1958)"
72902,Learning to fly in the U.S. Army,"Fales, E. N. (Elisha Noel) (1970)"
72904,Within these walls,"Hughes, Rupert (1956)"
72913,Beyond the stars,"Cummings, Ray (1957)"
72914,The man on the meteor,"Cummings, Ray (1957)"
72924,Social Civics,"Munro, William Bennett (1957)"
72926,The murders in Praed Street,"Rhode, John (1964)"
72942,Rhythm rides the rocket,"Olsen, Bob (1956)"
72943,When the Sun went out,"Stone, Leslie F. (Leslie Francis) (1991)"
72961,"Buddenbrooks, volume 1 of 2","Lowe-Porter, H. T. (Helen Tracy) (1963)"
72962,"Buddenbrooks, volume 2 of 2","Lowe-Porter, H. T. (Helen Tracy) (1963)"
72967,Chalk face,"Frank, Waldo David (1967)"
72972,Money for nothing,"Wodehouse, P. G. (Pelham Grenville) (1975)"
72981,Philosophy,"Russell, Bertrand (1970)"
72986,The Cheyne mystery,"Crofts, Freeman Wills (1957)"
72988,Religion and ceremonies of the Lenape,"Harrington, M. R. (Mark Raymond) (1971)"
73008,The Curlytops at Cherry Farm,"Garis, Howard Roger (1962)"
73011,The house at Pooh Corner,"Milne, A. A. (Alan Alexander) (1956)"
73016,David Ives,"Pier, Arthur Stanwood (1966)"
73017,"Pomona; or, the future of English","De Selincourt, Basil (1966)"
73029,Half loaves,"Banning, Margaret Culkin (1982)"
73031,The fear of living,"Bordeaux, Henry (1963)"
73050,Birth control and the state,"Blacker, C. P. (Charles Paton) (1975)"
73053,Island honor,"Leinster, Murray (1975)"
73065,Too much progress for Piperock,"Tuttle, W. C. (Wilbur C.) (1969)"
73074,Immigration,"Fairchild, Henry Pratt (1956)"
73079,The soul of Henry Jones,"Cummings, Ray (1957)"
73082,On the effect of electric and magnetic fields on spectral lines,"Bohr, Niels (1962)"
73085,Up from Methodism,"Asbury, Herbert (1963)"
73087,On the quantum theory of radiation and the structure of the atom,"Bohr, Niels (1962)"
73091,The taking of Cloudy McGee,"Tuttle, W. C. (Wilbur C.) (1969)"
73106,The castaway,"Rives, Hallie Erminie (1956)"
73115,The house of bondage,"Kauffman, Reginald Wright (1959)"
73122,"Voltaire's history of Charles XII, king of Sweden","Todhunter, Winifred (1961)"
73125,The Black Panther of the Navaho,"Miller, Warren H. (Warren Hastings) (1960)"
73132,A spring-time case,"Tanizaki, Jun'ichiro (1965)"
73135,The atom curtain,"Williams, Nick B. (Nick Boddie) (1992)"
73140,Some religious and moral teachings of Al-Ghazzali,"Widgery, Alban G. (Alban Gregory) (1968)"
73142,"""We""","Lindbergh, Charles A. (Charles Augustus) (1974)"
73145,The thought-feeders,"Winterbotham, R. R. (Russell Robert) (1971)"
73148,Pogo Planet,"Wollheim, Donald A. (1990)"
73150,Notes on democracy,"Mencken, H. L. (Henry Louis) (1956)"
73154,Hypatia,"Russell, Dora (1986)"
73167,Captain Margaret,"Masefield, John (1967)"
73170,The giant horse of Oz,"Thompson, Ruth Plumly (1976)"
73173,Einstein's planetoid,"Kornbluth, C. M. (Cyril M.) (1958)"
73175,Static,"West, Wallace (1980)"
73176,Lord Byron as a satirist in verse,"Fuess, Claude Moore (1963)"
73178,Crisis!,"Kornbluth, C. M. (Cyril M.) (1958)"
73188,Possession,"Bromfield, Louis (1956)"
73198,The three taps,"Knox, Ronald Arbuthnott (1957)"
73207,The Morgan trail,"Tuttle, W. C. (Wilbur C.) (1969)"
73254,The crooked cross,"Dutton, Charles J. (Charles Judson) (1964)"
73218,Saknarth,"Wollheim, Donald A. (1990)"
73220,Gangway for Homer,"Hahn, George R. (1991)"
73221,Anti-Semitism in the United States,"Levinger, Lee J. (Lee Joseph) (1966)"
73222,The journal of Elizabeth Lady Holland (1791-1811) Volume 1 (of 2),"Ilchester, Giles Stephen Holland Fox-Strangways, Earl of (1959)"
73231,The Great Implication,"Lee, Stanley R. (1997)"
73249,The mating impulse,"Balmer, Edwin (1959)"
73264,Timotheus,"Dobrée, Bonamy (1974)"
73270,The waning of a world,"Backus, W. Elwyn (Waldo Elwyn) (1979)"
73274,Red Mesa,"Miller, Warren H. (Warren Hastings) (1960)"
73280,The journal of Elizabeth Lady Holland (1791-1811) Volume 2 (of 2),"Ilchester, Giles Stephen Holland Fox-Strangways, Earl of (1959)"
73285,The city,"Burgess, E. W. (Ernest Watson) (1966)"
73288,The survivors,"Hamm, T. D. (1994)"
73295,Lord Peter views the body,"Sayers, Dorothy L. (Dorothy Leigh) (1957)"
73304,Tongues of the Moon,"Farmer, Philip José (2009)"
73313,Battleground,"Del Rey, Lester (1993)"
73314,The celestial blueprint,"Farmer, Philip José (2009)"
73324,Sun and moon,"Gowen, Vincent H. (Vincent Herbert) (1984)"
73326,Mr. Caxton draws a Martian bird,"Long, Frank Belknap (1994)"
73328,The outermost house,"Beston, Henry (1968)"
73351,Mr. Loneliness,"Slesar, Henry (2002)"
73355,The deadly ones,"Wallace, F. L. (Floyd L.) (2004)"
73356,Too close to the forest,"Walton, Bryce (1988)"
73357,No star's land,"Samachson, Joseph (1980)"
73364,"Akhnaton, King of Egypt","Duddington, Natalie (1972)"
73375,30-day wonder,"Wilson, Richard (1987)"
73382,Into the fourth dimension,"Cummings, Ray (1957)"
73383,The great illusion,"Banister, Manly (1986)"
73385,Woman's touch,"Smith, Evelyn E. (2000)"
73390,Little rays of moonshine,"Herbert, A. P. (Alan Patrick) (1971)"
73401,The Wardens of Cape Cod,"Beston, Henry (1968)"
73407,Camion cartoons,"Day, Kirkland Hart (1973)"
73409,Patricia at the inn,"Ferguson, W. B. M. (William Blair Morton) (1967)"
73428,The sea horror,"Hamilton, Edmond (1977)"
73431,Death of a mutant,"De Vet, Charles V. (1997)"
73433,The untouchable adolescents,"Ellison, Harlan (2018)"
73442,The star-stealers,"Hamilton, Edmond (1977)"
73444,Memoirs of a London doll,"Hunt, Clara Whitehill (1958)"
73461,Perseus,"Stokes, H. F. Scott (Henry Folliott Scott) (1976)"
73463,The girl from Samarcand,"Price, E. Hoffmann (1988)"
73474,Trimblerigg,"Housman, Laurence (1959)"
73477,The terrors of the upper air,"Orndorff, Frank (1971)"
73483,Plane Jane,"Davis, Frederick C. (Frederick Clyde) (1977)"
73491,Love in chief,"Weekes, R. K. (Rose Kirkpatrick) (1956)"
73495,The man who knew everything,"Garrett, Randall (1987)"
73496,An eye for the ladies,"Marlowe, Stephen (2008)"
73497,Peter Merton's private mint,"Ellison, Harlan (2018)"
73504,The abysmal invaders,"Hamilton, Edmond (1977)"
73505,Salute,"Burtis, Thomson (1971)"
73508,Within the nebula,"Hamilton, Edmond (1977)"
73515,The strange people,"Leinster, Murray (1975)"
73520,Five nights at the Five Pines,"Gaul, Harriet A. (Harriet Avery) (1972)"
73523,"The girl from Bodies, Inc.","Garrett, Randall (1987)"
73525,Then luck came in,"Caffrey, Andrew A. (Andrew Augustine) (1970)"
73527,Messiah,"Vidal, Gore (2012)"
73536,The Kink,"Burtis, Thomson (1971)"
73537,The American historical novel (on American themes) before 1860,"Leisy, Ernest Erwin (1968)"
73540,The planet of shame,"Elliott, Bruce (1973)"
73542,Out of the blue,"Sinclair, Bertrand W. (1972)"
73545,The ranch of the tombstones,"Tuttle, W. C. (Wilbur C.) (1969)"
73546,Peter Whiffle,"Van Vechten, Carl (1964)"
73549,How it feels to be colored me,"Hurston, Zora Neale (1960)"
73551,"Type specimens of amphibians and reptiles in the Museum of Natural History, the University of Kansas","Duellman, William Edward (2022)"
73555,By order of Buck Brady,"Tuttle, W. C. (Wilbur C.) (1969)"
73566,Aeroplane construction,"Camm, Sydney (1966)"
73572,The shadow girl,"Cummings, Ray (1957)"
73575,The hounds of Tindalos,"Long, Frank Belknap (1994)"
73576,A kiss for the conqueror,"Slesar, Henry (2002)"
73577,My robot,"Slesar, Henry (2002)"
73579,Marston and me,"Burtis, Thomson (1971)"
73589,Beauty contest?,"Slesar, Henry (2002)"
73590,Rahab,"Frank, Waldo David (1967)"
73591,Biddy and the silver man,"Ellison, Harlan (2018)"
73593,Meteor strike!,"Westlake, Donald E. (2008)"
73594,The passionate pitchman,"Marlowe, Stephen (2008)"
73595,Try to remember!,"Herbert, Frank (1986)"
73603,Uncle Wiggily and Baby Bunty,"Garis, Howard Roger (1962)"
73604,The red fetish,"Long, Frank Belknap (1994)"
73605,A century of science in America,"Coe, Wesley R. (Wesley Roswell) (1960)"
73611,The life-masters,"Hamilton, Edmond (1977)"
73612,The murderer,"Leinster, Murray (1975)"
73619,One good turn,"Sinclair, Bertrand W. (1972)"
73623,The war myth in United States history,"Hamlin, C. H. (Charles Hunter) (1985)"
73624,"""Holding the line""","Baldwin, Harold (1982)"
73645,Home labor saving devices,"Scott, Rhea C. (Rhea Clarke) (1963)"
73652,The whys and wherefores of navigation,"Bradford, Gershom (1978)"
73658,When mother lets us make paper box furniture,"Rich, G. Ellingwood (Grace Ellingwood) (1959)"
73663,Short stories from the Balkans,"Underwood, Edna Worthley (1961)"
73665,Kathleen in Ireland,"McDonald, Etta Blaisdell (1963)"
73668,"Music after the great war, and other studies","Van Vechten, Carl (1964)"
73670,Thérèse,"Mauriac, François (1970)"
73673,Benighted,"Priestley, J. B. (John Boynton) (1984)"
73674,Space brat,"Slesar, Henry (2002)"
73675,A jest and a vengeance,"Price, E. Hoffmann (1988)"
73679,The metal horde,"Campbell, John W., Jr. (John Wood) (1971)"
73680,When the atoms failed,"Campbell, John W., Jr. (John Wood) (1971)"
73682,Cosmic striptease,"Ellison, Harlan (2018)"
73704,Excitement for sale,"Marlowe, Stephen (2008)"
73705,Fiddler's farewell,"Speyer, Leonora (1956)"
73715,Cudjo's own story of the last African slaver,"Hurston, Zora Neale (1960)"
73716,The Brooklyn murders,"Cole, G. D. H. (George Douglas Howard) (1959)"
73724,The alien intelligence,"Williamson, Jack (2006)"
73730,Callinicus,"Haldane, J. B. S. (John Burdon Sanderson) (1964)"
73737,"Baseball Joe, champion of the league","Chadwick, Lester (1962)"
73739,The river,"Aiken, Ednah (1960)"
73742,The house of the missing,"Gluck, Sinclair (1956)"
73745,The dark mother,"Frank, Waldo David (1967)"
73750,The prince of space,"Williamson, Jack (2006)"
73765,"Count Luckner, the Sea Devil","Thomas, Lowell (1981)"
73774,"""Piracy""","Arlen, Michael (1956)"
73782,What I believe,"Russell, Bertrand (1970)"
73784,By motor to the Golden Gate,"Post, Emily (1960)"
73787,The mysterious tramp,"Barclay, Vera C. (Vera Charlesworth) (1989)"
73791,Thirsty blades,"Price, E. Hoffmann (1988)"
73814,It is to laugh,"Geister, Edna (1959)"
73819,An awfully big adventure,Bartimeus (1967)
73820,"Batiks, and how to make them","Mijer, Pieter (1963)"
73827,Principles of literary criticism,"Richards, I. A. (Ivor Armstrong) (1979)"
73838,The Vatican swindle,"Bussy, Dorothy (1960)"
73841,Experimental glass blowing for boys,"Lynde, Carleton John (1971)"
73851,Brazil today and tomorrow,"Joyce, L. E. Elliott (Lilian Elwyn Elliott) (1963)"
73852,A study of some factors influencing fertility and sterility in the bull,"Gilman, Herbert Lester (1982)"
73855,The comet-drivers,"Hamilton, Edmond (1977)"
73857,World atavism,"Hamilton, Edmond (1977)"
73869,Farewell message,"Mason, David (1974)"
73886,Scanners live in vain,"Linebarger, Paul Myron Anthony (1966)"
73900,The long arm of the Mounted,"Dorrance, James French (1961)"
73917,The haunted island,"Visiak, E. H. (Edward Harold) (1972)"
73924,Lancelot Biggs cooks a pirate,"Bond, Nelson S. (2006)"
73925,F.O.B. Venus,"Bond, Nelson S. (2006)"
73926,The crystal ray,"Gallun, Raymond Z. (Raymond Zinke) (1994)"
73929,Danny the detective,"Barclay, Vera C. (Vera Charlesworth) (1989)"
73936,The price of eggs,"Garrett, Randall (1987)"
73938,The man who was pale,"Sharkey, Jack (1992)"
73942,The madness of Lancelot Biggs,"Bond, Nelson S. (2006)"
73943,"Lancelot Biggs, Master Navigator","Bond, Nelson S. (2006)"
73944,The green bay tree,"Bromfield, Louis (1956)"
73951,The second shell,"Williamson, Jack (2006)"
73952,The voice of the void,"Campbell, John W., Jr. (John Wood) (1971)"
73960,The man who hated himself,"Coburn, Walt (1971)"
73996,Stellar atmospheres,"Payne-Gaposchkin, Cecilia (1979)"
74000,Voyages to the Moon and the Sun,"Aldington, Richard (1962)"
74011,A good woman,"Bromfield, Louis (1956)"
74014,Lawrence and the Arabs,"Graves, Robert (1985)"
74015,The skipper knows best,"Leinster, Murray (1975)"
74018,Fearful Rock,"Wellman, Manly Wade (1986)"
74019,Honeymoon in bedlam,"Bond, Nelson S. (2006)"
74020,Outside the universe,"Hamilton, Edmond (1977)"
74021,"Where are you, Mr. Biggs?","Bond, Nelson S. (2006)"
74023,A notched gun,"Coburn, Walt (1971)"
74024,The ghost of Lancelot Biggs,"Bond, Nelson S. (2006)"
74025,The judging of the priestess,"Bond, Nelson S. (2006)"
74067,Powers of the President during crises,"Smith, J. Malcolm (John Malcolm) (2003)"
74071,"Short-story masterpieces, Vol. 3","Cournos, John (1966)"
74074,The cottage,"Long, Frank Belknap (1994)"
74075,The space visitors,"Hamilton, Edmond (1977)"
74086,The invisible master,"Hamilton, Edmond (1977)"
74095,The life watch,"Del Rey, Lester (1993)"
74098,War No. 81-Q,"Linebarger, Paul Myron Anthony (1966)"
74101,The Street of the Eye,"Bullett, Gerald (1958)"
74109,The downfall of Lancelot Biggs,"Bond, Nelson S. (2006)"
74110,The genius of Lancelot Biggs,"Bond, Nelson S. (2006)"
74113,The ice goes out,"Pierce, Frank Richardson (1966)"
74119,Evans of the Earth-Guard,"Hamilton, Edmond (1977)"
74120,The hairy ones shall dance,"Wellman, Manly Wade (1986)"
74121,Moonlight and moonshine,"Burtis, Thomson (1971)"
74132,The ordeal of Lancelot Biggs,"Bond, Nelson S. (2006)"
74138,The love song of Lancelot Biggs,"Bond, Nelson S. (2006)"
74139,The woman obsession,"Gault, William Campbell (1995)"
74142,Raw men,"Pierce, Frank Richardson (1966)"
74144,Jackie sees a star,"Bradley, Marion Zimmer (1999)"
74145,Radio razz,"Woodford, Jack (1971)"
74147,The black drama,"Wellman, Manly Wade (1986)"
74161,"Or Darwin, if you prefer","Hunter, Mel (2004)"
74165,He who served,"Cummings, Ray (1957)"
74168,Independence Day,"Schauffler, Robert Haven (1964)"
74171,Cities in the air,"Hamilton, Edmond (1977)"
74172,Haida texts and myths,"Swanton, John Reed (1958)"
74173,The return of Lancelot Biggs,"Bond, Nelson S. (2006)"
74174,Mr. Biggs goes to town,"Bond, Nelson S. (2006)"
74198,The man who found out,"Aycock, Roger D. (2004)"
74199,The nobles are coming,"Cox, Arthur Jean (2016)"
74212,Virgin Spain,"Frank, Waldo David (1967)"
74219,The wounded,"Farmer, Philip José (2009)"
74221,The scientific pioneer,"Bond, Nelson S. (2006)"
74222,Demian,"Hesse, Hermann (1962)"
74226,Horsesense Hank does his bit,"Bond, Nelson S. (2006)"
74227,The scientific pioneer returns,"Bond, Nelson S. (2006)"
74230,Nantucket windows,"Babcock, Edwina Stanton (1965)"
74233,"Fragment of a novel written by Jane Austen, January-March 1817","Chapman, R. W. (Robert William) (1960)"
74256,Children of No Man's Land,"Stern, G. B. (Gladys Bronwyn) (1973)"
74264,"The flying parliament, and other poems","Babcock, Edwina Stanton (1965)"
74287,Office call,"Fritch, Charles E. (2012)"
74288,Two way destiny,"Long, Frank Belknap (1994)"
74294,Once a first wife,"Arkawy, Norman (2004)"
74295,Strangers to Straba,"Jacobi, Carl (1997)"
74302,The universe wreckers,"Hamilton, Edmond (1977)"
74307,Wales,"Davies, William Watkin (1973)"
74309,The fanatics,"Malleson, Miles (1969)"
74319,The conscience of a Conservative,"Goldwater, Barry M. (Barry Morris) (1998)"
74324,The heart of London,"Morton, H. V. (Henry Vollam) (1979)"
74328,Peter Pettigrew's prisoner,"Bond, Nelson S. (2006)"
74337,Horsesense Hank in the parallel worlds,"Bond, Nelson S. (2006)"
74339,The sons of Kai,"Beston, Henry (1968)"
74349,Give the man room,"Casey, Robert J. (Robert Joseph) (1962)"
74354,Ancient Egyptian legends,"Murray, Margaret Alice (1963)"
74356,Kittens,"Fleuron, Svend (1966)"
74360,Shipbuilding from its beginnings. Vol. 1 (of 3),"Konijnenburg, E. van (Emile) (1956)"
74361,Shipbuilding from its beginnings. Vol. 2 (of 3),"Konijnenburg, E. van (Emile) (1956)"
74362,Shipbuilding from its beginnings. Vol. 3 (of 3),"Konijnenburg, E. van (Emile) (1956)"
74367,"The art of music, Vol. 05 (of 14)","Hall, Leland (1957)"
74375,Piebald rats and selection,"Castle, William E. (William Ernest) (1962)"
74381,The evolution of scientific thought from Newton to Einstein,"D'Abro, A. (Aram) (1957)"
74395,A short history of Belgium,"Essen, Léon van der (1963)"
74413,Cape Cod is a number of things,"Neal, Allan (2008)"
74423,Nicolaus of Damascus' life of Augustus,"Hall, Clayton Morris (1986)"
74437,Those barren leaves,"Huxley, Aldous (1963)"
74438,"Albyn; or, Scotland and the future","MacDiarmid, Hugh (1978)"
74444,The philosophy of Jake Haiden (late Jacob K. Huff),"Shoemaker, Henry W. (Henry Wharton) (1958)"
74474,First lessons in batik,"Lewis, Gertrude Clayton (1958)"
74490,Gods of the jungle,"Bond, Nelson S. (2006)"
74529,Thirty-one brothers and sisters,"Mirsky, Reba Paeff (1966)"
74531,Chile today and tomorrow,"Joyce, L. E. Elliott (Lilian Elwyn Elliott) (1963)"
74535,All in the same boat,"Reynolds, Earle L. (1998)"
74551,David goes voyaging,"Putnam, David Binney (1992)"
74560,Christmas in Storyland,"Van Buren, Maud (1959)"
74576,When freemen shall stand,"Bond, Nelson S. (2006)"
74591,"George Bernard Shaw, his life and works","Henderson, Archibald (1963)"
74595,The president's daughter,"Britton, Nan (1991)"
74612,Diverging roads,"Lane, Rose Wilder (1968)"
74619,A book of women's verse,"Squire, John Collings, Sir (1958)"
74621,The road to glory,"Powell, E. Alexander (Edward Alexander) (1957)"
74631,Paris,"Liddell Hart, Basil Henry, Sir (1970)"
74644,A land-girl's love story,"Ruck, Berta (1978)"
74691,Christmas in modern story,"Van Buren, Maud (1959)"
74696,Wind of destiny,"Porter, Sara Lindsay Coleman (1959)"
74713,The opinions of Jérôme Coignard,"Jackson, Emilie (1963)"
74733,Scrambled eggs,"Mackall, Lawton (1968)"
74745,The weary blues,"Hughes, Langston (1967)"
74748,Straws and prayer-books; dizain des diversions,"Cabell, James Branch (1958)"
74750,Coming of age in Samoa,"Mead, Margaret (1978)"
74767,That worlds may live,"Bond, Nelson S. (2006)"
74774,People of the veil,"Rennell of Rodd, Francis James Rennell Rodd, Baron (1978)"
74787,The happy tree,"Murray, Rosalind (1967)"
74814,"Justin Morgan, founder of his race","Burnham, Eleanor Waring (1959)"
74818,Anonymity,"Forster, E. M. (Edward Morgan) (1970)"
74827,The Yankee mining squadron,"Belknap, Reginald Rowan (1959)"
74847,Tide marks,"Tomlinson, H. M. (Henry Major) (1958)"
74874,Siwa,"Belgrave, Charles Dalrymple, Sir (1969)"
74903,Greasy luck,"Grant, Gordon (1962)"
74940,"""95% perfect""","Crosby, Everett Uberto (1960)"
74949,Helen of Troy; and Rose,"Bottome, Phyllis (1963)"
74958,When East met West,"Tuttle, W. C. (Wilbur C.) (1969)"
74971,A-B-C of motion pictures,"Welsh, Robert E. (Robert Emmet) (1964)"
74974,Spirit-of-iron (Manitou-pewabic),"Steele, Harwood (1978)"
74975,"The boys of the ""Puffin""","Westerman, Percy F. (Percy Francis) (1959)"
74989,Bill Porter,"Sinclair, Upton (1968)"
75011,All quiet on the Western Front,"Remarque, Erich Maria (1970)"
75018,"""The curse of drink""","Tuttle, W. C. (Wilbur C.) (1969)"
75019,Code,"Pierce, Frank Richardson (1966)"
75026,The wounded Eros,"Braithwaite, William Stanley (1962)"
75062,The catspaw of Piperock,"Tuttle, W. C. (Wilbur C.) (1969)"
75066,Lars Porsena,"Graves, Robert (1985)"
75070,Larry Dexter and the bank mystery,"Sperry, Raymond (1962)"
75071,Bad and mad,"Tuttle, W. C. (Wilbur C.) (1969)"
75093,The cradle of the deep,"Lowell, Joan (1967)"
75094,The trap,"Leinster, Murray (1975)"
75095,The radio cop,"Whitman, Vic (Victor Sargent) (1981)"
75096,Boots,"Leinster, Murray (1975)"
75097,Flying down a rainbow,"Gordon, Homer King (1959)"
75105,The garden of desire,"Underwood, Edna Worthley (1961)"
75117,Writing and rewriting,"Maulsby, William S. (William Shipman) (1976)"
75120,Maehoe,"Leinster, Murray (1975)"
75130,Tex,"McKenna, Stephen (1967)"
75142,Merrylips,"Dix, Beulah Marie (1970)"
75144,A boys' life of Booker T. Washington,"Jackson, Walter Clinton (1959)"
75148,Boy bird house architecture,"Baxter, Leon H. (Leon Harold) (1972)"
75153,"The little grey lamb, and other Christmas poems","Gowen, Herbert H. (Herbert Henry) (1960)"
75165,"Chesterton, as seen by his contemporaries","Clemens, Cyril (1999)"
75170,The sound and the fury,"Faulkner, William (1962)"
75176,Henry goes prehistoric,"Tuttle, W. C. (Wilbur C.) (1969)"
75183,The Eatonville anthology,"Hurston, Zora Neale (1960)"
75190,Reconstruction in Louisiana after 1868,"Lonn, Ella (1962)"
75192,Three little Trippertrots on their travels,"Garis, Howard Roger (1962)"
75193,Blindness,"Green, Henry (1973)"
75195,The mystery of the Peacock's Eye,"Flynn, Brian (1958)"
75201,A farewell to arms,"Hemingway, Ernest (1961)"
75202,"Balbus; or, the future of architecture","Barman, Christian Augustus (1980)"
75203,Chemistry for beginners,"Carrington, Hereward (1959)"
75209,The case of the Black Twenty-Two,"Flynn, Brian (1958)"
75212,A mirror for witches,"Forbes, Esther (1967)"
75218,Secret of the Earth Star,"Kuttner, Henry (1958)"
75229,The flying carpet,"Asquith, Cynthia, Lady (1960)"
75233,Dragon moon,"Kuttner, Henry (1958)"
75234,"""Who he?""","Bester, Alfred (1987)"
75237,There was once a slave ...,"Du Bois, Shirley Graham (1977)"
75243,The hell bomb,"Laurence, William L. (William Leonard) (1977)"
75248,Pegasus,"Fuller, J. F. C. (John Frederick Charles) (1966)"
75270,The return of Alcestis,"Housman, Laurence (1959)"
75273,Death in the dusk,"Markham, Virgil (1973)"
75283,Outlines of Mahayana Buddhism,"Suzuki, Daisetz Teitaro (1966)"
75288,The Seven Dials mystery,"Christie, Agatha (1976)"
75304,The house without windows & Eepersip's life there,"Follett, Wilson (1963)"
75318,The Duke of York's steps,"Wade, Henry (1969)"
75334,The girls,"Ferber, Edna (1968)"
75341,The dreadful dragon of Hay Hill,"Beerbohm, Max, Sir (1956)"
75356,Do you believe in fairies?,"Andrews, Leonora de Lima (1985)"
75359,The crime at Black Dudley,"Allingham, Margery (1966)"
75363,The eater of souls,"Kuttner, Henry (1958)"
75370,David goes to Greenland,"Putnam, David Binney (1992)"
75376,Edaville Railroad,"Moody, Linwood W. (1983)"
75384,The patient in Room 18,"Eberhart, Mignon G. (Mignon Good) (1996)"
75419,Poultry for profit,"Power, R. A. (Richard Anderson) (1974)"
75421,Shell shock and its lessons,"Pear, T. H. (Tom Hatherley) (1972)"
75427,The incredible slingshot bombs,"Williams, Robert Moore (1977)"
75435,Fish preferred,"Wodehouse, P. G. (Pelham Grenville) (1975)"
75438,Corsairs of the cosmos,"Hamilton, Edmond (1977)"
75441,Terror out of the past,"Gallun, Raymond Z. (Raymond Zinke) (1994)"
75446,A history of Slavic studies in the United States,"Manning, Clarence Augustus (1972)"
75451,The play's the thing,"Wodehouse, P. G. (Pelham Grenville) (1975)"
75452,"Archimedes; or, the future of physics","Whyte, Lancelot Law (1972)"
75453,Our search for a wilderness,"Niles, Blair (1959)"
75454,Le Sud-Oranais: études floristiques et phytogéographiques faites au cours d'une exploration dans le Sud-Ouest de l'Algérie en 1901,"Hochreutiner, B. P. G. (Bénédict Pierre Georges) (1959)"
75466,Famous stories from foreign countries,"Underwood, Edna Worthley (1961)"
75474,Three little Trippertrots,"Garis, Howard Roger (1962)"
75476,The poisoned chocolates case,"Berkeley, Anthony (1971)"
75478,The crystal planetoids,"Coblentz, Stanton A. (Stanton Arthur) (1982)"
75479,"Willow's forge, and other poems","Kaye-Smith, Sheila (1956)"
75487,Deeds of heroism and bravery,"Hughes, Rupert (1956)"
75488,The purple sickle murders,"Crofts, Freeman Wills (1957)"
75489,Poems,"Bacon, Josephine Daskam (1961)"
75500,Murder by the clock,"King, Rufus (1966)"
75507,Pistols for two,"Mencken, H. L. (Henry Louis) (1956)"
75508,"Life, the Interpreter","Bottome, Phyllis (1963)"
75516,A book of dear dead women,"Underwood, Edna Worthley (1961)"
75520,Longshanks,"Meader, Stephen W. (Stephen Warren) (1977)"
75523,The achievements of Luther Trant,"Balmer, Edwin (1959)"
75526,The Victim and The Worm,"Bottome, Phyllis (1963)"
75530,A high wind in Jamaica,"Hughes, Richard (1976)"
75533,"Greek wayfarers, and other poems","Babcock, Edwina Stanton (1965)"
75540,Pieter Bruegel the Elder,"Barker, Virgil (1965)"
75545,The romance of comets,"Proctor, Mary (1957)"
75547,Beauvallet,"Heyer, Georgette (1974)"
75562,"The Assassination Bureau, Ltd.","Fish, Robert L. (1981)"
75563,"Cedar chests, how to make them","Windoes, Ralph Flagg (1967)"
75566,Visibility—Zero,"Stearns, Myron M. (Myron Morris) (1963)"
75567,Highland annals,"Dargan, Olive Tilford (1968)"
75583,The informer,"O'Flaherty, Liam (1984)"
75585,Flecker's magic,"Matson, Norman (1965)"
75599,The truth about the tobacco habit,"Harding, T. Swann (Thomas Swann) (1973)"
75610,"Fashions for men, and The swan","Glazer, Benjamin F. (Benjamin Floyer) (1956)"
75618,The wonders of salvage,"Masters, David (1965)"
75619,Satan's garden,"Price, E. Hoffmann (1988)"
75624,The house of joy,"Housman, Laurence (1959)"
75628,In the night,"Gorell, Ronald Gorell Barnes, Baron (1963)"
75637,Winged warfare,"Bishop, William Avery (1956)"
75653,The treasure on the beach,"Finney, Frank (1957)"
75654,The story of utopias,"Mumford, Lewis (1990)"
75666,Hay fever,"Coward, Noël (1973)"
75677,Told by an idiot,"Macaulay, Rose (1958)"
75690,The princess of the atom,"Cummings, Ray (1957)"
75697,The end of the trail,"Powell, E. Alexander (Edward Alexander) (1957)"
75705,Desert,"Armstrong, Martin (1974)"
75708,"Old-time recipes for home made wines, cordials and liqueurs from fruits, flowers, vegetables, and shrubs","Wright, Helen S. (Helen Saunders) (1957)"
75713,"One hundred years with the Baptists of Amherst, N.S., 1810 to 1910","Rogers, Grace McLeod (1958)"
75720,Jack Pumpkinhead of Oz,"Thompson, Ruth Plumly (1976)"
75756,Steppenwolf,"Hesse, Hermann (1962)"
75758,Dames,"Leinster, Murray (1975)"
75759,The coasts of illusion,"Firestone, Clark B. (Clark Barnaby) (1957)"
75773,Two years' captivity in German East Africa,E. C. H. (Ernest Charles Holtom) (Surgeon) (1964)
75777,A line o' gowf or two,"Evans, Chick (1979)"
75780,William—the good,"Crompton, Richmal (1969)"
75790,Cursed be the treasure,"Drake, H. B. (Henry Burgess) (1963)"
75796,Masters of deceit,"Hoover, J. Edgar (John Edgar) (1972)"
75810,Introductory lectures on psycho-analysis,"Jones, Ernest (1958)"
75826,"Gifts of fortune, and hints for those about to travel","Tomlinson, H. M. (Henry Major) (1958)"
75836,Six Mrs. Greenes,"Rea, Lorna (1978)"
75852,A wreath of cloud,"Waley, Arthur (1966)"
75864,"""This was a man""","Coward, Noël (1973)"
75869,A doctor enjoys Sherlock Holmes,"Van Liere, Edward J. (Edward Jerald) (1979)"
75870,Constipation and its correction by exercise,"Benson, C. O. (Charles Oren) (1974)"
75879,Essay and speech on Jewish disabilities,"Levy, Solomon (1957)"
75886,The mystery of the Kingdom of God,"Schweitzer, Albert (1965)"
75887,Jacques Louis David and the French Revolution,"Valentiner, Wilhelm Reinhold (1958)"
75895,The great beach,"Hay, John (2011)"
75899,Tarka the otter,"Williamson, Henry (1977)"
75908,Music and bad manners,"Van Vechten, Carl (1964)"
75914,On the distribution of intensity in stellar absorption lines,"Payne-Gaposchkin, Cecilia (1979)"
75918,Stories of Cape Cod,"Johnson, Jack (1973)"
75922,The amazing adventures of Letitia Carberry,"Rinehart, Mary Roberts (1958)"
75924,Labyrinth,"Diamant, Gertrude (1969)"
75958,The decay and the restoration of civilization,"Schweitzer, Albert (1965)"
75969,Scissors,"Roberts, Cecil (1976)"
75985,Handbook of anæsthetics,"Wood, William Quarry (1958)"
75997,The room,"Stern, G. B. (Gladys Bronwyn) (1973)"
75998,Daredevil,"Charteris, Leslie (1993)"
76004,The problem of lay-analyses,"Strachey, James (1967)"
76016,The pillow-book of Sei Shōnagon,"Waley, Arthur (1966)"
76031,Beyond the pleasure principle,"Hubback, C. J. M. (Caroline Jane Mary) (1959)"
76044,The story of opera,"Lee, E. Markham (Ernest Markham) (1956)"
76047,Agricultural prices,"Wallace, Henry A. (Henry Agard) (1965)"
76049,Dancing Devil range,"Tuttle, W. C. (Wilbur C.) (1969)"
76056,Women in American history,"Humphrey, Grace (1961)"
76061,Civilization and ethics,"Schweitzer, Albert (1965)"
76082,One jump ahead,"Humphreys, Ray (1973)"
76083,Pursuit,"Caffrey, Andrew A. (Andrew Augustine) (1970)"
76084,The Nowadays Girls in the Adirondacks,"Brownell, Gertrude Hall (1961)"
76097,The art of writing & speaking the English language,"Cody, Sherwin (1959)"
76108,The Salem horror,"Kuttner, Henry (1958)"
76112,Vallisneria madness,"Farley, Ralph Milne (1963)"
76113,The horror in the burying-ground,"Heald, Hazel (1961)"
76114,The artificial man,"Harris, Clare Winger (1968)"
76128,Anton's last dream,"Baird, Edwin (1957)"
76131,The mark of the monster,"Williamson, Jack (2006)"
76137,Through trackless Labrador,"Gathorne-Hardy, G. M. (Geoffrey Malcolm) (1972)"
76142,Children of the moor,"Hunt, Clara Whitehill (1958)"
76157,Barnum,"Werner, M. R. (Morris Robert) (1981)"
76171,Derelicts of the hills,"Tuttle, W. C. (Wilbur C.) (1969)"
76176,Kitty-cat tales,"Carrick, Alice van Leer (1961)"
76190,A Confederate surgeon's letters to his wife,"Wright, Eloise Welch (1973)"
76207,Injuneered,"Tuttle, W. C. (Wilbur C.) (1969)"
76208,His brother's keeper,"Tuttle, W. C. (Wilbur C.) (1969)"
76214,"Twenty-five years of the Philadelphia Orchestra, 1900-1925","Wister, Frances Anne (1956)"
76222,The valley of eyes unseen,"Collins, Gilbert (1960)"
76245,Arkham House,"Derleth, August (1971)"
76247,How joy was found,"Hutchison, Isobel Wylie (1982)"
76250,On the borders of pigmy land,"Fisher, Ruth B. (1959)"
76268,The sea girl,"Cummings, Ray (1957)"
76272,The five republics of Central America,"Munro, Dana Gardner (1990)"
76274,The wilds of Patagonia,"Skottsberg, Carl (1963)"
76278,A history of evolution,"Fenton, Carroll Lane (1969)"
76284,Paul and his interpreters,"Schweitzer, Albert (1965)"
76288,The city without Jews,"Brainin, Salomea Neumark (1985)"
76332,"Collected poems of Clarence Edwin Flynn, first series","Flynn, Clarence Edwin (1970)"
76340,The fairy flute,"Fyleman, Rose (1957)"
76341,Colombine,"Arkell, Reginald (1959)"
76352,The world below,"Wright, S. Fowler (Sydney Fowler) (1965)"
76357,Blind mice,"Kay-Scott, C. (Cyril) (1960)"
76358,They return at evening,"Wakefield, Herbert Russell (1964)"
76383,The Norse discoverers of America,"Gathorne-Hardy, G. M. (Geoffrey Malcolm) (1972)"
76387,Pig iron,"Parker, Dudrea (1972)"
76398,Women: an inquiry,"Muir, Willa (1970)"
76401,A survey of modernist poetry,"Riding, Laura (1991)"
76403,Provença,"Pound, Ezra (1972)"
76411,The last dragon,"Totheroh, Dan (1976)"
76419,The girls at his billet,"Ruck, Berta (1978)"
76420,The wooing of Rosamond Fayre,"Ruck, Berta (1978)"
76432,History and criticism of the labor theory of value in English political economy,"Whitaker, Albert C. (Albert Conser) (1965)"
76435,The black kiss,"Bloch, Robert (1994)"
76441,Some points in choosing textiles,"Gibbs, Charlotte M. (Charlotte Mitchell) (1961)"
76443,Tennis for girls,"Ballin, Florence A. (Florence Antoinette) (1975)"
76447,Lummox,"Hurst, Fannie (1968)"
76476,Missing men,"Starrett, Vincent (1974)"
76482,The story of Chanukah,"Sacks, Benjamin (2007)"
76490,The sea girl,"Aspinwall, Marguerite (1982)"
76494,25,"Nichols, Beverley (1983)"
76499,Hawaiian idylls of love and death,"Gowen, Herbert H. (Herbert Henry) (1960)"
76503,The man who mastered time,"Cummings, Ray (1957)"
76514,Timber line,"Malkus, Alida (1976)"
76532,Gay's year on Sunset Island,"Aspinwall, Marguerite (1982)"
76559,"Terpander; or, Music and the future","Dent, Edward J. (Edward Joseph) (1957)"
76571,Death of a hero,"Aldington, Richard (1962)"
76592,Murder mask,"Kramer, Edgar Daniel (1966)"
76594,"The art of music, Vol. 06 (of 14)","Hall, Leland (1957)"
76595,Plato's American Republic,"Woodruff, Douglas (1978)"
76601,The flowering plants of South Africa; vol. 5,"Pole Evans, I. B. (Illtyd Buller) (1968)"
76602,On old Cape Cod,"Lane, Ferdinand C. (Ferdinand Cole) (1984)"
76604,The long march,"Styron, William (2006)"
76613,Nature's year,"Hay, John (2011)"
76615,Dick Chester,"Whitham, G. I. (Grace Isabelle) (1965)"
76616,The giant sequoia,"Ellsworth, Rodney Sydes (1981)"
76621,Sergeant Dick of the Royal Mounted Police,"Rowe, John G. (John Gabriel) (1956)"
76623,The carnal god,"Schnitzer, Carlisle (2003)"
76626,"The letters of Hart Crane, 1916-1932","Weber, Brom (1998)"
76636,My country's part,"Synon, Mary (1987)"
76644,Clicking red heels,"Ernst, Paul (1985)"
76645,Return to Earth,"Jones, Willis Knapp (1982)"
76646,The songs of Bilitis,"Buck, Mitchell S. (Mitchell Starrett) (1959)"
76654,The new science of space speech,"Gaddis, Vincent H. (Vincent Hayes) (1997)"
76659,The seventh shot,"Landon, Herman (1960)"
76665,In Barbary,"Powell, E. Alexander (Edward Alexander) (1957)"
76668,Trial by water,"Wright, Sewell Peaslee (1970)"
76688,Fundamentals of fiction writing,"Hoffman, Arthur Sullivant (1966)"
76693,The care of the skin and hair,"Fishbein, Morris (1976)"
76700,"Good Friday, and other poems","Masefield, John (1967)"
76701,Caravans to Santa Fe,"Malkus, Alida (1976)"
76708,Raquel of the ranch country,"Malkus, Alida (1976)"
76714,"The Little Review, July 1917 (Vol. 4, No. 3)","Anderson, Margaret C. (1973)"
76719,The new art of writing plays,"Brewster, W. T. (William Tenney) (1961)"
76722,North,"Hendryx, James B. (James Beardsley) (1963)"
76731,Sibylla,"Mace, C. A. (Cecil Alec) (1971)"
76736,L'Afrique centrale française,"Chevalier, Auguste (1956)"
76749,Evolution made plain,"Mason, John (John Harmon) (1968)"
76764,Landscape with figures,"Fraser, Ronald (1974)"
76774,The future of an illusion,"Jones, Ernest (1958)"
76804,Wanted—?,"Cunningham, Eugene (1957)"
76811,Crash dive,"Vickrey, Claude C. (Claude Claire) (1979)"
76815,"A devil of a fellow, and The yellow cat","Steele, Wilbur Daniel (1970)"
76816,The great Roxhythe,"Heyer, Georgette (1974)"
76822,Four American poets,"Cody, Sherwin (1959)"
76828,Through Keeweenaw,"Henney, Keith (1990)"
76837,Three essays,"Lowe-Porter, H. T. (Helen Tracy) (1963)"
76839,A knife in time,"Humphreys, Ray (1973)"
76842,Fools and mules,"Humphreys, Ray (1973)"
76843,The army behind the army,"Powell, E. Alexander (Edward Alexander) (1957)"
76846,"The three sphinxes, and other poems","Viereck, George Sylvester (1962)"
76849,This star shall be free,"Leinster, Murray (1975)"
76857,"I, Mars","Bradbury, Ray (2012)"
76859,"The false assumptions of ""democracy""","Ludovici, Anthony M. (Anthony Mario) (1971)"
76871,The magnificent possession,"Asimov, Isaac (1992)"
76872,Tragedies of sex,"Eliot, Samuel A. (Samuel Atkins) (1984)"
76873,Wrecked among cannibals in the Fijis,"Jenkins, Lawrence W. (Lawrence Waters) (1961)"
76891,The accomplishment ratio,"Franzen, Raymond (1965)"
76899,The man who saved New York,"Cummings, Ray (1957)"
76905,Sweden,"Heathcote, Dudley (1960)"
76911,Good-bye to all that,"Graves, Robert (1985)"
76934,The blind bow-boy,"Van Vechten, Carl (1964)"
76965,The counterfeiters,"Bussy, Dorothy (1960)"
76966,The phantom public,"Lippmann, Walter (1974)"
76975,The mark of Cain,"Tuttle, W. C. (Wilbur C.) (1969)"
76983,Skeeter Bill comes to town,"Tuttle, W. C. (Wilbur C.) (1969)"
76988,"Aeolus; or, the future of the flying machine","Stewart, Oliver, Major (1976)"
76995,Law-star for an outlaw,"Tuttle, W. C. (Wilbur C.) (1969)"
76998,Jonah,"Nathan, Robert (1985)"
77001,Moon of madness,"Rohmer, Sax (1959)"
77016,The trail of deception,"Tuttle, W. C. (Wilbur C.) (1969)"
77017,Some forgotten Pennsylvania heroines,"Shoemaker, Henry W. (Henry Wharton) (1958)"
77019,A preface to morals,"Lippmann, Walter (1974)"
77021,Is 5,"Cummings, E. E. (Edward Estlin) (1962)"
77032,The garden yard,"Fraser, Samuel (1959)"
77033,The sinister mark,"Thayer, Lee (1973)"
77035,Liberty and the news,"Lippmann, Walter (1974)"
77038,Trading in Scrabbletown,"Brayton, Alice (1972)"
77049,The adventures of Twinkly Eyes the little Black Bear,"Chaffee, Allen (1985)"
77050,Does civilization need religion?,"Niebuhr, Reinhold (1971)"
77051,The defender,"Kalashnikoff, Nicholas (1961)"
77052,An idea that saved a business,"Dreyfuss, Leonard (1969)"
77056,The dream detective,"Rohmer, Sax (1959)"
77069,Murder in the Gilded Cage,"Spewack, Samuel (1971)"
77071,"The exploration of Tibesti, Erdi, Borkou, and Ennedi in 1912-1917","Tilho, Jean (1956)"
77074,The run,"Hay, John (2011)"
77076,Classics of modern science,"Knickerbocker, William S. (William Skinkle) (1972)"
77080,"Collected writings of Clarence Edwin Flynn, first series","Flynn, Clarence Edwin (1970)"
77092,She who sleeps,"Rohmer, Sax (1959)"
77104,The red terror in Russia,"Melʹgunov, S. P. (Sergeĭ Petrovich) (1956)"
77115,An ice cream laboratory guide,"Fisk, W. W. (Walter Warner) (1979)"
77116,Voyage scientifique à travers l'Afrique occidentale,"Chevalier, Auguste (1956)"
77119,Sally Cocksure,"Plunket, Ierne L. (Ierne Lifford) (1970)"
77129,"Dot ... dot ... dash ... dot—""Fire!""","Detzer, Clarice (1982)"
77133,Catherine the Great,"Anthony, Katharine Susan (1965)"
77148,Mission of fear,"Coxe, George Harmon (1984)"
77170,The adventures of Harlequin,"Bickley, Francis (1976)"
77172,Codes,"Lowdermilk, Romaine (1970)"
77199,Overcoming handicaps,"Wallace, Archer (1958)"
77207,"""Quite wild animals""","Brown, Beatrice Curtis (1974)"
77215,Return of the brute,"O'Flaherty, Liam (1984)"
77234,After Kamesit,"Daley, Carroll F. (1994)"
77253,Futility,"Gerhardie, William Alexander (1977)"
77254,Everest,"Asimov, Isaac (1992)"
77257,The sunken world,"Coblentz, Stanton A. (Stanton Arthur) (1982)"
77258,Life of John Brown,"Gold, Michael (1967)"
77262,"Sea, spray and spindrift","Dorling, H. Taprell (Henry Taprell) (1968)"
77276,Sex variant women in literature,"Foster, Jeannette H. (Jeannette Howard) (1981)"
77280,The genial sultan; The princess who could not see; Late for the coronation,"Thayer, Harriet Maxon (1984)"
77282,Neufchâtel and cream cheese,"Cammack, F. R. (Francis Ray) (1973)"
77316,Memorium,"Wells, Basil (2003)"
77317,Justice,"Hutton, J. F. (Joy Ferris) (1981)"
77321,Vive la France!,"Powell, E. Alexander (Edward Alexander) (1957)"
77332,Green Thursday,"Peterkin, Julia (1961)"
77340,"Bacchus; or, wine to-day and to-morrow","Shand, P. Morton (Philip Morton) (1960)"
77343,Mountain killers,"Thomson, Thomas Barclay (1978)"
77344,On advance of time,"Brady, George Keyports (1984)"
77345,The rebellion of Constable Kitt,"Longstreth, T. Morris (Thomas Morris) (1975)"
77347,The Pony Express rider,"McCain, Earl C. (1979)"
77357,Testing,"Merwin, Sam, Jr. (1996)"
77373,Fire brands,"Tuttle, W. C. (Wilbur C.) (1969)"
77377,Eva's apples,"Gerhardie, William Alexander (1977)"
77383,Photography self taught,"Snodgrass, Lloyd I. (1974)"
77396,Hints on news reporting,"Sheehan, Murray (1963)"
77406,"Old Glory and Verdun, and other stories","Frazer, Elizabeth (1967)"
77408,Blue trousers,"Waley, Arthur (1966)"
77412,Some famous buildings and their story,"Godfrey, Walter H. (1961)"
77413,My life in poetry,"Coblentz, Stanton A. (Stanton Arthur) (1982)"
77421,The forerunners,"Arkawy, Norman (2004)"
77424,La genèse de l'esprit national égyptien (1863-1882),"Ṣabrī, Muḥammad (1978)"
77425,The test of Donald Norton,"Pinkerton, Robert E. (Robert Eugene) (1970)"
77427,The analysis of matter,"Russell, Bertrand (1970)"
77429,Henry II,"Salzman, L. F. (Louis Francis) (1971)"
77432,Desolate splendour,"Sadleir, Michael (1957)"
77438,The Black Company,"Ferguson, W. B. M. (William Blair Morton) (1967)"
77441,The homosexual in literature,"Garde, Noel I. (1996)"
77453,Songs of Hafiz,"Underwood, Edna Worthley (1961)"
77468,The tomorrow people,"Merril, Judith (1997)"
77475,Joe Lincoln of Cape Cod,"McCue, James Westaway (1987)"
77477,Correction of underweight and overweight by exercise,"Benson, C. O. (Charles Oren) (1974)"
77479,Diana,"Paul, Cedar (1972)"
77496,Pretty creatures,"Gerhardie, William Alexander (1977)"
77505,Explorers into infinity,"Cummings, Ray (1957)"
77508,The women of the Renaissance,"Ely, George Herbert (1958)"
77510,The assistant self,"Wallace, F. L. (Floyd L.) (2004)"
77512,The giant world,"Cummings, Ray (1957)"
77527,Keepers of the house,"Del Rey, Lester (1993)"
77528,The nothing,"Herbert, Frank (1986)"
77529,The last quarry,"Walton, Bryce (1988)"
77539,Silver cities of Yucatan,"Mason, Gregory (1968)"
77559,The story of the Great Lakes,"Lansing, Marion Florence (1966)"
77563,The sultan of the mountains,"Forbes, Rosita (1967)"
77565,The caliph's design,"Lewis, Wyndham (1957)"
77582,The scorpion,"Weirauch, Anna Elisabet (1970)"
77584,The Lass of the Silver Sword,"Du Bois, Mary Constance (1959)"
77585,Confessions of St. Augustine,"Smith, Lloyd E. (Lloyd Edwin) (1971)"
77597,"Signs, omens and superstitions","Cielo, Astra (1957)"
77600,The Maltese falcon,"Hammett, Dashiell (1961)"
77601,The documents in the case,"Sayers, Dorothy L. (Dorothy Leigh) (1957)"
77608,A brand new world,"Cummings, Ray (1957)"
77610,The color of space,"Tanner, Charles R. (1974)"
77613,Lost city,"Wallace, Kathleen Montgomery (1958)"
77621,Magnolia Flower,"Hurston, Zora Neale (1960)"
77638,Life among the ants,"Randolph, Vance (1980)"
77647,Soldiers unmasked,"Ganoe, William Addleman (1966)"
77652,"The Swedes on the Delaware, 1638-1664","Johnson, Amandus (1974)"
77655,The forbidden zone,"Borden, Mary (1968)"
77658,The cybernetic kid,"Jakes, John (2023)"
77659,Grandma's lie soap,"Abernathy, Robert (1990)"
77662,Shades of Davy Crockett,"Pratt, Theodore (1969)"
77664,Young man with a trumpet,"Long, Frank Belknap (1994)"
77665,The man who had spiders,"Aycock, Roger D. (2004)"
77671,How glands affect personality,"Adams, Grace Kinckle (1957)"
77673,Agar Halfi the mystic,"Filkin, Roland (1966)"
77696,Outward bound,"Vane, Sutton (1963)"
77699,A greater than Napoleon,"Liddell Hart, Basil Henry, Sir (1970)"
77702,Capital punishment among the Jews,"Pool, David de Sola (1970)"
77706,"The Pilgrimage of Grace, 1536-1537, and the Exeter Conspiracy, 1538, Volume 1 (of 2)","Dodds, Madeleine Hope (1972)"
77710,"The conquest of the Philippines by the United States, 1898-1925","Lichauco, Marcial Primitivo (1971)"
77717,Passage to anywhere,"Merwin, Sam, Jr. (1996)"
77718,Final exam,"Merwin, Sam, Jr. (1996)"
77723,Jungle days,"Beebe, William (1962)"
77728,The book of ice-cream,"Fisk, W. W. (Walter Warner) (1979)"
77749,West of Fifth,"Brody, Catharine (1962)"
77753,The population problem,"Carr-Saunders, A. M. (Alexander Morris) (1966)"
77756,The magnificent profession,"Thomas, Theodore L. (2005)"
77760,Lysistrata,"Housman, Laurence (1959)"
77765,Monsieur D'Or,"Haney, John Louis (1960)"
77769,Freedom of speech,"Chafee, Zechariah, Jr. (1957)"
77771,Ukrainian literature,"Manning, Clarence Augustus (1972)"
77791,The peyote cult,"La Barre, Weston (1996)"
77798,Secrets of Crewe House,"Stuart, Campbell (1972)"
77800,Old House of Fear,"Kirk, Russell (1994)"
77807,Gods of the lightning; Outside looking in,"Anderson, Maxwell (1959)"
77817,Escape and fantasy,"Hamilton, G. Rostrevor (George Rostrevor) (1967)"
77819,Theory and practice of the confessional,"Bruehl, Charles P. (Charles Paul) (1963)"
77821,The man who found Christmas,"Eaton, Walter Prichard (1957)"
77823,The red brain,"Wandrei, Donald (1987)"
77829,Screen acting,"Marsh, Mae (1968)"
77837,White buildings,"Tate, Allen (1979)"
77842,Microbe hunters,"De Kruif, Paul (1971)"
77843,"Collected poems of Clarence Edwin Flynn, second series","Flynn, Clarence Edwin (1970)"
77855,Moussorgsky,"Montagu-Nathan, M. (Montagu) (1958)"
77862,The curse of the painted cliffs,"Tuttle, W. C. (Wilbur C.) (1969)"
77868,Loup-Garou,"West, Wallace (1980)"
77870,Talkies,"Cantor, Eddie (1964)"
77883,Is sex necessary?,"Thurber, James (1961)"
77893,Hot Music,"Whitman, Vic (Victor Sargent) (1981)"
77894,The conquest of happiness,"Russell, Bertrand (1970)"
77896,Masquerades,"Leslie, Shane (1971)"
77900,Vile bodies,"Waugh, Evelyn (1966)"
77911,Wolf Pass,"Mowery, William Byron (1957)"
77919,Sinbad,"Kay-Scott, C. (Cyril) (1960)"
77923,"Very good, Jeeves","Wodehouse, P. G. (Pelham Grenville) (1975)"
77929,The sleeping beauty,"Du Bois, Theodora (1986)"
77939,Two-way trail,"Perry, Clay (1961)"
77940,All were monsters,"Wellman, Manly Wade (1986)"
77941,The laugh,"Abernathy, Robert (1990)"
77943,Pennsylvania wild cats,"Shoemaker, Henry W. (Henry Wharton) (1958)"
77947,Flight from New Mu,"Archibald, Joe (1986)"
77968,The land of forgotten men,"Marshall, Edison (1967)"
77970,How to save money,"Frederick, J. George (Justus George) (1964)"
77979,The secret woman,"Phillpotts, Eden (1960)"
77981,What's life worth?,"Perry, Clay (1961)"
78003,The captive singer,"Bjelke Petersen, Marie (1969)"
78005,The Green Dolphin,"Bassett, Sara Ware (1968)"
78010,The unknown seven,"Landon, Herman (1960)"
78016,Herman Melville,"Mumford, Lewis (1990)"
78023,Ash-Wednesday,"Eliot, T. S. (Thomas Stearns) (1965)"
78024,The woman of Andros,"Wilder, Thornton (1975)"
78028,The loot of the Lazy A,"Tuttle, W. C. (Wilbur C.) (1969)"
78039,Boston,"Sinclair, Upton (1968)"
78048,Sandhills sketches,"Haynes, Williams (1970)"
78050,"Principia mathematica, vol. 1 (of 3)","Russell, Bertrand (1970)"
78055,The white rain came,"Merwin, Sam, Jr. (1996)"
78057,The vidiot,"Melchior, Ib (2015)"
78065,The anatomy of revolution,"Brinton, Crane (1968)"
78066,How to write Little Blue Books,"Smith, Lloyd E. (Lloyd Edwin) (1971)"
78072,Preview,"Long, Frank Belknap (1994)"
78073,The winner and new...,"Melchior, Ib (2015)"
78076,Robert Frost,"Munson, Gorham Bert (1969)"
78084,The mysterious Mr. Quin,"Christie, Agatha (1976)"
78088,The hand of God,"Leinster, Murray (1975)"
78094,The haunting hand,"Roberts, Walter Adolphe (1962)"
78102,The wheel of earth,"Sandburg, Helga (2014)"
78105,Tales grotesque and curious,"Shaw, Glenn W. (Glenn William) (1961)"
78108,The bitter tea of General Yen,"Stone, Grace Zaring (1991)"
78112,Astronomy for beginners,"Carrington, Hereward (1959)"
78119,Humanism and America,"Foerster, Norman (1972)"
78124,1066 and all that,"Yeatman, Robert Julian (1968)"
78126,The weird of the wanderer,"Pirie-Gordon, C. H. C. (Charles Harry Clinton) (1969)"
78129,The nature lover's knapsack,"Grover, Edwin Osgood (1965)"
78136,The boy who couldn't fly,"Verral, Charles Spain (1990)"
78138,Pink grass planet,"Merwin, Sam, Jr. (1996)"
78153,Thirteen days,"Marks, Jeannette Augustus (1964)"
78157,Strong poison,"Sayers, Dorothy L. (Dorothy Leigh) (1957)"
78158,"Measles, diphtheria, scarlet fever, chicken pox, and whooping cough","Fishbein, Morris (1976)"
78161,The story of the Ukraine,"Manning, Clarence Augustus (1972)"
78169,My Lady Valentine,"Roberts, Octavia (1972)"
78197,Tricks of the trade,"Squire, John Collings, Sir (1958)"
78202,The changing of historic place names,"Shoemaker, Henry W. (Henry Wharton) (1958)"
78209,The immortal flame,"Bjelke Petersen, Marie (1969)"
78212,Snowstorm on Mars,"Merwin, Sam, Jr. (1996)"
78213,Shrapnel shell manufacture,"Hamilton, Douglas T. (Douglas Thomas) (1956)"
78217,The fate of The Wolf,"Tuttle, W. C. (Wilbur C.) (1969)"
78218,The great betrayal (La trahison des clercs),"Benda, Julien (1956)"
78219,For the love of Annibel,"Tuttle, W. C. (Wilbur C.) (1969)"
78220,Murder at the vicarage,"Christie, Agatha (1976)"
78221,Civilization and its discontents,"Riviere, Joan (1962)"
78222,The crimson butterfly,"Snell, Edmund (1972)"
78224,The dreams of Chang and other stories,"Guerney, Bernard Guilbert (1979)"
78225,No food with my meals,"Hurst, Fannie (1968)"
78226,"La région du Tchad et du Ouadaï; études ethnographiques, dialecte Toubou, Tome 1 (de 2)","Carbou, Henri (1973)"
78227,"La région du Tchad et du Ouadaï; études ethnographiques, dialecte Toubou, Tome 2 (de 2)","Carbou, Henri (1973)"
78229,... and justice for all,"Kunstler, William M. (William Moses) (1995)"
78234,As the wind blows,"Phillpotts, Eden (1960)"
78238,Leaves from the notebook of a tamed cynic,"Niebuhr, Reinhold (1971)"
78241,The age of the Earth,"Holmes, Arthur (1965)"
78246,Wild volatile-oil plants and their economic importance,"Rabak, Frank (1957)"
78247,Plays by Leonid Andreyeff,"Meader, Clarence Linton (1967)"
78255,"Principia mathematica, vol. 2 (of 3)","Russell, Bertrand (1970)"
78262,Giants' bread,"Christie, Agatha (1976)"
78264,From the hidden way,"Cabell, James Branch (1958)"
78270,Another study of woman,"Milburn, George (1966)"
78273,Psychopathology and politics,"Lasswell, Harold D. (Harold Dwight) (1978)"
78281,Four-billion dollar door,"Shaara, Michael (1988)"
78282,The mordant,"Eberle, Merab (1959)"
78290,The Bookman anthology of essays [1923],"Farrar, John Chipman (1974)"
78293,Prostitution in Europe,"Flexner, Abraham (1959)"
78294,The golden flutterby,"Rice, Craig (1957)"
78306,Science and poetry,"Richards, I. A. (Ivor Armstrong) (1979)"
78316,"Taras Shevchenko, the poet of Ukraine","Manning, Clarence Augustus (1972)"
78317,The soil solution,"Cameron, Frank K. (Frank Kenneth) (1958)"
78327,Collected poems of Robert Frost,"Frost, Robert (1963)"
78329,Angel Pavement,"Priestley, J. B. (John Boynton) (1984)"
78333,The geographical lore of the time of the Crusades,"Wright, John Kirtland (1969)"
78340,Sixteen to One on Friday,"Tuttle, W. C. (Wilbur C.) (1969)"
78341,Stories of gypsy life,"Bercovici, Konrad (1961)"
78342,Partners in crime,"Christie, Agatha (1976)"
78343,A simplified presentation of Einstein's unified field equations,"Dougall, John (1960)"
78351,"Sitka, the snow baby","Chaffee, Allen (1985)"
78363,Martin Birck's youth,"Stork, Charles Wharton (1971)"
78368,The nature of living matter,"Hogben, Lancelot Thomas (1975)"
78373,Photography at home,"Tennant, John A. (1957)"
78380,Anarchism is not enough,"Riding, Laura (1991)"
78382,A doorway in Fairyland,"Housman, Laurence (1959)"
78389,Moloch,"Dix, Beulah Marie (1970)"
78393,The cat who went to heaven,"Coatsworth, Elizabeth (1986)"
78402,Rustlers' roost,"Tuttle, W. C. (Wilbur C.) (1969)"
78407,Womanhood,"Goddard, Gloria (1978)"
78408,The taming of Nan,"Holdsworth, Ethel Carnie (1962)"
78409,The surprise party,"Gardner, Erle Stanley (1970)"
78412,"The old ""yaller"" shirt","Humphreys, Ray (1973)"
78424,The art of narration,"Chase, Mary Ellen (1973)"
78428,The tortoiseshell cat,"Royde-Smith, Naomi (1964)"
78431,Always another dawn,"Crossfield, A. Scott (Albert Scott) (2006)"
78435,Murder in Paris,"Campbell, Alice (1976)"
78440,Shadow over Asia,"Bisson, T. A. (Thomas Arthur) (1979)"
78441,Powder law,"Tuttle, W. C. (Wilbur C.) (1969)"
78442,Mountain men,"Cunningham, Eugene (1957)"
78443,Adventures in error,"Stefansson, Vilhjalmur (1962)"
78464,Picture frames,"Winslow, Thyra Samter (1961)"
78467,The lovable liar,"Tuttle, W. C. (Wilbur C.) (1969)"
78474,The free man's library,"Hazlitt, Henry (1993)"
78485,The George and the Crown,"Kaye-Smith, Sheila (1956)"
78495,Collected works of Padraic H. Pearse,"Browne, Patrick, Monsignor (1960)"
78506,Pilgrims of the night,"Swanstrom, Edward Ernest (1985)"
78509,Sex at choice,"Erskine, Monteith, Mrs. (1969)"
78514,Homo-sexual life,"Fielding, William J. (William John) (1973)"
78515,Five and ten,"Hurst, Fannie (1968)"
78524,Jay Bird's judgement,"Tuttle, W. C. (Wilbur C.) (1969)"
78530,I buy me couple horses,"Tuttle, W. C. (Wilbur C.) (1969)"
78538,The trey of spades,"Tuttle, W. C. (Wilbur C.) (1969)"
78539,Helped by a horse doctor,"Tuttle, W. C. (Wilbur C.) (1969)"
78545,More than skin deep,"Gardner, Erle Stanley (1970)"
78551,Magpie's night-bear,"Tuttle, W. C. (Wilbur C.) (1969)"
78563,The judgment of Johan Coull,"Sleath, Frederick (1966)"
78566,A president is born,"Hurst, Fannie (1968)"
78569,Woman's sexual life,"Fielding, William J. (William John) (1973)"
78572,Quartet,"Rhys, Jean (1979)"
78585,50 years at ringside,"Fleischer, Nat (1972)"
78587,The medicine-man,"Tuttle, W. C. (Wilbur C.) (1969)"
78633,The wisdom of the Ouija,"Tuttle, W. C. (Wilbur C.) (1969)"
78600,Carranza and Mexico,"Enríquez, Ignacio C. (1972)"
78602,A whizzer on Willer Crick,"Tuttle, W. C. (Wilbur C.) (1969)"
78606,Say it with bricks/Say it with oil,"Putnam, Nina Wilcox (1962)"
78609,"The first Moroccan crisis, 1904-1906","Anderson, Eugene Newton (1984)"
78614,Cows is cows,"Tuttle, W. C. (Wilbur C.) (1969)"
78615,The tide,"Cram, Mildred (1985)"
78623,Craft-guilds of the thirteenth century in Paris,"Millett, Fred B. (Fred Benjamin) (1976)"
78626,East of Siam,"Franck, Harry Alverson (1962)"
78627,Fifty-fifty with Bonnie,"Tuttle, W. C. (Wilbur C.) (1969)"
78628,According to Ng Loy,"Tuttle, W. C. (Wilbur C.) (1969)"
78629,Fires of fate,"Tuttle, W. C. (Wilbur C.) (1969)"
78631,Tippecanoe and cougars two,"Tuttle, W. C. (Wilbur C.) (1969)"
78632,A bull movement in Yellow Horse,"Tuttle, W. C. (Wilbur C.) (1969)"
78637,The Yellow Knight of Oz,"Thompson, Ruth Plumly (1976)"
78639,"The Pilgrimage of Grace, 1536-1537, and the Exeter Conspiracy, 1538, Volume 2 (of 2)","Dodds, Madeleine Hope (1972)"
78642,The mirror of the months,"Kaye-Smith, Sheila (1956)"
78644,"""Hashknife""—philanthropist","Tuttle, W. C. (Wilbur C.) (1969)"
78645,"John Winthrop, Jr., on Indian Corn","Mood, Fulmer (1981)"
78651,The hen-punchers of Piperock,"Tuttle, W. C. (Wilbur C.) (1969)"
78653,Nerves of iron,"Tuttle, W. C. (Wilbur C.) (1969)"
78659,The misdeal,"Tuttle, W. C. (Wilbur C.) (1969)"
78672,Honest to Doughgod,"Tuttle, W. C. (Wilbur C.) (1969)"
78676,Ike Harper's historical holiday,"Tuttle, W. C. (Wilbur C.) (1969)"
78681,The thinking machine,"Jones, Raymond F. (1994)"
78685,Hashknife and the Fantom Riders,"Tuttle, W. C. (Wilbur C.) (1969)"
78693,An artist's life,"Harrison, Harry (2012)"
78694,"The humor of ""Bill"" Nye","Gunn, John W. (1960)"
78695,Blind trails,"Tuttle, W. C. (Wilbur C.) (1969)"
78696,Hungary and Democracy,"Street, Cecil J. C. (Cecil John Charles) (1964)"
78698,The spark of Skeeter Bill,"Tuttle, W. C. (Wilbur C.) (1969)"
78700,The trail of the White Knight,"Graeme, Bruce (1982)"
78702,Archways of life,"Acosta, Mercedes de (1968)"
78703,Translator's error,"Dye, Charles (1960)"
78707,Upton Sinclair,"Dell, Floyd (1969)"
78708,The burning of Chelsea,"Pratt, Walter Merriam (1973)"
78713,The loom of lies,"Tuttle, W. C. (Wilbur C.) (1969)"
78715,Sticky ropes,"Tuttle, W. C. (Wilbur C.) (1969)"
78717,The Silver Bar mystery,"Tuttle, W. C. (Wilbur C.) (1969)"
78718,Peace medicine,"Tuttle, W. C. (Wilbur C.) (1969)"
78719,Precedents in Piperock,"Tuttle, W. C. (Wilbur C.) (1969)"
78901,Books in general,"Squire, John Collings, Sir (1958)"
78723,Cakes and ale,"Maugham, W. Somerset (William Somerset) (1965)"
78726,Blood lands,"Coppel, Alfred (2004)"
78727,Tramps of the range,"Tuttle, W. C. (Wilbur C.) (1969)"
78729,Michael Fairless,"Haggard, A. M., (Agnes Marian) (1960)"
78731,With Scott,"Taylor, Thomas Griffith (1963)"
78732,An unmarried father,"Dell, Floyd (1969)"
78734,Sparing the family tree,"Tuttle, W. C. (Wilbur C.) (1969)"
78735,The hand of Providence,"Tuttle, W. C. (Wilbur C.) (1969)"
78736,Dethronements,"Housman, Laurence (1959)"
78738,The watchers,"Smith, George H. (George Henry) (1996)"
78740,Sir Piegan passes,"Tuttle, W. C. (Wilbur C.) (1969)"
78748,Four plays,"Milne, A. A. (Alan Alexander) (1956)"
78749,Coffin for two,"Marks, Winston K. (Winston Kinney) (1979)"
78750,Famous mystery stories,"McSpadden, J. Walker (Joseph Walker) (1960)"
78751,Silly asses,"Asimov, Isaac (1992)"
78753,Web of steel,"Brady, Cyrus Townsend, Jr. (1969)"
78755,Crack o' dawn,"Davis, Fannie Stearns (1958)"
78756,Sun-Dog trails,"Tuttle, W. C. (Wilbur C.) (1969)"
78757,The sheriff of Sun-Dog,"Tuttle, W. C. (Wilbur C.) (1969)"
78764,Nine points in the law,"Tuttle, W. C. (Wilbur C.) (1969)"
78765,Day before yesterday,"Tuttle, W. C. (Wilbur C.) (1969)"
78766,The shadow shooter,"Tuttle, W. C. (Wilbur C.) (1969)"
78767,Border bred,"Tuttle, W. C. (Wilbur C.) (1969)"
78771,Because he listened in,"Tuttle, W. C. (Wilbur C.) (1969)"
78776,The monster of Grammont,"Goodchild, George (1969)"
78785,I thought of Daisy,"Wilson, Edmund (1972)"
78790,The voices,"Wellen, Edward (2011)"
78807,Peace in the wilderness,"Bradley, Marion Zimmer (1999)"
78810,"Henry Thoreau, bachelor of nature","Brooks, Van Wyck (1963)"
78822,Black ivory,"Banks, Polan (1984)"
78842,A scheme there was,"Tuttle, W. C. (Wilbur C.) (1969)"
78844,West African forests and forestry,"Unwin, Arthur Harold (1963)"
78848,"Jim Hanvey, detective","Cohen, Octavus Roy (1959)"
78850,Possession,"De la Roche, Mazo (1961)"
78852,The undercurrent,"Ehlert, Fay (1973)"
78870,Blame it on Brother Bill,"Tuttle, W. C. (Wilbur C.) (1969)"
78871,Tlingit myths and texts,"Swanton, John Reed (1958)"
78873,Clendenen's detective manual,"Clendenen, Rufus Howard (1959)"
78877,Clean crazy,"Tuttle, W. C. (Wilbur C.) (1969)"
78879,Animals of ancient lands,"Fenton, Carroll Lane (1969)"
78883,The man from the river,"Cole, G. D. H. (George Douglas Howard) (1959)"
78891,"Further memoirs of the Whig party, 1807-1821","Ilchester, Giles Stephen Holland Fox-Strangways, Earl of (1959)"
78892,The flying buccaneer,"Binns, Jack (1959)"
78893,Silver .41,"Tuttle, W. C. (Wilbur C.) (1969)"
78907,Crack of doom,"Marlowe, Stephen (2008)"
78908,Forever is so long,"Jakes, John (2023)"
78909,As holy and enchanted,"Neville, Kris (1980)"
78910,Hunt the red roe,"Jakes, John (2023)"
78911,Survivor,"Cox, Irving E., Jr. (2001)"
78912,The agent,"Marlowe, Stephen (2008)"
78914,"The decline of the West, Volume 2","Atkinson, Charles Francis (1960)"
78915,There is confusion,"Fauset, Jessie Redmon (1961)"
78918,Senator Fulbright's secret memorandum,"Bales, James D. (1995)"
78923,Hair-Trigger Hollibaugh,"Tuttle, W. C. (Wilbur C.) (1969)"
78924,The curse of gold,"Tuttle, W. C. (Wilbur C.) (1969)"
78926,The luck of San Miguel,"Tuttle, W. C. (Wilbur C.) (1969)"
78928,Evidently not,"Tuttle, W. C. (Wilbur C.) (1969)"
78935,Day's work,"Loomis, Noel M. (1969)"
78942,The espadrilles,"St. Clair, Margaret (1995)"
78946,Glimpses of Japan and Formosa,"Franck, Harry Alverson (1962)"
78948,Killer,"Gunn, James E. (2020)"
78953,China,"Franck, Harry Alverson (1962)"
78954,A little help for Hawkins,"Tuttle, W. C. (Wilbur C.) (1969)"
78955,Inside information,"Tuttle, W. C. (Wilbur C.) (1969)"
78957,In the American jungle [1925-1936],"Frank, Waldo David (1967)"
78960,For the parson of Paradise,"Tuttle, W. C. (Wilbur C.) (1969)"
78961,Alias Whispering White,"Tuttle, W. C. (Wilbur C.) (1969)"
78965,Orthodoxy,"Putnam, Nina Wilcox (1962)"
78966,A short history of medicine,"Singer, Charles (1960)"
78970,Local color in Loco-Land,"Tuttle, W. C. (Wilbur C.) (1969)"
78975,The immoralist,"Bussy, Dorothy (1960)"
78979,The man who put out the sun,"Leinster, Murray (1975)"
78983,What you should know about your sensations,"Adams, Grace Kinckle (1957)"
78984,'Gainst the might of Spain,"Westerman, Percy F. (Percy Francis) (1959)"
78987,A tin cup trophy,"Tuttle, W. C. (Wilbur C.) (1969)"
78988,How to become mentally superior,"Oesper, Ralph E. (Ralph Edward) (1977)"
78989,The facts about rejuvenation,"Fishbein, Morris (1976)"
78994,The perfect wife,"Bottome, Phyllis (1963)"
78996,Psychology for beginners,"Carrington, Hereward (1959)"
79006,The Hotel,"Bowen, Elizabeth (1973)"
79007,Founding fathers,"Bloch, Robert (1994)"
79008,Wheels,"Zuroy, Michael (2007)"
79009,A servant of reality,"Bottome, Phyllis (1963)"
79013,Spring fire,"Packer, Vin (2022)"
79014,Gestalt psychology,"Köhler, Wolfgang (1967)"
79018,Outline of Mexican popular arts and crafts,"Porter, Katherine Anne (1980)"
79021,Mexico and Central America,"Franck, Harry Alverson (1962)"
79023,The master hope,"Bottome, Phyllis (1963)"
79047,Double jeopardy,"Goldsmith, Martin M. (1994)"
79049,The storm that had to be stopped,"Leinster, Murray (1975)"
79053,The Red Gods,"Esme, Jean d' (1966)"
79065,The espalier,"Warner, Sylvia Townsend (1978)"
79071,Samphire,"Powys, John Cowper (1963)"
79073,The last September,"Bowen, Elizabeth (1973)"
79087,The day the world ended,"Rohmer, Sax (1959)"
79088,A prisoner of the Reds,"McCullagh, Francis (1956)"
79090,The First Buckinghamshire Battalion 1914-1919,"Wright, P. L. (Philip Lowndes) (1976)"
79092,The lavender dragon,"Phillpotts, Eden (1960)"
79093,Cape Cod,"Kittredge, Henry Crocker (1967)"
79098,Bathe your bearings in blood!,"Simak, Clifford D. (1988)"
79099,Ennui,"Marlowe, Stephen (2008)"
79101,Passage to Gomorrah,"Young, Robert F. (1986)"
79102,Emil and the detectives,"Kästner, Erich (1974)"
79191,Groping,"Hull, Helen R. (Helen Rose) (1971)"
79111,Another ace for Ananias,"Tuttle, W. C. (Wilbur C.) (1969)"
79112,Between Pike's Peak and a pickle,"Tuttle, W. C. (Wilbur C.) (1969)"
79116,Atmosphere,"Leinster, Murray (1975)"
79120,Figures of speech,"Tuttle, W. C. (Wilbur C.) (1969)"
79124,The best jokes about preachers,"Milburn, George (1966)"
79125,Best jokes of 1927,"Roselle, Aubrey C. (2000)"
79126,The Kingfisher,"Bottome, Phyllis (1963)"
79127,Krakatit,"Hyde, Lawrence (1957)"
79128,The oldest story in the world,"Leinster, Murray (1975)"
79133,Fate and a fool,"Tuttle, W. C. (Wilbur C.) (1969)"
79135,Assisting Ananias,"Tuttle, W. C. (Wilbur C.) (1969)"
79136,Hashknife of the Diamond H,"Tuttle, W. C. (Wilbur C.) (1969)"
79138,No wonder,"Tuttle, W. C. (Wilbur C.) (1969)"
79141,Replace the horse,"Janifer, Laurence M. (2002)"
79236,Weaved by Warner,"Tuttle, W. C. (Wilbur C.) (1969)"
79145,Tangled trails,"Tuttle, W. C. (Wilbur C.) (1969)"
79149,The domestication of Dobie,"Tuttle, W. C. (Wilbur C.) (1969)"
79150,Number two Joy Street,"De la Mare, Walter (1956)"
79153,The religion of a sceptic,"Powys, John Cowper (1963)"
79161,Temperamental people,"Rinehart, Mary Roberts (1958)"
79163,The tin god of Twisted River,"Tuttle, W. C. (Wilbur C.) (1969)"
79166,The head hunters,"Samachson, Joseph (1980)"
79178,Monkeying with ancestors,"Tuttle, W. C. (Wilbur C.) (1969)"
79179,Muley's morals,"Tuttle, W. C. (Wilbur C.) (1969)"
79180,The range-boomer,"Tuttle, W. C. (Wilbur C.) (1969)"
79183,The Japanese Empire,"Franck, Harry Alverson (1962)"
79184,Pariahs of Piperock,"Tuttle, W. C. (Wilbur C.) (1969)"
79188,Pirates from Piperock,"Tuttle, W. C. (Wilbur C.) (1969)"
79189,Promoting Polecat Perkins,"Tuttle, W. C. (Wilbur C.) (1969)"
79192,The fire,"Hull, Helen R. (Helen Rose) (1971)"
79194,The proof,"Tuttle, W. C. (Wilbur C.) (1969)"
79196,Robert Louis Stevenson reader,"Spaulding, Frank E. (Frank Ellsworth) (1960)"
79200,How to read and correct proof,"Smith, Lloyd E. (Lloyd Edwin) (1971)"
79201,The double-crossing of Dobie,"Tuttle, W. C. (Wilbur C.) (1969)"
79202,Alley ways,"Hull, Helen R. (Helen Rose) (1971)"
79205,Discovery,"Hull, Helen R. (Helen Rose) (1971)"
79206,The death of a millionaire,"Cole, G. D. H. (George Douglas Howard) (1959)"
79207,Number one Joy Street,"De la Mare, Walter (1956)"
79212,The meddler,"Tuttle, W. C. (Wilbur C.) (1969)"
79214,The fusing,"Hull, Helen R. (Helen Rose) (1971)"
79215,Separation,"Hull, Helen R. (Helen Rose) (1971)"
79216,Criminals,"Middleton, George (1967)"
79218,Eyes that cannot see,"Paulson, Arvid (1977)"
79221,Local option in Loco-Land,"Tuttle, W. C. (Wilbur C.) (1969)"
79222,Pie for Magpie,"Tuttle, W. C. (Wilbur C.) (1969)"
79223,The wisdom of Cyclops,"Tuttle, W. C. (Wilbur C.) (1969)"
79224,Practical podiatry,"Burnett, E. K. (1977)"
79225,Seward's Folly,"Marshall, Edison (1967)"
79229,Garram the hunter,"Best, Herbert (1981)"
79230,With the one coin for fee,"Hull, Helen R. (Helen Rose) (1971)"
79237,When the pilgrims hit Piperock,"Tuttle, W. C. (Wilbur C.) (1969)"
79242,The price of salt,"Morgan, Claire (1995)"
79243,Death between the stars,"Bradley, Marion Zimmer (1999)"
79246,When love's labor's lost,"Tuttle, W. C. (Wilbur C.) (1969)"
79247,With the joker wild,"Tuttle, W. C. (Wilbur C.) (1969)"
79250,Waiting,"Hull, Helen R. (Helen Rose) (1971)"
79253,Napoleon,"Paul, Cedar (1972)"
79263,Our insect enemies,"Randolph, Vance (1980)"
79264,Idol's eye,"Emshwiller, Carol (2019)"
79265,Public enemy,"Crossen, Kendell Foster (1981)"
79266,Terror station,"Swain, Dwight V. (1992)"
79271,Brown eyes and brown bear,"Pierce, Frank Richardson (1966)"
79272,The tank in action,"Browne, Douglas G. (Douglas Gordon) (1963)"
79277,Moods,"Acosta, Mercedes de (1968)"
79279,The Graveyard Rats,"Kuttner, Henry (1958)"
79283,Mata Hari,"Coulson, Thomas (1971)"
79286,Despised and rejected,"Allatini, R. (1980)"
79294,Clay-shuttered doors,"Hull, Helen R. (Helen Rose) (1971)"
79295,Howdy!,"Leinster, Murray (1975)"
79297,The telling of the bees,"Hull, Helen R. (Helen Rose) (1971)"
79298,Les kolatiers & les noix de kola,"Chevalier, Auguste (1956)"
79305,The Boer concentration camps of Bermuda,"Hassell, John A. (John Arthur) (1959)"
79317,Sonny,"Leinster, Murray (1975)"
79318,Virginia's wild oats,"Baily, F. E. (Francis Evans) (1962)"
79319,The idyl of the split-bamboo,"Whiffen, Edwin Thomas (1959)"
79335,And life is better,"Hull, Helen R. (Helen Rose) (1971)"
79336,Twisted bars,"Gardner, Erle Stanley (1970)"
79337,Number three Joy Street,"De la Mare, Walter (1956)"
79339,The spectacles,"Long, Frank Belknap (1994)"
79340,D. P. from tomorrow,"Reynolds, Mack (1983)"
79352,The cosmic cloud,"Hamilton, Edmond (1977)"
79354,How not to be a wallflower,"Woodworth, John (1975)"
79362,Mavericks,"Tuttle, W. C. (Wilbur C.) (1969)"
79366,The battles of the Somme,"Gibbs, Philip (1962)"
79374,The dilemma of the liberated,"Munson, Gorham Bert (1969)"
79377,The Golliwog News,"Inchfawn, Philip (1965)"
79381,Evidence,"Leinster, Murray (1975)"
79383,Clever—?,"Woodford, Jack (1971)"
79386,The death's head meteor,"Jones, Neil R. (1988)"
79392,Little Caesar,"Burnett, W. R. (William Riley) (1982)"
79394,First poems,"Pitter, Ruth (1992)"
79395,In the Klondyke,"Palmer, Frederick (1958)"
79400,The greatest adventure,"Taine, John (1960)"
79404,The international crisis in its ethical and psychological aspects,"Murray, Gilbert (1957)"
79429,Applause mail,"Sweet, Oney Fred (1965)"
79432,The chinook,"Pierce, Frank Richardson (1966)"
79435,The brat,"Slesar, Henry (2002)"
79440,Rue,"Housman, Laurence (1959)"
79449,The conquered,"Mitchison, Naomi (1999)"
79450,The moon era,"Williamson, Jack (2006)"
79452,Please stand by,"Lawrence, Joseph I. (Joseph Ivers) (1963)"
79453,Confessions of Zeno,"Poggioli, Renato (1963)"
79464,Monster no more,"Wells, Basil (2003)"
79465,We sing Diana,"Neff, Wanda Fraiken (1961)"
79476,The bright doom,"Wheelock, John Hall (1978)"
79483,Blunder enlightening,"Dryfoos, Dave (2003)"
79487,Fish talk,"Marks, Winston K. (Winston Kinney) (1979)"
79489,The grandmothers,"Wescott, Glenway (1987)"
79497,The radio gun-runners,"Farley, Ralph Milne (1963)"
79499,"The angel that troubled the waters, and other plays","Wilder, Thornton (1975)"
79501,The electronic siege,"Campbell, John W., Jr. (John Wood) (1971)"
79503,"Sword play, based upon the French school of the foil","Breckinridge, Scott D. (2000)"
79505,The Ladies of Lyndon,"Kennedy, Margaret (1967)"
79510,The puzzle planet,"Lowndes, Robert A. W. (Robert Augustine Ward) (1998)"
79511,Viva la pay day,"Anderton, Seven (1958)"
79516,Edible fats and oils,"Simmons, W. H. (William Herbert) (1960)"
79518,Flesh,"Detzer, Karl (1987)"
79525,The flapper wife,"Burton, Beatrice (1983)"
79529,"Some imagist poets, 1917","Aldington, Richard (1962)"
79534,Mr. Fortune's maggot,"Warner, Sylvia Townsend (1978)"
79539,Squee,"St. Clair, Margaret (1995)"
79548,In the scarlet star,"Williamson, Jack (2006)"
79551,Ex-wife,"Parrott, Ursula (1957)"
79553,Drift and mastery,"Lippmann, Walter (1974)"
79563,Buzzards,"Tuttle, W. C. (Wilbur C.) (1969)"
79566,Seven brothers,"Matson, Alex (1972)"
79569,Ashes,"Flynn, T. T. (1979)"
79572,Man's descent from the gods,"Ludovici, Anthony M. (Anthony Mario) (1971)"
79579,Ukraine under the Soviets,"Manning, Clarence Augustus (1972)"
79582,Named right,"Caffrey, Andrew A. (Andrew Augustine) (1970)"
79595,The Devil's deputy,"Gardner, Erle Stanley (1970)"
79597,Beyond the end of space,"Campbell, John W., Jr. (John Wood) (1971)"
79602,The ghost of Gamblin' Dan,"Egan, James W. (James William) (1967)"
79603,Intellectual things,"Kunitz, Stanley (2006)"
79608,The spoiled Buddha,"Waddell, Helen (1965)"
79620,Tama of the light country,"Cummings, Ray (1957)"
79623,Neptune speaks,"Pierce, Frank Richardson (1966)"
79630,In the town,"Goldring, Douglas (1960)"
79631,Psycho-analysis,"Fielding, William J. (William John) (1973)"
79633,A six-hour shift,"McFee, William (1966)"
79635,Space rays,"Campbell, John W., Jr. (John Wood) (1971)"
79636,Mr. Mulliner speaking,"Wodehouse, P. G. (Pelham Grenville) (1975)"
79638,"I, the vampire","Kuttner, Henry (1958)"
79641,It walks by night,"Kuttner, Henry (1958)"
79643,Some town,"Humphreys, Ray (1973)"
79645,The invisible enemy,"Sohl, Jerry (2002)"
79646,Underestimation,"Budrys, Algis (2008)"
79647,About Zionism,"Simon, Leon (1965)"
79649,A minute to think,"Humphreys, Ray (1973)"
79652,All's fair,"Humphreys, Ray (1973)"
79654,Race and reason,"Putnam, Carleton (1998)"
79655,Connie Morgan in the cattle country,"Hendryx, James B. (James Beardsley) (1963)"
79660,"60 years of best sellers, 1895-1955","Hackett, Alice Payne (1977)"
132,The Art of War,"Giles, Lionel (1958)"
2500,Siddhartha,"Hesse, Hermann (1962)"
3,John F. Kennedy's Inaugural Address,"Kennedy, John F. (John Fitzgerald) (1963)"
408,The Souls of Black Folk,"Du Bois, W. E. B. (William Edward Burghardt) (1963)"
57243,Thinking as a Science,"Hazlitt, Henry (1993)"
5827,The Problems of Philosophy,"Russell, Bertrand (1970)"
